freq_mhz,step,ue_id,sinr_eff_db,prx_dbm,prx_dbm_theo,se_la,se_shannon,se_gap_pct,tbler_step,tbler_running,doppler_fd_hz,doppler_slope_rad_per_sym,doppler_nu,doppler_Tc_ms
3500.0,1,0,14.246697425842285,-76.17437568778057,-63.67698581935056,0.740234375,4.785918235778809,84.53307518991615,0.0,0.0,-6.907649993896484,-0.001446734881028533,-0.00023025499831419438,61.23645603656769
3500.0,1,1,6.711336135864258,-89.3932552500502,-63.34518585170237,0.740234375,2.5083212852478027,70.48885326797875,0.0,0.0,7.783259391784668,0.0016301220748573542,0.0002594419929664582,54.347410798072815
3500.0,1,2,-13.817941665649414,-104.8231950527135,-70.57810445435592,0.0,0.058683719485998154,100.0,1.0,1.0,8.03958511352539,0.0016838068841025233,0.00026798617909662426,52.61465534567833
3500.0,1,3,0.2784392535686493,-99.38423429714577,-73.50312616491243,0.0,1.0469889640808105,100.0,1.0,1.0,7.884936332702637,0.0016514172311872244,0.0002628312213346362,53.646598011255264
3500.0,1,4,-18.181808471679688,-121.44522245913822,-74.48506214185909,0.0,0.021762751042842865,100.0,1.0,1.0,6.492483139038086,0.001359782530926168,0.00021641611238010228,65.15227258205414
3500.0,1,5,-30.0,-220.0,-75.9256287292077,0.0,0.0014419741928577423,100.0,,1.0,0.0,0.0,0.0,1000000000000.0
3500.0,1,6,-11.346091270446777,-102.90304583904579,-75.87998669267355,0.0,0.10211848467588425,100.0,1.0,1.0,8.038822174072266,0.001683647045865655,0.00026796074234880507,52.61965095996857
3500.0,1,7,-5.1614670753479,-107.75848432513983,-73.76692259159263,0.0,0.38370323181152344,100.0,1.0,1.0,7.122179985046387,0.0014916658401489258,0.00023740599863231182,59.39193069934845
3500.0,1,8,-11.766857147216797,-114.45741218477337,-72.89701693569839,0.0,0.09298605471849442,100.0,1.0,1.0,7.548031806945801,0.00158085604198277,0.00025160107179544866,56.04109913110733
3500.0,2,0,18.344900131225586,-76.14915077420191,-63.7039023373232,3.90234375,6.1150102615356445,36.18418313136213,0.0,0.0,-25.400283813476562,-0.005319823045283556,-0.0008466761210002005,16.653357073664665
3500.0,2,1,8.130282402038574,-89.35775246494165,-63.31348789974175,1.9140625,2.9072210788726807,34.16178377661575,0.0,0.0,23.216693878173828,0.0048624929040670395,0.000773889827542007,18.21964792907238
3500.0,2,2,-15.986563682556152,-104.81157617867777,-70.56557312257586,0.0,0.03590073063969612,100.0,1.0,1.0,24.4981689453125,0.005130884237587452,0.0008166056359186769,17.266597598791122
3500.0,2,3,-0.5247488021850586,-99.37110807959016,-73.49472442183367,0.6015625,0.9154723286628723,34.28938470716697,0.0,0.5,24.05463409423828,0.005037990398705006,0.0008018211228772998,17.584970220923424
3500.0,2,4,-17.890302658081055,-121.44233514700554,-74.47895657390617,0.0,0.023261532187461853,100.0,1.0,1.0,19.791404724121094,0.004145102109760046,0.0006597135215997696,21.37291431427002
3500.0,2,5,-30.0,-220.0,-75.92044415784534,0.0,0.0014419741928577423,100.0,,1.0,0.0,0.0,0.0,1000000000000.0
3500.0,2,6,-13.953971862792969,-102.89608496945672,-75.87369253407067,0.0,0.05690932273864746,100.0,1.0,1.0,24.590129852294922,0.005150144919753075,0.0008196710259653628,17.202023416757584
3500.0,2,7,-6.0436272621154785,-107.74905673398031,-73.75958442087983,0.0,0.3204014301300049,100.0,1.0,1.0,21.72134780883789,0.004549308679997921,0.0007240449194796383,19.473930820822716
3500.0,2,8,-14.07774543762207,-115.12194794267074,-72.88913372803445,0.0,0.05534056946635246,100.0,1.0,1.0,23.04438591003418,0.004826405085623264,0.0007681461866013706,18.355881795287132
3500.0,3,0,20.103063583374023,-76.10881557483964,-63.7627951378259,5.33203125,6.692113876342773,20.32366232067252,0.0,0.0,-48.7504768371582,-0.010210275650024414,-0.0016250158660113811,8.676838129758835
3500.0,3,1,8.426981925964355,-89.28281109662359,-63.24524146960095,2.40625,2.9930272102355957,19.604807073885834,0.0,0.0,39.971248626708984,0.008371558971703053,0.0013323749881237745,10.582607239484787
3500.0,3,2,-15.7628755569458,-104.78680454420513,-70.53848319005081,0.0,0.037773653864860535,100.0,1.0,1.0,42.62816619873047,0.008928023278713226,0.0014209388755261898,9.923016652464867
3500.0,3,3,-0.6473394632339478,-99.34470033558478,-73.47655093631414,0.490234375,0.8964821696281433,45.31576961498889,0.0,0.33333333333333337,41.87744140625,0.008770790882408619,0.0013959147036075592,10.100903920829296
3500.0,3,4,-17.75554084777832,-121.43586938460149,-74.46576714628358,0.0,0.02398858591914177,100.0,1.0,1.0,34.4211540222168,0.007209149654954672,0.0011473718332126737,12.28895504027605
3500.0,3,5,-30.0,-220.0,-75.90923642603582,0.0,0.0014419741928577423,100.0,,1.0,0.0,0.0,0.0,1000000000000.0
3500.0,3,6,-12.382315635681152,-102.88101588442856,-75.86006934208812,0.0,0.08103794604539871,100.0,1.0,1.0,42.859642028808594,0.008976503275334835,0.0014286547666415572,9.869424626231194
3500.0,3,7,-6.417729377746582,-107.7301751269732,-73.74372437409525,0.0,0.29649078845977783,100.0,1.0,1.0,37.818138122558594,0.007920611649751663,0.0012606045929715037,11.185109615325928
3500.0,3,8,-14.430357933044434,-116.54061183075405,-72.87210804393018,0.0,0.05110042914748192,100.0,1.0,1.0,39.06392288208008,0.008181529119610786,0.0013021307531744242,10.828405618667603
3500.0,4,0,20.137046813964844,-76.10384568362164,-63.85278820066553,5.5546875,6.703293323516846,17.134947973815294,0.0,0.0,-55.9571533203125,-0.011719638481736183,-0.0018652384169399738,7.5593553483486176
3500.0,4,1,9.95839786529541,-89.18098297583148,-63.146648180942535,2.5703125,3.446873426437378,25.430609656687466,0.0,0.0,49.647403717041016,0.01039812806993723,0.0016549135325476527,8.520083501935005
3500.0,4,2,-16.218158721923828,-104.75191585875828,-70.49867213847648,0.0,0.03405824676156044,100.0,1.0,1.0,53.179283142089844,0.011137843132019043,0.0017726428341120481,7.95422587543726
3500.0,4,3,-0.8257476091384888,-99.31437381231554,-73.44976853607531,0.490234375,0.8693558573722839,43.609470064217085,0.0,0.25,52.23796081542969,0.010940693318843842,0.0017412654124200344,8.09756014496088
3500.0,4,4,-17.790576934814453,-121.42579668559338,-74.44637869061086,0.0,0.023797426372766495,100.0,1.0,1.0,42.88393783569336,0.00898159109055996,0.0014294646680355072,9.863832965493202
3500.0,4,5,-30.0,-220.0,-75.89272765207724,0.0,0.0014419741928577423,100.0,,1.0,0.0,0.0,0.0,1000000000000.0
3500.0,4,6,-13.833100318908691,-102.8587578833647,-75.83994841698697,0.0,0.058483317494392395,100.0,1.0,1.0,53.484832763671875,0.011201837100088596,0.001782827777788043,7.908784784376621
3500.0,4,7,-8.870519638061523,-107.25865492376295,-73.7203903742847,0.0,0.17594276368618011,100.0,1.0,1.0,46.92901611328125,0.009828790090978146,0.0015643005026504397,9.013613685965538
3500.0,4,8,-13.567037582397461,-115.08382969406486,-72.84710852456186,0.0,0.06209981068968773,100.0,1.0,1.0,50.159461975097656,0.010505372658371925,0.0016719821142032743,8.433105424046516
3500.0,5,0,22.42757225036621,-76.12624721448088,-63.95715232515921,5.5546875,7.4585041999816895,25.525449191090665,0.0,0.0,-58.02644348144531,-0.012153029441833496,-0.0019342148443683982,7.2897798381745815
3500.0,5,1,8.723130226135254,-88.99761225574274,-63.03350215347809,2.73046875,3.0794105529785156,11.331447917557036,0.0,0.0,54.07719421386719,0.011325901374220848,0.001802573213353753,7.82215129584074
3500.0,5,2,-17.719966888427734,-104.71256006835674,-70.4527888362339,0.0,0.024184249341487885,100.0,1.0,1.0,58.04454040527344,0.012156819924712181,0.0019348179921507835,7.28750741109252
3500.0,5,3,-1.459769606590271,-99.28411663223278,-73.4188971550628,0.490234375,0.777816653251648,36.97301633352996,0.0,0.19999999999999996,57.00993347167969,0.011940132826566696,0.0019003311172127724,7.419759873300791
3500.0,5,4,-18.043437957763672,-121.41360276976226,-74.42408951567522,0.0,0.022461842745542526,100.0,1.0,1.0,46.736942291259766,0.009788562543690205,0.0015578981256112456,9.050656110048294
3500.0,5,5,-30.0,-220.0,-75.87373084294421,0.0,0.0014419741928577423,100.0,,1.0,0.0,0.0,0.0,1000000000000.0
3500.0,5,6,-15.724640846252441,-102.83308741710798,-75.81674253968842,0.0,0.03810330107808113,100.0,1.0,1.0,58.372711181640625,0.012225552462041378,0.0019457570742815733,7.246537134051323
3500.0,5,7,-11.46578598022461,-107.23788663766192,-73.693536143945,0.0,0.09943590313196182,100.0,1.0,1.0,51.02204513549805,0.010686032474040985,0.001700734836049378,8.290533907711506
3500.0,5,8,-12.384413719177246,-114.75670633853196,-72.81836892651711,0.0,0.08099988102912903,100.0,1.0,1.0,54.90633773803711,0.011499556712806225,0.0018302112584933639,7.704028859734535
3500.0,6,0,22.16697120666504,-76.1679014545171,-64.06664586205301,5.5546875,7.372441291809082,24.65606330197081,0.0,0.0,-55.975730895996094,-0.011723529547452927,-0.0018658577464520931,7.5568463653326035
3500.0,6,1,11.825847625732422,-88.87792469506783,-62.912870632929156,2.5703125,4.020232200622559,36.06557104830983,0.0,0.0,56.390769958496094,0.011810455471277237,0.0018796923104673624,7.501227781176567
3500.0,6,2,-17.281938552856445,-104.67107265184052,-70.40405893499286,0.0,0.026727084070444107,100.0,1.0,1.0,60.26744079589844,0.01262238435447216,0.002008914714679122,7.018715143203735
3500.0,6,3,0.6090328693389893,-99.25353625716149,-73.38615901469518,0.490234375,1.1047018766403198,55.622925481856896,0.0,0.16666666666666663,59.18876266479492,0.012396465986967087,0.001972958678379655,7.146627176553011
3500.0,6,4,-15.945019721984863,-119.21339205268254,-74.40051585765534,0.0,0.036241501569747925,100.0,1.0,1.0,49.650726318359375,0.010398823767900467,0.0016550242435187101,8.519512601196766
3500.0,6,5,-30.0,-220.0,-75.85363329816256,0.0,0.0014419741928577423,100.0,,1.0,0.0,0.0,0.0,1000000000000.0
3500.0,6,6,-13.667196273803711,-102.80587617785642,-75.79214397026216,0.0,0.060713399201631546,100.0,1.0,1.0,60.60401153564453,0.012692874297499657,0.0020201336592435837,6.979736033827066
3500.0,6,7,-4.646368503570557,-107.39595988213877,-73.66510008474472,0.0,0.42551788687705994,100.0,1.0,1.0,53.237457275390625,0.011150026693940163,0.0017745819641277194,7.945533841848373
3500.0,6,8,-11.715627670288086,-114.72853386963155,-72.78795286437798,0.0,0.094054214656353,100.0,1.0,1.0,57.251861572265625,0.011990802362561226,0.0019083954393863678,7.388405967503786
3500.0,7,0,22.177440643310547,-76.2131700427577,-64.1771625990952,5.5546875,7.375898361206055,24.69137686040813,0.0,0.0,-63.16352081298828,-0.013228937052190304,-0.0021054507233202457,6.696903612464666
3500.0,7,1,9.644291877746582,-88.7538621623024,-62.78805128466849,0.0,3.352419137954712,100.0,1.0,0.1428571428571429,56.8592529296875,0.011908574029803276,0.001895308494567871,7.43942242115736
3500.0,7,2,-14.585515022277832,-104.41355518046534,-70.35397487941282,0.0,0.049337346106767654,100.0,1.0,1.0,61.161354064941406,0.012809604406356812,0.002038711914792657,6.916132289916277
3500.0,7,3,1.1582530736923218,-99.2225700783373,-73.35257973023772,0.740234375,1.205170750617981,38.57846495026314,0.0,0.1428571428571429,59.99751663208008,0.012565851211547852,0.001999917207285762,7.0502921007573605
3500.0,7,4,-15.772293090820312,-119.195435483885,-74.37640252396994,0.0,0.03769288957118988,100.0,1.0,1.0,49.15433883666992,0.010294860228896141,0.001638478017412126,8.60554724931717
3500.0,7,5,-30.0,-220.0,-75.83307383411145,0.0,0.0014419741928577423,100.0,,1.0,0.0,0.0,0.0,1000000000000.0
3500.0,7,6,-15.086336135864258,-102.77798624907292,-75.76693256951211,0.0,0.044044796377420425,100.0,1.0,1.0,61.43035888671875,0.012865944765508175,0.0020476786885410547,6.885846145451069
3500.0,7,7,-7.016035079956055,-108.61593948593253,-73.63597627646479,0.0,0.2615799605846405,100.0,1.0,1.0,53.89855194091797,0.011288486421108246,0.0017966184532269835,7.848077453672886
3500.0,7,8,-13.247780799865723,-115.0011486684503,-72.75681264471024,0.0,0.06672890484333038,100.0,1.0,1.0,57.577667236328125,0.012059038504958153,0.001919255591928959,7.34659843146801
3500.0,8,0,21.793922424316406,-76.27957737446425,-64.28667013585275,5.5546875,7.249298572540283,23.376207443839103,0.0,0.0,-66.4529800415039,-0.01391788013279438,-0.002215099288150668,6.365403067320585
3500.0,8,1,6.67865514755249,-88.62679853683386,-62.66080762515437,0.0,2.4993786811828613,100.0,1.0,0.25,57.529441833496094,0.012048939242959023,0.0019176481291651726,7.352756801992655
3500.0,8,2,-16.759328842163086,-104.3718112527036,-70.30332613870574,0.0,0.030109373852610588,100.0,1.0,1.0,61.2535400390625,0.01282891072332859,0.002041784580796957,6.905723363161087
3500.0,8,3,0.050500236451625824,-99.19124188867949,-73.31869959248169,0.740234375,1.00841224193573,26.594070934813384,0.0,0.125,60.07539367675781,0.012582161463797092,0.002002513036131859,7.0411525666713715
3500.0,8,4,-16.07387924194336,-119.17748953961257,-74.35214034844428,0.0,0.035194795578718185,100.0,1.0,1.0,50.02703094482422,0.010477637872099876,0.0016675677616149187,8.45542922616005
3500.0,8,5,-30.0,-220.0,-75.81238739989783,0.0,0.0014419741928577423,100.0,,1.0,0.0,0.0,0.0,1000000000000.0
3500.0,8,6,-14.222719192504883,-102.74987293671296,-75.74151825021269,0.0,0.053557030856609344,100.0,1.0,1.0,61.50921630859375,0.012882459908723831,0.002050307346507907,6.877018138766289
3500.0,8,7,-9.039131164550781,-107.68484533266138,-73.6066348528625,0.0,0.16962142288684845,100.0,1.0,1.0,53.46933364868164,0.011198591440916061,0.001782311126589775,7.91107676923275
3500.0,8,8,-13.575912475585938,-114.9723727849312,-72.7254491485226,0.0,0.06197572126984596,100.0,1.0,1.0,57.6221923828125,0.012068363837897778,0.0019207397708669305,7.340922020375729
3500.0,9,0,21.527145385742188,-76.32100521270576,-64.3942483095145,5.5546875,7.161277770996094,22.434407969803217,0.0,0.0,-63.622589111328125,-0.013325084000825882,-0.002120753051713109,6.648581940680742
3500.0,9,1,6.7730817794799805,-88.49749639380038,-62.53204694594963,1.6953125,2.5252487659454346,32.865525057873356,0.0,0.2222222222222222,56.691707611083984,0.011873483657836914,0.0018897235859185457,7.461408618837595
3500.0,9,2,-16.74245834350586,-104.44453392608543,-70.25251237581519,0.0,0.030225347727537155,100.0,1.0,1.0,59.96631622314453,0.01255931705236435,0.00199887715280056,7.0539601147174835
3500.0,9,3,0.5994300842285156,-99.13586829415615,-73.28479044022998,0.6015625,1.1029959917068481,45.461043872960694,0.0,0.11111111111111116,59.813209533691406,0.01252724975347519,0.001993773737922311,7.072016596794128
3500.0,9,4,-17.74402618408203,-121.3600979893805,-74.32792494761367,0.0,0.024051740765571594,100.0,1.0,1.0,48.73013687133789,0.010206016711890697,0.001624337863177061,8.680460043251514
3500.0,9,5,-30.0,-220.0,-75.79174137882286,0.0,0.0014419741928577423,100.0,,1.0,0.0,0.0,0.0,1000000000000.0
3500.0,9,6,-15.428585052490234,-102.72176331786952,-75.7161065141338,0.0,0.040753740817308426,100.0,1.0,1.0,61.225555419921875,0.01282305084168911,0.0020408518612384796,6.908880081027746
3500.0,9,7,-6.628454685211182,-107.66567354243351,-73.57731180966493,0.0,0.28374093770980835,100.0,1.0,1.0,53.6900634765625,0.011244820430874825,0.001789668807759881,7.878553122282028
3500.0,9,8,-13.637237548828125,-114.94351715491379,-72.69411400334994,0.0,0.06112487614154816,100.0,1.0,1.0,57.690155029296875,0.012082599103450775,0.0019230052130296826,7.332273758947849
3500.0,10,0,20.42770004272461,-76.3627123172001,-64.49956129410904,5.5546875,6.7989501953125,18.300806147548343,0.0,0.0,-58.05743408203125,-0.012159520760178566,-0.0019352477975189686,7.285888772457838
3500.0,10,1,10.906401634216309,-88.34344871750773,-62.40217542422098,1.6953125,3.7356128692626953,54.61755381695623,0.0,0.19999999999999996,56.33721160888672,0.011799238622188568,0.0018779070815071464,7.508358918130398
3500.0,10,2,-10.595515251159668,-104.40151367546608,-70.20171232390445,0.0,0.12059921771287918,100.0,1.0,1.0,59.36003875732422,0.012432336807250977,0.0019786679185926914,7.126006297767162
3500.0,10,3,2.3583531379699707,-99.10395296057679,-73.25097304312757,0.740234375,1.444251298904419,48.74615134073083,0.0,0.09999999999999998,59.33323287963867,0.012426723726093769,0.0019777745474129915,7.129225879907608
3500.0,10,4,-19.23160743713379,-121.34664057394346,-74.30384254119394,0.0,0.017117278650403023,100.0,1.0,1.0,48.29158401489258,0.01011416595429182,0.001609719474799931,8.759289979934692
3500.0,10,5,-30.0,-220.0,-75.77120939782458,0.0,0.0014419741928577423,100.0,,1.0,0.0,0.0,0.0,1000000000000.0
3500.0,10,6,-12.097378730773926,-102.69375654581512,-75.69078824939044,0.0,0.08637168258428574,100.0,1.0,1.0,60.77864074707031,0.012729449197649956,0.002025954658165574,6.959681864827871
3500.0,10,7,-4.830261707305908,-107.64623649408017,-73.54811164246698,0.0,0.4101584851741791,100.0,1.0,1.0,53.293739318847656,0.011161815375089645,0.0017764579970389605,7.937142625451088
3500.0,10,8,-12.022890090942383,-113.055197673734,-72.66291872613155,0.0,0.08782132714986801,100.0,1.0,1.0,57.918296813964844,0.012130379676818848,0.0019306099275127053,7.303391583263874
3500.0,11,0,19.33873176574707,-76.40250827087715,-64.6025819897443,5.5546875,6.440890312194824,13.759011087596651,0.0,0.0,-59.79639434814453,-0.012523727491497993,-0.0019932130817323923,7.07400543615222
3500.0,11,1,11.284239768981934,-88.21094972094117,-62.27132219366642,2.73046875,3.8520753383636475,29.116943201845668,0.0,0.18181818181818177,56.06586456298828,0.011742407456040382,0.0018688621930778027,7.544697728008032
3500.0,11,2,-10.134027481079102,-104.15117591938002,-70.15098254439975,0.0,0.13351225852966309,100.0,1.0,1.0,59.299949645996094,0.012419752776622772,0.001976665109395981,7.133227307349443
3500.0,11,3,1.8568751811981201,-99.07188789489119,-73.21728489153215,1.02734375,1.341139316558838,23.397686033393626,0.0,0.09090909090909094,58.907432556152344,0.01233754400163889,0.0019635811913758516,7.180757820606232
3500.0,11,4,-17.68513298034668,-121.33335174270812,-74.27991945354299,0.0,0.02437736839056015,100.0,1.0,1.0,47.83812713623047,0.010019194334745407,0.0015946042258292437,8.842319250106812
3500.0,11,5,-30.0,-220.0,-75.75081370505029,0.0,0.0014419741928577423,100.0,,1.0,0.0,0.0,0.0,1000000000000.0
3500.0,11,6,-12.366960525512695,-102.66588399066654,-75.66559121596885,0.0,0.08131702244281769,100.0,1.0,1.0,60.31108856201172,0.012631524354219437,0.002010369673371315,7.0136357098817825
3500.0,11,7,-3.030874013900757,-106.98793944878751,-73.51906663039316,0.490234375,0.5826878547668457,15.866725041633078,0.0,0.9090909090909091,52.84742736816406,0.01106833852827549,0.001761580933816731,8.004173636436462
3500.0,11,8,-10.628969192504883,-113.0286715936268,-72.63189800900327,0.0,0.11971114575862885,100.0,1.0,1.0,57.496116638183594,0.01204195898026228,0.0019165372941643,7.357018534094095
3500.0,12,0,20.79281997680664,-76.54721218168663,-64.70344391698168,5.5546875,6.91919469833374,19.720607062297823,0.0,0.0,-62.67888641357422,-0.013127435930073261,-0.0020892962347716093,6.748684216290712
3500.0,12,1,9.955232620239258,-88.16261015137506,-62.13947674580772,2.73046875,3.445918560028076,20.76223792190396,0.0,0.16666666666666663,55.148651123046875,0.011550307273864746,0.0018382883863523602,7.670178543776274
3500.0,12,2,-11.623149871826172,-104.31574565917332,-70.1003147492035,0.0,0.09601254761219025,100.0,1.0,1.0,58.331974029541016,0.012217020615935326,0.001944399205967784,7.251597475260496
3500.0,12,3,2.42679762840271,-99.03972868470143,-73.18371919278938,1.02734375,1.4586743116378784,29.570038917978692,0.0,0.08333333333333337,58.434181213378906,0.012238427065312862,0.0019478061003610492,7.238913793116808
3500.0,12,4,-17.751142501831055,-121.3200506052084,-74.25615050725705,0.0,0.024012697860598564,100.0,1.0,1.0,47.41195297241211,0.00992993637919426,0.0015803984133526683,8.92180111259222
3500.0,12,5,-30.0,-220.0,-75.7305494145665,0.0,0.0014419741928577423,100.0,,1.0,0.0,0.0,0.0,1000000000000.0
3500.0,12,6,-15.816670417785645,-102.2267253793496,-75.64050952217309,0.0,0.03731460124254227,100.0,1.0,1.0,59.886680603027344,0.01254263799637556,0.0019962226506322622,7.063340395689011
3500.0,12,7,-2.1879866123199463,-106.96689996826015,-73.49017090288638,0.490234375,0.6818798780441284,28.10546391159616,0.0,0.8333333333333334,52.34115982055664,0.010962307453155518,0.0017447053687646985,8.081594482064247
3500.0,12,8,-10.77044677734375,-113.5212751917133,-72.60104615742111,0.0,0.11602441966533661,100.0,1.0,1.0,55.78071975708008,0.01168268732726574,0.0018593573477119207,7.583265658468008
3500.0,13,0,19.34086799621582,-76.57099847571389,-64.80230607714671,0.0,6.441592216491699,100.0,1.0,0.07692307692307687,-57.0533447265625,-0.011949225328862667,-0.0019017781596630812,7.414114195853472
3500.0,13,1,10.092552185058594,-88.01828394280452,-62.006526002298564,2.5703125,3.4874088764190674,26.29735740538569,0.0,0.15384615384615385,54.85309600830078,0.011488405987620354,0.0018284365069121122,7.711506448686123
3500.0,13,2,-9.161575317382812,-104.51777948977173,-70.04966941105913,0.0,0.1651657074689865,100.0,1.0,1.0,57.90892791748047,0.012128418311476707,0.0019302975852042437,7.304573431611061
3500.0,13,3,1.50169038772583,-98.9781019986821,-73.15024947378376,0.0,1.2708802223205566,100.0,1.0,0.15384615384615385,58.12909698486328,0.012174529954791069,0.0019376366399228573,7.276906631886959
3500.0,13,4,-17.800004959106445,-121.30688998056283,-74.23251659260865,0.0,0.023746248334646225,100.0,1.0,1.0,47.0415153503418,0.009852352552115917,0.001568050472997129,8.992057293653488
3500.0,13,5,-30.0,-220.0,-75.71040001722366,0.0,0.0014419741928577423,100.0,,1.0,0.0,0.0,0.0,1000000000000.0
3500.0,13,6,-14.61941146850586,-102.19988805007023,-75.61552303366358,0.0,0.04896020144224167,100.0,1.0,1.0,59.51707458496094,0.012465227395296097,0.0019839024171233177,7.107204291969538
3500.0,13,7,-5.3018622398376465,-107.38600640238414,-73.46140159004328,0.0,0.3729458451271057,100.0,1.0,0.8461538461538461,51.786781311035156,0.010846197605133057,0.0017262260662391782,8.168107829988003
3500.0,13,8,-11.623149871826172,-112.93696686188002,-72.57033899809821,0.0,0.09601254016160965,100.0,1.0,1.0,55.42564392089844,0.011608319357037544,0.001847521518357098,7.6318467035889626
3500.0,14,0,20.54201889038086,-76.6197392080791,-64.89936642249643,5.5546875,6.8365888595581055,18.75059895939045,0.0,0.0714285714285714,-60.378509521484375,-0.012645645998418331,-0.002012616954743862,7.005804218351841
3500.0,14,1,10.586936950683594,-87.80932755161612,-61.872342846338114,2.5703125,3.6377322673797607,29.34299967459171,0.0,0.1428571428571429,54.99782180786133,0.011518716812133789,0.0018332607578486204,7.691213861107826
3500.0,14,2,-10.41366958618164,-105.01585336915991,-69.99899393019928,0.0,0.12553799152374268,100.0,1.0,1.0,58.32994842529297,0.012216595932841301,0.0019443316850811243,7.25184939801693
3500.0,14,3,2.447089433670044,-98.94588923703955,-73.1168399808748,0.740234375,1.4629664421081543,49.40182127941962,0.0,0.1428571428571429,57.77222442626953,0.012099786661565304,0.0019257408566772938,7.32185784727335
3500.0,14,4,-17.804035186767578,-121.29367249130203,-74.20899238822294,0.0,0.023724399507045746,100.0,1.0,1.0,46.712955474853516,0.009783538989722729,0.0015570985851809382,9.0553043410182
3500.0,14,5,-30.0,-220.0,-75.6903434567258,0.0,0.0014419741928577423,100.0,,1.0,0.0,0.0,0.0,1000000000000.0
3500.0,14,6,-16.625307083129883,-102.1731192431937,-75.590604345054,0.0,0.031042946502566338,100.0,1.0,1.0,59.204750061035156,0.012399815022945404,0.0019734916277229786,7.14469701051712
3500.0,14,7,-9.85279655456543,-107.3654635376642,-73.43272812751599,0.0,0.14201807975769043,100.0,1.0,0.8571428571428572,51.411582946777344,0.01076761819422245,0.0017137194517999887,8.227718062698841
3500.0,14,8,-10.004384994506836,-112.90985109494704,-72.53974452701087,0.0,0.13737113773822784,100.0,1.0,1.0,54.71548080444336,0.011459583416581154,0.0018238493939861655,7.7309017069637775
3500.0,15,0,23.2342586517334,-76.6577540158433,-64.99478524497596,5.5546875,7.725088596343994,28.095484851412145,0.0,0.06666666666666665,-58.115596771240234,-0.012171702459454536,-0.0019371865782886744,7.278596982359886
3500.0,15,1,12.206913948059082,-87.66197062170583,-61.73677286540651,2.73046875,4.139331340789795,34.0359945797666,0.0,0.1333333333333333,54.250640869140625,0.0113622285425663,0.0018083547474816442,7.797142956405878
3500.0,15,2,-13.488701820373535,-105.09095714155961,-69.9482351720909,0.0,0.06320568174123764,100.0,1.0,1.0,58.72088623046875,0.012298474088311195,0.0019573629833757877,7.2035701014101505
3500.0,15,3,3.3387622833251953,-98.93743182900013,-73.08345586212957,1.02734375,1.6586134433746338,38.06008542232995,0.0,0.1333333333333333,57.49927520751953,0.012042620219290257,0.0019166425336152315,7.356614805757999
3500.0,15,4,-17.644573211669922,-121.28054796583857,-74.1855533811265,0.0,0.024604154750704765,100.0,1.0,1.0,46.426788330078125,0.00972360372543335,0.001547559630125761,9.11111943423748
3500.0,15,5,-30.0,-220.0,-75.67035862309449,0.0,0.0014419741928577423,100.0,,1.0,0.0,0.0,0.0,1000000000000.0
3500.0,15,6,-16.405847549438477,-102.14635580511121,-75.5657272549719,0.0,0.03263388201594353,100.0,1.0,1.0,58.9486198425293,0.012346170842647552,0.001964953960850835,7.175740785896778
3500.0,15,7,-3.1888890266418457,-108.06250083464465,-73.40412077902627,0.0,0.5654570460319519,100.0,1.0,0.8666666666666667,51.409114837646484,0.010767100378870964,0.001713637146167457,8.228112943470478
3500.0,15,8,-12.389610290527344,-113.76081227657937,-72.50923131427268,0.0,0.08090569823980331,100.0,1.0,1.0,52.19538116455078,0.010931774973869324,0.0017398460768163204,8.104165084660053
3500.0,16,0,24.204561233520508,-76.6953891759055,-65.08870611140587,5.5546875,8.046050071716309,30.96379651518716,0.0,0.0625,-58.859519958496094,-0.012327509000897408,-0.001961983973160386,7.186603266745806
3500.0,16,1,12.224906921386719,-87.51287870941152,-61.59966726674078,3.322265625,4.144969940185547,19.84825769686327,0.0,0.125,53.272369384765625,0.011157339438796043,0.0017757456516847014,7.940326817333698
3500.0,16,2,-13.815340995788574,-105.04672937721347,-69.89734349808083,0.0,0.058718159794807434,100.0,1.0,1.0,58.499732971191406,0.01225215569138527,0.001949991099536419,7.230802439153194
3500.0,16,3,3.7691123485565186,-98.90511896436206,-73.05006488619227,1.17578125,1.7578054666519165,33.11084347464769,0.0,0.125,57.264671325683594,0.011993484571576118,0.001908822450786829,7.386753335595131
3500.0,16,4,-17.647159576416016,-121.26732951062846,-74.16217716927709,0.0,0.024589641019701958,100.0,1.0,1.0,46.16853332519531,0.009669515304267406,0.0015389511827379465,9.162084199488163
3500.0,16,5,-30.0,-220.0,-75.65042620249054,0.0,0.0014419741928577423,100.0,,1.0,0.0,0.0,0.0,1000000000000.0
3500.0,16,6,-17.82019805908203,-102.1195986445153,-75.54086760510735,0.0,0.023636989295482635,100.0,1.0,1.0,58.734710693359375,0.012301369570195675,0.0019578237552195787,7.201874163001776
3500.0,16,7,-2.526393413543701,-107.84569839383249,-73.37555223400341,0.490234375,0.64055997133255,23.46784111717586,0.0,0.8125,51.37663269042969,0.010760296136140823,0.0017125544836744666,8.23331531137228
3500.0,16,8,-10.560308456420898,-113.73461237468226,-72.47877056310041,0.0,0.12154065072536469,100.0,1.0,1.0,52.777381896972656,0.011053669266402721,0.00175924610812217,8.014797233045101
3500.0,17,0,23.208702087402344,-76.7167709213636,-65.1812530515933,5.5546875,7.716638565063477,28.01674649959056,0.0,0.05882352941176472,-60.05888748168945,-0.01257870439440012,-0.0020019628573209047,7.043087854981422
3500.0,17,1,11.709516525268555,-87.37777527534128,-61.4608873431582,3.322265625,3.983999729156494,16.6097929001767,0.0,0.11764705882352944,53.31076431274414,0.011165380477905273,0.0017770255217328668,7.934607565402985
3500.0,17,2,-14.363852500915527,-104.77097784567631,-69.84627459098758,0.0,0.05187496542930603,100.0,1.0,1.0,58.33759689331055,0.01221819780766964,0.0019445866346359253,7.250898517668247
3500.0,17,3,2.402156352996826,-98.84885946432763,-73.01663864499358,1.17578125,1.4534721374511719,19.105346452539106,0.0,0.11764705882352944,57.15921401977539,0.011971398256719112,0.0019053071737289429,7.4003818444907665
3500.0,17,4,-14.979108810424805,-119.01868500146651,-74.1388442717828,0.0,0.04512874782085419,100.0,1.0,1.0,46.73851776123047,0.009788892231881618,0.0015579506289213896,9.050351567566395
3500.0,17,5,-30.0,-220.0,-75.6305293763674,0.0,0.0014419741928577423,100.0,,1.0,0.0,0.0,0.0,1000000000000.0
3500.0,17,6,-17.720783233642578,-102.09284179123381,-75.51600418097864,0.0,0.024179739877581596,100.0,1.0,1.0,58.57249450683594,0.012267394922673702,0.0019524164963513613,7.221819832921028
3500.0,17,7,-4.096359729766846,-108.20577809540563,-73.34699861482932,0.0,0.47443222999572754,100.0,1.0,0.8235294117647058,51.41130065917969,0.010767558589577675,0.0017137100221589208,8.227762766182423
3500.0,17,8,-9.984713554382324,-113.70845656594827,-72.44833716843301,0.0,0.13796588778495789,100.0,1.0,1.0,52.97344207763672,0.011094732210040092,0.0017657814314588904,7.985133677721024
3500.0,18,0,23.659122467041016,-76.75400664588105,-65.27253966548864,5.5546875,7.865589141845703,29.37989259509476,0.0,0.05555555555555558,-58.6709098815918,-0.012288006953895092,-0.0019556970801204443,7.209706120193005
3500.0,18,1,13.160693168640137,-87.2247297981434,-61.32033191320952,3.029296875,4.439936637878418,31.771619235369965,0.0,0.11111111111111116,53.543975830078125,0.011214224621653557,0.0017847992712631822,7.900048978626728
3500.0,18,2,-14.901236534118652,-104.70409429715771,-69.79499309071625,0.0,0.045932378619909286,100.0,1.0,1.0,58.214141845703125,0.01219234149903059,0.001940471469424665,7.266275584697723
3500.0,18,3,2.43681263923645,-98.81638654974232,-72.98315429470597,1.02734375,1.4607917070388794,29.6721260772699,0.0,0.11111111111111116,56.97381591796875,0.01193256862461567,0.00189912726636976,7.424463517963886
3500.0,18,4,-19.217931747436523,-121.24088247388744,-74.11553936924052,0.0,0.017170948907732964,100.0,1.0,1.0,45.77212905883789,0.00958649255335331,0.001525737694464624,9.241431951522827
3500.0,18,5,-30.0,-220.0,-75.6106547193182,0.0,0.0014419741928577423,100.0,,1.0,0.0,0.0,0.0,1000000000000.0
3500.0,18,6,-18.329753875732422,-102.06606578780254,-75.49111972231745,0.0,0.02103915810585022,100.0,1.0,1.0,58.45115661621094,0.01224198192358017,0.001948371878825128,7.236811798065901
3500.0,18,7,-5.4707417488098145,-108.18642276588804,-73.31844101948141,0.0,0.360356867313385,100.0,1.0,0.8333333333333334,50.910160064697266,0.010662599466741085,0.0016970053547993302,8.308754302561283
3500.0,18,8,-15.697216987609863,-113.6822508717292,-72.4179115777981,0.0,0.03834149241447449,100.0,1.0,1.0,52.51325225830078,0.010998349636793137,0.0017504417337477207,8.055109530687332
3500.0,19,0,23.74431610107422,-76.79112246285536,-65.36263641524742,5.5546875,7.893770217895508,29.632009208891198,0.0,0.052631578947368474,-59.06256103515625,-0.012370034120976925,-0.0019687521271407604,7.161897607147694
3500.0,19,1,13.672335624694824,-87.17006135588483,-61.177871809508794,3.609375,4.602494239807129,21.577848619941918,0.0,0.10526315789473684,53.07936477661133,0.011116916313767433,0.0017693121917545795,7.969198748469353
3500.0,19,2,-13.89302921295166,-104.12791394153754,-69.74346718210299,0.0,0.057697657495737076,100.0,1.0,1.0,58.14591979980469,0.01217805314809084,0.0019381972961127758,7.274801377207041
3500.0,19,3,2.370729684829712,-98.78381976442373,-72.94959280308265,1.02734375,1.4468531608581543,28.99460858967442,0.0,0.10526315789473684,56.9302978515625,0.011923454701900482,0.0018976766150444746,7.430138532072306
3500.0,19,4,-19.22688865661621,-121.2275546395652,-74.09224982716832,0.0,0.017135780304670334,100.0,1.0,1.0,45.62904739379883,0.009556525386869907,0.0015209682751446962,9.270410984754562
3500.0,19,5,-30.0,-220.0,-75.59079143594823,0.0,0.0014419741928577423,100.0,,1.0,0.0,0.0,0.0,1000000000000.0
3500.0,19,6,-17.398666381835938,-102.03923095277656,-75.46620044351258,0.0,0.026024648919701576,100.0,1.0,1.0,58.371158599853516,0.012225227430462837,0.0019457052694633603,7.246729917824268
3500.0,19,7,-4.496471405029297,-108.16395003604211,-73.28986374073747,0.0,0.4384012222290039,100.0,1.0,0.8421052631578947,50.86780548095703,0.010653728619217873,0.001695593586191535,8.315672166645527
3500.0,19,8,-13.499100685119629,-116.10118791553299,-72.38747719721661,0.0,0.06305777281522751,100.0,1.0,1.0,53.225502014160156,0.011147523298859596,0.0017741834744811058,7.947318255901337
3500.0,20,0,23.584091186523438,-76.82659426849585,-65.4516265125722,5.5546875,7.840773105621338,29.1563800511248,0.0,0.050000000000000044,-58.643592834472656,-0.012282285839319229,-0.001954786479473114,7.213064469397068
3500.0,20,1,12.886139869689941,-87.00681816994303,-61.033438013468306,0.0,4.353063583374023,100.0,1.0,0.15000000000000002,52.63716125488281,0.011024301871657372,0.0017545720329508185,8.036147803068161
3500.0,20,2,-11.19475269317627,-104.08099642403769,-69.69167329364895,0.0,0.10561029613018036,100.0,1.0,1.0,58.08259582519531,0.012164791114628315,0.0019360865699127316,7.282732520252466
3500.0,20,3,4.926700115203857,-98.74360210048368,-72.91593933863331,1.02734375,2.0389113426208496,49.613123016941195,0.0,0.09999999999999998,56.757476806640625,0.011887257918715477,0.0018919159192591906,7.452762685716152
3500.0,20,4,-17.59333610534668,-121.21441500291306,-74.0689662257511,0.0,0.024893654510378838,100.0,1.0,1.0,45.49386215209961,0.009528212249279022,0.0015164620708674192,9.297957643866539
3500.0,20,5,-30.0,-220.0,-75.57093110150309,0.0,0.0014419741928577423,100.0,,1.0,0.0,0.0,0.0,1000000000000.0
3500.0,20,6,-14.90235424041748,-102.01235472377451,-75.44123510531308,0.0,0.04592074826359749,100.0,1.0,1.0,58.307098388671875,0.012211810797452927,0.0019435699796304107,7.254691328853369
3500.0,20,7,-3.7213478088378906,-108.36269650952349,-73.26125493801521,0.0,0.5104432702064514,100.0,1.0,0.85,50.431434631347656,0.010562336072325706,0.001681047840975225,8.387626148760319
3500.0,20,8,-11.904494285583496,-115.88779961674047,-72.35702209096173,0.0,0.09017407894134521,100.0,1.0,1.0,52.897850036621094,0.01107889972627163,0.0017632617382332683,7.996544241905212
3500.0,21,0,22.77707290649414,-76.86364747457228,-65.53954252766377,5.5546875,7.573971271514893,26.66083219920914,0.0,0.04761904761904767,-58.177120208740234,-0.012184588238596916,-0.0019392373505979776,7.270899601280689
3500.0,21,1,13.391480445861816,-86.846675329058,-60.88689958662328,3.322265625,4.513158798217773,26.387132083365906,0.0,0.1428571428571429,52.68512725830078,0.011034348048269749,0.0017561708809807897,8.028831332921982
3500.0,21,2,-10.723193168640137,-102.98745690628094,-69.63958811714599,0.0,0.11724348366260529,100.0,1.0,1.0,58.01829147338867,0.0121513232588768,0.0019339430145919323,7.2908042930066586
3500.0,21,3,3.2549729347229004,-98.68392628786566,-72.88218146683926,1.4765625,1.6396538019180298,9.946691291006015,0.0,0.09523809523809523,56.821014404296875,0.011900566518306732,0.001894033863209188,7.444429211318493
3500.0,21,4,-17.54261589050293,-121.20105015324168,-74.04568069137488,0.0,0.025183552876114845,100.0,1.0,1.0,45.36362838745117,0.009500936605036259,0.0015121209435164928,9.324651211500168
3500.0,21,5,-30.0,-220.0,-75.55106715686438,0.0,0.0014419741928577423,100.0,,1.0,0.0,0.0,0.0,1000000000000.0
3500.0,21,6,-12.677508354187012,-101.9854243784877,-75.41621522072,0.0,0.07585025578737259,100.0,1.0,1.0,58.253028869628906,0.012200485914945602,0.001941767637617886,7.261425256729126
3500.0,21,7,-3.550670862197876,-108.34294254139922,-73.23260460846936,0.0,0.5275730490684509,100.0,1.0,0.8571428571428572,50.32100296020508,0.010539206676185131,0.0016773667884990573,8.406032808125019
3500.0,21,8,-11.915388107299805,-117.11369541437716,-72.32653553434689,0.0,0.08995509147644043,100.0,1.0,1.0,52.60795593261719,0.011018184944987297,0.0017535985680297017,8.04060883820057
3500.0,22,0,21.706710815429688,-76.90083057102278,-65.62645093526035,5.5546875,7.220519542694092,23.070805817285322,0.0,0.045454545454545414,-57.52664566040039,-0.012048352509737015,-0.0019175548804923892,7.353114429861307
3500.0,22,1,14.599879264831543,-86.68410507061091,-60.73821333057533,3.322265625,4.8991522789001465,32.18692876095199,0.0,0.13636363636363635,52.01080322265625,0.010893117636442184,0.001733693410642445,8.132926188409328
3500.0,22,2,-14.589919090270996,-103.61906105406617,-69.58719596459594,0.0,0.04928819090127945,100.0,1.0,1.0,57.957881927490234,0.012138670310378075,0.0019319293787702918,7.2984034195542336
3500.0,22,3,3.132812261581421,-98.03709020777275,-72.84830959982159,1.17578125,1.612221360206604,27.07073116502282,0.0,0.09090909090909094,56.734500885009766,0.011882446706295013,0.0018911500228568912,7.455781102180481
3500.0,22,4,-17.67319679260254,-121.18769487423123,-74.02238766364746,0.0,0.024443894624710083,100.0,1.0,1.0,45.23896026611328,0.00947482604533434,0.0015079653821885586,9.350347332656384
3500.0,22,5,-30.0,-220.0,-75.53119441424394,0.0,0.0014419741928577423,100.0,,1.0,0.0,0.0,0.0,1000000000000.0
3500.0,22,6,-11.420385360717773,-101.9584212437958,-75.3911334312497,0.0,0.10044530779123306,100.0,1.0,1.0,58.20930480957031,0.012191329151391983,0.0019403102342039347,7.2668795473873615
3500.0,22,7,-3.594573497772217,-108.32334522961719,-73.20390554444762,0.0,0.5231218338012695,100.0,1.0,0.8636363636363636,50.21733856201172,0.01051749475300312,0.0016739113489165902,8.423385210335255
3500.0,22,8,-13.788942337036133,-117.09196702604243,-72.29601063610406,0.0,0.05906892940402031,100.0,1.0,1.0,52.47886657714844,0.01099114865064621,0.0017492956249043345,8.060387335717678
3500.0,23,0,21.927146911621094,-76.93624673655643,-65.712380283024,5.5546875,7.293268203735352,23.838156710662485,0.0,0.04347826086956519,-57.381919860839844,-0.01201804168522358,-0.001912730629555881,7.371659856289625
3500.0,23,1,5.5551276206970215,-95.2494537718114,-60.58729790519943,0.0,2.1995809078216553,100.0,1.0,0.17391304347826086,52.56451416015625,0.011009085923433304,0.0017521504778414965,8.04725382477045
3500.0,23,2,-19.97333526611328,-103.57888885990675,-69.53448335147684,0.0,0.01444325689226389,100.0,1.0,1.0,57.93291473388672,0.012133441865444183,0.001931097125634551,7.301548961549997
3500.0,23,3,-0.8630561232566833,-98.05270866454626,-72.81431714218971,0.0,0.8637596964836121,100.0,1.0,0.13043478260869568,56.87818908691406,0.011912541463971138,0.0018959396984428167,7.43694556877017
3500.0,23,4,-17.42288589477539,-121.17426676873134,-73.99908355389903,0.0,0.025881217792630196,100.0,1.0,1.0,45.12675094604492,0.009451325051486492,0.001504225074313581,9.373597800731659
3500.0,23,5,-30.0,-220.0,-75.51130975116865,0.0,0.0014419741928577423,100.0,,1.0,0.0,0.0,0.0,1000000000000.0
3500.0,23,6,-16.161542892456055,-101.9313480663663,-75.36598527649535,0.0,0.03449983149766922,100.0,1.0,1.0,58.179603576660156,0.012185107916593552,0.0019393201218917966,7.270589470863342
3500.0,23,7,-3.1443192958831787,-108.30363841032991,-73.17515293049595,0.490234375,0.5702745318412781,14.03537285504366,0.0,0.8260869565217391,50.127471923828125,0.010498672723770142,0.0016709157498553395,8.438486605882645
3500.0,23,8,-21.01310920715332,-117.07020402713317,-72.2654425257212,0.0,0.011380190029740334,100.0,1.0,1.0,51.881317138671875,0.010865997523069382,0.0017293773125857115,8.153224363923073
3500.0,24,0,20.010534286499023,-76.97348259035857,-65.79737081333033,5.5546875,6.661676406860352,16.61727227879679,0.0,0.04166666666666663,-57.655128479003906,-0.012075262144207954,-0.0019218376837670803,7.336728274822235
3500.0,24,1,4.514750957489014,-95.08818749713134,-60.43409980126943,1.326171875,1.9365801811218262,31.51990875834677,0.0,0.16666666666666663,52.63990783691406,0.01102487649768591,0.0017546636518090963,8.035728707909584
3500.0,24,2,-11.411465644836426,-102.86595290241834,-69.48143809863109,0.0,0.1006447970867157,100.0,1.0,1.0,57.92339324951172,0.012131446972489357,0.0019307797774672508,7.302748970687389
3500.0,24,3,5.021794319152832,-98.01998885827734,-72.78019769392313,0.490234375,2.0628769397735596,76.23540379224887,0.0,0.125,56.53523635864258,0.011840712279081345,0.0018845079466700554,7.482059765607119
3500.0,24,4,-17.591773986816406,-121.16067677029838,-73.97576505134413,0.0,0.024902531877160072,100.0,1.0,1.0,45.018184661865234,0.009428586810827255,0.001500606187619269,9.396202862262726
3500.0,24,5,-30.0,-220.0,-75.49141008037529,0.0,0.0014419741928577423,100.0,,1.0,0.0,0.0,0.0,1000000000000.0
3500.0,24,6,-14.096351623535156,-101.90419806136572,-75.34076612396183,0.0,0.05510846897959709,100.0,1.0,1.0,58.155853271484375,0.01218013372272253,0.0019385284977033734,7.273558527231216
3500.0,24,7,-3.1418046951293945,-108.28386876608587,-73.14634226527738,0.0,0.5705472826957703,100.0,1.0,0.8333333333333334,50.04119110107422,0.010480602271854877,0.001668039709329605,8.453036658465862
3500.0,24,8,-12.938817024230957,-113.57011405832341,-72.23482696184388,0.0,0.07152899354696274,100.0,1.0,1.0,52.31745147705078,0.010957341641187668,0.0017439150251448154,8.085256442427635
3500.0,25,0,19.862957000732422,-77.01069857329455,-65.88144311114687,5.5546875,6.613144874572754,16.005355918369112,0.0,0.040000000000000036,-57.78883361816406,-0.012103265151381493,-0.0019262945279479027,7.319753523916006
3500.0,25,1,3.1586410999298096,-94.89609317851348,-60.27854150738073,1.17578125,1.6180007457733154,27.331229415593306,0.0,0.16000000000000003,52.345420837402344,0.010963199660182,0.0017448473954573274,8.080936037003994
3500.0,25,2,-10.08433723449707,-102.8254551656942,-69.42804899656913,0.0,0.13497893512248993,100.0,1.0,1.0,57.906654357910156,0.012127941474318504,0.0019302217988297343,7.304860278964043
3500.0,25,3,7.004403591156006,-97.96393245073686,-72.74594640009705,1.4765625,2.589034080505371,42.96859546507863,0.0,0.12,56.52555847167969,0.011838685721158981,0.001884185359813273,7.483340799808502
3500.0,25,4,-17.44500732421875,-121.1471780304912,-73.95242986641395,0.0,0.02575087919831276,100.0,1.0,1.0,44.91100311279297,0.009406139142811298,0.0014970334013924003,9.418627247214317
3500.0,25,5,-30.0,-220.0,-75.47149339765653,0.0,0.0014419741928577423,100.0,,1.0,0.0,0.0,0.0,1000000000000.0
3500.0,25,6,-12.716048240661621,-101.87696645313353,-75.31547286837326,0.0,0.07519728690385818,100.0,1.0,1.0,58.13624572753906,0.012176026590168476,0.0019378748256713152,7.276011630892754
3500.0,25,7,-2.94130539894104,-108.26416266065132,-73.11747028371101,0.490234375,0.5926428437232971,17.27996377715669,0.0,0.8,49.957000732421875,0.010462969541549683,0.001665233401581645,8.46728216856718
3500.0,25,8,-17.618730545043945,-112.93542801879178,-72.2041607282325,0.0,0.02474975772202015,100.0,1.0,1.0,52.17729187011719,0.010927986353635788,0.001739243045449257,8.106974884867668
3500.0,26,0,19.16973304748535,-77.04790636513805,-65.96463327839976,5.5546875,6.385408878326416,13.0096818254831,0.0,0.038461538461538436,-58.73828125,-0.012302117422223091,-0.001957942731678486,7.2014364413917065
3500.0,26,1,2.098068952560425,-94.69449576955495,-60.12060060313336,0.876953125,1.3901664018630981,36.917398965713076,0.0,0.15384615384615385,52.10223388671875,0.010912267491221428,0.0017367411637678742,8.118653669953346
3500.0,26,2,-11.616153717041016,-102.78483220797938,-69.37430898395964,0.0,0.09616228938102722,100.0,1.0,1.0,57.90398406982422,0.012127382680773735,0.0019301328575238585,7.305196952074766
3500.0,26,3,4.463595390319824,-97.95191580588036,-72.71155994230372,0.0,1.924045443534851,100.0,1.0,0.15384615384615385,56.56317901611328,0.011846564710140228,0.0018854392692446709,7.47836334630847
3500.0,26,4,-17.51677703857422,-121.13359264723655,-73.92907693190236,0.0,0.025332506746053696,100.0,1.0,1.0,44.81264114379883,0.009385538287460804,0.0014937546802684665,9.439300745725632
3500.0,26,5,-30.0,-220.0,-75.45155842365017,0.0,0.0014419741928577423,100.0,,1.0,0.0,0.0,0.0,1000000000000.0
3500.0,26,6,-13.980756759643555,-101.84965690427595,-75.2901030168546,0.0,0.05656619369983673,100.0,1.0,1.0,58.12615203857422,0.012173913419246674,0.0019375383853912354,7.277275435626507
3500.0,26,7,-2.917036771774292,-108.24437624021701,-73.08853521478264,0.0,0.5953636765480042,100.0,1.0,0.8076923076923077,49.883949279785156,0.0104476697742939,0.001662798342294991,8.479681797325611
3500.0,26,8,-13.195515632629395,-112.42500883792755,-72.17344265560679,0.0,0.0675181895494461,100.0,1.0,1.0,53.23516845703125,0.01114954799413681,0.001774505595676601,7.945875637233257
3500.0,27,0,22.524383544921875,-77.58310863572012,-66.04694837664618,5.5546875,7.490483283996582,25.843403030247856,0.0,0.03703703703703709,-58.095726013183594,-0.012167541310191154,-0.001936524175107479,7.281086407601833
3500.0,27,1,1.836824893951416,-94.49558030217824,-59.96019195982263,0.740234375,1.337111473083496,44.639292242930594,0.0,0.14814814814814814,52.044708251953125,0.010900218039751053,0.001734823570586741,8.127627894282341
3500.0,27,2,-18.198698043823242,-102.74404848384606,-69.3202088949057,0.0,0.02167891338467598,100.0,1.0,1.0,57.91831970214844,0.012130385264754295,0.0019306106260046363,7.30338878929615
3500.0,27,3,0.05908990278840065,-97.91887504193426,-72.67703538582134,0.0,1.0098479986190796,100.0,1.0,0.18518518518518523,56.718719482421875,0.011879140511155128,0.001890624058432877,7.457855623215437
3500.0,27,4,-17.39809799194336,-121.12000773284342,-73.90570529520244,0.0,0.02602803148329258,100.0,1.0,1.0,44.72713088989258,0.009367628954350948,0.0014909043675288558,9.457346983253956
3500.0,27,5,-30.0,-220.0,-75.43160440214098,0.0,0.0014419741928577423,100.0,,1.0,0.0,0.0,0.0,1000000000000.0
3500.0,27,6,-16.313920974731445,-100.29733716500202,-75.26465510235681,0.0,0.0333239771425724,100.0,1.0,1.0,58.11073303222656,0.012170683592557907,0.0019370244117453694,7.279206067323685
3500.0,27,7,-2.706650733947754,-108.22458921787259,-73.05953541647223,0.490234375,0.619375467300415,20.850211078473002,0.0,0.7777777777777778,49.824493408203125,0.01043521799147129,0.0016608164878562093,8.489800617098808
3500.0,27,8,-11.595840454101562,-111.57305826470935,-72.14267111488323,0.0,0.09659836441278458,100.0,1.0,1.0,52.50862121582031,0.010997379198670387,0.0017502873670309782,8.055820129811764
3500.0,28,0,24.039196014404297,-77.67115830183853,-66.1284273354083,5.5546875,7.991329193115234,30.49106893524638,0.0,0.0357142857142857,-57.754783630371094,-0.012096134945750237,-0.00192515947856009,7.324068807065487
3500.0,28,1,10.364359855651855,-90.4900269977346,-59.797314604820535,0.740234375,3.569876194000244,79.26442445695781,0.0,0.1428571428571429,47.05136489868164,0.00985441543161869,0.0015683788806200027,8.99017509073019
3500.0,28,2,-12.324564933776855,-103.1122178051728,-69.26574225893893,0.0,0.08209245651960373,100.0,1.0,1.0,57.92955017089844,0.0121327368542552,0.0019309850176796317,7.301972713321447
3500.0,28,3,5.582489013671875,-97.88569973185062,-72.64236957448449,0.490234375,2.2066967487335205,77.78424356308324,0.0,0.1785714285714286,56.4781608581543,0.011828758753836155,0.0018826053710654378,7.489620707929134
3500.0,28,4,-17.39252471923828,-121.10635412431097,-73.88231410595193,0.0,0.02606114372611046,100.0,1.0,1.0,44.6197395324707,0.00934513658285141,0.0014873247127979994,9.480109438300133
3500.0,28,5,-30.0,-220.0,-75.41163014041412,0.0,0.0014419741928577423,100.0,,1.0,0.0,0.0,0.0,1000000000000.0
3500.0,28,6,-7.115987777709961,-100.27207826842088,-75.2391266173664,0.0,0.2561265528202057,100.0,1.0,1.0,58.09626770019531,0.012167654931545258,0.001936542335897684,7.281018421053886
3500.0,28,7,-2.673496723175049,-108.20477981967468,-73.03046936114852,0.490234375,0.6232292056083679,21.33963386368334,0.0,0.75,49.740699768066406,0.010417668148875237,0.0016580233350396156,8.504102937877178
3500.0,28,8,-2.4678969383239746,-109.57411600134128,-72.1118453518101,0.490234375,0.647557258605957,24.294822043171482,0.0,0.9642857142857143,52.67556381225586,0.01103234477341175,0.0017558521358296275,8.030288852751255
3500.0,29,0,23.810039520263672,-77.71982410239778,-66.209078024485,5.5546875,7.915511608123779,29.82528767566759,0.0,0.03448275862068961,-58.25297546386719,-0.012200474739074707,-0.0019417658913880587,7.261431775987148
3500.0,29,1,13.072365760803223,-90.29677155711609,-59.63190987221278,2.5703125,4.411960124969482,41.742163863782,0.0,0.13793103448275867,48.101890563964844,0.010074436664581299,0.001603396376594901,8.793833665549755
3500.0,29,2,-8.075416564941406,-103.07159185191408,-69.21090253199141,0.0,0.20884288847446442,100.0,1.0,1.0,57.93490219116211,0.012133857235312462,0.0019311634823679924,7.301298435777426
3500.0,29,3,7.314589500427246,-97.85237387452779,-72.607561038928,1.17578125,2.675452470779419,56.05299429380375,0.0,0.1724137931034483,56.42414093017578,0.011817444115877151,0.0018808047752827406,7.496791426092386
3500.0,29,4,-14.238763809204102,-118.24848646153211,-73.85890350108373,0.0,0.053363136947155,100.0,1.0,1.0,41.43055725097656,0.008677195757627487,0.00138101854827255,10.209855623543262
3500.0,29,5,-30.0,-220.0,-75.39163571397998,0.0,0.0014419741928577423,100.0,,1.0,0.0,0.0,0.0,1000000000000.0
3500.0,29,6,-7.477387428283691,-100.24673566717084,-75.2135170382686,0.0,0.23726540803909302,100.0,1.0,1.0,58.09859848022461,0.012168142944574356,0.0019366199849173427,7.2807264514267445
3500.0,29,7,-14.859397888183594,-116.92538609530803,-73.00133673841874,0.0,0.04636993631720543,100.0,1.0,0.7586206896551724,49.59589385986328,0.010387339629232883,0.0016531965229660273,8.528931997716427
3500.0,29,8,-5.501324653625488,-109.55015897376117,-72.08096530404504,0.0,0.3581174910068512,100.0,1.0,0.9655172413793104,49.59459686279297,0.01038706861436367,0.0016531532164663076,8.529155515134335
3500.0,30,0,23.925830841064453,-77.76840215237387,-66.2889216921997,5.5546875,7.953819274902344,30.163267381151304,0.0,0.033333333333333326,-58.63748550415039,-0.012281006202101707,-0.0019545829854905605,7.213815581053495
3500.0,30,1,1.1870354413986206,-90.1012745607182,-59.463956275833404,0.0,1.2105928659439087,100.0,1.0,0.16666666666666663,54.07986068725586,0.011326460167765617,0.001802662038244307,7.821765728294849
3500.0,30,2,-16.672176361083984,-102.62081759514567,-69.15568360062434,0.0,0.030713258311152458,100.0,1.0,1.0,57.929744720458984,0.012132777832448483,0.001930991536937654,7.301948498934507
3500.0,30,3,4.185002326965332,-97.81891993352941,-72.57260781857168,1.4765625,1.8564680814743042,20.463889752017938,0.0,0.16666666666666663,56.48664855957031,0.011830536648631096,0.0018828882602974772,7.488495204597712
3500.0,30,4,-14.45156192779541,-118.23460678943584,-73.83547339888116,0.0,0.050855886191129684,100.0,1.0,1.0,41.45512390136719,0.008682340383529663,0.0013818375300616026,10.203804820775986
3500.0,30,5,-30.0,-220.0,-75.37162079516104,0.0,0.0014419741928577423,100.0,,1.0,0.0,0.0,0.0,1000000000000.0
3500.0,30,6,-13.288317680358887,-100.22132653365273,-75.18782512305012,0.0,0.06612293422222137,100.0,1.0,1.0,58.09996795654297,0.012168429791927338,0.0019366656197234988,7.280555088073015
3500.0,30,7,-14.323801040649414,-116.90279446498226,-72.97213695993814,0.0,0.05234697088599205,100.0,1.0,0.7666666666666666,49.73484802246094,0.010416442528367043,0.0016578283393755555,8.505103178322315
3500.0,30,8,-5.124218940734863,-107.66637196263986,-72.05003092980371,0.0,0.38660237193107605,100.0,1.0,0.9666666666666667,43.56385040283203,0.009123992174863815,0.0014521284028887749,9.709885343909264
3500.0,31,0,21.941587448120117,-77.32476105753136,-66.36797369530181,5.5546875,7.29803466796875,23.887899239782218,0.0,0.032258064516129004,-58.089927673339844,-0.012166326865553856,-0.0019363309256732464,7.281813304871321
3500.0,31,1,7.882136344909668,-88.45651341689302,-59.29341634014787,0.6015625,2.8360533714294434,78.78874544251623,0.0,0.16129032258064513,46.8409423828125,0.009810345247387886,0.001561364741064608,9.03056189417839
3500.0,31,2,-15.067731857299805,-102.57939757146136,-69.10007784534294,0.0,0.04423100873827934,100.0,1.0,1.0,57.923133850097656,0.01213139295578003,0.0019307711627334356,7.302782032638788
3500.0,31,3,0.4230480492115021,-97.78531056166479,-72.5375074987827,0.0,1.0719772577285767,100.0,1.0,0.19354838709677424,56.65993881225586,0.011866830289363861,0.001888664672151208,7.465592585504055
3500.0,31,4,-13.732758522033691,-118.22070588675129,-73.81202339396862,0.0,0.05982233211398125,100.0,1.0,1.0,41.12366485595703,0.0086129205301404,0.0013707889011129737,10.28604805469513
3500.0,31,5,-30.0,-220.0,-75.35158488498107,0.0,0.0014419741928577423,100.0,,1.0,0.0,0.0,0.0,1000000000000.0
3500.0,31,6,-11.381983757019043,-100.19582924365388,-75.16204949082334,0.0,0.10130681842565536,100.0,1.0,1.0,58.09463882446289,0.012167313136160374,0.001936487969942391,7.2812228463590145
3500.0,31,7,-10.230036735534668,-115.41672892186929,-72.94286902614056,0.0,0.13072140514850616,100.0,1.0,0.7741935483870968,50.30876159667969,0.010536642745137215,0.0016769587527960539,8.408077992498875
3500.0,31,8,-9.952000617980957,-108.81120681708353,-72.01904160748794,0.0,0.1389603614807129,100.0,1.0,0.967741935483871,52.392051696777344,0.010972965508699417,0.0017464017728343606,8.073744364082813
3500.0,32,0,21.38654899597168,-77.3962753345175,-66.44625241161927,5.5546875,7.114904403686523,21.928852661437183,0.0,0.03125,-58.315277099609375,-0.01221352256834507,-0.0019438426243141294,7.253673858940601
3500.0,32,1,5.965780258178711,-88.26857733751226,-59.12028736905315,1.6953125,2.307378053665161,26.526452944844646,0.0,0.15625,53.00149154663086,0.011100606992840767,0.0017667163629084826,7.9809073358774185
3500.0,32,2,-10.704231262207031,-102.39056103116063,-69.04408034252262,0.0,0.11773613095283508,100.0,1.0,1.0,57.90611267089844,0.012127827852964401,0.0019302037544548512,7.30492826551199
3500.0,32,3,7.48399543762207,-97.50694998343322,-72.50225896817719,0.490234375,2.72306227684021,81.99694589545491,0.0,0.1875,56.32867431640625,0.011797450482845306,0.0018776224460452795,7.509496994316578
3500.0,32,4,-13.589783668518066,-118.20694281331376,-73.78855402635378,0.0,0.061782266944646835,100.0,1.0,1.0,40.82952880859375,0.00855131633579731,0.0013609842862933874,10.36014873534441
3500.0,32,5,-30.0,-220.0,-75.33152817050951,0.0,0.0014419741928577423,100.0,,1.0,0.0,0.0,0.0,1000000000000.0
3500.0,32,6,-10.669179916381836,-100.17026236710959,-75.13618952332503,0.0,0.11865203082561493,100.0,1.0,1.0,58.08930969238281,0.01216619648039341,0.001936310320161283,7.281890604645014
3500.0,32,7,-16.667694091796875,-115.38837807989302,-72.91353311053402,0.0,0.030744630843400955,100.0,1.0,0.78125,50.15387725830078,0.010504202917218208,0.001671795966103673,8.434044197201729
3500.0,32,8,-4.6667962074279785,-108.37968853848608,-71.9879981395255,0.0,0.42378756403923035,100.0,1.0,0.96875,52.10036087036133,0.01091187447309494,0.001736678765155375,8.118946105241776
3500.0,33,0,20.81997299194336,-77.44414567105515,-66.52376612172984,5.5546875,6.9281415939331055,19.824278636796677,0.0,0.030303030303030276,-58.28971481323242,-0.01220816932618618,-0.0019429904641583562,7.2568547911942005
3500.0,33,1,15.520618438720703,-88.07909281513793,-58.944537921955394,1.328125,5.195748329162598,74.43823457449767,0.0,0.1515151515151515,47.28227233886719,0.009902775287628174,0.0015760757960379124,8.946270681917667
3500.0,33,2,-11.008498191833496,-102.34931131010481,-68.98768463437068,0.0,0.11006590723991394,100.0,1.0,1.0,57.87605667114258,0.01212153397500515,0.0019292018841952085,7.308722008019686
3500.0,33,3,7.755773544311523,-97.47399992062421,-72.4668609564655,1.4765625,2.8000292778015137,47.26617640372154,0.0,0.18181818181818177,56.278846740722656,0.011787014082074165,0.0018759615486487746,7.516145706176758
3500.0,33,4,-16.075143814086914,-118.19317128822308,-73.76506567038564,0.0,0.035184673964977264,100.0,1.0,1.0,41.03440856933594,0.008594226092100143,0.0013678136747330427,10.308422148227692
3500.0,33,5,-30.0,-220.0,-75.31145087928348,0.0,0.0014419741928577423,100.0,,1.0,0.0,0.0,0.0,1000000000000.0
3500.0,33,6,-10.142692565917969,-100.14459635806901,-75.11024481006649,0.0,0.13325808942317963,100.0,1.0,1.0,58.082557678222656,0.012164782732725143,0.0019360852893441916,7.282737176865339
3500.0,33,7,-16.341426849365234,-115.35993306853581,-72.8841291765599,0.0,0.03311599791049957,100.0,1.0,0.7878787878787878,49.46598815917969,0.010360132902860641,0.0016488663386553526,8.551330305635929
3500.0,33,8,-2.9130442142486572,-107.91072659517079,-71.9569008485978,0.0,0.5958123207092285,100.0,1.0,0.9696969696969697,52.054752349853516,0.010902322828769684,0.0017351583810523152,8.126059547066689
3500.0,34,0,21.888195037841797,-77.49004584092097,-66.60054187110563,5.5546875,7.280412197113037,23.703667462638357,0.0,0.02941176470588236,-58.37669372558594,-0.012226386927068233,-0.001945889787748456,7.246042601764202
3500.0,34,1,8.310887336730957,-87.88820009315671,-58.76621687179385,0.0,2.959362268447876,100.0,1.0,0.17647058823529416,51.810760498046875,0.010851221159100533,0.001727025373838842,8.164327591657639
3500.0,34,2,-9.013325691223145,-102.3079273502543,-68.93088593121436,0.0,0.17057478427886963,100.0,1.0,1.0,57.86518096923828,0.01211925595998764,0.0019288393668830395,7.310095708817244
3500.0,34,3,0.8716990351676941,-97.44091580590907,-72.43131187587915,0.0,1.1520391702651978,100.0,1.0,0.20588235294117652,56.50160217285156,0.011833667755126953,0.0018833867507055402,7.48651335015893
3500.0,34,4,-14.230363845825195,-118.17964358941012,-73.74155866002235,0.0,0.05346456170082092,100.0,1.0,1.0,41.2056999206543,0.008630101568996906,0.0013735233806073666,10.265570133924484
3500.0,34,5,-30.0,-220.0,-75.29135284568464,0.0,0.0014419741928577423,100.0,,1.0,0.0,0.0,0.0,1000000000000.0
3500.0,34,6,-10.516451835632324,-100.11887691660058,-75.08421410396622,0.0,0.12272320687770844,100.0,1.0,1.0,58.090576171875,0.01216646283864975,0.0019363525789231062,7.281731814146042
3500.0,34,7,-16.280988693237305,-115.33152850905972,-72.8546571331741,0.0,0.03357470780611038,100.0,1.0,0.7941176470588236,50.39396286010742,0.010554486885666847,0.0016797988209873438,8.393863216042519
3500.0,34,8,-2.381028890609741,-107.88048473918761,-71.92575052600742,0.0,0.65805983543396,100.0,1.0,0.9705882352941176,50.543697357177734,0.010585848242044449,0.00168478989508003,8.36899597197771
3500.0,35,0,23.62980842590332,-77.53982297489895,-66.67658877514637,5.5546875,7.855893611907959,29.29273518189951,0.0,0.02857142857142858,-58.34844207763672,-0.012220470234751701,-0.001944948104210198,7.249550893902779
3500.0,35,1,2.6840014457702637,-88.93420274344457,-58.585319764606105,0.0,1.5136120319366455,100.0,1.0,0.19999999999999996,50.02423095703125,0.010477051138877869,0.0016674743965268135,8.455902338027954
3500.0,35,2,-8.5527982711792,-102.26631467801283,-68.87367728034567,0.0,0.18846029043197632,100.0,1.0,1.0,57.846168518066406,0.012115273624658585,0.0019282056018710136,7.312498055398464
3500.0,35,3,0.1811937391757965,-97.38765666889344,-72.39561017096551,0.490234375,1.030409574508667,52.423348236669895,0.0,0.19999999999999996,56.57398986816406,0.011848829686641693,0.001885799691081047,7.476934231817722
3500.0,35,4,-17.127338409423828,-121.00876096138342,-73.71803323443282,0.0,0.02768642269074917,100.0,1.0,1.0,43.94393539428711,0.009203596971929073,0.0014647978823632002,9.625901468098164
3500.0,35,5,-30.0,-220.0,-75.27123414765599,0.0,0.0014419741928577423,100.0,,1.0,0.0,0.0,0.0,1000000000000.0
3500.0,35,6,-12.36853313446045,-100.09308952141842,-75.05809675283325,0.0,0.0812884047627449,100.0,1.0,1.0,58.08832550048828,0.012165991589426994,0.0019362774910405278,7.28201400488615
3500.0,35,7,-7.750876426696777,-115.30324914285043,-72.8251167660564,0.0,0.22385068237781525,100.0,1.0,0.8,50.278236389160156,0.010530250146985054,0.0016759412828832865,8.413183502852917
3500.0,35,8,0.6812583208084106,-104.25617392611431,-71.89454736912157,0.490234375,1.1175875663757324,56.13458938257519,0.0,0.9428571428571428,52.080238342285156,0.01090765930712223,0.0017360079800710082,8.12208279967308
3500.0,36,0,21.7246150970459,-77.5874160685963,-66.75191268839738,0.0,7.2264275550842285,100.0,1.0,0.05555555555555558,-58.3746223449707,-0.012225952930748463,-0.0019458207534626126,7.246299646794796
3500.0,36,1,2.313185930252075,-88.76094634726357,-58.4018448627619,0.490234375,1.4347790479660034,65.83206482594134,0.0,0.19444444444444442,55.59551239013672,0.011643897742033005,0.0018531837267801166,7.608527783304453
3500.0,36,2,-7.586860179901123,-102.22446467919397,-68.81605210897501,0.0,0.23180918395519257,100.0,1.0,1.0,57.82733917236328,0.012111330404877663,0.0019275780068710446,7.314879447221756
3500.0,36,3,8.678136825561523,-97.35420810095363,-72.35975479829321,0.490234375,3.0662405490875244,84.0118748952724,0.0,0.19444444444444442,56.21659469604492,0.011773976497352123,0.0018738865619525313,7.524468936026096
3500.0,36,4,-17.200929641723633,-120.99456490149385,-73.69448997119697,0.0,0.027225583791732788,100.0,1.0,1.0,43.83915328979492,0.009181651286780834,0.0014613050734624267,9.648908860981464
3500.0,36,5,-30.0,-220.0,-75.25109519480235,0.0,0.0014419741928577423,100.0,,1.0,0.0,0.0,0.0,1000000000000.0
3500.0,36,6,-11.757915496826172,-100.06718749629583,-75.03189256568066,0.0,0.0931716337800026,100.0,1.0,1.0,58.08364486694336,0.01216500997543335,0.0019361214945092797,7.282600738108158
3500.0,36,7,-14.163114547729492,-115.2747705249723,-72.79550828186095,0.0,0.05428338795900345,100.0,1.0,0.8055555555555556,50.21517562866211,0.010517042130231857,0.0016738391714170575,8.423748426139355
3500.0,36,8,0.5917486548423767,-104.22312192227798,-71.86329196297658,0.490234375,1.101632833480835,55.49929521880681,0.0,0.9166666666666666,51.11700439453125,0.010705920867621899,0.0017039001686498523,8.27513262629509
3500.0,37,0,20.317602157592773,-77.6147495053232,-66.82653188295643,5.5546875,6.76270866394043,17.86297804579019,0.0,0.05405405405405406,-58.354652404785156,-0.012221770361065865,-0.0019451550906524062,7.24877929314971
3500.0,37,1,16.02298927307129,-88.5880067795346,-58.21585925336935,0.490234375,5.358326435089111,90.85097966802303,0.0,0.18918918918918914,46.70457458496094,0.009781783446669579,0.0015568191884085536,9.05692856758833
3500.0,37,2,-5.0603437423706055,-102.18241829932053,-68.75800481626842,0.0,0.39161843061447144,100.0,1.0,1.0,57.82166290283203,0.012110142037272453,0.0019273888319730759,7.3155974969267845
3500.0,37,3,6.679893493652344,-97.32059848429033,-72.32374439250745,1.4765625,2.4997174739837646,40.93082456847321,0.0,0.18918918918918914,56.28551483154297,0.011788411065936089,0.001876183901913464,7.515255361795425
3500.0,37,4,-17.573144912719727,-120.98027125605708,-73.67092935873617,0.0,0.025008656084537506,100.0,1.0,1.0,43.742034912109375,0.009161310270428658,0.0014580677961930633,9.670332074165344
3500.0,37,5,-30.0,-220.0,-75.23093607192072,0.0,0.0014419741928577423,100.0,,1.0,0.0,0.0,0.0,1000000000000.0
3500.0,37,6,-9.217637062072754,-100.04120848768822,-75.00560070028928,0.0,0.1631627231836319,100.0,1.0,1.0,58.08656692504883,0.012165622785687447,0.0019362189341336489,7.282234728336334
3500.0,37,7,-23.9481258392334,-117.39915464129263,-72.76583177250274,0.0,0.005800807382911444,100.0,1.0,0.8108108108108107,51.894378662109375,0.010868733748793602,0.0017298125894740224,8.15117172896862
3500.0,37,8,-3.6491379737854004,-104.3513893543499,-71.83198514026157,0.0,0.5176331996917725,100.0,1.0,0.9189189189189189,50.96177673339844,0.010673409327864647,0.0016987258568406105,8.300338871777058
3500.0,38,0,20.08374786376953,-77.63898317026351,-66.90046379120258,5.5546875,6.685759544372559,16.917629730261364,0.0,0.052631578947368474,-58.36054992675781,-0.012223005294799805,-0.001945351716130972,7.248046807944775
3500.0,38,1,8.999969482421875,-88.42445623689544,-58.027453148521,0.0,3.1607959270477295,100.0,1.0,0.21052631578947367,50.47874450683594,0.010572243481874466,0.0016826248029246926,8.37976485490799
3500.0,38,2,-7.611737251281738,-102.14014303856916,-68.6995296269164,0.0,0.23058554530143738,100.0,1.0,1.0,57.80586242675781,0.01210683211684227,0.001926862052641809,7.317597046494484
3500.0,38,3,-2.7609739303588867,-97.30783192572079,-72.28757754188248,0.0,0.6131022572517395,100.0,1.0,0.21052631578947367,56.64720916748047,0.011864163912832737,0.0018882403383031487,7.4672698974609375
3500.0,38,4,-17.170461654663086,-120.965885273298,-73.64735187593575,0.0,0.027415450662374496,100.0,1.0,1.0,43.635982513427734,0.009139099158346653,0.0014545327285304666,9.69383493065834
3500.0,38,5,-30.0,-220.0,-75.2107568524288,0.0,0.0014419741928577423,100.0,,1.0,0.0,0.0,0.0,1000000000000.0
3500.0,38,6,-13.160248756408691,-100.0151656537918,-74.97922028741604,0.0,0.06805591285228729,100.0,1.0,1.0,58.082275390625,0.012164723128080368,0.0019360758597031236,7.282772567123175
3500.0,38,7,-12.35236644744873,-117.36686130190932,-72.73608731479463,0.0,0.08158315718173981,100.0,1.0,0.8157894736842105,51.281837463378906,0.010740443132817745,0.0017093946225941181,8.248534984886646
3500.0,38,8,-4.860100746154785,-104.31789832758525,-71.80062773067355,0.0,0.4077119529247284,100.0,1.0,0.9210526315789473,51.36621856689453,0.010758115909993649,0.0017122073331847787,8.234984241425991
3500.0,39,0,21.002376556396484,-77.68277906724308,-66.97371929403539,5.5546875,6.988246440887451,20.513857847082463,0.0,0.05128205128205132,-58.27253723144531,-0.01220457162708044,-0.0019424179336056113,7.258994039148092
3500.0,39,1,17.902711868286133,-88.25610153829167,-57.836712942152595,1.328125,5.970347881317139,77.754646355599,0.0,0.20512820512820518,45.68592071533203,0.00956843700259924,0.0015228640986606479,9.258870035409927
3500.0,39,2,-3.223994255065918,-102.09766813100494,-68.64062007258016,0.490234375,0.5616858005523682,12.720888703631461,0.0,0.9743589743589743,57.79690170288086,0.012104954570531845,0.001926563447341323,7.318731397390366
3500.0,39,3,5.750817775726318,-97.27384946248097,-72.25125297738992,0.490234375,2.250683546066284,78.21842276063975,0.0,0.20512820512820518,56.2396240234375,0.011778799816966057,0.0018746542045846581,7.521387655287981
3500.0,39,4,-17.404268264770508,-120.95158434064453,-73.62375806437053,0.0,0.025991398841142654,100.0,1.0,1.0,43.53301239013672,0.009117533452808857,0.001451100455597043,9.716764092445374
3500.0,39,5,-30.0,-220.0,-75.19055778072038,0.0,0.0014419741928577423,100.0,,1.0,0.0,0.0,0.0,1000000000000.0
3500.0,39,6,-9.255731582641602,-99.98904133416055,-74.95275077755181,0.0,0.16181474924087524,100.0,1.0,1.0,58.08209228515625,0.012164685875177383,0.0019360698061063886,7.28279585018754
3500.0,39,7,-9.392242431640625,-112.9113575997923,-72.70627506166556,0.0,0.15707038342952728,100.0,1.0,0.8205128205128205,50.72057342529297,0.010622892528772354,0.001690685749053955,8.339811116456985
3500.0,39,8,-6.956388473510742,-104.46443634314605,-71.76922047922272,0.0,0.2648846209049225,100.0,1.0,0.9230769230769231,51.530296325683594,0.010792480781674385,0.001717676525004208,8.208763785660267
3500.0,40,0,22.208782196044922,-77.72950948930252,-67.04630636009222,5.5546875,7.3862481117248535,24.796900727142557,0.0,0.050000000000000044,-58.52789306640625,-0.012258052825927734,-0.0019509297562763095,7.227323483675718
3500.0,40,1,19.553430557250977,-87.9167431211593,-57.64373361110433,3.609375,6.511411190032959,44.5684676537571,0.0,0.19999999999999996,44.17959213256836,0.00925295241177082,0.0014726531226187944,9.574556723237038
3500.0,40,2,-4.755715370178223,-102.0549617850387,-68.58126903440237,0.0,0.41632622480392456,100.0,1.0,0.975,57.793907165527344,0.012104327790439129,0.0019264635629951954,7.319110911339521
3500.0,40,3,7.257597923278809,-97.23968292953664,-72.21476937694084,0.876953125,2.6594998836517334,67.02563777533,0.0,0.19999999999999996,56.15217590332031,0.011760484427213669,0.0018717391649261117,7.53310089930892
3500.0,40,4,-19.016286849975586,-120.93711535045188,-73.6001484247926,0.0,0.017981931567192078,100.0,1.0,1.0,43.43244552612305,0.009096470661461353,0.0014477481599897146,9.739262983202934
3500.0,40,5,-30.0,-220.0,-75.17033912532554,0.0,0.0014419741928577423,100.0,,1.0,0.0,0.0,0.0,1000000000000.0
3500.0,40,6,-10.575082778930664,-99.96282858586412,-74.92619169836286,0.0,0.12114472687244415,100.0,1.0,1.0,58.08447265625,0.012165183201432228,0.0019361490849405527,7.282497361302376
3500.0,40,7,-19.086959838867188,-117.30219274597948,-72.67639511166553,0.0,0.017693452537059784,100.0,1.0,0.825,51.51724624633789,0.010789746418595314,0.0017172415973618627,8.210842497646809
3500.0,40,8,-4.1937575340271,-104.43270817068057,-71.73776399250653,0.0,0.46543776988983154,100.0,1.0,0.925,51.2098388671875,0.010725364089012146,0.001706994604319334,8.260131813585758
3500.0,41,0,23.229753494262695,-77.77923777129482,-67.11823694740178,5.5546875,7.723599910736084,28.081625612445528,0.0,0.04878048780487809,-58.38021469116211,-0.012227123603224754,-0.0019460071343928576,7.24560534581542
3500.0,41,1,12.314087867736816,-87.7575283173337,-57.44866559250562,0.0,4.172936916351318,100.0,1.0,0.2195121951219512,24.849637985229492,0.005204495973885059,0.0008283212664537132,17.022380605340004
3500.0,41,2,-3.4828412532806396,-102.0120190822214,-68.52146999548694,0.0,0.5345117449760437,100.0,1.0,0.975609756097561,57.780372619628906,0.012101493775844574,0.001926012453623116,7.320825010538101
3500.0,41,3,3.102951765060425,-97.21120544943318,-72.17812547080206,1.17578125,1.6055539846420288,26.7678781749497,0.0,0.19512195121951215,56.23274230957031,0.011777358129620552,0.0018744247499853373,7.522307801991701
3500.0,41,4,-17.058361053466797,-120.92254564243274,-73.57652355314607,0.0,0.028125368058681488,100.0,1.0,1.0,43.322959899902344,0.009073539637029171,0.001444098656065762,9.763875976204872
3500.0,41,5,-30.0,-220.0,-75.15010113596483,0.0,0.0014419741928577423,100.0,,1.0,0.0,0.0,0.0,1000000000000.0
3500.0,41,6,-11.162701606750488,-99.93652622971835,-74.89954245558624,0.0,0.10636444389820099,100.0,1.0,1.0,58.08048629760742,0.012164348736405373,0.0019360162550583482,7.282997015863657
3500.0,41,7,-16.3763370513916,-120.0487033512936,-72.64644768109216,0.0,0.032853852957487106,100.0,1.0,0.8292682926829268,49.78519821166992,0.010426987893879414,0.0016595065826550126,8.496501483023167
3500.0,41,8,-3.698624610900879,-104.31952116772635,-71.7062591555181,0.0,0.5126968026161194,100.0,1.0,0.926829268292683,49.56161117553711,0.010380160063505173,0.0016520536737516522,8.534831926226616
3500.0,42,0,22.238658905029297,-77.82570010930968,-67.1895257478842,5.5546875,7.39611291885376,24.897205316588668,0.0,0.04761904761904767,-58.405723571777344,-0.012232466600835323,-0.0019468574319034815,7.242441177368164
3500.0,42,1,17.592084884643555,-87.76889178350254,-57.25171520917568,1.9140625,5.8688645362854,67.38615300854305,0.0,0.2142857142857143,43.41274642944336,0.009092344902455807,0.0014470915775746107,9.743682108819485
3500.0,42,2,-1.6564173698425293,-101.96885884702597,-68.46121645683533,0.490234375,0.7509509921073914,34.71819331055721,0.0,0.9523809523809523,57.763648986816406,0.012097991071641445,0.0019254549406468868,7.322944700717926
3500.0,42,3,-1.3342487812042236,-97.15395024826111,-72.14131979553949,0.490234375,0.7953407168388367,38.36171534779624,0.0,0.19047619047619047,56.3598747253418,0.011803984642028809,0.0018786625005304813,7.505339570343494
3500.0,42,4,-17.322229385375977,-120.9079734149212,-73.55288396973441,0.0,0.02648252435028553,100.0,1.0,1.0,43.21070098876953,0.009050028398633003,0.0014403567183762789,9.789242409169674
3500.0,42,5,-30.0,-220.0,-75.12984392705822,0.0,0.0014419741928577423,100.0,,1.0,0.0,0.0,0.0,1000000000000.0
3500.0,42,6,-10.506897926330566,-99.91014052486734,-74.87280220512255,0.0,0.12298226356506348,100.0,1.0,1.0,58.07546615600586,0.012163298204541206,0.001935848849825561,7.283626589924097
3500.0,42,7,-16.543672561645508,-120.01771854946759,-72.61643288787721,0.0,0.031625572592020035,100.0,1.0,0.8333333333333334,49.70934295654297,0.010411100462079048,0.0016569781582802534,8.509466424584389
3500.0,42,8,-4.934421062469482,-104.28596581591528,-71.67470686192746,0.0,0.4016731381416321,100.0,1.0,0.9285714285714286,50.44448471069336,0.010565068572759628,0.0016814828850328922,8.385456167161465
3500.0,43,0,20.449342727661133,-77.87210877824266,-67.2601868105082,5.5546875,6.806075572967529,18.38633819961992,0.0,0.046511627906976716,-58.418968200683594,-0.012235241010785103,-0.001947298995219171,7.240799255669117
3500.0,43,1,20.62351417541504,-87.61312125661374,-57.053148106630395,3.322265625,6.86342716217041,51.59465458726591,0.0,0.2093023255813954,43.256919860839844,0.009059708565473557,0.0014418973587453365,9.778782725334167
3500.0,43,2,-2.3658382892608643,-101.92546746068192,-68.40050307452626,0.490234375,0.6599101424217224,25.711950235989754,0.0,0.9302325581395349,57.747779846191406,0.012094667181372643,0.001924926065839827,7.32495728880167
3500.0,43,3,7.045905113220215,-97.11935048871197,-72.10435153152392,0.490234375,2.6005382537841797,81.14873433272383,0.0,0.18604651162790697,56.17023468017578,0.011764266528189182,0.0018723411485552788,7.530678994953632
3500.0,43,4,-19.1754150390625,-120.89330938478784,-73.52923064136866,0.0,0.017338862642645836,100.0,1.0,1.0,43.09803009033203,0.009026430547237396,0.0014366010436788201,9.814834222197533
3500.0,43,5,-30.0,-220.0,-75.10956796111414,0.0,0.0014419741928577423,100.0,,1.0,0.0,0.0,0.0,1000000000000.0
3500.0,43,6,-11.622347831726074,-99.88369227857419,-74.8459705231079,0.0,0.09602971374988556,100.0,1.0,1.0,58.071067810058594,0.012162376195192337,0.001935702282935381,7.284178398549557
3500.0,43,7,-14.43844223022461,-116.91476287801828,-72.58635141539358,0.0,0.05100705847144127,100.0,1.0,0.8372093023255813,28.476131439208984,0.005964027717709541,0.0009492043755017221,14.854545705020428
3500.0,43,8,-2.146864414215088,-104.07044424173797,-71.64310865955866,0.490234375,0.6870401501655579,28.645454726064123,0.0,0.9069767441860466,47.028594970703125,0.009849646128714085,0.0015676198527216911,8.994528092443943
3500.0,44,0,20.634626388549805,-77.91838237701666,-67.33022775062932,5.5546875,6.867086887359619,19.111442870708075,0.0,0.045454545454545414,-58.40489196777344,-0.01223229244351387,-0.0019468297250568867,7.242544088512659
3500.0,44,1,16.79604148864746,-87.46218923462911,-56.85321448689252,4.5234375,5.6093831062316895,19.359448011765657,0.0,0.20454545454545459,38.558433532714844,0.008075660094618797,0.001285281148739159,10.970362462103367
3500.0,44,2,0.17886023223400116,-101.88184802697002,-68.33932125745727,0.490234375,1.030013918876648,52.405072784389304,0.0,0.9090909090909091,57.75102233886719,0.012095346115529537,0.0019250340992584825,7.32454564422369
3500.0,44,3,6.395928859710693,-96.92117220272613,-72.06721880024236,1.17578125,2.422520637512207,51.464551765079634,0.0,0.18181818181818177,56.3083381652832,0.011793190613389015,0.001876944676041603,7.512209005653858
3500.0,44,4,-17.20733070373535,-120.87855284222559,-73.50556379461062,0.0,0.02718586102128029,100.0,1.0,1.0,42.99800491333008,0.009005481377243996,0.001433266792446375,9.837665595114231
3500.0,44,5,-30.0,-220.0,-75.08927325743414,0.0,0.0014419741928577423,100.0,,1.0,0.0,0.0,0.0,1000000000000.0
3500.0,44,6,-10.942160606384277,-99.85715990231144,-74.81904656300975,0.0,0.11169610917568207,100.0,1.0,1.0,58.077850341796875,0.012163796462118626,0.0019359283614903688,7.2833276353776455
3500.0,44,7,-16.444671630859375,-119.95600084613827,-72.55620300413156,0.0,0.03234666585922241,100.0,1.0,0.8409090909090909,49.57589340209961,0.010383151471614838,0.0016525298124179244,8.532373234629631
3500.0,44,8,1.9362176656723022,-104.53867958194989,-71.61146482799447,0.490234375,1.3571504354476929,63.877668812869445,0.0,0.8863636363636364,51.35984802246094,0.010756781324744225,0.0017119949916377664,8.236005902290344
3500.0,45,0,20.613224029541016,-77.96449043547567,-67.39965746143488,5.5546875,6.860037803649902,19.02832522228065,0.0,0.0444444444444444,-58.37555694580078,-0.012226147577166557,-0.0019458519527688622,7.246183697134256
3500.0,45,1,20.312816619873047,-87.31723304811219,-56.65224241708712,3.322265625,6.761134147644043,50.86230279637829,0.0,0.19999999999999996,41.67495346069336,0.008728382177650928,0.0013891651760786772,10.149981826543808
3500.0,45,2,0.5700851082801819,-101.83797138806847,-68.27766392558513,0.490234375,1.0977942943572998,55.34369439522309,0.0,0.8888888888888888,57.756473541259766,0.012096487917006016,0.0019252158235758543,7.323854602873325
3500.0,45,3,-2.974799394607544,-96.886644362656,-72.02992044907188,0.0,0.5889042019844055,100.0,1.0,0.19999999999999996,57.169254302978516,0.01197350025177002,0.0019056418677791953,7.399082183837891
3500.0,45,4,-17.422121047973633,-120.86388172667222,-73.48188417153801,0.0,0.025885721668601036,100.0,1.0,1.0,42.89798355102539,0.00898453313857317,0.0014299327740445733,9.860603138804436
3500.0,45,5,-30.0,-220.0,-75.06896020470299,0.0,0.0014419741928577423,100.0,,1.0,0.0,0.0,0.0,1000000000000.0
3500.0,45,6,-10.383602142333984,-99.83054228242892,-74.79202989385684,0.0,0.1263730674982071,100.0,1.0,1.0,58.08641052246094,0.012165590189397335,0.0019362136954441667,7.282254286110401
3500.0,45,7,-16.716299057006836,-119.92518215398752,-72.52598804756704,0.0,0.030406054109334946,100.0,1.0,0.8444444444444444,49.51173400878906,0.010369713418185711,0.0016503911465406418,8.543429896235466
3500.0,45,8,2.196596622467041,-104.50334802394265,-71.57977644764959,0.490234375,1.4104968309402466,65.24385136879701,0.0,0.8666666666666667,51.26495361328125,0.01073690690100193,0.0017088317545130849,8.251250721514225
3500.0,46,0,21.628660202026367,-78.01041278609324,-67.46848427043008,5.5546875,7.194766998291016,22.795449785664868,0.0,0.04347826086956519,-58.367431640625,-0.01222444698214531,-0.001945581054314971,7.247192319482565
3500.0,46,1,16.766239166259766,-87.17772505494936,-56.45060663062389,4.212890625,5.599686145782471,24.765593725765633,0.0,0.19565217391304346,36.41248321533203,0.0076262131333351135,0.0012137494049966335,11.616894975304604
3500.0,46,2,0.8138030171394348,-101.7938852170661,-68.21552276944696,0.490234375,1.1414927244186401,57.05321948068698,0.0,0.8695652173913043,57.740966796875,0.012093240395188332,0.0019246989395469427,7.325821556150913
3500.0,46,3,4.882645130157471,-97.0145089875439,-71.99245482623235,0.490234375,2.0278515815734863,75.82493810421724,0.0,0.19565217391304346,56.123512268066406,0.011754481121897697,0.001870783744379878,7.5369481928646564
3500.0,46,4,-17.05497932434082,-120.84895360756298,-73.45819220449683,0.0,0.028147056698799133,100.0,1.0,1.0,42.78321838378906,0.008960496634244919,0.0014261072501540184,9.887054562568665
3500.0,46,5,-30.0,-220.0,-75.04862895526773,0.0,0.0014419741928577423,100.0,,1.0,0.0,0.0,0.0,1000000000000.0
3500.0,46,6,-11.358390808105469,-99.80382531013419,-74.76491978885518,0.0,0.10183964669704437,100.0,1.0,1.0,58.08418655395508,0.012165123596787453,0.001936139538884163,7.2825332172214985
3500.0,46,7,-16.314329147338867,-119.89438315193615,-72.49570654197257,0.0,0.03332088515162468,100.0,1.0,0.8478260869565217,49.4342155456543,0.010353478603065014,0.0016478071920573711,8.55682697147131
3500.0,46,8,-0.8184345960617065,-104.4679208658959,-71.54804414523153,0.490234375,0.8704559803009033,43.68073905006277,0.0,0.8478260869565217,51.110435485839844,0.010704545304179192,0.0017036811914294958,8.2761961966753
3500.0,47,0,23.887039184570312,-77.93670033880642,-67.53672075616089,5.5546875,7.940985679626465,30.050402757289874,0.0,0.04255319148936165,-58.403289794921875,-0.012231957167387009,-0.0019467762904241681,7.2427429258823395
3500.0,47,1,26.775466918945312,-80.74608455957923,-56.24880946390054,3.322265625,8.897645950317383,62.66129666710898,0.0,0.19148936170212771,39.33790588378906,0.008238911628723145,0.0013112635351717472,10.752987116575241
3500.0,47,2,0.7600502967834473,-101.74950059325482,-68.1528915052389,0.490234375,1.1317579746246338,56.683815268666926,0.0,0.851063829787234,57.726318359375,0.012090172618627548,0.0019242105772718787,7.327680476009846
3500.0,47,3,8.158825874328613,-96.97919886640778,-71.95482093724402,0.740234375,2.915442943572998,74.60988298084092,0.0,0.19148936170212771,56.03725051879883,0.011736415326595306,0.0018679084023460746,7.548550143837929
3500.0,47,4,-19.642255783081055,-120.83401867831088,-73.43448882758497,0.0,0.015581227838993073,100.0,1.0,1.0,42.667930603027344,0.008936351165175438,0.0014222643803805113,9.913768619298935
3500.0,47,5,-30.0,-220.0,-75.0282799371185,0.0,0.0014419741928577423,100.0,,1.0,0.0,0.0,0.0,1000000000000.0
3500.0,47,6,-11.832226753234863,-99.77701672424219,-74.73771574097383,0.0,0.09164010733366013,100.0,1.0,1.0,58.082763671875,0.012164825573563576,0.0019360921578481793,7.282711565494537
3500.0,47,7,-11.01004695892334,-113.497482888326,-72.4653591229073,0.0,0.11002810299396515,100.0,1.0,0.851063829787234,48.64934158325195,0.010189094580709934,0.0016216447111219168,8.694875985383987
3500.0,47,8,-3.834489345550537,-104.51780780583562,-71.51626945820377,0.0,0.49934524297714233,100.0,1.0,0.851063829787234,51.19115447998047,0.010721450671553612,0.00170637178234756,8.263146504759789
3500.0,48,0,25.446826934814453,-77.98059661302875,-67.6043796289081,5.5546875,8.457364082336426,34.32129152863116,0.0,0.04166666666666663,-58.3834228515625,-0.012227796018123627,-0.0019461141200736165,7.245207205414772
3500.0,48,1,25.586124420166016,-80.46797762367024,-56.04743272733652,5.5546875,8.503507614135742,34.677691229837826,0.0,0.1875,40.580841064453125,0.00849923212081194,0.0013526947004720569,10.423637926578522
3500.0,48,2,2.6657357215881348,-101.70492173425204,-68.08976274301305,0.490234375,1.5096724033355713,67.52710230929284,0.0,0.8333333333333334,57.736507415771484,0.012092306278645992,0.0019245502771809697,7.326387334614992
3500.0,48,3,-1.5962456464767456,-96.94372762492475,-71.91701723553075,0.0,0.7590955495834351,100.0,1.0,0.20833333333333337,56.42341613769531,0.011817293241620064,0.0018807805608958006,7.496887352317572
3500.0,48,4,-17.823829650878906,-120.81918557411578,-73.41077464423823,0.0,0.023617390543222427,100.0,1.0,1.0,42.568016052246094,0.008915424346923828,0.0014189338544383645,9.937038645148277
3500.0,48,5,-30.0,-220.0,-75.00791329779939,0.0,0.0014419741928577423,100.0,,1.0,0.0,0.0,0.0,1000000000000.0
3500.0,48,6,-10.96792221069336,-99.75013655471399,-74.71041686301362,0.0,0.11106029152870178,100.0,1.0,1.0,58.09699249267578,0.012167805805802345,0.0019365664338693023,7.280927617102861
3500.0,48,7,-15.32245922088623,-113.46933207886997,-72.43494600222272,0.0,0.04174742475152016,100.0,1.0,0.8541666666666666,48.90250015258789,0.010242115706205368,0.0016300833085551858,8.649864234030247
3500.0,48,8,-4.9928693771362305,-104.31924715157609,-71.48445348423252,0.0,0.39697861671447754,100.0,1.0,0.8541666666666666,50.97461700439453,0.010676098987460136,0.0016991539159789681,8.298248052597046
3500.0,49,0,25.68498420715332,-78.02433492817786,-67.67146717221105,5.5546875,8.536258697509766,34.92831348210619,0.0,0.04081632653061229,-58.42823028564453,-0.012237180024385452,-0.001947607728652656,7.239651400595903
3500.0,49,1,22.66632843017578,-80.16343347501228,-55.84708729186776,5.5546875,7.537378311157227,26.304780379967696,0.0,0.18367346938775508,35.33592987060547,0.0074007404036819935,0.0011778643820434809,11.970818974077702
3500.0,49,2,3.099076986312866,-101.6600559867604,-68.02612802326405,0.490234375,1.6046900749206543,69.44990296495477,0.0,0.8163265306122449,57.70376205444336,0.012085448019206524,0.0019234587671235204,7.330544758588076
3500.0,49,3,2.4075851440429688,-96.90805713905326,-71.87904233328578,0.490234375,1.4546175003051758,66.29805602523345,0.0,0.20408163265306123,56.03870391845703,0.011736718937754631,0.0018679568311199546,7.5483545660972595
3500.0,49,4,-17.43626594543457,-120.80434584928074,-73.38705031359076,0.0,0.025802308693528175,100.0,1.0,1.0,42.43943405151367,0.008888494223356247,0.0014146477915346622,9.967145510017872
3500.0,49,5,-30.0,-220.0,-74.9875293862435,0.0,0.0014419741928577423,100.0,,1.0,0.0,0.0,0.0,1000000000000.0
3500.0,49,6,-11.413379669189453,-99.72316593292138,-74.68302266616695,0.0,0.10060194879770279,100.0,1.0,1.0,58.08892059326172,0.012166116386651993,0.0019362973980605602,7.281939499080181
3500.0,49,7,-3.993281602859497,-107.90730519805734,-72.40446746125485,0.490234375,0.48411083221435547,0.0,0.0,0.8367346938775511,48.24447250366211,0.01010429859161377,0.0016081491485238075,8.767844177782536
3500.0,49,8,-3.6911778450012207,-104.2842768560798,-71.45259716975721,0.0,0.5134370923042297,100.0,1.0,0.8571428571428572,51.15687561035156,0.010714270174503326,0.0017052291659638286,8.268683217465878
3500.0,50,0,24.272964477539062,-78.0679067079128,-67.73799164223414,5.5546875,8.068689346313477,31.15749954436039,0.0,0.040000000000000036,-58.42502212524414,-0.012236508540809155,-0.0019475007429718971,7.240048609673977
3500.0,50,1,26.296762466430664,-79.95700914797757,-55.648497590992946,5.115234375,8.73897647857666,41.46643617201804,0.0,0.18000000000000005,30.338871002197266,0.006354158744215965,0.001011295709758997,13.942509889602661
3500.0,50,2,2.350088596343994,-101.61490725857314,-67.96197898809405,0.490234375,1.4425153732299805,66.0153101937277,0.0,0.8,57.704193115234375,0.012085538357496262,0.001923473086208105,7.330489810556173
3500.0,50,3,8.065215110778809,-96.8722015093459,-71.84089477412019,0.490234375,2.8885064125061035,83.02810155180973,0.0,0.19999999999999996,55.923362731933594,0.011712562292814255,0.0018641120987012982,7.563923019915819
3500.0,50,4,-19.468034744262695,-120.78916179836577,-73.36331649753606,0.0,0.01621541753411293,100.0,1.0,1.0,42.331390380859375,0.008865865878760815,0.0014110463671386242,9.992584586143494
3500.0,50,5,-30.0,-220.0,-74.96712849487298,0.0,0.0014419741928577423,100.0,,1.0,0.0,0.0,0.0,1000000000000.0
3500.0,50,6,-13.418581008911133,-99.69609965620414,-74.65553252454711,0.0,0.06421192735433578,100.0,1.0,1.0,58.09777069091797,0.012167968787252903,0.0019365923944860697,7.280830293893814
3500.0,50,7,-5.013828754425049,-107.8815221198112,-72.37392378326659,0.0,0.3953067660331726,100.0,1.0,0.84,47.90222930908203,0.01003261934965849,0.001596741029061377,8.830486796796322
3500.0,50,8,-10.167767524719238,-104.24928181432351,-71.42070155979582,0.0,0.13252505660057068,100.0,1.0,0.86,50.76245880126953,0.010631664656102657,0.0016920820344239473,8.332929573953152
3500.0,51,0,24.12476348876953,-78.11130787368235,-67.80396352955887,5.5546875,8.01964282989502,30.736472710559436,0.0,0.039215686274509776,-58.417625427246094,-0.012234959751367569,-0.0019472541753202677,7.240965496748686
3500.0,51,1,23.95524024963379,-79.82610068560022,-55.45251392085797,5.5546875,7.963550567626953,30.248606412061328,0.0,0.17647058823529416,40.795997619628906,0.00854429416358471,0.001359866582788527,10.368664748966694
3500.0,51,2,4.260948181152344,-101.56955257175963,-67.89730703825322,0.490234375,1.8747737407684326,73.85101122661007,0.0,0.7843137254901961,57.69968795776367,0.012084594927728176,0.0019233229104429483,7.3310621082782745
3500.0,51,3,1.2935329675674438,-96.83616404285522,-71.80257280869967,1.02734375,1.230790615081787,16.529770587198367,0.0,0.196078431372549,55.848182678222656,0.011696815490722656,0.0018616061424836516,7.57410516962409
3500.0,51,4,-17.433897018432617,-120.77407109606898,-73.33957372430876,0.0,0.025816256180405617,100.0,1.0,1.0,42.218746185302734,0.008842273615300655,0.0014072915073484182,10.019246488809586
3500.0,51,5,-30.0,-220.0,-74.94671073916999,0.0,0.0014419741928577423,100.0,,1.0,0.0,0.0,0.0,1000000000000.0
3500.0,51,6,-12.22533893585205,-99.66894141044556,-74.62794550814337,0.0,0.08393551409244537,100.0,1.0,1.0,58.10918045043945,0.012170358560979366,0.0019369727233424783,7.279400713741779
3500.0,51,7,-11.630053520202637,-107.85569398454231,-72.34331507747558,0.0,0.09586498886346817,100.0,1.0,0.8431372549019608,48.02378463745117,0.010058077983558178,0.0016007928643375635,8.808135986328125
3500.0,51,8,-9.28326416015625,-104.21417260238618,-71.38876762054734,0.0,0.16084711253643036,100.0,1.0,0.8627450980392157,51.38201141357422,0.010761423036456108,0.00171273376327008,8.232452906668186
3500.0,52,0,23.515335083007812,-78.15459897570584,-67.86939483788956,5.5546875,7.818032741546631,28.950316740409,0.0,0.038461538461538436,-58.40008544921875,-0.012231284752488136,-0.0019466695375740528,7.243140134960413
3500.0,52,1,30.0,-79.62523035395039,-55.26015561663253,5.5546875,9.967226028442383,44.270477220550674,0.0,0.17307692307692313,32.100181579589844,0.00672304630279541,0.001070006052032113,13.177495449781418
3500.0,52,2,4.501814365386963,-101.52389079167294,-67.83210598938376,0.490234375,1.9334067106246948,74.6440119243404,0.0,0.7692307692307692,57.70228576660156,0.012085138820111752,0.0019234095234423876,7.330732420086861
3500.0,52,3,0.06481847167015076,-96.79994895643367,-71.76407571246139,0.490234375,1.0108062028884888,51.50065624853687,0.0,0.1923076923076923,54.94840621948242,0.011508367955684662,0.0018316135974600911,7.698130793869495
3500.0,52,4,-19.07438850402832,-120.75898358028337,-73.31582322618225,0.0,0.017744431272149086,100.0,1.0,1.0,42.10920333862305,0.008819331414997578,0.0014036401407793164,10.045310482382774
3500.0,52,5,-30.0,-220.0,-74.92627672532578,0.0,0.0014419741928577423,100.0,,1.0,0.0,0.0,0.0,1000000000000.0
3500.0,52,6,-12.432671546936035,-99.64170349565912,-74.60026123726446,0.0,0.08012919872999191,100.0,1.0,1.0,58.12628173828125,0.012173940427601337,0.001937542692758143,7.277259137481451
3500.0,52,7,-5.30329704284668,-107.82994390924395,-72.31264236035474,0.0,0.37283727526664734,100.0,1.0,0.8461538461538461,47.87984848022461,0.01002793200314045,0.0015959949232637882,8.834614418447018
3500.0,52,8,-5.337580680847168,-103.94651658918193,-71.35679744948135,0.0,0.37025150656700134,100.0,1.0,0.8653846153846154,51.136192321777344,0.010709939524531364,0.0017045397544279695,8.272027596831322
3500.0,53,0,23.38098907470703,-78.19784116095431,-67.93429694214669,5.5546875,7.773604869842529,28.544252081177348,0.0,0.037735849056603765,-58.40510559082031,-0.012232337146997452,-0.0019468368263915181,7.2425175458192825
3500.0,53,1,16.559999465942383,-79.42918746420803,-55.072528185564835,0.0,5.532620906829834,100.0,1.0,0.18867924528301883,30.302444458007812,0.006346529349684715,0.001010081497952342,13.959269970655441
3500.0,53,2,1.9536027908325195,-101.20439081758687,-67.76636694457756,0.490234375,1.3606741428375244,63.97121400589898,0.0,0.7547169811320755,57.73556137084961,0.0120921079069376,0.0019245187286287546,7.32650700956583
3500.0,53,3,5.547353744506836,-96.76357027674713,-71.72540153663968,0.490234375,2.197561502456665,77.6918928343091,0.0,0.18867924528301883,55.45503234863281,0.011614474467933178,0.0018485011532902718,7.6278019696474075
3500.0,53,4,-16.827735900878906,-120.74381208183755,-73.29206547343045,0.0,0.029643628746271133,100.0,1.0,1.0,41.98936462402344,0.00879423227161169,0.001399645465426147,10.073979385197163
3500.0,53,5,-30.0,-220.0,-74.90582646354093,0.0,0.0014419741928577423,100.0,,1.0,0.0,0.0,0.0,1000000000000.0
3500.0,53,6,-15.259512901306152,-99.61440655421356,-74.57247856972936,0.0,0.04234806075692177,100.0,1.0,1.0,58.14025115966797,0.012176865711808205,0.0019380083540454507,7.2755105793476105
3500.0,53,7,-2.8914217948913574,-107.8039547640129,-72.28190566536534,0.0,0.5982464551925659,100.0,1.0,0.8490566037735849,47.781471252441406,0.010007327422499657,0.0015927157364785671,8.852804079651833
3500.0,53,8,4.238094329833984,-103.55418660880247,-71.32479203830351,0.490234375,1.8692560195922852,73.77382392450832,0.0,0.8490566037735849,51.003509521484375,0.010682149790227413,0.0017001170199364424,8.293546736240387
3500.0,54,0,23.470685958862305,-78.24083042172857,-67.99866868309738,5.5546875,7.803267002105713,28.81587290937159,0.0,0.03703703703703709,-58.39372253417969,-0.012229952961206436,-0.0019464574288576841,7.2439294308424
3500.0,54,1,25.20363426208496,-79.23785749196293,-54.890668823761565,3.029296875,8.376812934875488,63.83711921764399,0.0,0.18518518518518523,23.752138137817383,0.004974636249244213,0.0007917379261925817,17.80892349779606
3500.0,54,2,5.963250160217285,-101.15791453374165,-67.70007840674789,0.490234375,2.3067073822021484,78.7474398017495,0.0,0.7407407407407407,57.621742248535156,0.012068269774317741,0.0019207247532904148,7.3409792967140675
3500.0,54,3,1.0196985006332397,-96.72698538598537,-71.6865486240016,0.740234375,1.1792871952056885,37.23035592946551,0.0,0.18518518518518523,55.18182373046875,0.011557254940271378,0.0018393940990790725,7.6655675657093525
3500.0,54,4,-17.46009063720703,-120.72848457246172,-73.26830098684171,0.0,0.025662390515208244,100.0,1.0,1.0,41.87423324584961,0.008770119398832321,0.001395807834342122,10.101677849888802
3500.0,54,5,-30.0,-220.0,-74.88536036873384,0.0,0.0014419741928577423,100.0,,1.0,0.0,0.0,0.0,1000000000000.0
3500.0,54,6,-13.754725456237793,-99.58698510915703,-74.54459722752682,0.0,0.059526655822992325,100.0,1.0,1.0,58.1624755859375,0.012181520462036133,0.0019387492211535573,7.272730581462383
3500.0,54,7,-10.659344673156738,-107.77803200190328,-72.25110508824986,0.0,0.11891025304794312,100.0,1.0,0.8518518518518519,47.83000183105469,0.010017492808401585,0.0015943334437906742,8.843821473419666
3500.0,54,8,3.639753580093384,-103.52082805449544,-71.29275189700233,0.490234375,1.7276737689971924,71.62459812742594,0.0,0.8333333333333334,50.88693618774414,0.010657735168933868,0.0016962311929091811,8.312546648085117
3500.0,55,0,23.831546783447266,-78.28364619685188,-68.0625199528165,5.5546875,7.922626972198486,29.888312052402433,0.0,0.036363636363636376,-58.43526840209961,-0.012238654308021069,-0.0019478423055261374,7.238779217004776
3500.0,55,1,30.0,-79.0544513785605,-54.715890871271114,5.5546875,9.967226028442383,44.270477220550674,0.0,0.18181818181818177,29.11507797241211,0.0060978480614721775,0.0009705026168376207,14.528554864227772
3500.0,55,2,4.787830352783203,-101.1111840888774,-67.63323193066961,0.490234375,2.0041422843933105,75.53894357613423,0.0,0.7272727272727273,57.7220573425293,0.012089280411601067,0.0019240685505792499,7.32822110876441
3500.0,55,3,-2.6581878662109375,-96.69018353522078,-71.64751561143412,0.490234375,0.6250152587890625,21.564414931276087,0.0,0.18181818181818177,56.4381103515625,0.011820370331406593,0.0018812703201547265,7.494935765862465
3500.0,55,4,-18.078838348388672,-120.7132660250671,-73.24453064255371,0.0,0.022280897945165634,100.0,1.0,1.0,41.74658203125,0.008743383921682835,0.0013915527379140258,10.132566094398499
3500.0,55,5,-30.0,-220.0,-74.86487880166308,0.0,0.0014419741928577423,100.0,,1.0,0.0,0.0,0.0,1000000000000.0
3500.0,55,6,-13.735502243041992,-99.5594689568852,-74.51661652613296,0.0,0.059785328805446625,100.0,1.0,1.0,58.17716979980469,0.012184598483145237,0.0019392389804124832,7.270893547683954
3500.0,55,7,-5.376871109008789,-108.04416168489615,-72.2202411837698,0.0,0.36730748414993286,100.0,1.0,0.8545454545454545,47.661006927490234,0.009982097893953323,0.0015887002227827907,8.875180035829544
3500.0,55,8,1.9791444540023804,-103.4874263115703,-71.26067857423138,0.490234375,1.3658607006072998,64.10802545369172,0.0,0.8181818181818181,50.692291259765625,0.0106169693171978,0.0016897430177778006,8.344464004039764
3500.0,56,0,24.949052810668945,-78.32634382828539,-68.1258646229989,5.5546875,8.292505264282227,33.01556860113979,0.0,0.0357142857142857,-58.4337158203125,-0.012238329276442528,-0.0019477905007079244,7.238971535116434
3500.0,56,1,30.0,-78.8793172725303,-54.54969687160447,5.5546875,9.967226028442383,44.270477220550674,0.0,0.1785714285714286,4.657102584838867,0.0009753812337294221,0.0001552367612021044,90.82900732755661
3500.0,56,2,5.23039436340332,-100.99845953250595,-67.565820398309,0.490234375,2.1158876419067383,76.8307935974226,0.0,0.7142857142857143,57.715980529785156,0.012088006362318993,0.001923865987919271,7.328992709517479
3500.0,56,3,7.019985198974609,-96.65320241090059,-71.60830128911954,0.490234375,2.593351125717163,81.0964905546899,0.0,0.1785714285714286,56.103797912597656,0.011750351637601852,0.001870126579888165,7.539596874266863
3500.0,56,4,-17.470497131347656,-120.69778655979019,-73.22075549730064,0.0,0.025601517409086227,100.0,1.0,1.0,41.62601852416992,0.008718132972717285,0.0013875339645892382,10.161913931369781
3500.0,56,5,-30.0,-220.0,-74.84438212070069,0.0,0.0014419741928577423,100.0,,1.0,0.0,0.0,0.0,1000000000000.0
3500.0,56,6,-13.755338668823242,-99.53186520210572,-74.4885356255295,0.0,0.059518422931432724,100.0,1.0,1.0,58.195228576660156,0.01218838058412075,0.0019398409640416503,7.268637418746948
3500.0,56,7,-1.8672658205032349,-108.01855064417725,-72.18931474240026,0.490234375,0.7229373455047607,32.188539152350145,0.0,0.8392857142857143,47.380088806152344,0.00992326345294714,0.0015793363563716412,8.927800692617893
3500.0,56,8,-3.945417642593384,-103.81105786766895,-71.22857411845662,0.0,0.48866117000579834,100.0,1.0,0.8214285714285714,48.772945404052734,0.01021498255431652,0.0016257648821920156,8.672840893268585
3500.0,57,0,25.480369567871094,-78.36889406353434,-68.18870797171597,5.5546875,8.468474388122559,34.40745941452317,0.0,0.03508771929824561,-58.447845458984375,-0.012241288088262081,-0.0019482615171000361,7.237221579998732
3500.0,57,1,28.57927894592285,-78.71372384134486,-54.39351447956521,5.5546875,9.495831489562988,41.50393774252164,0.0,0.17543859649122806,33.72718048095703,0.007063804194331169,0.0011242394102737308,12.541813775897026
3500.0,57,2,6.7697625160217285,-100.95179402559724,-67.49783311118621,0.490234375,2.5243377685546875,80.57968386375313,0.0,0.7017543859649122,57.57161331176758,0.012057770974934101,0.0019190538441762328,7.3473709635436535
3500.0,57,3,1.6720645427703857,-96.56946702673716,-71.56890386286918,1.02734375,1.3042917251586914,21.23359136737569,0.0,0.17543859649122806,55.31340789794922,0.01158481277525425,0.001843780279159546,7.647332269698381
3500.0,57,4,-16.744871139526367,-120.68259581136653,-73.19697615069447,0.0,0.030208736658096313,100.0,1.0,1.0,41.50395584106445,0.00869256816804409,0.0013834652490913868,10.191800072789192
3500.0,57,5,-30.0,-220.0,-74.82387058144761,0.0,0.0014419741928577423,100.0,,1.0,0.0,0.0,0.0,1000000000000.0
3500.0,57,6,-13.375628471374512,-99.50418122461309,-74.46035379742929,0.0,0.06483601778745651,100.0,1.0,1.0,58.19403839111328,0.012188130989670753,0.0019398012664169073,7.268785964697599
3500.0,57,7,-4.804301738739014,-109.1312537684301,-72.1583259607454,0.490234375,0.4122973084449768,0.0,0.0,0.8245614035087719,47.40182113647461,0.009927814826369286,0.0015800606925040483,8.923707529902458
3500.0,57,8,3.6413562297821045,-102.74030347768539,-71.19643952098048,0.490234375,1.7280455827713013,71.63070350182538,0.0,0.8070175438596492,49.104644775390625,0.010284453630447388,0.0016368215437978506,8.614256978034973
3500.0,58,0,24.795114517211914,-78.4113105181232,-68.25105938511348,5.5546875,8.241533279418945,32.601285323067664,0.0,0.03448275862068961,-58.45891571044922,-0.012243607081472874,-0.0019486305536702275,7.235851138830185
3500.0,58,1,30.0,-78.5591931272755,-54.24891097400196,5.5546875,9.967226028442383,44.270477220550674,0.0,0.1724137931034483,16.180585861206055,0.0033888539765030146,0.00053935288451612,26.142440736293793
3500.0,58,2,5.895641326904297,-101.24437934774986,-67.42926059245235,0.490234375,2.288816213607788,78.5813132533145,0.0,0.6896551724137931,57.646705627441406,0.012073498219251633,0.0019215568900108337,7.3378002271056175
3500.0,58,3,-2.888737201690674,-96.53211630289118,-71.52932167321399,0.0,0.5985491871833801,100.0,1.0,0.18965517241379315,53.85112380981445,0.011278552934527397,0.0017950375331565738,7.854989729821682
3500.0,58,4,-16.283769607543945,-120.66707495557827,-73.17319337430459,0.0,0.03355347365140915,100.0,1.0,1.0,41.379817962646484,0.008666569367051125,0.0013793272664770484,10.222374461591244
3500.0,58,5,-30.0,-220.0,-74.80334443241745,0.0,0.0014419741928577423,100.0,,1.0,0.0,0.0,0.0,1000000000000.0
3500.0,58,6,-6.941294193267822,-99.23896618431507,-74.43207015235099,0.0,0.26572686433792114,100.0,1.0,1.0,57.97873306274414,0.012143038213253021,0.0019326244946569204,7.295778952538967
3500.0,58,7,-4.177496433258057,-109.10600790660897,-72.1272752581993,0.0,0.4669293761253357,100.0,1.0,0.8275862068965517,47.3038215637207,0.009907289408147335,0.0015767940785735846,8.94219521433115
3500.0,58,8,1.409187912940979,-102.53281855190907,-71.1642762549298,0.490234375,1.2529652118682861,60.87406335336194,0.0,0.7931034482758621,50.323097229003906,0.010539645329117775,0.0016774366376921535,8.405683562159538
3500.0,59,0,24.217300415039062,-78.45359735087122,-68.31292505491177,5.5546875,8.050265312194824,30.999944913796018,0.0,0.03389830508474578,-58.4432373046875,-0.012240324169397354,-0.0019481079652905464,7.237792015075684
3500.0,59,1,25.880041122436523,-78.41720870858666,-54.11743241033666,5.5546875,8.600883483886719,35.41724509573463,0.0,0.1694915254237288,13.721083641052246,0.002873737132176757,0.00045736946049146354,30.82847036421299
3500.0,59,2,5.995051860809326,-101.19683716018264,-67.36009302569013,0.490234375,2.3151426315307617,78.82487375406934,0.0,0.6779661016949152,57.65397644042969,0.012075020931661129,0.0019217992667108774,7.336874958127737
3500.0,59,3,3.5370559692382812,-96.49458114654595,-71.48955338231517,0.490234375,1.703944444656372,71.22943905023477,0.0,0.18644067796610164,54.82282257080078,0.011482065543532372,0.0018274274189025164,7.715764921158552
3500.0,59,4,-15.945549011230469,-120.65147943993867,-73.14940812269089,0.0,0.036237142980098724,100.0,1.0,1.0,41.264896392822266,0.008642500266432762,0.0013754965038970113,10.250844061374664
3500.0,59,5,-30.0,-220.0,-74.78280415670189,0.0,0.0014419741928577423,100.0,,1.0,0.0,0.0,0.0,1000000000000.0
3500.0,59,6,-5.574816703796387,-99.2115066041616,-74.40368418286116,0.0,0.35278624296188354,100.0,1.0,1.0,57.22699737548828,0.011985594406723976,0.00190756656229496,7.391616236418486
3500.0,59,7,-4.559767246246338,-109.08049262519148,-72.09616329351181,0.490234375,0.4329208731651306,0.0,0.0,0.8135593220338984,47.21668243408203,0.00988903921097517,0.0015738893998786807,8.958698250353336
3500.0,59,8,-0.6373555660247803,-102.50041931453327,-71.13208593193545,0.490234375,0.8980180621147156,45.40929679681922,0.0,0.7796610169491526,50.69513702392578,0.010617565363645554,0.0016898378962650895,8.343995548784733
3500.0,60,0,23.956501007080078,-78.49576668612343,-68.37431422897583,5.5546875,7.963967323303223,30.252256513578,0.0,0.033333333333333326,-58.45850372314453,-0.012243520468473434,-0.001948616816662252,7.2359018959105015
3500.0,60,1,30.0,-78.74548884306635,-54.00066842996348,5.5546875,9.967226028442383,44.270477220550674,0.0,0.16666666666666663,12.595029830932617,0.002637897152453661,0.00041983433766290545,33.584676682949066
3500.0,60,2,6.2007737159729,-101.14900054128789,-67.29032082741988,0.490234375,2.370007276535034,79.31506878254291,0.0,0.6666666666666667,57.630924224853516,0.012070192955434322,0.0019210308091714978,7.33980955556035
3500.0,60,3,-0.20196747779846191,-96.45684072408825,-71.4495974215892,0.490234375,0.9668439030647278,49.29539572561383,0.0,0.18333333333333335,54.34711456298828,0.011382434517145157,0.0018115704879164696,7.78330210596323
3500.0,60,4,-14.948819160461426,-120.63609687689956,-73.12562127960592,0.0,0.04543967917561531,100.0,1.0,1.0,41.12782669067383,0.00861379224807024,0.0013709275517612696,10.285007767379284
3500.0,60,5,-30.0,-220.0,-74.76225006838519,0.0,0.0014419741928577423,100.0,,1.0,0.0,0.0,0.0,1000000000000.0
3500.0,60,6,-5.463874816894531,-99.18396357427595,-74.37519504095573,0.0,0.36086133122444153,100.0,1.0,1.0,57.26197814941406,0.011992921121418476,0.0019087325781583786,7.3871007189154625
3500.0,60,7,-4.299785137176514,-107.91535821044636,-72.06499063419275,0.0,0.4558110237121582,100.0,1.0,0.8166666666666667,47.18096923828125,0.009881558828055859,0.0015726989367976785,8.965479210019112
3500.0,60,8,-2.858126640319824,-102.46801104734247,-71.09987024761494,0.490234375,0.6020103693008423,18.56712109970061,0.0,0.7666666666666666,50.563011169433594,0.01058989204466343,0.001685433671809733,8.36579967290163
3500.0,61,0,25.16574478149414,-78.5047681003069,-68.4352270706454,5.5546875,8.364263534545898,33.59023807585508,0.0,0.032786885245901676,-58.45964050292969,-0.012243758887052536,-0.0019486546516418457,7.2357612662017345
3500.0,61,1,29.966777801513672,-78.63543312128422,-53.89992738065983,5.5546875,9.956202507019043,44.20877341452235,0.0,0.16393442622950816,10.317716598510742,0.002160937525331974,0.00034392389352433383,40.997445583343506
3500.0,61,2,6.032003879547119,-101.03079116063357,-67.21993059684401,0.490234375,2.3249597549438477,78.91428555020987,0.0,0.6557377049180328,57.619564056396484,0.01206781342625618,0.0019206521101295948,7.341256830841303
3500.0,61,3,0.13607025146484375,-96.4188841385503,-71.40945185077032,0.490234375,1.0227776765823364,52.068334475372694,0.0,0.180327868852459,53.971275329589844,0.011303717270493507,0.0017990425694733858,7.837502285838127
3500.0,61,4,-11.104525566101074,-117.3799786640538,-73.10183338851978,0.0,0.10774657130241394,100.0,1.0,1.0,34.95517349243164,0.007320994511246681,0.001165172434411943,12.101213447749615
3500.0,61,5,-30.0,-220.0,-74.74168252326757,0.0,0.0014419741928577423,100.0,,1.0,0.0,0.0,0.0,1000000000000.0
3500.0,61,6,-6.220459938049316,-99.15629711465525,-74.3466022295045,0.0,0.30889180302619934,100.0,1.0,1.0,58.064266204833984,0.012160951271653175,0.001935475505888462,7.2850314900279045
3500.0,61,7,-3.764894485473633,-107.88946804670671,-72.0337574015731,0.0,0.5061476230621338,100.0,1.0,0.819672131147541,47.212364196777344,0.009888134896755219,0.0015737455105409026,8.959517814218998
3500.0,61,8,3.9539968967437744,-102.43554541010238,-71.06762991914056,0.490234375,1.8013323545455933,72.7849014779026,0.0,0.7540983606557377,50.235069274902344,0.010521208867430687,0.0016745022730901837,8.420412428677082
3500.0,62,0,25.562570571899414,-78.54633984719386,-68.49567625770175,5.5546875,8.495704650878906,34.61769531471,0.0,0.032258064516129004,-58.43138885498047,-0.01223784126341343,-0.0019477129681035876,7.239259779453278
3500.0,62,1,30.0,-78.54424184596061,-53.81669672270811,5.5546875,9.967226028442383,44.270477220550674,0.0,0.16129032258064513,7.150726318359375,0.0014976445818319917,0.00023835754836909473,59.15483087301254
3500.0,62,2,5.934172630310059,-100.98229556816314,-67.14891335392568,0.490234375,2.2990055084228516,78.67624182700166,0.0,0.6451612903225806,57.64037322998047,0.01207217201590538,0.0019213458290323615,7.338606286793947
3500.0,62,3,1.3746129274368286,-96.38072066376446,-71.36911508168751,0.490234375,1.2463098764419556,60.66512957439188,0.0,0.17741935483870963,54.47096633911133,0.011408372782170773,0.0018156989244744182,7.765605114400387
3500.0,62,4,-14.347386360168457,-120.60517327919138,-73.07804543282009,0.0,0.05206850543618202,100.0,1.0,1.0,40.89151382446289,0.00856429897248745,0.0013630504254251719,10.344444774091244
3500.0,62,5,-30.0,-220.0,-74.72110177449619,0.0,0.0014419741928577423,100.0,,1.0,0.0,0.0,0.0,1000000000000.0
3500.0,62,6,-3.373718500137329,-99.12853340381054,-74.3179046603988,0.490234375,0.5458325743675232,10.185943818385502,0.0,0.9838709677419355,57.366397857666016,0.012014790438115597,0.0019122132798656821,7.3736547492444515
3500.0,62,7,1.1594361066818237,-107.86346859461668,-72.00246429393599,0.490234375,1.2053933143615723,59.32992417004992,0.0,0.8064516129032258,46.679969787597656,0.009776630438864231,0.0015559990424662828,9.061702527105808
3500.0,62,8,11.023063659667969,-102.40309056710757,-71.03536702792033,0.490234375,3.771493434906006,87.00158482412371,0.0,0.7419354838709677,50.453208923339844,0.010566895827651024,0.001681773690506816,8.384006097912788
3500.0,63,0,26.235143661499023,-78.58779261415195,-68.55566945379445,5.5546875,8.718555450439453,36.288900935762015,0.0,0.031746031746031744,-58.434959411621094,-0.01223859004676342,-0.0019478319445624948,7.238817401230335
3500.0,63,1,30.0,-78.48698297525523,-53.75220160353666,5.5546875,9.967226028442383,44.270477220550674,0.0,0.15873015873015872,4.8178863525390625,0.0010090558789670467,0.00016059621702879667,87.79783546924591
3500.0,63,2,5.973814964294434,-100.93351641312971,-67.07725919218723,0.490234375,2.3095083236694336,78.7732146285969,0.0,0.6349206349206349,57.63593292236328,0.01207124162465334,0.0019211977487429976,7.339171599596739
3500.0,63,3,-4.7593255043029785,-96.36298777398667,-71.32858584447942,0.0,0.41602572798728943,100.0,1.0,0.19047619047619047,56.24158477783203,0.011779211461544037,0.001874719513580203,7.521125487983227
3500.0,63,4,-14.09472370147705,-120.58954442776536,-73.05425854430652,0.0,0.05512873828411102,100.0,1.0,1.0,40.760398864746094,0.008536837995052338,0.001358679961413145,10.37771999835968
3500.0,63,5,-30.0,-220.0,-74.7005083469844,0.0,0.0014419741928577423,100.0,,1.0,0.0,0.0,0.0,1000000000000.0
3500.0,63,6,-3.628587245941162,-99.10067885801342,-74.28910174252115,0.490234375,0.5196948051452637,5.668794425803236,0.0,0.9682539682539683,58.41343688964844,0.012234081514179707,0.0019471145933493972,7.241484709084034
3500.0,63,7,-2.7127277851104736,-108.97830314428344,-71.97111220754252,0.490234375,0.618671178817749,20.760107827098974,0.0,0.7936507936507937,46.817787170410156,0.009805494919419289,0.0015605929074808955,9.035027585923672
3500.0,63,8,9.145770072937012,-102.37058955340305,-71.00308364590262,0.490234375,3.2038936614990234,84.69879381793741,0.0,0.7301587301587302,50.23649215698242,0.010521506890654564,0.0016745497705414891,8.42017401009798
3500.0,64,0,27.331056594848633,-78.62910416917573,-68.61521355665792,5.5546875,9.081846237182617,38.837463716813794,0.0,0.03125,-58.430198669433594,-0.012237591668963432,-0.0019476732704788446,7.239407394081354
3500.0,64,1,30.0,-78.43791884105833,-53.70740034261419,5.5546875,9.967226028442383,44.270477220550674,0.0,0.15625,1.8800418376922607,0.0003937550645787269,6.266806303756312e-05,224.99500215053558
3500.0,64,2,5.997865200042725,-100.88444403239663,-67.00495615535975,0.490234375,2.315889358520508,78.83170138519988,0.0,0.625,57.643768310546875,0.012072883546352386,0.0019214589847251773,7.338174153119326
3500.0,64,3,0.8893353939056396,-96.32433249117909,-71.28786214888645,0.490234375,1.1552643775939941,57.56517862855044,0.0,0.1875,55.492958068847656,0.011622417718172073,0.0018497653072699904,7.622588891535997
3500.0,64,4,-11.76943588256836,-118.56408186605012,-73.03047343147924,0.0,0.09293258935213089,100.0,1.0,1.0,35.78830337524414,0.007495484780520201,0.00119294342584908,11.819504201412201
3500.0,64,5,-30.0,-220.0,-74.6799024531044,0.0,0.0014419741928577423,100.0,,1.0,0.0,0.0,0.0,1000000000000.0
3500.0,64,6,-4.024038791656494,-99.07274052686185,-74.26019248567151,0.0,0.48120561242103577,100.0,1.0,0.96875,58.10850524902344,0.0121702179312706,0.0019369501387700438,7.279485464096069
3500.0,64,7,-1.5711458921432495,-108.61605888714018,-71.93970148291662,0.490234375,0.762512743473053,35.70804170864002,0.0,0.78125,47.032684326171875,0.009850502014160156,0.0015677561750635505,8.993745781481266
3500.0,64,8,6.880329608917236,-102.33809762814927,-70.97078119826816,0.490234375,2.5547497272491455,80.81086496375262,0.0,0.71875,49.9597282409668,0.010463541373610497,0.0016653243219479918,8.466819301247597
3500.0,65,0,27.725374221801758,-78.70390938389758,-68.67430795793032,5.5546875,9.212604522705078,39.70556875300463,0.0,0.03076923076923077,-58.44432830810547,-0.01224055141210556,-0.0019481442868709564,7.237656973302364
3500.0,65,1,30.0,-78.41057229202707,-53.6827878208187,5.5546875,9.967226028442383,44.270477220550674,0.0,0.15384615384615385,-1.2340004444122314,-0.0002584484464023262,-4.113334944122471e-05,342.78756380081177
3500.0,65,2,9.099987983703613,-92.99628749561359,-66.93198951775244,0.490234375,3.1903438568115234,84.63380760812575,0.0,0.6153846153846154,57.21369934082031,0.011982809752225876,0.0019071233691647649,7.393334526568651
3500.0,65,3,2.2429447174072266,-96.28542403741429,-71.24694208503814,0.490234375,1.4201207160949707,65.47938710815795,0.0,0.18461538461538463,55.41394805908203,0.011605869978666306,0.0018471316434442997,7.63345742598176
3500.0,65,4,-15.471569061279297,-120.55851678232074,-73.00669075635308,0.0,0.040357936173677444,100.0,1.0,1.0,40.49629592895508,0.008481524884700775,0.0013498765183612704,10.445400141179562
3500.0,65,5,-30.0,-220.0,-74.65928454692812,0.0,0.0014419741928577423,100.0,,1.0,0.0,0.0,0.0,1000000000000.0
3500.0,65,6,-2.180504560470581,-99.0446724092189,-74.2311764825152,0.490234375,0.6828164458274841,28.20407622052803,0.0,0.9538461538461538,57.53502655029297,0.01205010898411274,0.0019178342772647738,7.352043408900499
3500.0,65,7,-5.800658702850342,-108.58959033571747,-71.90823239858307,0.0,0.3368396461009979,100.0,1.0,0.7846153846153846,46.226097106933594,0.009681571274995804,0.001540869940072298,9.150675497949123
3500.0,65,8,4.3687591552734375,-102.30552911534907,-70.938460608034,0.490234375,1.9009101390838623,74.21054446917375,0.0,0.7076923076923076,49.990562438964844,0.01046999916434288,0.0016663521528244019,8.461597375571728
3500.0,66,0,28.497554779052734,-78.74509921991667,-68.73296937757067,5.5546875,9.468721389770508,41.33645640898271,0.0,0.030303030303030276,-58.476768493652344,-0.012247346341609955,-0.0019492256687954068,7.233642041683197
3500.0,66,1,30.0,-78.39406691424477,-53.6790518318931,5.5546875,9.967226028442383,44.270477220550674,0.0,0.1515151515151515,-2.704775810241699,-0.0005664869677275419,-9.015919204102829e-05,156.39004111289978
3500.0,66,2,9.797957420349121,-92.919736162618,-66.85835308368546,0.490234375,3.3985471725463867,85.57517815376715,0.0,0.6060606060606061,57.19890213012695,0.011979710310697556,0.0019066301174461842,7.395246997475624
3500.0,66,3,-2.7911384105682373,-96.24633331229425,-71.20582484731435,0.490234375,0.609640896320343,19.586369950089345,0.0,0.18181818181818177,55.52638244628906,0.011629419401288033,0.0018508794018998742,7.618000265210867
3500.0,66,4,-15.34964370727539,-120.54304254799032,-72.98291217095903,0.0,0.04149064049124718,100.0,1.0,1.0,40.34577178955078,0.008449998684227467,0.0013448590179905295,10.484370402991772
3500.0,66,5,-30.0,-220.0,-74.63865517687725,0.0,0.0014419741928577423,100.0,,1.0,0.0,0.0,0.0,1000000000000.0
3500.0,66,6,-3.1368918418884277,-99.01652696594267,-74.2020527552628,0.490234375,0.5710806250572205,14.156713870150984,0.0,0.9393939393939394,58.418968200683594,0.012235241010785103,0.001947298995219171,7.240799255669117
3500.0,66,7,-2.5997776985168457,-108.56295700365624,-71.87670654607331,0.0,0.631866991519928,100.0,1.0,0.7878787878787878,46.74907684326172,0.00979110412299633,0.0015583025524392724,9.048307314515114
3500.0,66,8,6.09367561340332,-102.1695079259927,-70.90612537302658,0.490234375,2.3413808345794678,79.06216845376842,0.0,0.696969696969697,47.829811096191406,0.010017452761530876,0.0015943270409479737,8.843856863677502
3500.0,67,0,28.944551467895508,-78.78614473630046,-68.7912000898254,5.5546875,9.617011070251465,42.24102000690786,0.0,0.02985074626865669,-58.467403411865234,-0.012245384976267815,-0.001948913442902267,7.234800606966019
3500.0,67,1,30.0,-78.41314617669182,-53.69611809365354,5.5546875,9.967226028442383,44.270477220550674,0.0,0.14925373134328357,-6.182892799377441,-0.001294942107051611,-0.00020609643252100796,68.41457635164261
3500.0,67,2,10.817545890808105,-92.84245946565466,-66.78403146423048,0.490234375,3.7083325386047363,86.7801937960922,0.0,0.5970149253731343,57.223167419433594,0.011984793469309807,0.0019074389711022377,7.392111234366894
3500.0,67,3,1.6373286247253418,-96.102221765192,-71.16450796268974,0.490234375,1.2974363565444946,62.21515047522968,0.0,0.17910447761194026,56.07691192626953,0.011744721792638302,0.0018692304147407413,7.5432113371789455
3500.0,67,4,-15.395355224609375,-120.52744588961312,-72.95913810602818,0.0,0.041062355041503906,100.0,1.0,1.0,40.21796798706055,0.008423231542110443,0.0013405989157035947,10.517687536776066
3500.0,67,5,-30.0,-220.0,-74.61801448382485,0.0,0.0014419741928577423,100.0,,1.0,0.0,0.0,0.0,1000000000000.0
3500.0,67,6,-3.0504868030548096,-98.98828298369517,-74.17282033006161,0.490234375,0.5805262923240662,15.553458735278546,0.0,0.9253731343283582,57.881404876708984,0.012122653424739838,0.0019293802324682474,7.3080467991530895
3500.0,67,7,-7.238511562347412,-108.35739413298049,-71.84512390254133,0.0,0.24958349764347076,100.0,1.0,0.791044776119403,47.308837890625,0.009908340871334076,0.001576961250975728,8.941247127950191
3500.0,67,8,0.3870169222354889,-102.0312932693004,-70.87377630833419,0.490234375,1.06571364402771,53.99942773114639,0.0,0.6865671641791045,47.28327941894531,0.009902986697852612,0.0015761093236505985,8.946079760789871
3500.0,68,0,29.41622543334961,-78.82707440844598,-68.8490077456452,5.5546875,9.773508071899414,43.16587801292433,0.0,0.02941176470588236,-58.472007751464844,-0.012246348895132542,-0.0019490669947117567,7.234231103211641
3500.0,68,1,24.002147674560547,-78.08701321749189,-53.733769805052574,5.5546875,7.97907018661499,30.384275735309718,0.0,0.1470588235294118,3.863034725189209,0.0008090721676126122,0.00012876783148385584,109.49940234422684
3500.0,68,2,12.372049331665039,-92.76445556541334,-66.70901355507772,0.490234375,4.1911301612854,88.30305058219314,0.0,0.5882352941176471,57.18901824951172,0.01197764091193676,0.001906300662085414,7.396525237709284
3500.0,68,3,1.425312876701355,-96.16753472877845,-71.12299005803025,0.490234375,1.2560765743255615,60.97098019177479,0.0,0.17647058823529416,55.735172271728516,0.011673146858811378,0.0018578390590846539,7.589462678879499
3500.0,68,4,-15.036136627197266,-120.5120122389799,-72.93536977912001,0.0,0.04454902932047844,100.0,1.0,1.0,40.0831184387207,0.008394989185035229,0.001336104003712535,10.553071275353432
3500.0,68,5,-30.0,-220.0,-74.59736299720373,0.0,0.0014419741928577423,100.0,,1.0,0.0,0.0,0.0,1000000000000.0
3500.0,68,6,-0.050267308950424194,-98.959946884564,-74.14347850242999,0.490234375,0.9916749000549316,50.56501127810691,0.0,0.9117647058823529,57.61812973022461,0.012067513540387154,0.0019206043798476458,7.3414393700659275
3500.0,68,7,-1.6257673501968384,-107.00983521171209,-71.81348549044601,0.490234375,0.7550913095474243,35.07614657969914,0.0,0.7794117647058824,46.794883728027344,0.009800698608160019,0.0015598294558003545,9.039449505507946
3500.0,68,8,-5.337356090545654,-101.79497742319214,-70.84141578152236,0.0,0.37026840448379517,100.0,1.0,0.6911764705882353,28.45058250427246,0.005958676338195801,0.0009483527392148972,14.86788596957922
3500.0,69,0,29.68977165222168,-78.81862815266736,-68.90639243615541,5.5546875,9.864277839660645,43.68885801587382,0.0,0.02898550724637683,-58.310516357421875,-0.012212526053190231,-0.0019436839502304792,7.254266180098057
3500.0,69,1,30.0,-78.15826214338209,-53.79123395572316,5.5546875,9.967226028442383,44.270477220550674,0.0,0.14492753623188404,-18.86733055114746,-0.003951564431190491,-0.0006289110169745982,22.419705986976624
3500.0,69,2,12.503207206726074,-92.6856829278235,-66.63328249188511,0.490234375,4.232348442077637,88.41696562300653,0.0,0.5797101449275363,57.12299346923828,0.01196381263434887,0.0019040998304262757,7.405074313282967
3500.0,69,3,-0.6640065312385559,-96.12778554686389,-71.08126872660597,0.490234375,0.8939223885536194,45.15917922212386,0.0,0.17391304347826086,55.56865692138672,0.011638272553682327,0.0018522886093705893,7.612205110490322
3500.0,69,4,-15.298490524291992,-120.49638579156581,-72.91160768248643,0.0,0.041975151747465134,100.0,1.0,1.0,39.94532775878906,0.008366130292415619,0.001331510953605175,10.589473880827427
3500.0,69,5,-30.0,-220.0,-74.57670098702056,0.0,0.0014419741928577423,100.0,,1.0,0.0,0.0,0.0,1000000000000.0
3500.0,69,6,-1.1580235958099365,-98.93148630456454,-74.1140265248824,0.490234375,0.8204404711723328,40.24741681751743,0.0,0.8985507246376812,58.36044692993164,0.012222983874380589,0.001945348223671317,7.248059846460819
3500.0,69,7,-6.617237567901611,-106.77179398642998,-71.78179136923086,0.0,0.2844069302082062,100.0,1.0,0.782608695652174,46.77579879760742,0.00979670137166977,0.0015591933624818921,9.043138474225998
3500.0,69,8,5.435476303100586,-101.89031805132393,-70.8090445898369,0.490234375,2.1685805320739746,77.39376667136486,0.0,0.6811594202898551,44.55021667480469,0.009330576285719872,0.0014850072329863906,9.4949034973979
3500.0,70,0,29.577173233032227,-78.85864623238638,-68.96336301694986,5.5546875,9.826913833618164,43.47475113705334,0.0,0.02857142857142858,-58.6098518371582,-0.012275218963623047,-0.001953661674633622,7.217216771095991
3500.0,70,1,26.442203521728516,-78.24704038589408,-53.867743738764176,5.5546875,8.787179946899414,36.78646012068991,0.0,0.1428571428571429,-13.582626342773438,-0.0028447387740015984,-0.00045275420416146517,31.14272654056549
3500.0,70,2,11.61357593536377,-92.60615359313175,-66.55682770391003,0.490234375,3.9541642665863037,87.60207361280851,0.0,0.5714285714285714,57.05918884277344,0.011950450018048286,0.0019019730389118195,7.413354702293873
3500.0,70,3,7.337008476257324,-96.0878069203483,-71.03934286660011,0.490234375,2.681736707687378,81.71951878815283,0.0,0.17142857142857137,55.29270935058594,0.01158047839999199,0.0018430902855470777,7.650195155292749
3500.0,70,4,-14.053875923156738,-120.4808355040393,-72.88785327512518,0.0,0.05563977733254433,100.0,1.0,1.0,39.81281280517578,0.008338375948369503,0.0013270938070490956,10.624720714986324
3500.0,70,5,-14.439460754394531,-120.96447947091028,-74.55602910292286,0.0,0.05099531635642052,100.0,1.0,1.0,25.694499969482422,0.005381443537771702,0.0008564833551645279,16.462666913866997
3500.0,70,6,-0.36161068081855774,-98.9029184101091,-74.08446375986267,0.490234375,0.9411876201629639,47.91321469834916,0.0,0.8857142857142857,58.097537994384766,0.012167920358479023,0.0019365845946595073,7.2808596305549145
3500.0,70,7,-2.7746036052703857,-106.7500018291525,-71.75004288940133,0.490234375,0.6115363836288452,19.835615979059394,0.0,0.7714285714285715,46.94011306762695,0.009831114672124386,0.0015646704705432057,9.011482819914818
3500.0,70,8,8.86181354522705,-101.82741475484187,-70.7766656012976,0.490234375,3.120105743408203,84.2878922922497,0.0,0.6714285714285715,43.117774963378906,0.009030565619468689,0.0014372591394931078,9.810339659452438
3500.0,71,0,28.960304260253906,-78.89855661213099,-69.01992917135644,0.0,9.622237205505371,100.0,1.0,0.04225352112676062,-58.50072479248047,-0.012252363376319408,-0.0019500241614878178,7.2306799702346325
3500.0,71,1,28.409286499023438,-78.35350629294487,-53.96228877331171,5.5546875,9.439438819885254,41.15447320556369,0.0,0.14084507042253525,-17.23711395263672,-0.0036101327277719975,-0.0005745704984292388,24.540072306990623
3500.0,71,2,11.946966171264648,-92.52584904390412,-66.47963722319663,0.490234375,4.058019161224365,87.91936766380154,0.0,0.5633802816901409,57.13458251953125,0.011966239660978317,0.0019044860964640975,7.403572089970112
3500.0,71,3,5.771042823791504,-96.04761147228778,-70.99721066721446,1.02734375,2.255992889404297,54.46156967847209,0.0,0.16901408450704225,55.550758361816406,0.011634523048996925,0.0018516919808462262,7.614657748490572
3500.0,71,4,-13.866755485534668,-120.4653718166488,-72.86410764354798,0.0,0.058040838688611984,100.0,1.0,1.0,39.68888473510742,0.008312420919537544,0.0013229628093540668,10.657896287739277
3500.0,71,5,-30.0,-220.0,-74.53534765024881,0.0,0.0014419741928577423,100.0,,1.0,0.0,0.0,0.0,1000000000000.0
3500.0,71,6,2.6805543899536133,-98.87426287269025,-74.05478904712172,0.490234375,1.5128682851791382,67.59570018073639,0.0,0.8732394366197183,57.70940399169922,0.012086629867553711,0.0019236467778682709,7.329828105866909
3500.0,71,7,-1.1478277444839478,-106.94756837968866,-71.71824091041621,0.490234375,0.8219105005264282,40.354287396741114,0.0,0.7605633802816901,46.56046676635742,0.00975160114467144,0.0015520155429840088,9.08496044576168
3500.0,71,8,8.907613754272461,-101.87016550111453,-70.74428122925958,0.490234375,3.1335785388946533,84.35544637177256,0.0,0.6619718309859155,49.17017364501953,0.010298176668584347,0.0016390058444812894,8.602776564657688
3500.0,72,0,29.66857147216797,-78.93826790550432,-69.07609177168705,5.5546875,9.857242584228516,43.64866794607002,0.0,0.04166666666666663,-58.30259704589844,-0.012210868299007416,-0.0019434199202805758,7.255251519382
3500.0,72,1,29.2779483795166,-78.4761749760868,-54.07341266812849,5.5546875,9.727627754211426,42.89782010218078,0.0,0.13888888888888884,-24.944047927856445,-0.005224269349128008,-0.0008314682636409998,16.957953572273254
3500.0,72,2,12.7197847366333,-92.43735383649005,-66.40169357034381,0.490234375,4.300555229187012,88.60067249752133,0.0,0.5555555555555556,57.117713928222656,0.011962706223130226,0.0019039238104596734,7.405758835375309
3500.0,72,3,4.9532856941223145,-96.00719013463512,-70.9548697510559,0.740234375,2.0455985069274902,63.81331075021952,0.0,0.16666666666666663,55.57362365722656,0.011639313772320747,0.0018524541519582272,7.6115247793495655
3500.0,72,4,-9.26445198059082,-117.7210133221131,-72.8403714057744,0.0,0.16150765120983124,100.0,1.0,1.0,41.894622802734375,0.008774389512836933,0.0013964874669909477,10.096761398017406
3500.0,72,5,-14.289851188659668,-120.95481702458105,-74.5146569400796,0.0,0.052750363945961,100.0,1.0,1.0,25.476242065429688,0.005335731897503138,0.0008492080960422754,16.603704541921616
3500.0,72,6,3.201019525527954,-98.7986837327895,-74.02500159676119,0.490234375,1.627507209777832,69.87820563529664,0.0,0.8611111111111112,57.834678649902344,0.012112867087125778,0.001927822595462203,7.313950918614864
3500.0,72,7,-7.337160110473633,-106.92671382325224,-71.68638566678237,0.0,0.24442702531814575,100.0,1.0,0.7638888888888888,46.53314971923828,0.009745880030095577,0.0015511050587520003,9.090294130146503
3500.0,72,8,6.752341270446777,-101.76337591998035,-70.71189259230715,0.490234375,2.5195579528808594,80.54284187273936,0.0,0.6527777777777778,38.89311218261719,0.008145755156874657,0.0012964371126145124,10.875961743295193
3500.0,73,0,30.0,-78.6121050961627,-69.13185994174347,5.5546875,9.967226028442383,44.270477220550674,0.0,0.04109589041095896,-57.85806655883789,-0.012117765843868256,-0.001928602228872478,7.3109944351017475
3500.0,73,1,29.26387596130371,-78.95883860258718,-54.19979026347574,5.5546875,9.7229585647583,42.87039831545264,0.0,0.136986301369863,-23.870365142822266,-0.004999397788196802,-0.000795678875874728,17.720717936754227
3500.0,73,2,12.246065139770508,-92.36283461768926,-66.32298579510132,0.490234375,4.151602268218994,88.19168255223285,0.0,0.547945205479452,57.160301208496094,0.011971625499427319,0.001905343378894031,7.400241214782
3500.0,73,3,8.873453140258789,-96.01295495093134,-70.91231903651027,0.6015625,3.123528242111206,80.74092969963347,0.0,0.1643835616438356,55.491455078125,0.011622103862464428,0.001849715132266283,7.622795179486275
3500.0,73,4,-12.743001937866211,-117.7036046933969,-72.81664613176468,0.0,0.07474386692047119,100.0,1.0,1.0,41.75892639160156,0.008745968341827393,0.001391964266076684,10.129570960998535
3500.0,73,5,-15.768278121948242,-120.95022344818548,-74.49395764713977,0.0,0.03772730007767677,100.0,1.0,1.0,25.371929168701172,0.00531388446688652,0.0008457310032099485,16.67196862399578
3500.0,73,6,-0.06279951333999634,-98.76976124789832,-73.99510070491783,0.490234375,0.9896069765090942,50.46170988715792,0.0,0.8493150684931507,58.16868591308594,0.012182820588350296,0.0019389562075957656,7.271953858435154
3500.0,73,7,-5.53513765335083,-106.90586020698203,-71.65447867390446,0.0,0.3556559085845947,100.0,1.0,0.7671232876712328,46.52173614501953,0.009743490256369114,0.00155072461348027,9.092523716390133
3500.0,73,8,7.7217631340026855,-101.73137902024558,-70.67950287961067,0.490234375,2.7903590202331543,82.43113622851881,0.0,0.6438356164383562,38.43212890625,0.00804920680820942,0.001281070988625288,11.006415821611881
3500.0,74,0,29.69632339477539,-78.64831611083537,-69.18723913706825,5.5546875,9.86645221710205,43.701267915008366,0.0,0.04054054054054057,-59.66434097290039,-0.012496070936322212,-0.001988811418414116,7.089661899954081
3500.0,74,1,27.336814880371094,-79.09490060498842,-54.33987628473771,5.5546875,9.083755493164062,38.850319075847494,0.0,0.1351351351351351,-28.282546997070312,-0.0059234825894236565,-0.0009427515906281769,14.956220053136349
3500.0,74,2,12.520007133483887,-92.27268187577388,-66.2434980998748,0.490234375,4.237632751464844,88.43140961588665,0.0,0.5405405405405406,57.06969451904297,0.011952649801969528,0.0019023232161998749,7.411989849060774
3500.0,74,3,2.1277267932891846,-95.97204090860458,-70.86955623225715,1.326171875,1.3962676525115967,5.020224982331212,0.0,0.16216216216216217,55.94493865966797,0.011717081069946289,0.001864831312559545,7.561005651950836
3500.0,74,4,-16.081892013549805,-117.6862634091037,-72.79293264381062,0.0,0.035130709409713745,100.0,1.0,1.0,42.072959899902344,0.008811740204691887,0.0014024319825693965,10.053963400423527
3500.0,74,5,-16.057390213012695,-120.94574540528711,-74.47325001692319,0.0,0.03532705828547478,100.0,1.0,1.0,25.26357650756836,0.005291191395372152,0.0008421192178502679,16.743473708629608
3500.0,74,6,1.0040258169174194,-98.74074363654498,-73.96508523832067,0.490234375,1.1763821840286255,58.32694666276323,0.0,0.8378378378378378,57.9941520690918,0.012146267108619213,0.0019331384683027864,7.293839007616043
3500.0,74,7,-11.743060111999512,-111.56687070083896,-71.62252044870694,0.0,0.09348077327013016,100.0,1.0,0.7702702702702703,46.31355285644531,0.009699888527393341,0.0015437850961461663,9.133395738899708
3500.0,74,8,6.036505699157715,-101.82758939485586,-70.64711391635831,0.490234375,2.3261566162109375,78.92513463695579,0.0,0.6351351351351351,49.59531784057617,0.010387219488620758,0.0016531773144379258,8.529030717909336
3500.0,75,0,29.645835876464844,-78.6843285049111,-69.24223176413088,5.5546875,9.849698066711426,43.60550483498653,0.0,0.040000000000000036,-58.45234680175781,-0.012242231518030167,-0.001948411576449871,7.236664183437824
3500.0,75,1,30.0,-79.25376395192131,-54.49203360228118,5.5546875,9.967226028442383,44.270477220550674,0.0,0.1333333333333333,-26.214839935302734,-0.005490423645824194,-0.000873828015755862,16.13589935004711
3500.0,75,2,12.51549243927002,-92.18916438328299,-66.16321384754046,0.490234375,4.236212730407715,88.42753170819122,0.0,0.5333333333333333,56.94219970703125,0.011925946921110153,0.0018980733584612608,7.428585551679134
3500.0,75,3,10.417854309082031,-95.93088286538419,-70.82657947290578,0.490234375,3.586158514022827,86.3298185765338,0.0,0.16000000000000003,55.422950744628906,0.011607755906879902,0.0018474317621439695,7.6322173699736595
3500.0,75,4,-16.309919357299805,-117.51319512354326,-72.76923198270404,0.0,0.03335435688495636,100.0,1.0,1.0,42.02983856201172,0.008802710101008415,0.0014009946025907993,10.064278729259968
3500.0,75,5,-15.910490989685059,-120.94145473488919,-74.45253459446567,0.0,0.036527156829833984,100.0,1.0,1.0,25.152740478515625,0.005267977714538574,0.0008384247194044292,16.817253082990646
3500.0,75,6,3.1874914169311523,-98.71160641972963,-73.9349545824196,0.490234375,1.62446928024292,69.8218746908719,0.0,0.8266666666666667,57.807823181152344,0.012107242830097675,0.0019269274780526757,7.317348849028349
3500.0,75,7,-5.640723705291748,-111.55678976675921,-71.59051180544867,0.0,0.34806501865386963,100.0,1.0,0.7733333333333333,46.333106994628906,0.00970398262143135,0.0015444369055330753,9.129540994763374
3500.0,75,8,-3.9828715324401855,-101.6736030297625,-70.6147276625055,0.490234375,0.4850974380970001,0.0,0.0,0.6266666666666667,26.338787078857422,0.0055163828656077385,0.0008779595955274999,16.059964895248413
3500.0,76,0,30.0,-78.74675411778807,-69.2968454177425,5.5546875,9.967226028442383,44.270477220550674,0.0,0.03947368421052633,-57.830535888671875,-0.012112000025808811,-0.0019276845268905163,7.314474787563086
3500.0,76,1,27.55622673034668,-79.4246090691584,-54.6547739389204,5.5546875,9.156511306762695,39.33620225098732,0.0,0.13157894736842102,-31.041526794433594,-0.006501322146505117,-0.0010347175411880016,13.626907020807266
3500.0,76,2,10.617993354797363,-92.10054642488728,-66.08211877628288,0.490234375,3.6472229957580566,86.55869477763842,0.0,0.5263157894736843,57.083099365234375,0.01195545680820942,0.0019027700182050467,7.410249672830105
3500.0,76,3,10.463937759399414,-95.88948728441434,-70.78338695158106,1.6953125,3.60019850730896,52.910582664865466,0.0,0.1578947368421053,55.254310607910156,0.011572437360882759,0.0018418104154989123,7.655511610209942
3500.0,76,4,-14.485218048095703,-117.49149458485911,-72.74554536159403,0.0,0.050470076501369476,100.0,1.0,1.0,41.99417495727539,0.008795239962637424,0.0013998058857396245,10.072825476527214
3500.0,76,5,-15.868581771850586,-120.93716784287426,-74.43181180762957,0.0,0.0368768572807312,100.0,1.0,1.0,25.03818130493164,0.005243984516710043,0.0008346060640178621,16.894198954105377
3500.0,76,6,2.4305074214935303,-98.68236440354814,-73.90470769466785,0.490234375,1.4594584703445435,66.40984413319639,0.0,0.8157894736842105,57.934906005859375,0.012133859097957611,0.0019311635987833142,7.3012979701161385
3500.0,76,7,-5.881957054138184,-111.54664393914169,-71.55845379647738,0.0,0.3312576413154602,100.0,1.0,0.7763157894736842,45.94987869262695,0.009623720310628414,0.0015316626522690058,9.205683134496212
3500.0,76,8,-1.0043224096298218,-101.76224747427224,-70.5823467693418,0.490234375,0.8428083658218384,41.833233403899214,0.0,0.618421052631579,48.567848205566406,0.010172026231884956,0.001618928276002407,8.709466084837914
3500.0,77,0,30.0,-78.79830818878723,-69.35108292791543,5.5546875,9.967226028442383,44.270477220550674,0.0,0.038961038961038974,-57.88983917236328,-0.012124419212341309,-0.0019296613754704595,7.306981831789017
3500.0,77,1,26.711217880249023,-79.61938458750721,-54.8265350600117,5.5546875,8.876347541809082,37.42147348516388,0.0,0.1298701298701299,-35.11918640136719,-0.007355344947427511,-0.0011706395307555795,12.044697999954224
3500.0,77,2,10.827430725097656,-92.01546983158227,-66.00019527495243,0.490234375,3.711365222930908,86.79099615497134,0.0,0.5194805194805194,57.08035659790039,0.011954882182180882,0.0019026786321774125,7.410605438053608
3500.0,77,3,5.228468894958496,-95.83933621577238,-70.73997664323606,1.6953125,2.115396022796631,19.858386716699272,0.0,0.1558441558441559,55.499839782714844,0.011623859405517578,0.0018499946454539895,7.621643599122763
3500.0,77,4,-12.31924819946289,-117.46987893042007,-72.72187380006427,0.0,0.08219021558761597,100.0,1.0,1.0,41.362022399902344,0.008662842214107513,0.0013787341304123402,10.226773098111153
3500.0,77,5,-15.967909812927246,-120.93320713232822,-74.41108214846211,0.0,0.03605334460735321,100.0,1.0,1.0,24.926204681396484,0.005220532417297363,0.000830873497761786,16.970092430710793
3500.0,77,6,1.7390546798706055,-98.05214635048782,-73.87434382520794,0.490234375,1.3175758123397827,62.79270077602366,0.0,0.8051948051948052,58.02954864501953,0.012153679504990578,0.0019343183375895023,7.289390079677105
3500.0,77,7,-10.342329978942871,-110.88478279973782,-71.52634721807169,0.0,0.12752790749073029,100.0,1.0,0.7792207792207793,46.116920471191406,0.009658705443143845,0.0015372306806966662,9.172338992357254
3500.0,77,8,7.382697582244873,-101.61475496465553,-70.54997325785212,0.490234375,2.69455885887146,81.80650708794236,0.0,0.6103896103896104,24.99311065673828,0.005234545096755028,0.0008331037242896855,16.9246643781662
3500.0,78,0,30.0,-78.83423005182934,-69.40495038992772,5.5546875,9.967226028442383,44.270477220550674,0.0,0.038461538461538436,-58.451927185058594,-0.012242143973708153,-0.0019483976066112518,7.236716337502003
3500.0,78,1,26.924835205078125,-79.80869093603016,-55.005921332629356,5.5546875,8.947162628173828,37.91677059150822,0.0,0.1282051282051282,-35.52627182006836,-0.007440605200827122,-0.0011842090170830488,11.906681582331657
3500.0,78,2,12.149182319641113,-91.92949956328762,-65.91742782821282,0.490234375,4.121248245239258,88.10471134403748,0.0,0.5128205128205128,57.06446838378906,0.01195155456662178,0.0019021489424631,7.4126687832176685
3500.0,78,3,13.372344017028809,-95.79747914051465,-70.69634682214901,0.740234375,4.507080554962158,83.57618937640187,0.0,0.15384615384615385,55.15098571777344,0.011550795286893845,0.0018383662682026625,7.66985397785902
3500.0,78,4,-16.124217987060547,-120.9176361453735,-72.69821859070728,0.0,0.03479405492544174,100.0,1.0,1.0,42.505611419677734,0.008902355097234249,0.0014168537454679608,9.951627813279629
3500.0,78,5,-16.014379501342773,-120.92934616900672,-74.39034615261778,0.0,0.03567434102296829,100.0,1.0,1.0,24.82101058959961,0.005198500584810972,0.0008273670100606978,17.042014747858047
3500.0,78,6,3.653174638748169,-98.21997233624799,-73.84386209577286,0.490234375,1.7307873964309692,71.67564450660404,0.0,0.7948717948717949,57.9516716003418,0.012137370184063911,0.0019317223923280835,7.2991857305169106
3500.0,78,7,-6.534854888916016,-110.87149545713493,-71.49419324269712,0.0,0.2893417477607727,100.0,1.0,0.782051282051282,45.84433364868164,0.009601615369319916,0.001528144464828074,9.226876311004162
3500.0,78,8,6.08552360534668,-101.69692157226835,-70.51760986205142,0.490234375,2.339207649230957,79.0427166583022,0.0,0.6025641025641026,48.705535888671875,0.01020086370408535,0.0016235178336501122,8.684844709932804
3500.0,79,0,28.75444221496582,-78.84301701923425,-69.45845785589341,5.5546875,9.553939819335938,41.85971855550073,0.0,0.03797468354430378,-59.41291809082031,-0.012443412095308304,-0.001980430679395795,7.119663991034031
3500.0,79,1,27.046953201293945,-80.00497751764993,-55.191716888160514,5.5546875,8.987648010253906,38.19642810151532,0.0,0.12658227848101267,-39.27220153808594,-0.008225150406360626,-0.001309073413722217,10.770977474749088
3500.0,79,2,12.271950721740723,-91.83555527670919,-65.83380292924186,0.490234375,4.159718990325928,88.2147237315762,0.0,0.5063291139240507,56.915496826171875,0.011920355260372162,0.001897183246910572,7.432071026414633
3500.0,79,3,5.052736759185791,-95.76384662857292,-70.65249574073962,0.0,2.070702314376831,100.0,1.0,0.16455696202531644,55.68560028076172,0.01166276540607214,0.0018561866600066423,7.596218958497047
3500.0,79,4,-16.065214157104492,-120.8995071644554,-72.67458113627069,0.0,0.03526423126459122,100.0,1.0,1.0,42.369937896728516,0.008873939514160156,0.001412331243045628,9.983493946492672
3500.0,79,5,-16.0177059173584,-120.92559516087402,-74.36960422357356,0.0,0.035647351294755936,100.0,1.0,1.0,24.6973934173584,0.005172610282897949,0.0008232464315369725,17.12731458246708
3500.0,79,6,3.571277141571045,-98.19017690122234,-73.81326120886571,0.490234375,1.7118325233459473,71.36201302906736,0.0,0.7848101265822784,58.161285400390625,0.012181270867586136,0.0019387095235288143,7.272879127413034
3500.0,79,7,5.6696624755859375,-102.29062403610246,-71.4619932011608,0.490234375,2.229430913925171,78.01078418990406,0.0,0.7721518987341772,45.74247741699219,0.009580282494425774,0.0015247492119669914,9.247422218322754
3500.0,79,8,4.924069881439209,-101.66811636437161,-70.48525986826819,0.490234375,2.038250207901001,75.94827302851863,0.0,0.5949367088607596,47.75844192504883,0.010002505034208298,0.0015919480938464403,8.85707326233387
3500.0,80,0,27.23897933959961,-78.90571071038046,-69.51160349215766,5.5546875,9.051315307617188,38.63115678529705,0.0,0.03749999999999998,-58.67567443847656,-0.012289004400372505,-0.0019558558706194162,7.2091203182935715
3500.0,80,1,22.6518497467041,-80.20648399949803,-55.38253603539171,5.5546875,7.532594203948975,26.257975013602277,0.0,0.125,-43.57984924316406,-0.009127343073487282,-0.001452661701478064,9.70632117241621
3500.0,80,2,10.962386131286621,-91.75481751573056,-65.74929851954408,0.490234375,3.7528226375579834,86.93691596043551,0.0,0.5,56.744537353515625,0.01188454870134592,0.0018914846004918218,7.454462349414825
3500.0,80,3,10.908821105957031,-95.72148396920545,-70.60842114680688,0.6015625,3.736356019973755,83.89975428507947,0.0,0.16249999999999998,55.17442321777344,0.011555705219507217,0.0018391474150121212,7.666595745831728
3500.0,80,4,-16.725244522094727,-120.88157567102965,-72.65096231904167,0.0,0.030344126746058464,100.0,1.0,1.0,42.273902893066406,0.008853825740516186,0.001409130054526031,10.006173513829708
3500.0,80,5,-30.0,-220.0,-74.34885694997286,0.0,0.0014419741928577423,100.0,,1.0,0.0,0.0,0.0,1000000000000.0
3500.0,80,6,2.069037437438965,-98.11832353222213,-73.78254071282873,0.490234375,1.384209394454956,64.58379946243366,0.0,0.775,58.127342224121094,0.01217416301369667,0.0019375780830159783,7.277126424014568
3500.0,80,7,-1.0405060052871704,-102.38323880437088,-71.4297477226282,0.490234375,0.8375025391578674,41.46472970781144,0.0,0.7625,45.59342575073242,0.009549064561724663,0.0015197808388620615,9.277653880417347
3500.0,80,8,9.182598114013672,-101.61437357036397,-70.45292480535491,0.490234375,3.2148053646087646,84.75072922308438,0.0,0.5875,46.904510498046875,0.009823658503592014,0.001563483732752502,9.018322452902794
3500.0,81,0,27.39120864868164,-78.89597104354955,-69.56439617606614,5.5546875,9.101791381835938,38.97149179791951,0.0,0.03703703703703709,-58.250492095947266,-0.012199955061078072,-0.0019416831200942397,7.261741440743208
3500.0,81,1,27.861080169677734,-80.41313623758434,-55.57735551191316,5.5546875,9.257610321044922,39.99868964701645,0.0,0.12345679012345678,-39.660133361816406,-0.00830639898777008,-0.0013220044784247875,10.665622539818287
3500.0,81,2,12.747451782226562,-91.66606198082809,-65.6638990845772,0.490234375,4.309281349182129,88.6237556734827,0.0,0.49382716049382713,56.87017059326172,0.011910861358046532,0.001895672408863902,7.437994237989187
3500.0,81,3,11.464348793029785,-95.67888808823119,-70.56412106910956,1.6953125,3.9078423976898193,56.617684965949245,0.0,0.16049382716049387,55.317909240722656,0.01158575527369976,0.0018439303385093808,7.646710146218538
3500.0,81,4,-30.0,-220.0,-72.62736345690473,0.0,0.0014419741928577423,100.0,,1.0,0.0,0.0,0.0,1000000000000.0
3500.0,81,5,-30.0,-220.0,-74.32810470379633,0.0,0.0014419741928577423,100.0,,1.0,0.0,0.0,0.0,1000000000000.0
3500.0,81,6,4.363474369049072,-98.08841180843217,-73.7516992715615,0.490234375,1.8996250629425049,74.1930981769302,0.0,0.7654320987654322,58.043983459472656,0.012156704440712929,0.001934799482114613,7.287577260285616
3500.0,81,7,1.6504827737808228,-102.43773259898079,-71.3974580366019,0.490234375,1.3000298738479614,62.290530020748356,0.0,0.7530864197530864,45.556304931640625,0.009541290812194347,0.001518543460406363,9.2852134257555
3500.0,81,8,5.577215671539307,-101.5820965222311,-70.42060781197631,0.490234375,2.205324411392212,77.77041906090736,0.0,0.5802469135802469,47.27853012084961,0.009901992976665497,0.001575950998812914,8.946978487074375
3500.0,82,0,29.311153411865234,-78.97650967115281,-69.61683380211579,5.5546875,9.738643646240234,42.96241138113233,0.0,0.03658536585365857,-57.826087951660156,-0.012111067771911621,-0.0019275363301858306,7.315037772059441
3500.0,82,1,25.623210906982422,-80.74998385012745,-55.7750283714054,5.5546875,8.515793800354004,34.771935180381064,0.0,0.12195121951219512,-40.362953186035156,-0.00845359731465578,-0.001345431781373918,10.479907505214214
3500.0,82,2,13.058262825012207,-91.58640054175751,-65.57758014584675,0.490234375,4.407495975494385,88.87725870367899,0.0,0.4878048780487805,56.92657470703125,0.011922674253582954,0.001897552516311407,7.430624682456255
3500.0,82,3,10.260405540466309,-95.63598600678944,-70.5195929124767,1.6953125,3.538283348083496,52.08658173409819,0.0,0.1585365853658537,55.405303955078125,0.011604059487581253,0.001846843515522778,7.634648121893406
3500.0,82,4,-30.0,-220.0,-72.60378529561993,0.0,0.0014419741928577423,100.0,,1.0,0.0,0.0,0.0,1000000000000.0
3500.0,82,5,-15.836640357971191,-120.91512489106447,-74.30734798224572,0.0,0.03714561462402344,100.0,1.0,1.0,24.374773025512695,0.00510504050180316,0.0008124924497678876,17.354007810354233
3500.0,82,6,4.628543376922607,-98.0581590639637,-73.72073629471565,0.490234375,1.9646015167236328,75.04662544404607,0.0,0.7560975609756098,57.99906921386719,0.012147297151386738,0.0019333023810759187,7.293220609426498
3500.0,82,7,-13.996235847473145,-102.40401186956151,-71.36512459628537,0.0,0.056368812918663025,100.0,1.0,0.7560975609756098,45.823944091796875,0.009597345255315304,0.0015274648321792483,9.230982512235641
3500.0,82,8,-4.558509826660156,-101.54976996862169,-70.3883102131361,0.0,0.43302908539772034,100.0,1.0,0.5853658536585367,46.248985290527344,0.00968636479228735,0.00154163280967623,9.146146476268768
3500.0,83,0,30.0,-79.01164846074371,-69.66892729983388,5.5546875,9.967226028442383,44.270477220550674,0.0,0.03614457831325302,-57.845703125,-0.012115174904465675,-0.0019281901186332107,7.312557194381952
3500.0,83,1,27.88814926147461,-80.95621912859487,-55.9748154207213,5.5546875,9.266587257385254,40.05681546274715,0.0,0.12048192771084343,-39.836524963378906,-0.008343342691659927,-0.0013278841506689787,10.61839610338211
3500.0,83,2,12.929104804992676,-91.4954217573552,-65.49032858380005,0.490234375,4.366641044616699,88.77319271286626,0.0,0.4819277108433735,56.88538360595703,0.011914047412574291,0.0018961795140057802,7.436005398631096
3500.0,83,3,16.128143310546875,-95.6024652602895,-70.47483540545821,1.4765625,5.392416000366211,72.61779321365927,0.0,0.15662650602409633,55.02943420410156,0.011525338515639305,0.0018343145493417978,7.68679566681385
3500.0,83,4,-30.0,-220.0,-72.58022966248589,0.0,0.0014419741928577423,100.0,,1.0,0.0,0.0,0.0,1000000000000.0
3500.0,83,5,-30.0,-220.0,-74.28658741038836,0.0,0.0014419741928577423,100.0,,1.0,0.0,0.0,0.0,1000000000000.0
3500.0,83,6,6.287538051605225,-98.02778040860338,-73.6896506112173,0.490234375,2.393298625946045,79.51637252095043,0.0,0.7469879518072289,57.986236572265625,0.012144609354436398,0.0019328745547682047,7.294834591448307
3500.0,83,7,4.317703723907471,-102.37046804993972,-71.33274934537732,0.490234375,1.888511061668396,74.04122300629233,0.0,0.7469879518072289,45.25859069824219,0.009478937834501266,0.0015086197527125478,9.346292354166508
3500.0,83,8,2.7140610218048096,-101.45043798437102,-70.35603621367312,0.490234375,1.5201082229614258,67.75003466233863,0.0,0.5783132530120482,32.236785888671875,0.006751656532287598,0.0010745595209300518,13.121656142175198
3500.0,84,0,28.270957946777344,-79.04664607715344,-69.72067981514812,5.5546875,9.393555641174316,40.867039998651755,0.0,0.0357142857142857,-57.98902893066406,-0.01214519515633583,-0.0019329676870256662,7.294483482837677
3500.0,84,1,28.8426456451416,-80.96891481970273,-56.17590531594099,5.5546875,9.583202362060547,42.03725132643812,0.0,0.11904761904761907,-40.33732604980469,-0.008448230102658272,-0.001344577525742352,10.48656553030014
3500.0,84,2,13.247445106506348,-91.40343423390563,-65.40212316160529,0.490234375,4.467439651489258,89.0265025776772,0.0,0.47619047619047616,56.834259033203125,0.011903339996933937,0.0018944753101095557,7.442694157361984
3500.0,84,3,7.425441265106201,-95.55908023163006,-70.42984624742628,0.0,2.706573724746704,100.0,1.0,0.16666666666666663,55.699005126953125,0.01166557241231203,0.001856633578427136,7.594390772283077
3500.0,84,4,-30.0,-220.0,-72.55669765921886,0.0,0.0014419741928577423,100.0,,1.0,0.0,0.0,0.0,1000000000000.0
3500.0,84,5,-30.0,-220.0,-74.26582345623521,0.0,0.0014419741928577423,100.0,,1.0,0.0,0.0,0.0,1000000000000.0
3500.0,84,6,7.46450138092041,-97.99728645985127,-73.65844124139002,0.490234375,2.71756911277771,81.96055538403891,0.0,0.7380952380952381,57.942771911621094,0.012135505676269531,0.0019314257660880685,7.30030657723546
3500.0,84,7,3.957530975341797,-102.33704825686851,-71.30033324291148,0.490234375,1.802169680595398,72.79754618676988,0.0,0.7380952380952381,45.179473876953125,0.009462367743253708,0.0015059824800118804,9.3626594170928
3500.0,84,8,5.957986831665039,-101.41891167055513,-70.32378824183829,0.490234375,2.3053126335144043,78.73458168436585,0.0,0.5714285714285714,49.44084167480469,0.010354866273701191,0.0016480280319228768,8.555679582059383
3500.0,85,0,22.20274543762207,-79.08150164375627,-69.77209626880136,5.5546875,7.384254455566406,24.77659683283585,0.0,0.03529411764705881,-58.43133544921875,-0.012237830087542534,-0.0019477112218737602,7.2392662987113
3500.0,85,1,12.11638069152832,-94.26993648869292,-56.37763130356899,0.0,4.11098051071167,100.0,1.0,0.12941176470588234,-53.90028381347656,-0.011288849636912346,-0.0017966761952266097,7.847825065255165
3500.0,85,2,7.938916206359863,-91.31040352961381,-65.31294445665486,0.490234375,2.8522884845733643,82.81259495133685,0.0,0.47058823529411764,56.728187561035156,0.01188112422823906,0.0018909396603703499,7.456610444933176
3500.0,85,3,11.392942428588867,-95.49284739497197,-70.3846235513793,0.876953125,3.885713815689087,77.43135067077804,0.0,0.16470588235294115,54.91471862792969,0.011501312255859375,0.0018304906552657485,7.702853064984083
3500.0,85,4,-30.0,-220.0,-72.53319069344884,0.0,0.0014419741928577423,100.0,,1.0,0.0,0.0,0.0,1000000000000.0
3500.0,85,5,-30.0,-220.0,-74.24505671408542,0.0,0.0014419741928577423,100.0,,1.0,0.0,0.0,0.0,1000000000000.0
3500.0,85,6,0.8481709361076355,-97.96667580165605,-73.62710724681503,0.490234375,1.1477454900741577,57.287187861803304,0.0,0.7294117647058824,57.899566650390625,0.012126456946134567,0.0019299855921417475,7.3057543486356735
3500.0,85,7,1.4667996168136597,-102.30381044096578,-71.26787767802367,0.490234375,1.2641041278839111,61.218829668672626,0.0,0.7294117647058824,44.95543670654297,0.00941544584929943,0.0014985145535320044,9.409317746758461
3500.0,85,8,2.5740280151367188,-101.38741942861432,-70.29156940752989,0.490234375,1.4899801015853882,67.09792469856649,0.0,0.5647058823529412,41.27804183959961,0.008645253255963326,0.0013759346911683679,10.247579775750637
3500.0,86,0,22.477319717407227,-79.52933195840552,-69.82317919389021,5.5546875,7.474936008453369,25.689163175200026,0.0,0.03488372093023251,-58.474491119384766,-0.012246869504451752,-0.0019491497660055757,7.233923766762018
3500.0,86,1,11.470300674438477,-94.00967167052109,-56.57937287384532,2.5703125,3.9096877574920654,34.257857419059725,0.0,0.12790697674418605,-60.84296417236328,-0.012742920778691769,-0.0020280987955629826,6.952323950827122
3500.0,86,2,11.21802043914795,-91.21631627049574,-65.2227697895512,0.490234375,3.8316116333007812,87.20553067697828,0.0,0.4651162790697675,56.79814910888672,0.01189577579498291,0.001893271692097187,7.447425741702318
3500.0,86,3,4.54787015914917,-95.4616366460739,-70.33916507076376,0.0,1.9447163343429565,100.0,1.0,0.17441860465116277,55.36794662475586,0.011596236377954483,0.0018455982208251953,7.639799267053604
3500.0,86,4,-30.0,-220.0,-72.50970994731722,0.0,0.0014419741928577423,100.0,,1.0,0.0,0.0,0.0,1000000000000.0
3500.0,86,5,-30.0,-220.0,-74.22428773095399,0.0,0.0014419741928577423,100.0,,1.0,0.0,0.0,0.0,1000000000000.0
3500.0,86,6,1.3946516513824463,-97.93593101025763,-73.59564774163661,0.490234375,1.2501643896102905,60.78640704581106,0.0,0.7209302325581395,57.95027160644531,0.012137077748775482,0.001931675709784031,7.299361750483513
3500.0,86,7,1.6523690223693848,-102.27073373090366,-71.23538373882516,0.490234375,1.300402045249939,62.30132236482477,0.0,0.7209302325581395,44.997955322265625,0.009424351155757904,0.0014999319100752473,9.400427341461182
3500.0,86,8,5.585464954376221,-101.29806546043157,-70.25938227698234,0.490234375,2.2074708938598633,77.79203447875125,0.0,0.5581395348837209,50.25236511230469,0.010524831712245941,0.0016750788781791925,8.417514152824879
3500.0,87,0,20.678640365600586,-79.56729044947119,-69.87393456242226,5.5546875,6.881583213806152,19.28183780651046,0.0,0.03448275862068961,-58.484893798828125,-0.012249046936631203,-0.0019494964508339763,7.232637144625187
3500.0,87,1,9.189227104187012,-93.76777152222155,-56.780656095915866,2.5703125,3.2167699337005615,20.096477119110567,0.0,0.12643678160919536,-44.80717849731445,-0.009384393692016602,-0.0014935726067051291,9.440451860427856
3500.0,87,2,9.764657974243164,-91.13094946031075,-65.1315784288322,0.490234375,3.388537645339966,85.532568136754,0.0,0.45977011494252873,56.7437629699707,0.011884385719895363,0.0018914587562903762,7.4545638635754585
3500.0,87,3,12.65310287475586,-95.41745735579414,-70.29346855485028,0.490234375,4.279536724090576,88.54468587124515,0.0,0.1724137931034483,54.83979797363281,0.011485620401799679,0.001827993313781917,7.713376544415951
3500.0,87,4,-30.0,-220.0,-72.48625672444982,0.0,0.0014419741928577423,100.0,,1.0,0.0,0.0,0.0,1000000000000.0
3500.0,87,5,-30.0,-220.0,-74.20351694022233,0.0,0.0014419741928577423,100.0,,1.0,0.0,0.0,0.0,1000000000000.0
3500.0,87,6,2.500206470489502,-97.88378100507855,-73.56406144655631,0.490234375,1.4742356538772583,66.74653921775142,0.0,0.7126436781609196,57.993377685546875,0.012146104127168655,0.0019331126241013408,7.29393633082509
3500.0,87,7,-6.626015663146973,-102.23780140711412,-71.2028526909263,0.0,0.283885657787323,100.0,1.0,0.7241379310344828,45.047203063964844,0.009434664621949196,0.001501573482528329,9.3901501968503
3500.0,87,8,8.324031829833984,-101.28766661294883,-70.22722997880491,0.490234375,2.963167905807495,83.45573418100297,0.0,0.5517241379310345,39.666839599609375,0.0083078034222126,0.0013222279958426952,10.663819499313831
3500.0,88,0,20.0853214263916,-79.54604400732798,-69.92436717793385,5.5546875,6.686276912689209,16.92405844785878,0.0,0.03409090909090906,-58.3895263671875,-0.012229074724018574,-0.00194631761405617,7.24445004016161
3500.0,88,1,10.820660591125488,-93.54345220690148,-56.981070941386555,1.9140625,3.7092881202697754,48.3981174301232,0.0,0.125,-46.77577209472656,-0.009796695783734322,-0.0015591924311593175,9.043143130838871
3500.0,88,2,8.860064506530762,-91.03458172907511,-65.03935045758251,0.490234375,3.1195919513702393,84.2853045320664,0.0,0.4545454545454546,56.743865966796875,0.011884408071637154,0.001891462248750031,7.454550359398127
3500.0,88,3,8.186736106872559,-95.37303008097139,-70.24753249150984,1.6953125,2.9234890937805176,42.0106439388935,0.0,0.17045454545454541,54.97096633911133,0.011513092555105686,0.0018323655240237713,7.694971282035112
3500.0,88,4,-30.0,-220.0,-72.46283273315619,0.0,0.0014419741928577423,100.0,,1.0,0.0,0.0,0.0,1000000000000.0
3500.0,88,5,-30.0,-220.0,-74.18274513357608,0.0,0.0014419741928577423,100.0,,1.0,0.0,0.0,0.0,1000000000000.0
3500.0,88,6,3.325552225112915,-97.91796156663366,-73.53234760915024,0.490234375,1.6556166410446167,70.38962022689714,0.0,0.7045454545454546,57.973045349121094,0.012141846120357513,0.0019324348540976644,7.296494673937559
3500.0,88,7,0.1442345827817917,-102.61829360207072,-71.1702863738636,0.490234375,1.0241557359695435,52.13282923852328,0.0,0.7159090909090908,44.69267272949219,0.009360411204397678,0.0014897558139637113,9.464639239013195
3500.0,88,8,-1.0521082878112793,-101.41974963100624,-70.19511622244238,0.490234375,0.8358065485954285,41.34595190432068,0.0,0.5454545454545454,40.294677734375,0.00843929685652256,0.0013431559782475233,10.497664101421833
3500.0,89,0,19.544160842895508,-79.53113617595437,-69.97447806945743,5.5546875,6.508364677429199,14.65309989061494,0.0,0.0337078651685393,-58.849273681640625,-0.012325363233685493,-0.001961642410606146,7.187854498624802
3500.0,89,1,12.150379180908203,-93.33518454517274,-57.180197988615056,2.40625,4.1216230392456055,41.618872539095086,0.0,0.1235955056179775,-49.40265655517578,-0.010346868075430393,-0.001646755263209343,8.562292903661728
3500.0,89,2,7.3524489402771,-90.93708066015571,-64.94605807347514,0.490234375,2.6860671043395996,81.74899003051787,0.0,0.449438202247191,56.553138732910156,0.011844461783766747,0.0018851046916097403,7.479690946638584
3500.0,89,3,10.396513938903809,-95.32831935872716,-70.20135391187873,0.876953125,3.5796608924865723,75.50178211459482,0.0,0.1685393258426966,54.79498291015625,0.011476235464215279,0.0018264994723722339,7.719684857875109
3500.0,89,4,-10.113493919372559,-114.38882921814758,-72.43943882597424,0.0,0.13411647081375122,100.0,1.0,1.0,39.71149444580078,0.008317156694829464,0.0013237164821475744,10.651827789843082
3500.0,89,5,-30.0,-220.0,-74.16197266914398,0.0,0.0014419741928577423,100.0,,1.0,0.0,0.0,0.0,1000000000000.0
3500.0,89,6,4.674992084503174,-97.88692107605078,-73.50050509899248,0.490234375,1.9760938882827759,75.19174681391209,0.0,0.696629213483146,57.88936996459961,0.012124322354793549,0.0019296456594020128,7.307040970772505
3500.0,89,7,5.115251064300537,-97.00489357534082,-71.13768544944497,0.490234375,2.086552858352661,76.5050584250695,0.0,0.7078651685393258,44.0498161315918,0.009225772693753242,0.0014683272456750274,9.602764621376991
3500.0,89,8,-6.343512058258057,-101.38816512224653,-70.16304301264833,0.0,0.3011028468608856,100.0,1.0,0.550561797752809,33.57372283935547,0.007031665183603764,0.0011191241210326552,12.599139474332333
3500.0,90,0,19.728857040405273,-79.62018083501314,-70.02427101536969,5.5546875,6.569059371948242,15.441660891053887,0.0,0.033333333333333326,-58.63158416748047,-0.012279771268367767,-0.001954386243596673,7.214541547000408
3500.0,90,1,13.22164535522461,-93.1421743297617,-57.37773677379646,2.73046875,4.459258079528809,38.768541732652594,0.0,0.12222222222222223,-60.81419372558594,-0.012736896052956581,-0.0020271397661417723,6.955613382160664
3500.0,90,2,7.643083572387695,-90.83841450374527,-64.85167715997518,0.490234375,2.7680294513702393,82.28940899608844,0.0,0.4444444444444444,56.715511322021484,0.01187846902757883,0.0018905170727521181,7.45827704668045
3500.0,90,3,9.563097953796387,-95.28816015861071,-70.15493064374033,1.326171875,3.3281102180480957,60.152405175517686,0.0,0.16666666666666663,54.82499694824219,0.011482520028948784,0.0018274999456480145,7.715458981692791
3500.0,90,4,-9.707509994506836,-114.37670070330549,-72.41607639431696,0.0,0.14661192893981934,100.0,1.0,1.0,39.24611282348633,0.008219687268137932,0.0013082037912681699,10.778137482702732
3500.0,90,5,-30.0,-220.0,-74.14120014577756,0.0,0.0014419741928577423,100.0,,1.0,0.0,0.0,0.0,1000000000000.0
3500.0,90,6,5.174627780914307,-97.83430144926739,-73.46853291576576,0.490234375,2.1016576290130615,76.67391832844753,0.0,0.6888888888888889,57.90691375732422,0.012127995491027832,0.0019302305299788713,7.304827217012644
3500.0,90,7,11.899795532226562,-96.96905477998568,-71.10505133844839,0.490234375,4.043295383453369,87.87537568968577,0.0,0.7,43.99010467529297,0.009213266894221306,0.0014663368929177523,9.61579941213131
3500.0,90,8,0.7209621667861938,-101.35660659075498,-70.1310135176061,0.490234375,1.12471342086792,56.41250776382702,0.0,0.5444444444444445,41.66513442993164,0.008726325817406178,0.0013888378161936998,10.15237346291542
3500.0,91,0,20.620281219482422,-79.74676734432656,-70.07375252431058,5.5546875,6.862362384796143,19.055753856621628,0.0,0.03296703296703296,-58.48825454711914,-0.012249751947820187,-0.0019496085587888956,7.232221309095621
3500.0,91,1,14.065140724182129,-92.9637234878311,-57.573482712988586,3.029296875,4.727837562561035,35.92637574969788,0.0,0.1208791208791209,-62.40247344970703,-0.013069543987512589,-0.0020800824277102947,6.77857780829072
3500.0,91,2,10.22717571258545,-90.73856365502746,-64.75618666442301,0.490234375,3.528198003768921,86.10524765117157,0.0,0.43956043956043955,56.74308776855469,0.011884245090186596,0.0018914362881332636,7.454652804881334
3500.0,91,3,9.444276809692383,-95.24284694369443,-70.10826093163428,1.17578125,3.2926177978515625,64.29038162986306,0.0,0.1648351648351648,54.8217887878418,0.01148184947669506,0.0018273929599672556,7.715910207480192
3500.0,91,4,-16.645069122314453,-119.73469674512478,-72.39274716172139,0.0,0.03090350516140461,100.0,1.0,1.0,36.65876388549805,0.007677793502807617,0.0012219587806612253,11.538851074874401
3500.0,91,5,-19.22919464111328,-121.73543659462428,-74.12042823104966,0.0,0.017126740887761116,100.0,1.0,1.0,40.82941818237305,0.008551293984055519,0.0013609806774184108,10.360177606344223
3500.0,91,6,5.825924396514893,-97.80300892461366,-73.43642993733124,0.490234375,2.2704262733459473,78.40782672596819,0.0,0.6813186813186813,57.97185134887695,0.012141596525907516,0.0019323950400575995,7.296644616872072
3500.0,91,7,0.4140676259994507,-96.89544321250231,-71.07238593996888,0.490234375,1.0704138278961182,54.20141610431658,0.0,0.6923076923076923,39.51838684082031,0.008276712149381638,0.0013172795297577977,10.703878477215767
3500.0,91,8,1.8108932971954346,-101.46128093917159,-70.09903177590556,0.490234375,1.331912875175476,63.19320999615587,0.0,0.5384615384615384,48.04096221923828,0.010061675682663918,0.0016013653948903084,8.804986253380775
3500.0,92,0,20.657392501831055,-79.7842246717012,-70.1229289310983,5.5546875,6.874584674835205,19.199664230869995,0.0,0.03260869565217395,-58.506622314453125,-0.012253599241375923,-0.0019502207869663835,7.229950744658709
3500.0,92,1,12.616073608398438,-92.79922672106473,-57.76726887965879,3.322265625,4.267871379852295,22.15637892267084,0.0,0.11956521739130432,-62.87804412841797,-0.01316914800554514,-0.002095934934914112,6.727308500558138
3500.0,92,2,8.68542194366455,-90.6375027390923,-64.65956519654749,0.490234375,3.0683720111846924,84.02298113745597,0.0,0.4347826086956522,56.484161376953125,0.011830015107989311,0.0018828053725883365,7.488825358450413
3500.0,92,3,12.389558792114258,-95.18734863628906,-70.06134304781955,1.17578125,4.196629047393799,71.98272144805873,0.0,0.1630434782608695,54.670074462890625,0.01145007461309433,0.0018223358783870935,7.737322710454464
3500.0,92,4,-17.979196548461914,-117.16376190509109,-72.36945289519045,0.0,0.022793950513005257,100.0,1.0,1.0,39.596473693847656,0.008293066173791885,0.0013198824599385262,10.682770051062107
3500.0,92,5,-19.245073318481445,-121.72219961198937,-74.09965761317508,0.0,0.017064601182937622,100.0,1.0,1.0,40.70595932006836,0.008525436744093895,0.0013568652793765068,10.391599498689175
3500.0,92,6,6.091693878173828,-97.77162257718159,-73.40419503787959,0.490234375,2.3408524990081787,79.0574427390144,0.0,0.6739130434782609,58.072853088378906,0.012162750586867332,0.0019357617711648345,7.283954415470362
3500.0,92,7,6.666570663452148,-96.92470869211445,-71.03969123173462,0.490234375,2.49607515335083,80.35979107672739,0.0,0.6847826086956521,43.58446502685547,0.009128309786319733,0.0014528154861181974,9.705292992293835
3500.0,92,8,3.456413984298706,-101.42925565193332,-70.06710194823978,0.490234375,1.6854313611984253,70.91341799576941,0.0,0.5326086956521738,47.792747497558594,0.010009689256548882,0.0015930916415527463,8.85071512311697
3500.0,93,0,20.74334144592285,-79.75942899750774,-70.17179749009009,5.5546875,6.902895927429199,19.53105539476536,0.0,0.032258064516129004,-58.392478942871094,-0.012229692190885544,-0.0019464159850031137,7.2440835647284985
3500.0,93,1,8.851491928100586,-92.64695315180113,-57.95882814972707,0.0,3.117072105407715,100.0,1.0,0.12903225806451613,-50.20437240600586,-0.010514779016375542,-0.0016734790988266468,8.425560779869556
3500.0,93,2,6.523773193359375,-90.53518039703707,-64.5617766661704,0.490234375,2.4571619033813477,80.04875566704095,0.0,0.4301075268817204,56.61693572998047,0.01185782440006733,0.0018872312502935529,7.471262942999601
3500.0,93,3,8.221075057983398,-95.14147004666206,-70.01417347571109,1.6953125,2.9333980083465576,42.20652992958218,0.0,0.16129032258064513,54.80916213989258,0.011479204520583153,0.0018269721185788512,7.717688102275133
3500.0,93,4,-16.578420639038086,-117.14499613794266,-72.34619419066621,0.0,0.03137626871466637,100.0,1.0,1.0,38.979736328125,0.008163897320628166,0.001299324561841786,10.851792059838772
3500.0,93,5,-18.89867401123047,-121.70901130333141,-74.07888866655775,0.0,0.018472418189048767,100.0,1.0,1.0,40.5952262878418,0.00850224494934082,0.001353174215182662,10.419944301247597
3500.0,93,6,4.255410194396973,-97.74008307734944,-73.37182726144124,0.490234375,1.8734358549118042,73.83233732210816,0.0,0.6666666666666667,58.08802032470703,0.012165926396846771,0.0019362673629075289,7.28205218911171
3500.0,93,7,3.3323299884796143,-96.87120529117496,-71.00696756045949,0.490234375,1.6571539640426636,70.4170894414625,0.0,0.6774193548387097,39.72357940673828,0.008319687098264694,0.0013241192791610956,10.648587718605995
3500.0,93,8,5.956324100494385,-101.39730824555562,-70.03522535380071,0.490234375,2.3048720359802246,78.73051660364688,0.0,0.5268817204301075,47.80909729003906,0.010013114660978317,0.0015936365816742182,8.84768832474947
3500.0,94,0,20.188947677612305,-79.85854373796082,-70.22036491641384,5.5546875,6.720371246337891,17.345526067077067,0.0,0.03191489361702127,-58.513816833496094,-0.012255105189979076,-0.001950460602529347,7.229061797261238
3500.0,94,1,11.066420555114746,-92.50658205882003,-58.14807912178493,1.6953125,3.784846544265747,55.20789336707739,0.0,0.12765957446808507,-63.496131896972656,-0.013298599049448967,-0.0021165376529097557,6.661823019385338
3500.0,94,2,9.242608070373535,-90.43158731943316,-64.46279865924217,0.490234375,3.2326061725616455,84.83470151232437,0.0,0.42553191489361697,56.672306060791016,0.011869420297443867,0.001889076898805797,7.463963236659765
3500.0,94,3,12.847163200378418,-95.09527496091609,-69.96675058780751,1.02734375,4.340751647949219,76.3325840010827,0.0,0.15957446808510634,54.52513885498047,0.011419719085097313,0.0018175046425312757,7.757889572530985
3500.0,94,4,-13.585274696350098,-117.12648383770951,-72.3229729474546,0.0,0.061845071613788605,100.0,1.0,1.0,38.500118255615234,0.00806344673037529,0.001283337245695293,10.986979119479656
3500.0,94,5,-19.5220890045166,-121.69594446182029,-74.05812214035961,0.0,0.016015946865081787,100.0,1.0,1.0,40.475337982177734,0.008477135561406612,0.001349177910014987,10.450808331370354
3500.0,94,6,6.279693126678467,-97.70840842766813,-73.33932548534128,0.490234375,2.3911893367767334,79.49830373278495,0.0,0.6595744680851063,58.04082489013672,0.012156042270362377,0.0019346942426636815,7.287973538041115
3500.0,94,7,12.637042045593262,-96.83576954832611,-70.97421711629092,0.490234375,4.274476528167725,88.5311248811526,0.0,0.6702127659574468,45.3769645690918,0.00950372964143753,0.00151256553363055,9.321910329163074
3500.0,94,8,-0.5342075228691101,-100.98256360432835,-70.00340648040913,0.490234375,0.9139968752861023,46.36367057091467,0.0,0.5212765957446808,40.49971008300781,0.00848224014043808,0.0013499903725460172,10.444519110023975
3500.0,95,0,20.171428680419922,-79.89549665712818,-70.26863515058383,5.5546875,6.714606285095215,17.2745613941647,0.0,0.03157894736842104,-58.508644104003906,-0.012254022061824799,-0.0019502881914377213,7.229701150208712
3500.0,95,1,13.500843048095703,-92.37734431387209,-58.33492445249537,2.40625,4.547915935516357,47.09115044962234,0.0,0.12631578947368416,-62.147682189941406,-0.01301618106663227,-0.0020715894643217325,6.806368008255959
3500.0,95,2,9.18813705444336,-90.32669103774253,-64.36260353791741,0.490234375,3.216447114944458,84.75851280991867,0.0,0.42105263157894735,56.406700134277344,0.011813792400062084,0.0018802233971655369,7.499109487980604
3500.0,95,3,6.630617618560791,-95.04877213793547,-69.91907210630991,1.9140625,2.4862561225891113,23.01426700935567,0.0,0.1578947368421053,54.81635284423828,0.01148071140050888,0.0018272118177264929,7.716675288975239
3500.0,95,4,-11.719222068786621,-117.10819074074325,-72.29979067639698,0.0,0.0939788669347763,100.0,1.0,1.0,38.348045349121094,0.00803159549832344,0.0012782681733369827,11.030549183487892
3500.0,95,5,-19.091739654541016,-121.68256102769266,-74.03735865292509,0.0,0.01767411082983017,100.0,1.0,1.0,40.36408996582031,0.008453835733234882,0.0013454697327688336,10.479612275958061
3500.0,95,6,5.069427013397217,-97.67659935871754,-73.30668856321567,0.490234375,2.0749287605285645,76.37343583424435,0.0,0.6526315789473685,58.086570739746094,0.012165622785687447,0.0019362190505489707,7.282234262675047
3500.0,95,7,-0.0032439464703202248,-96.48801026030823,-70.94144156065403,0.490234375,0.9994613528251648,50.950141932525895,0.0,0.6631578947368422,43.38660430908203,0.009086869657039642,0.001446220208890736,9.74955316632986
3500.0,95,8,0.19277304410934448,-100.59420715344251,-69.97164893953375,0.490234375,1.0323741436004639,52.51388481212058,0.0,0.5157894736842106,39.190773010253906,0.008208096027374268,0.0013063590740785003,10.793357156217098
3500.0,96,0,19.982454299926758,-79.86458865397205,-70.31661449975655,5.5546875,6.652441024780273,16.50151456722657,0.0,0.03125,-58.52473449707031,-0.012257391586899757,-0.001950824516825378,7.227713242173195
3500.0,96,1,12.789224624633789,-91.78987541503912,-58.51932422534358,3.029296875,4.322461128234863,29.917313652348444,0.0,0.125,-54.91865158081055,-0.011502135545015335,-0.0018306217389181256,7.7023012563586235
3500.0,96,2,9.687993049621582,-90.21145548533724,-64.26116730036094,0.490234375,3.3655216693878174,85.4336289241848,0.0,0.41666666666666663,56.519554138183594,0.01183742843568325,0.0018839851254597306,7.4841356836259365
3500.0,96,3,13.547987937927246,-95.00200277065778,-69.87113630799183,0.740234375,4.562911510467529,83.77714813662574,0.0,0.15625,54.375701904296875,0.011388421058654785,0.0018125234637409449,7.77920987457037
3500.0,96,4,-13.419382095336914,-117.09025521765003,-72.27664928160243,0.0,0.06420034170150757,100.0,1.0,1.0,38.41608810424805,0.008045846596360207,0.001280536293052137,11.011011898517609
3500.0,96,5,-19.210859298706055,-121.66932514336949,-74.01659894350408,0.0,0.017198769375681877,100.0,1.0,1.0,40.234317779541016,0.008426656015217304,0.0013411439722403884,10.51341276615858
3500.0,96,6,5.881426811218262,-97.68681475399961,-73.27391530332079,0.490234375,2.285061836242676,78.5461221563224,0.0,0.6458333333333333,58.08155059814453,0.012164571322500706,0.0019360517617315054,7.2828633710742
3500.0,96,7,5.915633201599121,-96.438050907455,-70.90864312930441,0.490234375,2.294100522994995,78.63064978687207,0.0,0.65625,40.344749450683594,0.00844978541135788,0.001344825024716556,10.484635829925537
3500.0,96,8,-2.5236868858337402,-100.56535176742004,-69.93995731344249,0.490234375,0.6408824324607849,23.50634840813849,0.0,0.5104166666666667,41.38230514526367,0.008667089976370335,0.0013794101541861892,10.221760720014572
3500.0,97,0,20.090547561645508,-79.90118260931305,-70.36430341200773,0.0,6.6879963874816895,100.0,1.0,0.04123711340206182,-58.50114059448242,-0.012252449989318848,-0.0019500380149111152,7.230628281831741
3500.0,97,1,14.760736465454102,-91.4898779975263,-58.701180637332,2.73046875,4.950829029083252,44.84825200062297,0.0,0.12371134020618557,-58.2274169921875,-0.012195121496915817,-0.0019409139640629292,7.26461922749877
3500.0,97,2,9.755108833312988,-90.0267056840181,-64.15845516786598,0.490234375,3.3856687545776367,85.5203089688803,0.0,0.41237113402061853,56.57311248779297,0.01184864528477192,0.0018857704708352685,7.477050181478262
3500.0,97,3,6.206045627593994,-94.954931155136,-69.82294030111515,2.16015625,2.371419906616211,8.908740962610196,0.0,0.15463917525773196,54.80067825317383,0.011477427557110786,0.0018266893457621336,7.7188825234770775
3500.0,97,4,-17.97389030456543,-117.07263004959347,-72.253549917333,0.0,0.022821586579084396,100.0,1.0,1.0,38.78864288330078,0.00812387466430664,0.0012929547810927033,10.905253700911999
3500.0,97,5,-19.19628143310547,-121.65605891408737,-73.99584357279679,0.0,0.017256248742341995,100.0,1.0,1.0,40.136932373046875,0.008406260050833225,0.0013378977309912443,10.538922622799873
3500.0,97,6,6.406069755554199,-97.6548217909033,-73.24100467035174,0.490234375,2.4252614974975586,79.78632920590891,0.0,0.6391752577319587,58.061058044433594,0.012160279788076878,0.001935368636623025,7.285433821380138
3500.0,97,7,6.677453994750977,-96.39873912807124,-70.87582301350156,0.490234375,2.4990506172180176,80.38317544981395,0.0,0.6494845360824743,40.38569259643555,0.008458360098302364,0.0013461897615343332,10.47400664538145
3500.0,97,8,0.7763952016830444,-100.88356761707277,-69.9083343245621,0.490234375,1.1347122192382812,56.796589770656695,0.0,0.5051546391752577,42.934932708740234,0.00899227149784565,0.0014311644481495023,9.852117858827114
3500.0,98,0,20.128475189208984,-79.9376309315779,-70.41170470433663,5.5546875,6.700473785400391,17.100078622752545,0.0,0.04081632653061229,-58.503726959228516,-0.012252992019057274,-0.001950124278664589,7.230308838188648
3500.0,98,1,12.58068561553955,-91.40586799384684,-58.88044964036249,3.322265625,4.256728649139404,21.95260964845216,0.0,0.12244897959183676,-55.574249267578125,-0.011639444157481194,-0.0018524749903008342,7.611439097672701
3500.0,98,2,9.173555374145508,-89.91881311395561,-64.05443506671241,0.490234375,3.212124824523926,84.73800360256367,0.0,0.40816326530612246,56.21643829345703,0.011773943901062012,0.0018738813232630491,7.524489425122738
3500.0,98,3,13.426548957824707,-94.90756103157425,-69.77448161315019,0.740234375,4.5243000984191895,83.63869860757819,0.0,0.15306122448979587,54.284481048583984,0.011369315907359123,0.0018094826955348253,7.79228238388896
3500.0,98,4,-14.597657203674316,-117.05532446702347,-72.23049406150187,0.0,0.04920192435383797,100.0,1.0,1.0,37.93818283081055,0.007945754565298557,0.001264606136828661,11.14971749484539
3500.0,98,5,-19.161806106567383,-121.6427358907871,-73.97509318075768,0.0,0.017392951995134354,100.0,1.0,1.0,40.02030563354492,0.00838183332234621,0.0013340101577341557,10.569634847342968
3500.0,98,6,7.630849838256836,-97.62268744080487,-73.20795553703093,0.490234375,2.7645628452301025,82.26720091222248,0.0,0.6326530612244898,57.99596405029297,0.012146647088229656,0.0019331987714394927,7.29361129924655
3500.0,98,7,7.7387285232543945,-96.38081151987974,-70.84298287816439,0.490234375,2.7951812744140625,82.46144607910037,0.0,0.6428571428571428,42.81126403808594,0.008966370485723019,0.0014270421816036105,9.880577214062214
3500.0,98,8,3.5399937629699707,-100.85352376516713,-69.87678352972847,0.490234375,1.7046208381652832,71.24085520815004,0.0,0.5,42.79778289794922,0.008963547646999359,0.0014265928184613585,9.883689694106579
3500.0,99,0,19.57809829711914,-79.97393958941777,-70.45882267019309,5.5546875,6.519515514373779,14.799075364520464,0.0,0.04040404040404044,-58.50579833984375,-0.012253426015377045,-0.0019501933129504323,7.230052724480629
3500.0,99,1,14.792407989501953,-91.3289593728966,-59.05712122018753,2.73046875,4.961010932922363,44.96144461444326,0.0,0.12121212121212122,-59.6370735168457,-0.01249036006629467,-0.001987902447581291,7.09290336817503
3500.0,99,2,12.25275707244873,-89.80948372578796,-63.94907630273104,0.490234375,4.153700351715088,88.19764707394988,0.0,0.4040404040404041,56.41762161254883,0.011816078796982765,0.0018805874278768897,7.497657556086779
3500.0,99,3,5.369391918182373,-94.85988189050927,-69.72575795624493,0.0,2.1515398025512695,100.0,1.0,0.16161616161616166,54.75809097290039,0.011468508280813694,0.001825269777327776,7.724885828793049
3500.0,99,4,-16.549985885620117,-119.55557001925263,-72.20748336788944,0.0,0.03158013895153999,100.0,1.0,1.0,35.2812385559082,0.00738928560167551,0.001176041318103671,11.989375576376915
3500.0,99,5,-19.170682907104492,-121.62947235103596,-73.95434842494015,0.0,0.01735764555633068,100.0,1.0,1.0,39.901344299316406,0.008356918580830097,0.0013300448190420866,10.601147077977657
3500.0,99,6,6.849429130554199,-97.59042006200347,-73.17476665119383,0.490234375,2.546236991882324,80.74671067292952,0.0,0.6262626262626263,58.01148986816406,0.012149898335337639,0.0019337163539603353,7.291659247130156
3500.0,99,7,-0.12350937724113464,-96.67624659571626,-70.81012465670901,0.490234375,0.9796314239501953,49.95726320995154,0.0,0.6363636363636364,42.763710021972656,0.00895641092211008,0.001425457070581615,9.891564957797527
3500.0,99,8,3.192063570022583,-101.2071308866393,-69.84530900028162,0.490234375,1.6254956722259521,69.840930162018,0.0,0.4949494949494949,47.35737609863281,0.00991850532591343,0.0015785791911184788,8.932082913815975
3500.0,100,0,18.802099227905273,-80.01006954208351,-70.50565959709084,5.5546875,6.264807224273682,11.3350610617713,0.0,0.040000000000000036,-58.50398254394531,-0.012253046035766602,-0.0019501327769830823,7.230277173221111
3500.0,100,1,10.382011413574219,-91.25310125501427,-59.231176526436,0.0,3.575247287750244,100.0,1.0,0.13,-56.425743103027344,-0.011817780323326588,-0.0018808580935001373,7.496578618884087
3500.0,100,2,10.4976224899292,-89.69868242101884,-63.842344507371486,0.490234375,3.610468864440918,86.42186393495149,0.0,0.4,56.26605987548828,0.01178433746099472,0.0018755353521555662,7.517853751778603
3500.0,100,3,11.664825439453125,-94.79854061663647,-69.67676695008976,0.490234375,3.9700963497161865,87.65182676145767,0.0,0.16000000000000003,54.20262145996094,0.011352171190083027,0.0018067540368065238,7.804050575941801
3500.0,100,4,-16.75020980834961,-119.53439092828853,-72.18451941115937,0.0,0.03017200529575348,100.0,1.0,1.0,35.10127258300781,0.00735159358009696,0.0011700424365699291,12.05084566026926
3500.0,100,5,-17.886377334594727,-120.42713727032461,-73.93361003662488,0.0,0.02328239381313324,100.0,1.0,1.0,16.976539611816406,0.003555558156222105,0.0005658846348524094,24.916738271713257
3500.0,100,6,7.968052864074707,-97.55799885535106,-73.14143699170029,0.490234375,2.860630989074707,82.86271885915038,0.0,0.62,57.83540344238281,0.01211301889270544,0.001927846809849143,7.313859183341265
3500.0,100,7,12.442780494689941,-96.64102352393263,-70.77725018917081,0.490234375,4.213350296020508,88.36473730980725,0.0,0.63,42.451820373535156,0.008891088888049126,0.0014150607166811824,9.964236989617348
3500.0,100,8,-6.445469856262207,-101.12009841864683,-69.81391447268669,0.0,0.2947833836078644,100.0,1.0,0.5,31.327075958251953,0.006561127491295338,0.0010442358907312155,13.5026965290308
3500.0,101,0,18.76607322692871,-80.04610297925532,-70.55222134021753,5.5546875,6.25299596786499,11.167582251031249,0.0,0.03960396039603964,-58.50408935546875,-0.012253068387508392,-0.001950136385858059,7.230264134705067
3500.0,101,1,-0.48311540484428406,-99.71749358243673,-59.40264629135912,0.0,0.9219866991043091,100.0,1.0,0.13861386138613863,-49.70274353027344,-0.010409718379378319,-0.0016567581333220005,8.510597050189972
3500.0,101,2,11.848207473754883,-89.62891399951828,-63.73420965296267,0.490234375,4.027203559875488,87.82692834590272,0.0,0.39603960396039606,56.22658157348633,0.01177606824785471,0.0018742193933576345,7.523132022470236
3500.0,101,3,5.964512348175049,-94.77400888419203,-69.62750644305967,1.4765625,2.307041883468628,35.99758588777788,0.0,0.15841584158415845,54.639442443847656,0.011443658731877804,0.0018213147995993495,7.7416603453457355
3500.0,101,4,-14.646125793457031,-119.51364382478837,-72.16160403314464,0.0,0.04866497218608856,100.0,1.0,1.0,34.91923904418945,0.0073134684935212135,0.0011639746371656656,12.113666161894798
3500.0,101,5,-15.454980850219727,-120.26204295889511,-73.91287867409022,0.0,0.04051022231578827,100.0,1.0,1.0,22.55623435974121,0.004724166821688414,0.0007518744678236544,18.753129988908768
3500.0,101,6,6.016387939453125,-97.5254713626319,-73.10796510457773,0.490234375,2.3208088874816895,78.87657283439854,0.0,0.6138613861386139,57.872711181640625,0.012120832689106464,0.0019290903583168983,7.309144362807274
3500.0,101,7,4.24772310256958,-96.5998466296229,-70.74436171886865,0.490234375,1.871579647064209,73.80638458165593,0.0,0.6237623762376238,41.663429260253906,0.0087259691208601,0.0013887810055166483,10.152788832783699
3500.0,101,8,-0.6578737497329712,-100.86344206630942,-69.78260463205157,0.490234375,0.8948636651039124,45.216864409946346,0.0,0.49504950495049505,28.61670684814453,0.0059934696182608604,0.000953890266828239,14.78157564997673
3500.0,102,0,18.64979362487793,-80.08194037147669,-70.59850682324549,5.5546875,6.214881896972656,10.622798758158947,0.0,0.039215686274509776,-58.515159606933594,-0.012255387380719185,-0.0019505053060129285,7.2288960218429565
3500.0,102,1,-0.27211877703666687,-96.57396983577894,-59.571494771096134,0.490234375,0.9555099606513977,48.69395451766996,0.0,0.13725490196078427,-51.799713134765625,-0.010848907753825188,-0.0017266571521759033,8.166068233549595
3500.0,102,2,10.165318489074707,-89.51441344525517,-63.62462773854386,0.490234375,3.5094425678253174,86.0309902349027,0.0,0.3921568627450981,56.09039306640625,0.011747544631361961,0.0018696797778829932,7.5413985177874565
3500.0,102,3,8.829853057861328,-94.72545594130501,-69.5779731821589,0.6015625,3.1107141971588135,80.66159531629617,0.0,0.1568627450980392,54.20158767700195,0.011351954191923141,0.001806719577871263,7.8041995875537395
3500.0,102,4,-10.617829322814941,-113.81776360223537,-72.13873832690436,0.0,0.12000618875026703,100.0,1.0,1.0,37.711517333984375,0.007898282259702682,0.0012570505496114492,11.216732673346996
3500.0,102,5,-18.339035034179688,-121.39249537286764,-73.8921549396162,0.0,0.020994579419493675,100.0,1.0,1.0,39.52910232543945,0.008278955705463886,0.0013176368083804846,10.700976476073265
3500.0,102,6,7.5677876472473145,-97.45173439210687,-73.07435000100983,0.490234375,2.746716022491455,82.15198182172016,0.0,0.607843137254902,57.751060485839844,0.012095354497432709,0.0019250353798270226,7.324540987610817
3500.0,102,7,7.108353137969971,-95.26440132366217,-70.71146043409152,0.490234375,2.6178834438323975,81.27363629748423,0.0,0.6176470588235294,42.012882232666016,0.008799158036708832,0.0014004294062033296,10.068340227007866
3500.0,102,8,-0.9528791308403015,-100.53423345922562,-69.75138206930221,0.490234375,0.8503942489624023,42.35210602633388,0.0,0.4901960784313726,36.40786361694336,0.007625245489180088,0.0012135955039411783,11.61836925894022
3500.0,103,0,19.065942764282227,-80.11771707264401,-70.64452576373813,5.5546875,6.35134744644165,12.543164315282107,0.0,0.03883495145631066,-58.52349090576172,-0.01225713174790144,-0.0019507830729708076,7.227866910398006
3500.0,103,1,2.1124014854431152,-96.57545012350447,-59.73781473340163,0.490234375,1.3931128978729248,64.81014742247275,0.0,0.13592233009708743,-53.61436462402344,-0.01122896745800972,-0.0017871455056592822,7.8896768391132355
3500.0,103,2,12.018664360046387,-89.3983392328041,-63.51357751119682,0.490234375,4.080418586730957,87.98568419930777,0.0,0.38834951456310685,56.16081237792969,0.011762293986976147,0.0018720270600169897,7.531942334026098
3500.0,103,3,6.969391345977783,-94.67663089707523,-69.52816653270264,1.02734375,2.579342842102051,60.170329696739344,0.0,0.15533980582524276,54.26812744140625,0.011365890502929688,0.0018089376389980316,7.794630713760853
3500.0,103,4,-7.147497653961182,-112.9194887419169,-72.1159250845107,0.0,0.25442904233932495,100.0,1.0,1.0,36.334510803222656,0.007609882391989231,0.0012111503165215254,11.64182461798191
3500.0,103,5,-18.330547332763672,-121.37228820699102,-73.87143988396116,0.0,0.021035348996520042,100.0,1.0,1.0,39.40149688720703,0.00825223047286272,0.001313383225351572,10.735632851719856
3500.0,103,6,5.9246826171875,-97.4188123233294,-73.04059037823362,0.490234375,2.2964940071105957,78.65292165004152,0.0,0.6019417475728155,57.72803497314453,0.01209053210914135,0.0019242678536102176,7.327462546527386
3500.0,103,7,12.069801330566406,-95.23453045809534,-70.67854999045596,0.490234375,4.096406936645508,88.03257628985838,0.0,0.6116504854368932,41.804744720458984,0.008755565620958805,0.0013934915186837316,10.118468664586544
3500.0,103,8,2.351419448852539,-100.80508782355923,-69.72025365923801,0.490234375,1.4427947998046875,66.02189202051716,0.0,0.4854368932038835,37.25695037841797,0.007803077343851328,0.0012418983969837427,11.353586800396442
3500.0,104,0,19.218664169311523,-80.15332109008239,-70.69027518285418,5.5546875,6.401470184326172,13.227940768973612,0.0,0.038461538461538436,-58.50212097167969,-0.012252656742930412,-0.0019500707276165485,7.230507209897041
3500.0,104,1,7.381930828094482,-94.91784636616387,-59.90156292004147,0.490234375,2.6943438053131104,81.80505494386861,0.0,0.13461538461538458,-48.465755462646484,-0.010150644928216934,-0.0016155252233147621,8.727812208235264
3500.0,104,2,13.14643383026123,-89.28061772235205,-63.40100576057744,0.6015625,4.435418605804443,86.43730043399374,0.0,0.3846153846153846,55.981422424316406,0.011724721640348434,0.0018660473870113492,7.556078024208546
3500.0,104,3,4.598708152770996,-94.5520754046724,-69.47808211705734,0.740234375,1.9572362899780273,62.179611179787074,0.0,0.15384615384615385,54.48863983154297,0.011412073858082294,0.0018162879860028625,7.763086352497339
3500.0,104,4,-13.356341361999512,-115.26194877673734,-72.09316484471735,0.0,0.06511818617582321,100.0,1.0,1.0,35.980865478515625,0.007535815238952637,0.0011993622174486518,11.756248772144318
3500.0,104,5,-18.164976119995117,-121.35173268786295,-73.85073382500795,0.0,0.021846625953912735,100.0,1.0,1.0,39.293251037597656,0.008229559287428856,0.001309775048866868,10.765207931399345
3500.0,104,6,5.627202987670898,-97.3857281090816,-73.00668494219053,0.490234375,2.2183454036712646,77.90089973415846,0.0,0.5961538461538461,57.86510467529297,0.012119239196181297,0.0019288368057459593,7.310105487704277
3500.0,104,7,6.369226455688477,-96.51578252854088,-70.64563081928117,0.490234375,2.415308952331543,79.70303656073615,0.0,0.6057692307692308,41.30653381347656,0.008651220239698887,0.0013768845237791538,10.240511037409306
3500.0,104,8,1.6704695224761963,-100.77615102986799,-69.68922090221746,0.490234375,1.3039765357971191,62.40466284921911,0.0,0.4807692307692307,38.313350677490234,0.00802432931959629,0.001277111703529954,11.040538549423218
3500.0,105,0,18.999591827392578,-80.18883508822299,-70.73576305403665,5.5546875,6.329578399658203,12.242377781434023,0.0,0.03809523809523807,-58.51412582397461,-0.0122551703825593,-0.0019504708470776677,7.229023613035679
3500.0,105,1,3.5398082733154297,-97.23826617938636,-60.06282271295084,1.17578125,1.704578161239624,31.022156875168804,0.0,0.1333333333333333,-61.691925048828125,-0.012920727021992207,-0.002056397497653961,6.856651045382023
3500.0,105,2,12.023799896240234,-89.1612338807798,-63.28688601699866,0.740234375,4.0820231437683105,81.86599269702684,0.0,0.38095238095238093,55.862770080566406,0.011699872091412544,0.0018620924092829227,7.572127506136894
3500.0,105,3,9.12083625793457,-94.57800967576318,-69.42771898550392,0.490234375,3.196512222290039,84.66346001803218,0.0,0.1523809523809524,53.88336181640625,0.01128530502319336,0.0017961120465770364,7.850290276110172
3500.0,105,4,-13.59170913696289,-114.12241659652,-72.07046024701015,0.0,0.06175544857978821,100.0,1.0,1.0,34.34330368041992,0.007192844990640879,0.0011447768192738295,12.316811829805374
3500.0,105,5,-18.236328125,-121.33122252061557,-73.83003779884572,0.0,0.021493274718523026,100.0,1.0,1.0,39.158199310302734,0.00820127408951521,0.0013052732683718204,10.802335105836391
3500.0,105,6,5.3920745849609375,-97.35252109561802,-72.97263243281584,0.490234375,2.1573822498321533,77.27642493405419,0.0,0.5904761904761905,57.98732376098633,0.012144837528467178,0.0019329107599332929,7.294697687029839
3500.0,105,7,10.49317741394043,-96.4847817773994,-70.61270640791719,0.490234375,3.6091136932373047,86.41676553668584,0.0,0.6,41.191162109375,0.008627057075500488,0.001373038743622601,10.269192978739738
3500.0,105,8,-4.580638885498047,-100.7473478790649,-69.65829031101298,0.0,0.4311266243457794,100.0,1.0,0.48571428571428577,29.309532165527344,0.006138574331998825,0.0009769843891263008,14.432164840400219
3500.0,106,0,19.26125717163086,-80.22419540584677,-70.780988916264,5.5546875,6.41545295715332,13.417064436479965,0.0,0.037735849056603765,-58.49720764160156,-0.012251626700162888,-0.001949906931258738,7.231114432215691
3500.0,106,1,2.990602493286133,-96.97097377498349,-60.221592512819655,0.6015625,1.5806035995483398,61.94096355519515,0.0,0.13207547169811318,-57.129356384277344,-0.011965145356953144,-0.0019043119391426444,7.404249627143145
3500.0,106,2,14.590133666992188,-89.00081178844003,-63.171169031600535,0.6015625,4.896023273468018,87.71324263796048,0.0,0.37735849056603776,56.004188537597656,0.011729490011930466,0.001866806298494339,7.553006522357464
3500.0,106,3,-0.7186488509178162,-94.51749560645035,-69.37707370044383,0.0,0.8855673670768738,100.0,1.0,0.160377358490566,54.31640625,0.011376001872122288,0.0018105468479916453,7.787702605128288
3500.0,106,4,-12.734962463378906,-115.30532433234785,-72.0478124471631,0.0,0.07487883418798447,100.0,1.0,1.0,38.216163635253906,0.008003974333405495,0.001273872097954154,11.06861513108015
3500.0,106,5,-18.105318069458008,-121.31072419159497,-73.80935238162839,0.0,0.02214648760855198,100.0,1.0,1.0,39.043434143066406,0.008177237585186958,0.0013014478608965874,10.834088549017906
3500.0,106,6,5.61845064163208,-97.31916982618304,-72.93843164495303,0.490234375,2.2160632610321045,77.8781416749051,0.0,0.5849056603773585,58.019508361816406,0.01215157750993967,0.00193398364353925,7.290651556104422
3500.0,106,7,12.106843948364258,-96.27777160898803,-70.57977812167151,0.490234375,4.107995986938477,88.0663375388214,0.0,0.5943396226415094,41.135223388671875,0.008615341037511826,0.001371174119412899,10.283158160746098
3500.0,106,8,-3.358182430267334,-100.76672704299355,-69.62746481803404,0.0,0.5474603176116943,100.0,1.0,0.49056603773584906,27.28642463684082,0.005714855622500181,0.0009095474961213768,15.502214431762695
3500.0,107,0,19.718530654907227,-80.18580169667929,-70.82595692706249,5.5546875,6.565665245056152,15.397948377240267,0.0,0.03738317757009346,-58.49006652832031,-0.012250130996108055,-0.001949668861925602,7.231997326016426
3500.0,107,1,3.238771438598633,-96.97634574949427,-60.3779223112691,0.6015625,1.636001467704773,63.22970902685303,0.0,0.13084112149532712,-57.932342529296875,-0.012133322656154633,-0.0019310781499370933,7.30162113904953
3500.0,107,2,11.992137908935547,-88.87857961058631,-63.05381562172281,1.02734375,4.072129249572754,74.77133737570367,0.0,0.3738317757009346,55.73765563964844,0.011673667468130589,0.0018579218303784728,7.589124608784914
3500.0,107,3,7.95255708694458,-94.39360206609064,-69.32614404151411,0.490234375,2.8561933040618896,82.83609256058331,0.0,0.15887850467289721,54.220680236816406,0.01135595329105854,0.0018073560204356909,7.801451720297337
3500.0,107,4,-6.359419822692871,-112.77135177243201,-72.02522339219118,0.0,0.3001089096069336,100.0,1.0,1.0,36.196067810058594,0.007580887526273727,0.0012065356131643057,11.686352081596851
3500.0,107,5,-18.15594482421875,-121.29018253496679,-73.78867836761617,0.0,0.0218917615711689,100.0,1.0,1.0,38.91666030883789,0.008150686509907246,0.0012972219847142696,10.86938101798296
3500.0,107,6,7.215419292449951,-97.28567751411232,-72.90408123509718,0.490234375,2.6477153301239014,81.48462678663196,0.0,0.5794392523364487,57.854652404785156,0.012117050588130951,0.001928488491103053,7.311426103115082
3500.0,107,7,9.9830322265625,-96.15307891801754,-70.54684849678941,0.490234375,3.454308271408081,85.8080305380456,0.0,0.5887850467289719,40.871917724609375,0.008560193702578545,0.001362397219054401,10.349404066801071
3500.0,107,8,-9.742753982543945,-100.65986943054126,-69.59674936011697,0.0,0.14548474550247192,100.0,1.0,0.4953271028037384,26.867021560668945,0.005627016071230173,0.0008955674129538238,15.744209289550781
3500.0,108,0,20.38408660888672,-80.22080111746477,-70.87066886726086,5.5546875,6.784593105316162,18.12791992422438,0.0,0.03703703703703709,-58.49663543701172,-0.012251507490873337,-0.0019498878391459584,7.231185212731361
3500.0,108,1,3.3078439235687256,-96.98271242753542,-60.53184243354513,0.6015625,1.6516036987304688,63.577067521560984,0.0,0.12962962962962965,-63.190853118896484,-0.013234661892056465,-0.0021063617896288633,6.694006733596325
3500.0,108,2,12.88648509979248,-88.7925504680637,-62.934779326597194,0.6015625,4.353172302246094,86.18105468305002,0.0,0.37037037037037035,55.776100158691406,0.01168171875178814,0.0018592033302411437,7.583893369883299
3500.0,108,3,-8.558079719543457,-94.33610528978734,-69.27492725294229,0.0,0.18824554979801178,100.0,1.0,0.16666666666666663,56.71775817871094,0.011878940276801586,0.0018905919278040528,7.457981817424297
3500.0,108,4,-10.70267105102539,-112.75415568632769,-72.00269471506155,0.0,0.1177767738699913,100.0,1.0,1.0,38.80574035644531,0.008127454668283463,0.001293524750508368,10.900449007749557
3500.0,108,5,-17.22768211364746,-121.26949464421716,-73.76801650037774,0.0,0.027059946209192276,100.0,1.0,1.0,38.784915924072266,0.008123094215989113,0.001292830565944314,10.906302370131016
3500.0,108,6,6.163209915161133,-97.25203284792264,-72.8695799713783,0.490234375,2.3599510192871094,79.22692585594046,0.0,0.5740740740740741,57.74531555175781,0.012094151228666306,0.0019248438766226172,7.325269747525454
3500.0,108,7,9.53124713897705,-96.12225929769687,-70.51391963851407,0.490234375,3.318586587905884,85.22761537135752,0.0,0.5833333333333333,40.50602722167969,0.008483562618494034,0.001350200967863202,10.442890226840973
3500.0,108,8,-0.3493289053440094,-100.59709983411706,-69.56614805235169,0.490234375,0.9431441426277161,48.02126707438945,0.0,0.4907407407407407,35.38609313964844,0.007411247119307518,0.0011795364553108811,11.953848414123058
3500.0,109,0,20.63357162475586,-80.25566200421535,-70.91512801918445,5.5546875,6.866739749908447,19.10735367429559,0.0,0.03669724770642202,-58.52458190917969,-0.01225735992193222,-0.0019508193945512176,7.2277323342859745
3500.0,109,1,-0.5837806463241577,-98.79962830651714,-60.68339961082588,0.6015625,0.9062921404838562,33.62377613924418,0.0,0.12844036697247707,-53.45673370361328,-0.011195953004062176,-0.0017818911001086235,7.91294127702713
3500.0,109,2,11.628870964050293,-88.6659795326126,-62.81401571685166,0.740234375,3.9589173793792725,81.30210095174901,0.0,0.3669724770642202,55.76854705810547,0.011680137366056442,0.0018589516403153539,7.5849206186831
3500.0,109,3,3.6722936630249023,-94.28580368011025,-69.22342085284245,0.490234375,1.735228180885315,71.74813200936595,0.0,0.1651376146788991,53.966773986816406,0.011302774772047997,0.001798892510123551,7.838156074285507
3500.0,109,4,-10.361760139465332,-116.51525015945856,-71.98022826804856,0.0,0.1269829422235489,100.0,1.0,1.0,35.1174430847168,0.007354980334639549,0.0011705814395099878,12.045295909047127
3500.0,109,5,-18.03152847290039,-121.24891807607679,-73.74736755513271,0.0,0.022523043677210808,100.0,1.0,1.0,38.63765335083008,0.008092251606285572,0.0012879217974841595,10.947870090603828
3500.0,109,6,6.246383190155029,-97.21823536773866,-72.83492648903612,0.490234375,2.382239580154419,79.42128159216368,0.0,0.5688073394495412,57.8065299987793,0.012106971815228462,0.0019268844043835998,7.317512761801481
3500.0,109,7,14.531954765319824,-96.09148913909515,-70.4809939982598,0.490234375,4.877350330352783,89.94875615251242,0.0,0.5779816513761468,40.585350036621094,0.0085001764819026,0.0013528449926525354,10.422480292618275
3500.0,109,8,0.6945774555206299,-100.70748857533003,-69.53566564063703,0.490234375,1.1199746131896973,56.2280814916145,0.0,0.4862385321100917,44.96473693847656,0.009417393244802952,0.0014988245675340295,9.40737221390009
3500.0,110,0,21.216552734375,-80.290431546633,-70.95933937833144,5.5546875,7.058847427368164,21.308860162302423,0.0,0.036363636363636376,-58.51329803466797,-0.012254997156560421,-0.0019504432566463947,7.229126058518887
3500.0,110,1,-0.43230369687080383,-98.81223381613312,-60.832657147270034,0.490234375,0.9299820065498352,47.28560643675963,0.0,0.12727272727272732,-53.274024963378906,-0.0111576858907938,-0.0017758008325472474,7.940080016851425
3500.0,110,2,17.591449737548828,-88.53750150698917,-62.6914846407488,0.6015625,5.868656635284424,89.74957068738362,0.0,0.36363636363636365,55.52250671386719,0.011628606356680393,0.0018507502973079681,7.618532050400972
3500.0,110,3,1.9024549722671509,-94.23518694625119,-69.17162293767586,0.490234375,1.35032320022583,63.695034276385655,0.0,0.1636363636363637,54.33534240722656,0.011379968374967575,0.001811178051866591,7.7849882654845715
3500.0,110,4,-7.067977428436279,-112.0182570096641,-71.95782627251224,0.0,0.2587329149246216,100.0,1.0,1.0,35.74983215332031,0.007487427908927202,0.0011916611110791564,11.832223273813725
3500.0,110,5,-16.41082763671875,-121.22831699802799,-73.72673242126905,0.0,0.0325968936085701,100.0,1.0,1.0,38.517093658447266,0.008067001588642597,0.0012839031405746937,10.98213717341423
3500.0,110,6,4.9109601974487305,-97.16210386098223,-72.80011937539317,0.490234375,2.034956693649292,75.90934605488525,0.0,0.5636363636363637,58.02338790893555,0.01215239055454731,0.0019341129809617996,7.29016400873661
3500.0,110,7,10.239386558532715,-96.06080618914001,-70.44807459887141,0.490234375,3.5319035053253174,86.11982535024423,0.0,0.5727272727272728,40.17280578613281,0.008413773030042648,0.0013390935491770506,10.529511608183384
3500.0,110,8,-3.467313766479492,-100.67860449097337,-69.50530781100849,0.0,0.5361106991767883,100.0,1.0,0.49090909090909096,36.98516082763672,0.0077461544424295425,0.001232838723808527,11.43701933324337
3500.0,111,0,21.40363121032715,-80.32506629575687,-71.00330341397796,5.5546875,7.120537757873535,21.990617999912942,0.0,0.036036036036036,-58.513038635253906,-0.012254943139851093,-0.0019504346419125795,7.229158189147711
3500.0,111,1,-1.0174626111984253,-98.82607100984697,-60.97963960083569,0.490234375,0.8408786058425903,41.699744577427126,0.0,0.12612612612612617,-53.66112518310547,-0.011238759383559227,-0.001788704190403223,7.882801815867424
3500.0,111,2,14.604183197021484,-88.40704336376795,-62.56713098739586,1.6953125,4.900534629821777,65.40556024880789,0.0,0.36036036036036034,55.705780029296875,0.011666991747915745,0.0018568593077361584,7.593466900289059
3500.0,111,3,-1.4160118103027344,-99.59746551524779,-69.11953034387389,0.490234375,0.7838923335075378,37.46151683784953,0.0,0.16216216216216217,54.05360412597656,0.011320961639285088,0.0018017868278548121,7.8255655243992805
3500.0,111,4,-5.1058220863342285,-112.6724520128437,-71.93549021078324,0.0,0.38804125785827637,100.0,1.0,1.0,34.84234619140625,0.007297364063560963,0.001161411521025002,12.140399776399136
3500.0,111,5,-30.0,-220.0,-73.70611181562211,0.0,0.0014419741928577423,100.0,,1.0,0.0,0.0,0.0,1000000000000.0
3500.0,111,6,6.034767150878906,-97.12804935841558,-72.76515737691724,0.490234375,2.3256943225860596,78.9209454467394,0.0,0.5585585585585586,58.03860092163086,0.01215557660907507,0.0019346200861036777,7.2882529348134995
3500.0,111,7,12.670130729675293,-96.39650819382084,-70.4151634076164,0.490234375,4.284902572631836,88.55903100035032,0.0,0.5675675675675675,40.0845832824707,0.008395295590162277,0.0013361527817323804,10.552685707807541
3500.0,111,8,-1.3904564380645752,-100.6840040940574,-69.47507835960644,0.490234375,0.7874572277069092,37.744634533665774,0.0,0.4864864864864865,33.97734451293945,0.007116198539733887,0.0011325781233608723,12.449472211301327
3500.0,112,0,22.131288528442383,-80.35953751586091,-71.04702186459622,5.5546875,7.360660076141357,24.535470426017735,0.0,0.0357142857142857,-58.50807189941406,-0.012253902852535248,-0.0019502690993249416,7.229771930724382
3500.0,112,1,2.1708920001983643,-96.98764287660941,-61.12438424162357,0.490234375,1.4051759243011475,65.11224206721205,0.0,0.125,-54.44757843017578,-0.01140347495675087,-0.0018149192910641432,7.768940646201372
3500.0,112,2,14.580122947692871,-88.27454588480319,-62.44090001906699,1.02734375,4.892809867858887,79.0029905566396,0.0,0.3571428571428571,55.238895416259766,0.011569207534193993,0.0018412965582683682,7.65764806419611
3500.0,112,3,-4.12353515625,-100.74283822898775,-69.06713997419743,0.0,0.47190800309181213,100.0,1.0,0.1696428571428571,54.47303771972656,0.011408805847167969,0.0018157679587602615,7.765309885144234
3500.0,112,4,-9.580229759216309,-112.65911850978648,-71.91322168055476,0.0,0.15075215697288513,100.0,1.0,1.0,35.44348907470703,0.007423266768455505,0.001181449624709785,11.934490874409676
3500.0,112,5,-30.0,-220.0,-73.68550643083108,0.0,0.0014419741928577423,100.0,,1.0,0.0,0.0,0.0,1000000000000.0
3500.0,112,6,7.237616539001465,-97.09382331944758,-72.73003904730277,0.490234375,2.6539149284362793,81.52787906849552,0.0,0.5535714285714286,57.81470489501953,0.012108683586120605,0.0019271568162366748,7.3164780624210835
3500.0,112,7,14.458507537841797,-95.99961256350107,-70.38226258611277,0.490234375,4.853788375854492,89.89996396549333,0.0,0.5625,40.040069580078125,0.008385973051190376,0.0013346689520403743,10.564417578279972
3500.0,112,8,-11.442233085632324,-100.65534124484218,-69.44498149860371,0.0,0.09995834529399872,100.0,1.0,0.4910714285714286,30.787853240966797,0.0064481934532523155,0.001026261830702424,13.739184476435184
3500.0,113,0,22.0865478515625,-80.39390935029775,-71.09050000348189,5.5546875,7.345888137817383,24.383717859738418,0.0,0.03539823008849563,-58.49482727050781,-0.012251127511262894,-0.001949827652424574,7.231408730149269
3500.0,113,1,2.9436521530151367,-97.00611992020222,-61.26695979009559,0.6015625,1.5702402591705322,61.68977986096402,0.0,0.12389380530973448,-57.274757385253906,-0.011995596811175346,-0.0019091586582362652,7.38545274361968
3500.0,113,2,13.99167251586914,-88.13997035024488,-62.31274910779973,1.02734375,4.704360485076904,78.16188293267655,0.0,0.35398230088495575,55.59421920776367,0.011643626727163792,0.0018531406531110406,7.60870473459363
3500.0,113,3,-3.2516794204711914,-100.68752012871906,-69.01445027280045,0.0,0.5587263703346252,100.0,1.0,0.17699115044247793,54.43429183959961,0.011400692164897919,0.0018144764471799135,7.770836818963289
3500.0,113,4,-9.490595817565918,-113.45683432997677,-71.89102316332101,0.0,0.15373408794403076,100.0,1.0,1.0,35.87034606933594,0.007512667216360569,0.0011956782545894384,11.792470701038837
3500.0,113,5,-30.0,-220.0,-73.66491729215528,0.0,0.0014419741928577423,100.0,,1.0,0.0,0.0,0.0,1000000000000.0
3500.0,113,6,5.437093257904053,-97.05108745076774,-72.69476301995579,0.490234375,2.1689982414245605,77.39812021802182,0.0,0.5486725663716814,58.07518768310547,0.012163238599896431,0.0019358396530151367,7.283661514520645
3500.0,113,7,10.086112976074219,-95.96912221848818,-70.34937563315785,0.490234375,3.4854605197906494,85.93487511287475,0.0,0.5575221238938053,39.49174118041992,0.008271131664514542,0.00131639139726758,10.71110088378191
3500.0,113,8,0.18326441943645477,-100.59208585496167,-69.4150235473407,0.490234375,1.030760645866394,52.43955258032391,0.0,0.48672566371681414,41.67509841918945,0.00872841291129589,0.001389169949106872,10.149946436285973
3500.0,114,0,23.05362892150879,-80.4281000752768,-71.13373736283535,5.5546875,7.665373802185059,27.53533430533284,0.0,0.03508771929824561,-58.52473449707031,-0.012257391586899757,-0.001950824516825378,7.227713242173195
3500.0,114,1,2.946294069290161,-98.8739874648453,-61.40738665883025,0.740234375,1.5708224773406982,52.87600058708293,0.0,0.1228070175438597,-62.33916473388672,-0.013056283816695213,-0.0020779722835868597,6.78546167910099
3500.0,114,2,14.762195587158203,-87.99646018158113,-62.18261209720507,1.02734375,4.951297760009766,79.25102064558578,0.0,0.3508771929824561,55.31971740722656,0.011586135253310204,0.0018439906416460872,7.646460086107254
3500.0,114,3,-3.2313685417175293,-100.63159035101597,-68.96145741749943,0.490234375,0.5608963370323181,12.598043054833974,0.0,0.17543859649122806,54.09954833984375,0.01133058313280344,0.0018033182714134455,7.8189196065068245
3500.0,114,4,-14.90868854522705,-118.5978533921494,-71.86889589387077,0.0,0.045854873955249786,100.0,1.0,1.0,32.407901763916016,0.006787495221942663,0.0010802634060382843,13.052372261881828
3500.0,114,5,-30.0,-220.0,-73.64434500479845,0.0,0.0014419741928577423,100.0,,1.0,0.0,0.0,0.0,1000000000000.0
3500.0,114,6,6.6127028465271,-97.01649839726599,-72.65932787379299,0.490234375,2.4813690185546875,80.24339099367232,0.0,0.543859649122807,58.0847053527832,0.012165232561528683,0.0019361568847671151,7.282468024641275
3500.0,114,7,16.020315170288086,-95.93869103583262,-70.3165042339563,0.490234375,5.357459545135498,90.8494992660257,0.0,0.5526315789473684,39.66090393066406,0.008306561037898064,0.0013220300897955894,10.665414854884148
3500.0,114,8,-0.700631320476532,-100.59861796602631,-69.38520783118642,0.490234375,0.8883159756660461,44.81306332102949,0.0,0.48245614035087714,40.27757263183594,0.008435714989900589,0.001342585776001215,10.502122342586517
3500.0,115,0,23.099151611328125,-80.46225036710322,-71.17674191395498,5.5546875,7.680422306060791,27.67731670670409,0.0,0.034782608695652195,-58.50522994995117,-0.012253306806087494,-0.0019501743372529745,7.230123039335012
3500.0,115,1,2.2225213050842285,-98.89205820041138,-61.54575440252834,0.740234375,1.4158751964569092,47.71895313567431,0.0,0.12173913043478257,-63.27003479003906,-0.013251245021820068,-0.0021090011578053236,6.685629487037659
3500.0,115,2,13.851374626159668,-87.77520550444031,-62.050454510763565,1.17578125,4.65956974029541,74.76631286721643,0.0,0.34782608695652173,55.163246154785156,0.011553363874554634,0.001838774885982275,7.668149191886187
3500.0,115,3,-7.519064903259277,-100.57518276757948,-68.90816093729904,0.0,0.23517434298992157,100.0,1.0,0.18260869565217386,55.60638427734375,0.011646173894405365,0.0018535461276769638,7.607040461152792
3500.0,115,4,-15.95914363861084,-113.42298192446987,-71.8468430112647,0.0,0.036125291138887405,100.0,1.0,1.0,36.9192008972168,0.007732339669018984,0.0012306399876251817,11.457452550530434
3500.0,115,5,-30.0,-220.0,-73.6237908050954,0.0,0.0014419741928577423,100.0,,1.0,0.0,0.0,0.0,1000000000000.0
3500.0,115,6,5.7437639236450195,-96.96979902814307,-72.62373216781604,0.490234375,2.248832941055298,78.20049830958318,0.0,0.5391304347826087,57.92181396484375,0.012131117284297943,0.001930727157741785,7.302948273718357
3500.0,115,7,11.35600471496582,-95.8515676183889,-70.28365293567278,0.6015625,3.874276876449585,84.4729089018729,0.0,0.5478260869565217,39.19788360595703,0.008209586143493652,0.00130659609567374,10.791399516165257
3500.0,115,8,-5.915286064147949,-100.53622572465486,-69.35554235277976,0.0,0.32899314165115356,100.0,1.0,0.4869565217391304,37.979835510253906,0.00795447826385498,0.001265994505956769,11.137489229440689
3500.0,116,0,23.689205169677734,-80.57058756566143,-71.2195109580743,5.5546875,7.875540256500244,29.469124414476568,0.0,0.03448275862068961,-58.497310638427734,-0.012251649051904678,-0.0019499104237183928,7.231101859360933
3500.0,116,1,1.093548059463501,-98.91095299153177,-61.682066463090116,0.6015625,1.1930381059646606,49.57726019039504,0.0,0.12068965517241381,-58.8123779296875,-0.012317636050283909,-0.001960412599146366,7.1923634968698025
3500.0,116,2,14.543972969055176,-87.66609441055023,-61.91619679239155,1.02734375,4.881206512451172,78.95307753565821,0.0,0.3448275862068966,55.254417419433594,0.011572458781301975,0.0018418139079585671,7.655496709048748
3500.0,116,3,-10.28231143951416,-100.51822389969493,-68.8545560880202,0.0,0.12922540307044983,100.0,1.0,0.18965517241379315,55.95705032348633,0.011719617992639542,0.0018652350408956409,7.559369318187237
3500.0,116,4,-8.616143226623535,-113.40667982521308,-71.82486529764984,0.0,0.18589985370635986,100.0,1.0,1.0,34.4918327331543,0.007223953027278185,0.0011497277300804853,12.263773009181023
3500.0,116,5,-30.0,-220.0,-73.6032551570248,0.0,0.0014419741928577423,100.0,,1.0,0.0,0.0,0.0,1000000000000.0
3500.0,116,6,6.714704513549805,-96.95546424080342,-72.58797443915407,0.490234375,2.5092437267303467,80.46286338080053,0.0,0.5344827586206897,57.84140396118164,0.012114275246858597,0.0019280468113720417,7.31310062110424
3500.0,116,7,13.529791831970215,-95.82132383959342,-70.25082281317556,0.490234375,4.557122230529785,89.24245718678017,0.0,0.5431034482758621,39.102630615234375,0.008189636282622814,0.001303420984186232,10.817687027156353
3500.0,116,8,-2.9323174953460693,-100.54293573343065,-69.3260293690412,0.490234375,0.5936493277549744,17.420208853947926,0.0,0.48275862068965514,34.45188903808594,0.007215586490929127,0.0011483962880447507,12.277991510927677
3500.0,117,0,23.502038955688477,-80.67451963227755,-71.26204892557833,5.5546875,7.813635349273682,28.910331085307973,0.0,0.03418803418803418,-58.51567840576172,-0.01225549541413784,-0.0019505226518958807,7.228831760585308
3500.0,117,1,-1.0914474725723267,-98.93067641575045,-61.816383759450815,0.490234375,0.8300746083259583,40.94092626340257,0.0,0.11965811965811968,-54.40082550048828,-0.011393683031201363,-0.001813360839150846,7.7756172977387905
3500.0,117,2,15.855223655700684,-87.53687099387435,-61.779786671789516,1.17578125,5.303979873657227,77.83209442706143,0.0,0.3418803418803419,55.19258117675781,0.011559508740901947,0.0018397527746856213,7.664073724299669
3500.0,117,3,-2.6610891819000244,-100.46077001418237,-68.80064106057534,0.490234375,0.6246764659881592,21.521875452037207,0.0,0.18803418803418803,54.02539825439453,0.011315053328871727,0.0018008466577157378,7.829651236534119
3500.0,117,4,-2.2824771404266357,-108.84473945480798,-71.80296519075779,0.490234375,0.6701371669769287,26.84566695330336,0.0,0.9908256880733946,33.15089416503906,0.006943106651306152,0.00110502983443439,12.759837321937084
3500.0,117,5,-30.0,-220.0,-73.58273908587284,0.0,0.0014419741928577423,100.0,,1.0,0.0,0.0,0.0,1000000000000.0
3500.0,117,6,5.750130653381348,-96.92048675285129,-72.55205323659871,0.490234375,2.2505030632019043,78.21667595055308,0.0,0.5299145299145299,57.96755599975586,0.012140696868300438,0.0019322518492117524,7.2971852496266365
3500.0,117,7,13.273070335388184,-96.05414232227831,-70.21801743976714,0.490234375,4.475569248199463,89.04643526190053,0.0,0.5384615384615384,38.849403381347656,0.008136600255966187,0.0012949801748618484,10.888198390603065
3500.0,117,8,-6.299503326416016,-100.59329643350219,-69.29667518765568,0.0,0.30386802554130554,100.0,1.0,0.4871794871794872,35.15627670288086,0.007363113574683666,0.0011718758614733815,12.03199103474617
3500.0,118,0,23.252544403076172,-80.70841875045197,-71.30435751473311,5.5546875,7.731134414672852,28.151714844618304,0.0,0.03389830508474578,-58.5214729309082,-0.012256709858775139,-0.0019507157849147916,7.228116039186716
3500.0,118,1,-1.029405951499939,-98.9510171609137,-61.94874510696871,0.490234375,0.8391276001930237,41.5780895673993,0.0,0.11864406779661019,-54.05923843383789,-0.01132214069366455,-0.001801974605768919,7.824749685823917
3500.0,118,2,16.56212043762207,-87.3980898548609,-61.641157480615014,1.328125,5.533310413360596,75.99764154215636,0.0,0.3389830508474576,54.891693115234375,0.011496489867568016,0.0018297231290489435,7.706084288656712
3500.0,118,3,-15.550056457519531,-100.72187036669288,-68.74641277845276,0.0,0.03964495286345482,100.0,1.0,0.19491525423728817,50.92718505859375,0.010666165500879288,0.0016975728794932365,8.305976167321205
3500.0,118,4,-5.095927715301514,-108.85003370199715,-71.78114447002207,0.0,0.38881707191467285,100.0,1.0,0.990909090909091,33.87937927246094,0.007095681503415108,0.0011293126735836267,12.485470622777939
3500.0,118,5,-30.0,-220.0,-73.56224337743592,0.0,0.0014419741928577423,100.0,,1.0,0.0,0.0,0.0,1000000000000.0
3500.0,118,6,6.24793815612793,-96.77926053102362,-72.51596701430316,0.490234375,2.382657051086426,79.42488723769681,0.0,0.5254237288135593,57.28588104248047,0.011997926980257034,0.001909529441036284,7.384018506854773
3500.0,118,7,13.435678482055664,-96.02352478634316,-70.18523944165574,0.490234375,4.5272016525268555,89.17135986804617,0.0,0.5338983050847458,38.643028259277344,0.008093376643955708,0.0012881009606644511,10.946347378194332
3500.0,118,8,-5.105276584625244,-100.46006561301431,-69.26748457111665,0.0,0.3880840539932251,100.0,1.0,0.4915254237288136,42.54496383666992,0.008910596370697021,0.0014181655133143067,9.94242262095213
3500.0,119,0,24.345943450927734,-80.74223274133195,-71.34644176241832,5.5546875,8.092842102050781,31.362957166896855,0.0,0.03361344537815125,-58.52276611328125,-0.012256979942321777,-0.0019507588585838675,7.2279563173651695
3500.0,119,1,0.6346661448478699,-98.97226371992515,-62.07921405702238,0.490234375,1.1092636585235596,55.805423603933214,0.0,0.11764705882352944,-57.04346466064453,-0.011947154998779297,-0.0019014488207176328,7.415398024022579
3500.0,119,2,17.763782501220703,-87.25648084060408,-61.50025799352489,1.4765625,5.924944877624512,75.07888207405571,0.0,0.33613445378151263,54.309783935546875,0.011374615132808685,0.0018103261245414615,7.788652088493109
3500.0,119,3,-4.994114398956299,-100.7170107900783,-68.69186991857313,0.0,0.3968791663646698,100.0,1.0,0.2016806722689075,53.03409194946289,0.011107434518635273,0.001767803099937737,7.976002059876919
3500.0,119,4,-4.55109167098999,-111.01020475457301,-71.7594058589161,0.0,0.4336685240268707,100.0,1.0,0.990990990990991,32.635162353515625,0.0068350923247635365,0.0010878387838602066,12.96147983521223
3500.0,119,5,-30.0,-220.0,-73.54176918042376,0.0,0.0014419741928577423,100.0,,1.0,0.0,0.0,0.0,1000000000000.0
3500.0,119,6,6.369234085083008,-96.76084638173599,-72.47971433513824,0.490234375,2.415310859680176,79.70305258906035,0.0,0.5210084033613445,57.855064392089844,0.012117136269807816,0.0019285021116957068,7.311373949050903
3500.0,119,7,16.87791633605957,-95.78790067663726,-70.15249290194157,0.490234375,5.636029243469238,91.30177730060467,0.0,0.5294117647058824,38.69808578491211,0.008104908280074596,0.0012899362482130527,10.930773802101612
3500.0,119,8,-2.030449390411377,-100.43318237580314,-69.23846454029939,0.490234375,0.7018142938613892,30.147564777752578,0.0,0.4873949579831933,42.20870590209961,0.008840171620249748,0.0014069569297134876,10.021629743278027
3500.0,120,0,23.321046829223633,-80.77590779743545,-71.38830113365731,5.5546875,7.7537841796875,28.361592594341857,0.0,0.033333333333333326,-58.51625061035156,-0.012255614623427391,-0.0019505417440086603,7.228761445730925
3500.0,120,1,0.008950421586632729,-98.99416638324291,-62.20781204144332,0.490234375,1.001487374305725,51.04937040870317,0.0,0.1166666666666667,-54.89185333251953,-0.011496523395180702,-0.0018297284841537476,7.7060614712536335
3500.0,120,2,17.477569580078125,-87.15437923086094,-61.3570059038411,1.9140625,5.831482887268066,67.17708793797559,0.0,0.33333333333333337,54.225440979003906,0.011356949806213379,0.001807514694519341,7.800766732543707
3500.0,120,3,-1.7007451057434082,-100.65549730116587,-68.6370083310409,0.490234375,0.7449937462806702,34.196175813896254,0.0,0.19999999999999996,52.1032829284668,0.010912486352026463,0.0017367760883644223,8.118490688502789
3500.0,120,4,-11.240239143371582,-113.23515835391709,-71.73775061732545,0.0,0.10454888641834259,100.0,1.0,0.9910714285714286,32.01014709472656,0.0067041898146271706,0.0010670048650354147,13.214560225605965
3500.0,120,5,-30.0,-220.0,-73.52131710048849,0.0,0.0014419741928577423,100.0,,1.0,0.0,0.0,0.0,1000000000000.0
3500.0,120,6,6.287149429321289,-96.72562977583058,-72.44329355930702,0.490234375,2.3931941986083984,79.5154787152224,0.0,0.5166666666666666,57.5740966796875,0.012058291584253311,0.0019191366154700518,7.347054313868284
3500.0,120,7,10.757488250732422,-95.75800936035509,-70.11977973920311,0.740234375,3.68991756439209,79.93899966375122,0.0,0.525,38.02404022216797,0.007963737472891808,0.0012674679746851325,11.12454105168581
3500.0,120,8,-1.655420184135437,-100.40652889958852,-69.20961864714127,0.490234375,0.7510854005813599,34.729875641232574,0.0,0.4833333333333333,41.65690994262695,0.008724603801965714,0.0013885636581107974,10.154377669095993
3500.0,121,0,23.92136573791504,-80.80944767807709,-71.42993835900363,5.5546875,7.952342987060547,30.15030275934817,0.0,0.03305785123966942,-58.5006217956543,-0.012252341955900192,-0.0019500207854434848,7.23069254308939
3500.0,121,1,2.173065423965454,-97.14057828123939,-62.33458522026386,0.490234375,1.4056252241134644,65.12339373326247,0.0,0.11570247933884292,-55.10125732421875,-0.011540381237864494,-0.0018367086304351687,7.67677603289485
3500.0,121,2,16.381174087524414,-87.0061167062063,-61.211334236535926,1.9140625,5.4745259284973145,65.03692694126329,0.0,0.3305785123966942,54.31004333496094,0.011374669149518013,0.0018103348556905985,7.788614835590124
3500.0,121,3,4.666375637054443,-94.41263838985304,-68.58182573926211,0.490234375,1.9739595651626587,75.16492314980101,0.0,0.19834710743801653,53.63923645019531,0.01123417541384697,0.0017879746155813336,7.886018604040146
3500.0,121,4,-6.075536727905273,-110.98991802403185,-71.71618099615287,0.0,0.31829655170440674,100.0,1.0,0.9911504424778761,32.92102813720703,0.006894963793456554,0.0010973676107823849,12.848930433392525
3500.0,121,5,-30.0,-220.0,-73.50088815261323,0.0,0.0014419741928577423,100.0,,1.0,0.0,0.0,0.0,1000000000000.0
3500.0,121,6,6.302494525909424,-96.69025033728178,-72.40670323950866,0.490234375,2.3973228931427,79.55075737180562,0.0,0.5123966942148761,57.849220275878906,0.01211591251194477,0.0019283073488622904,7.312112487852573
3500.0,121,7,16.864822387695312,-95.72821496076976,-70.08710340073756,0.490234375,5.631767272949219,91.29519471881025,0.0,0.5206611570247934,38.310150146484375,0.008023658767342567,0.0012770050670951605,11.041460558772087
3500.0,121,8,-12.294703483581543,-100.38020580276427,-69.18095275807897,0.0,0.08264293521642685,100.0,1.0,0.487603305785124,23.465890884399414,0.0049146851524710655,0.0007821963517926633,18.026163801550865
3500.0,122,0,23.4991455078125,-80.84291524871789,-71.47135855691036,5.5546875,7.812678337097168,28.901622973206052,0.0,0.032786885245901676,-58.534202575683594,-0.012259375303983688,-0.0019511401187628508,7.2265444323420525
3500.0,122,1,2.7923285961151123,-97.1569910117367,-62.45959434298008,0.740234375,1.5370962619781494,51.842028810390616,0.0,0.11475409836065575,-58.91193389892578,-0.012338487431406975,-0.0019637311343103647,7.180209271609783
3500.0,122,2,15.054086685180664,-86.8547146018461,-61.06318698168784,1.6953125,5.045227527618408,66.39769979213862,0.0,0.3278688524590164,54.17494201660156,0.011346373707056046,0.0018058314453810453,7.808038033545017
3500.0,122,3,11.075830459594727,-94.4233699846655,-68.52632081453007,0.490234375,3.7877461910247803,87.05735943549675,0.0,0.19672131147540983,52.966304779052734,0.011093237437307835,0.0017655434785410762,7.986209355294704
3500.0,122,4,-5.571371555328369,-111.94868038490392,-71.69469978156147,0.0,0.3530345857143402,100.0,1.0,0.9912280701754386,32.014183044433594,0.006705034989863634,0.0010671394411474466,13.212894089519978
3500.0,122,5,-30.0,-220.0,-73.48048348675084,0.0,0.0014419741928577423,100.0,,1.0,0.0,0.0,0.0,1000000000000.0
3500.0,122,6,5.531476020812988,-96.65473959944053,-72.3699417818321,0.490234375,2.1934385299682617,77.64996063021226,0.0,0.5081967213114754,57.745574951171875,0.012094205245375633,0.0019248524913564324,7.325236685574055
3500.0,122,7,11.213191986083984,-95.6985452225963,-70.05446819110306,0.740234375,3.8301210403442383,80.6733425079049,0.0,0.5163934426229508,37.72006607055664,0.007900072261691093,0.0012573355343192816,11.214190162718296
3500.0,122,8,-1.322628140449524,-100.30926545015583,-69.15247417309266,0.490234375,0.7969779372215271,38.48833799476496,0.0,0.48360655737704916,33.56114196777344,0.007029029540717602,0.0011187047930434346,12.603862211108208
3500.0,123,0,23.792407989501953,-80.87628210296577,-71.51256285058149,5.5546875,7.909678936004639,29.77354017853725,0.0,0.03252032520325199,-58.50993347167969,-0.012254292145371437,-0.0019503311486914754,7.229541894048452
3500.0,123,1,1.540704607963562,-99.06336659451172,-62.58287160748742,0.740234375,1.2784838676452637,42.10060887484032,0.0,0.11382113821138207,-62.30281066894531,-0.013048671185970306,-0.0020767604000866413,6.789420731365681
3500.0,123,2,16.583650588989258,-86.70004170296728,-60.91248436317471,1.328125,5.540308952331543,76.02796141104943,0.0,0.3252032520325203,54.197601318359375,0.011351119726896286,0.0018065867479890585,7.80477374792099
3500.0,123,3,9.253847122192383,-94.36020673070237,-68.47049036141908,0.490234375,3.235943078994751,84.85033997717007,0.0,0.19512195121951215,52.96263122558594,0.011092467233538628,0.0017654210096225142,7.986763492226601
3500.0,123,4,-15.981402397155762,-113.20628251878423,-71.67330879184229,0.0,0.03594289720058441,100.0,1.0,0.991304347826087,31.74188232421875,0.006648004055023193,0.0010580627713352442,13.326241634786129
3500.0,123,5,-30.0,-220.0,-73.46010393663744,0.0,0.0014419741928577423,100.0,,1.0,0.0,0.0,0.0,1000000000000.0
3500.0,123,6,6.728226184844971,-96.62166638038087,-72.33300756001712,0.490234375,2.5129475593566895,80.49165916038856,0.0,0.5040650406504066,57.87799072265625,0.012121938169002533,0.0019292663782835007,7.308477535843849
3500.0,123,7,15.395585060119629,-95.93155964307842,-70.02187699111224,0.490234375,5.155363082885742,90.4907885803925,0.0,0.5121951219512195,37.733463287353516,0.00790287833660841,0.0012577821034938097,11.210208758711815
3500.0,123,8,-3.2512869834899902,-100.28408306312976,-69.1241878173523,0.0,0.5587682127952576,100.0,1.0,0.4878048780487805,43.737205505371094,0.009160298854112625,0.0014579069102182984,9.671400301158428
3500.0,124,0,23.683940887451172,-80.90945324039046,-71.55354907916146,0.0,7.873798847198486,100.0,1.0,0.040322580645161255,-58.52509689331055,-0.012257467955350876,-0.001950836624018848,7.227668538689613
3500.0,124,1,1.0280494689941406,-96.93558379196088,-62.70442797387187,0.6015625,1.1808370351791382,49.05626415174721,0.0,0.11290322580645162,-57.735355377197266,-0.012092065066099167,-0.0019245118601247668,7.326533552259207
3500.0,124,2,17.413583755493164,-86.54193866067655,-60.75912153394288,1.6953125,5.810603618621826,70.82381433545284,0.0,0.32258064516129037,53.88941955566406,0.011286573484539986,0.0017963140271604061,7.849407382309437
3500.0,124,3,-1.364359974861145,-94.29661958885191,-68.41432941284555,0.490234375,0.791110098361969,38.03209237057478,0.0,0.19354838709677424,54.393402099609375,0.011392127722501755,0.0018131134565919638,7.776678539812565
3500.0,124,4,-8.517446517944336,-113.19754646124306,-71.6520089705955,0.0,0.18990349769592285,100.0,1.0,0.9913793103448276,30.828834533691406,0.006456776522099972,0.0010276278480887413,13.720921240746975
3500.0,124,5,-30.0,-220.0,-73.43975004571226,0.0,0.0014419741928577423,100.0,,1.0,0.0,0.0,0.0,1000000000000.0
3500.0,124,6,5.433578968048096,-96.58585932615094,-72.29589890026409,0.490234375,2.168090581893921,77.38865806188969,0.0,0.5,57.688087463378906,0.012082165107131004,0.001922936295159161,7.332536391913891
3500.0,124,7,12.135554313659668,-95.58277135957772,-69.98933138006151,0.6015625,4.1169819831848145,85.38826493637839,0.0,0.5080645161290323,37.414981842041016,0.007836176082491875,0.0012471660738810897,11.305632069706917
3500.0,124,8,-4.142975807189941,-100.36288503898572,-69.09609646057231,0.490234375,0.47010916471481323,0.0,0.0,0.4838709677419355,35.521385192871094,0.007439580745995045,0.001184046152047813,11.908319778740406
3500.0,125,0,22.483156204223633,-80.94251688741657,-71.59432289448152,5.5546875,7.476863861083984,25.708323660788313,0.0,0.040000000000000036,-58.52064514160156,-0.01225653663277626,-0.0019506881944835186,7.228218484669924
3500.0,125,1,2.17560076713562,-96.95171358545905,-62.82432568418729,0.6015625,1.4061498641967773,57.21917589889145,0.0,0.11199999999999999,-58.71501922607422,-0.012297244742512703,-0.0019571674056351185,7.204289548099041
3500.0,125,2,16.337434768676758,-86.38032468426069,-60.60303983299979,1.9140625,5.460324764251709,64.94599529077084,0.0,0.31999999999999995,53.726993560791016,0.01125255599617958,0.001790899783372879,7.873137481510639
3500.0,125,3,11.895563125610352,-94.23263062512562,-68.35783708017557,0.490234375,4.0419745445251465,87.87141359749477,0.0,0.19199999999999995,52.54780197143555,0.011005586013197899,0.0017515934305265546,8.049813099205494
3500.0,125,4,-2.7308642864227295,-106.23598325370568,-71.63080337718829,0.0,0.616572916507721,100.0,1.0,0.9914529914529915,31.10680389404297,0.006514993496239185,0.0010368934599682689,13.598311692476273
3500.0,125,5,-30.0,-220.0,-73.41942308698296,0.0,0.0014419741928577423,100.0,,1.0,0.0,0.0,0.0,1000000000000.0
3500.0,125,6,5.663394927978516,-96.54989571785143,-72.25861418700676,0.490234375,2.2277932167053223,77.9946194591163,0.0,0.496,57.711631774902344,0.012087095528841019,0.0019237210508435965,7.329544983804226
3500.0,125,7,14.092921257019043,-95.61014429833533,-69.9568362061672,0.490234375,4.736719131469727,89.65033894994977,0.0,0.504,37.36260986328125,0.007825206965208054,0.001245420309714973,11.321479454636574
3500.0,125,8,-11.20641040802002,-100.33748538687954,-69.06820809313433,0.0,0.10533730685710907,100.0,1.0,0.488,20.53887367248535,0.00430165184661746,0.0006846291362307966,20.595092326402664
3500.0,126,0,22.42559814453125,-80.97548937085375,-71.63488742160956,5.5546875,7.457852363586426,25.518939914643312,0.0,0.03968253968253965,-58.51267623901367,-0.012254866771399975,-0.0019504225347191095,7.229202892631292
3500.0,126,1,2.7599799633026123,-96.9682478741445,-62.942608827418255,0.740234375,1.530062198638916,51.620635052713304,0.0,0.11111111111111116,-57.42274475097656,-0.012026592157781124,-0.0019140915246680379,7.366419304162264
3500.0,126,2,16.44738006591797,-86.21508676639756,-60.44416495902171,1.6953125,5.496027946472168,69.15385954163133,0.0,0.31746031746031744,53.773460388183594,0.011262287385761738,0.0017924486892297864,7.866334170103073
3500.0,126,3,12.0933837890625,-94.16822457200298,-68.30101134633587,0.6015625,4.103784084320068,85.341273136214,0.0,0.19047619047619047,52.69496154785156,0.011036407202482224,0.0017564987065270543,8.027332834899426
3500.0,126,4,-7.448425769805908,-106.52498767821629,-71.6096944836284,0.0,0.23872853815555573,100.0,1.0,0.9915254237288136,30.251399993896484,0.006335838697850704,0.0010083799716085196,13.982824049890041
3500.0,126,5,-30.0,-220.0,-73.39912415144735,0.0,0.0014419741928577423,100.0,,1.0,0.0,0.0,0.0,1000000000000.0
3500.0,126,6,6.101114749908447,-96.51377719049874,-72.2211517963581,0.490234375,2.343364953994751,79.0798964470176,0.0,0.4920634920634921,58.112491607666016,0.012171052396297455,0.0019370830850675702,7.278985809534788
3500.0,126,7,13.293893814086914,-95.58090273359139,-69.92439547379216,0.490234375,4.482175827026367,89.06258045380521,0.0,0.5,37.06151580810547,0.007762146182358265,0.0012353839119896293,11.413456872105598
3500.0,126,8,-0.20578984916210175,-100.31240241556785,-69.0405292532339,0.490234375,0.9662238955497742,49.26285954446817,0.0,0.4841269841269841,40.67442321777344,0.008518831804394722,0.0013558141654357314,10.399656370282173
3500.0,127,0,23.569347381591797,-81.00834462175904,-71.67524368039649,5.5546875,7.835896015167236,29.11228672192314,0.0,0.03937007874015752,-58.512420654296875,-0.012254812754690647,-0.0019504140364006162,7.229234557598829
3500.0,127,1,-0.9924024939537048,-100.00236062426063,-63.05930728937802,0.0,0.8445616364479065,100.0,1.0,0.11811023622047245,-55.56190490722656,-0.011636858806014061,-0.001852063462138176,7.613129913806915
3500.0,127,2,18.59217643737793,-86.0427623092316,-60.28240532805517,1.6953125,6.196001052856445,72.6386021316372,0.0,0.31496062992125984,53.7657470703125,0.011260672472417355,0.0017921916441991925,7.867462933063507
3500.0,127,3,2.2246365547180176,-94.10341356597678,-68.24384898720439,0.6015625,1.4163144826889038,57.526205701298736,0.0,0.1889763779527559,53.34693145751953,0.011172955855727196,0.0017782311188057065,7.929228246212006
3500.0,127,4,-10.74785327911377,-106.51131515406874,-71.5886841750413,0.0,0.11660577356815338,100.0,1.0,0.9915966386554622,29.99726104736328,0.00628261175006628,0.0009999086614698172,14.101287350058556
3500.0,127,5,-30.0,-220.0,-73.37885412217858,0.0,0.0014419741928577423,100.0,,1.0,0.0,0.0,0.0,1000000000000.0
3500.0,127,6,8.0247220993042,-96.47749412629516,-72.18351002140265,0.490234375,2.8768789768218994,82.9595065016755,0.0,0.4881889763779528,57.92792510986328,0.01213239599019289,0.0019309308845549822,7.302177604287863
3500.0,127,7,18.64930534362793,-94.4881369196357,-69.89201233199728,0.490234375,6.2147216796875,92.11172438176426,0.0,0.49606299212598426,36.6826171875,0.007682789117097855,0.0012227538973093033,11.531347408890724
3500.0,127,8,1.992735505104065,-100.28762698669405,-69.01306506339054,0.490234375,1.368625521659851,64.1805324216481,0.0,0.4803149606299213,44.46339416503906,0.00931239128112793,0.001482113148085773,9.513444267213345
3500.0,128,0,23.425273895263672,-81.04109336673142,-71.71539375766885,5.5546875,7.788249492645264,28.678613785479012,0.0,0.0390625,-58.50377655029297,-0.01225300319492817,-0.0019501259084790945,7.230302784591913
3500.0,128,1,-1.4124683141708374,-100.0036587511764,-63.17445699200335,0.490234375,0.7843859195709229,37.50087007321989,0.0,0.1171875,-59.06882095336914,-0.012371345423161983,-0.0019689607433974743,7.161138579249382
3500.0,128,2,19.694805145263672,-85.87318170824364,-60.1176736040789,2.40625,6.557868480682373,63.307437361878605,0.0,0.3125,53.57967758178711,0.01122170127928257,0.001785989268682897,7.894784212112427
3500.0,128,3,6.305180549621582,-94.03818506219582,-68.18634727106766,0.490234375,2.398045539855957,79.55691971431673,0.0,0.1875,52.546302795410156,0.011005272157490253,0.0017515434883534908,8.050043135881424
3500.0,128,4,-1.4192287921905518,-105.14673268827462,-71.56777461193802,0.490234375,0.7834445238113403,37.425770415104424,0.0,0.9833333333333333,31.144290924072266,0.006522845476865768,0.0010381430620327592,13.581943698227406
3500.0,128,5,-30.0,-220.0,-73.35861396490515,0.0,0.0014419741928577423,100.0,,1.0,0.0,0.0,0.0,1000000000000.0
3500.0,128,6,7.145752906799316,-96.54522948272954,-72.14568709160682,0.490234375,2.6282904148101807,81.34778515199184,0.0,0.484375,57.49647903442383,0.012042034417390823,0.0019165492849424481,7.356972433626652
3500.0,128,7,17.162811279296875,-94.46056211181318,-69.85969039694274,1.17578125,5.728825569152832,79.47605079248603,0.0,0.4921875,36.36858367919922,0.007617018651217222,0.0012122861808165908,11.630917899310589
3500.0,128,8,0.5693245530128479,-100.26317369153077,-68.98582136676436,0.490234375,1.097659707069397,55.33821895413658,0.0,0.4765625,41.58930969238281,0.00871044397354126,0.0013863103231415153,10.170883499085903
3500.0,129,0,22.418258666992188,-81.1192125592484,-71.75534059936524,5.5546875,7.455427646636963,25.49471655719655,0.0,0.03875968992248058,-58.52457809448242,-0.01225735992193222,-0.0019508192781358957,7.227732799947262
3500.0,129,1,-1.8836466073989868,-96.83496794403213,-63.288098578296655,0.490234375,0.7207950353622437,31.98699339630895,0.0,0.11627906976744184,-55.4962158203125,-0.011623101308941841,-0.001849873922765255,7.622141391038895
3500.0,129,2,18.372385025024414,-85.69325464959786,-59.9498893328825,2.56640625,6.124009609222412,58.09271353632206,0.0,0.31007751937984496,52.93029022216797,0.011085694655776024,0.0017643430037423968,7.991643622517586
3500.0,129,3,15.116815567016602,-93.97254974402615,-68.12850427521434,0.490234375,5.065439224243164,90.32197696393747,0.0,0.18604651162790697,52.076881408691406,0.01090695708990097,0.0017358961049467325,8.122606202960014
3500.0,129,4,-4.661507606506348,-105.14202694767064,-71.54696833812089,0.0,0.42423489689826965,100.0,1.0,0.9834710743801653,32.615379333496094,0.006830948404967785,0.001087179291062057,12.969342060387135
3500.0,129,5,-30.0,-220.0,-73.33840482351485,0.0,0.0014419741928577423,100.0,,1.0,0.0,0.0,0.0,1000000000000.0
3500.0,129,6,5.47914457321167,-96.50836516462681,-72.10768134233825,0.490234375,2.179872751235962,77.51087192029703,0.0,0.48062015503875966,58.06359100341797,0.012160811573266983,0.0019354530377313495,7.2851162403821945
3500.0,129,7,11.096426010131836,-94.4331915995749,-69.82743392630567,1.02734375,3.794093370437622,72.92254961344025,0.0,0.4883720930232558,36.64415740966797,0.00767473503947258,0.001221471931785345,11.543449945747852
3500.0,129,8,-4.55617094039917,-100.20906385464878,-68.95880488921483,0.0,0.43323060870170593,100.0,1.0,0.48062015503875966,37.50775146484375,0.007855605334043503,0.0012502584140747786,11.277669109404087
3500.0,130,0,22.95559310913086,-81.15187188825031,-71.79508688264514,5.5546875,7.632969856262207,27.227702917720187,0.0,0.038461538461538436,-58.52142333984375,-0.012256698682904243,-0.001950714155100286,7.228122558444738
3500.0,130,1,1.1036319732666016,-93.39899473084095,-63.40026977282958,0.490234375,1.194923758506775,58.97358542668725,0.0,0.11538461538461542,-58.35105514526367,-0.012221016921103,-0.0019450351828709245,7.249226327985525
3500.0,130,2,17.00790786743164,-85.51234060923753,-59.778968697882426,2.40625,5.678355693817139,57.624176262504335,0.0,0.3076923076923077,53.32390594482422,0.011168133467435837,0.0017774635925889015,7.932652719318867
3500.0,130,3,11.359079360961914,-93.90650279279163,-68.07031785615021,1.17578125,3.8752286434173584,69.65904832487146,0.0,0.18461538461538463,52.31055450439453,0.010955898091197014,0.001743685221299529,8.08632280677557
3500.0,130,4,-7.217751502990723,-106.4744233125103,-71.52626780196266,0.0,0.25068122148513794,100.0,1.0,0.9836065573770492,29.371261596679688,0.006151502951979637,0.0009790420299395919,14.401833526790142
3500.0,130,5,-30.0,-220.0,-73.31822779152441,0.0,0.0014419741928577423,100.0,,1.0,0.0,0.0,0.0,1000000000000.0
3500.0,130,6,6.476188659667969,-96.36769921416916,-72.06949101253318,0.490234375,2.444246292114258,79.9433315463496,0.0,0.4769230769230769,57.48194122314453,0.012038989923894405,0.0019160647643730044,7.3588332161307335
3500.0,130,7,9.260773658752441,-94.40604834710541,-69.79524708328952,0.490234375,3.23799991607666,84.85996331976453,0.0,0.48461538461538467,36.253868103027344,0.007592992391437292,0.0012084622867405415,11.667720973491669
3500.0,130,8,0.1176178976893425,-100.2282846978932,-68.93202217455402,0.490234375,1.0196682214736938,51.92216794875887,0.0,0.4769230769230769,45.45604705810547,0.009520292282104492,0.001515201642177999,9.305693209171295
3500.0,131,0,23.947311401367188,-81.18441014122072,-71.83463338136534,5.5546875,7.9609270095825195,30.225619537600878,0.0,0.03816793893129766,-58.5196647644043,-0.012256329879164696,-0.0019506554817780852,7.228339556604624
3500.0,131,1,-1.6360396146774292,-94.58312723858738,-63.5109964823824,0.0,0.7537017464637756,100.0,1.0,0.12213740458015265,-58.847755432128906,-0.01232504565268755,-0.001961591886356473,7.18803983181715
3500.0,131,2,19.628719329833984,-85.32713466541927,-59.604809487039155,1.9140625,6.536149024963379,70.71574572902696,0.0,0.30534351145038163,52.82157897949219,0.011062925681471825,0.0017607193440198898,8.008090779185295
3500.0,131,3,-1.071202039718628,-93.8400419281248,-68.01178471038926,0.6015625,0.833020806312561,27.785417189893646,0.0,0.18320610687022898,54.14958572387695,0.011341063305735588,0.00180498615372926,7.811694405972958
3500.0,131,4,-5.397823333740234,-106.46356178222624,-71.50567490169297,0.0,0.3657459616661072,100.0,1.0,0.983739837398374,29.170494079589844,0.006109454669058323,0.0009723498369567096,14.500954188406467
3500.0,131,5,-30.0,-220.0,-73.29808377609251,0.0,0.0014419741928577423,100.0,,1.0,0.0,0.0,0.0,1000000000000.0
3500.0,131,6,5.892039775848389,-96.33078153581069,-72.03111427952825,0.490234375,2.2878644466400146,78.57240293584857,0.0,0.4732824427480916,58.02711486816406,0.012153171002864838,0.001934237196110189,7.289695553481579
3500.0,131,7,18.084848403930664,-94.37061925559405,-69.76313322507275,0.490234375,6.0299072265625,91.86995161649493,0.0,0.48091603053435117,35.902427673339844,0.007519387640058994,0.0011967476457357407,11.781933717429638
3500.0,131,8,4.583522796630859,-100.23354890627822,-68.90547841016246,0.490234375,1.9534926414489746,74.90472374462718,0.0,0.4732824427480916,41.49851989746094,0.00869143009185791,0.0013832839904353023,10.193134658038616
3500.0,132,0,23.819013595581055,-81.21678882092624,-71.87398005251598,5.5546875,7.91848087310791,29.85160172749334,0.0,0.037878787878787845,-58.525978088378906,-0.01225765235722065,-0.0019508659606799483,7.227560039609671
3500.0,132,1,-2.3049404621124268,-94.60863880492566,-63.62029974873403,0.490234375,0.6673691868782043,26.54225207891291,0.0,0.12121212121212122,-60.12806701660156,-0.012593193911015987,-0.0020042688120156527,7.034984417259693
3500.0,132,2,19.753368377685547,-85.12730921469888,-59.42729707102538,2.56640625,6.577117443084717,60.97977157609738,0.0,0.303030303030303,53.18316650390625,0.011138656176626682,0.0017727722879499197,7.9536447301507
3500.0,132,3,6.424042224884033,-93.7731587237796,-67.9529008763343,0.490234375,2.430122137069702,79.82675983557205,0.0,0.18181818181818177,52.25224304199219,0.010943684726953506,0.0017417414346709847,8.09534639120102
3500.0,132,4,-29.473346710205078,-106.45348211469992,-71.48519125301507,0.0,0.001627776655368507,100.0,1.0,0.9838709677419355,31.289459228515625,0.006553249433636665,0.0010429819812998176,13.518930412828922
3500.0,132,5,-30.0,-220.0,-73.27797358028516,0.0,0.0014419741928577423,100.0,,1.0,0.0,0.0,0.0,1000000000000.0
3500.0,132,6,6.526124954223633,-96.29367198302732,-71.9925492412242,0.490234375,2.457801103591919,80.05394438616071,0.0,0.4696969696969697,57.51878356933594,0.012046705931425095,0.0019172928296029568,7.354119326919317
3500.0,132,7,16.25459098815918,-94.35234634459712,-69.73109531004177,1.17578125,5.433435916900635,78.36026286161308,0.0,0.4772727272727273,35.20840835571289,0.007374032400548458,0.0011736135929822922,12.01417576521635
3500.0,132,8,-0.7587267756462097,-100.18283913789574,-68.87917810125525,0.490234375,0.8794752955436707,44.258312031726966,0.0,0.4696969696969697,40.7502555847168,0.00853471364825964,0.0013583418913185596,10.380303487181664
3500.0,133,0,22.624618530273438,-81.24905231767906,-71.91313104425993,5.5546875,7.523597717285156,26.16979656902264,0.0,0.03759398496240607,-58.509727478027344,-0.012254249304533005,-0.0019503242801874876,7.229567039757967
3500.0,133,1,0.5175445079803467,-92.6653160522387,-63.72822394722794,0.490234375,1.0885218381881714,54.96329446031254,0.0,0.12030075187969924,-56.633121490478516,-0.011861213482916355,-0.0018877707188948989,7.469127420336008
3500.0,133,2,18.777101516723633,-84.93611913417661,-59.24635773772766,2.73046875,6.256611347198486,56.35866448340894,0.0,0.3007518796992481,52.17488479614258,0.010927482508122921,0.0017391628352925181,8.107349276542664
3500.0,133,3,14.894608497619629,-93.7058594515223,-67.8936653593903,0.490234375,4.99388313293457,90.1833030139029,0.0,0.18045112781954886,51.74323654174805,0.010837078094482422,0.00172477460000664,8.17498192191124
3500.0,133,4,-5.850128650665283,-106.44425654493185,-71.46481986688939,0.0,0.3334331810474396,100.0,1.0,0.984,28.718978881835938,0.006014889106154442,0.000957299314904958,14.728936366736889
3500.0,133,5,-30.0,-220.0,-73.25789852835732,0.0,0.0014419741928577423,100.0,,1.0,0.0,0.0,0.0,1000000000000.0
3500.0,133,6,5.923628330230713,-96.25639797204408,-71.9537941323915,0.490234375,2.296215295791626,78.65033057229111,0.0,0.46616541353383456,57.64291763305664,0.01207270473241806,0.0019214305793866515,7.338282186537981
3500.0,133,7,13.90035629272461,-94.31744378650453,-69.69913852768542,0.876953125,4.675200939178467,81.24245061530769,0.0,0.4736842105263158,35.67150115966797,0.007471022661775351,0.0011890500318259,11.858206242322922
3500.0,133,8,-3.5309035778045654,-100.25120203024608,-68.85312916388031,0.0,0.5295873880386353,100.0,1.0,0.4736842105263158,35.83039474487305,0.007504301145672798,0.0011943464633077383,11.805619113147259
3500.0,134,0,20.194625854492188,-81.52054630423002,-71.95208814070077,5.5546875,6.722239017486572,17.368491576235513,0.0,0.03731343283582089,-58.50558853149414,-0.012253382243216038,-0.0019501863280311227,7.230078801512718
3500.0,134,1,1.8985819816589355,-92.68313327994889,-63.834799000667466,0.490234375,1.349541187286377,63.67399679103156,0.0,0.11940298507462688,-56.51137924194336,-0.011835716664791107,-0.0018837127136066556,7.485218346118927
3500.0,134,2,18.018556594848633,-84.74427095155343,-59.06189523450757,2.5703125,6.008224964141846,57.22010218758315,0.0,0.29850746268656714,51.82628631591797,0.010854472406208515,0.0017275428399443626,8.161881938576698
3500.0,134,3,15.068477630615234,-93.63814528203592,-67.83407562269198,1.17578125,5.049863338470459,76.71657288143308,0.0,0.17910447761194026,51.62464141845703,0.010812239721417427,0.001720821368508041,8.19376204162836
3500.0,134,4,-2.2400100231170654,-105.12905410137229,-71.444563025288,0.490234375,0.6753950119018555,27.415162036873607,0.0,0.9761904761904762,30.72151756286621,0.006434299983084202,0.0010240506380796432,13.76885175704956
3500.0,134,5,-30.0,-220.0,-73.23785968412136,0.0,0.0014419741928577423,100.0,,1.0,0.0,0.0,0.0,1000000000000.0
3500.0,134,6,4.741942405700684,-96.21895062191379,-71.91484707908498,0.490234375,1.9927138090133667,75.39865620529197,0.0,0.4626865671641791,58.16801452636719,0.012182680889964104,0.0019389338558539748,7.272038143128157
3500.0,134,7,0.5616282820701599,-94.29116551802005,-69.66726698452797,0.6015625,1.096298098564148,45.12783514010623,0.0,0.4701492537313433,34.524173736572266,0.007230726070702076,0.0011508058523759246,12.25228514522314
3500.0,134,8,0.9066070914268494,-100.17933452029638,-68.82733773094432,0.490234375,1.15842866897583,57.681090935584535,0.0,0.4701492537313433,46.489192962646484,0.009736673906445503,0.0015496397390961647,9.09888930618763
3500.0,135,0,21.773366928100586,-81.55358497461111,-71.99085417887338,5.5546875,7.242514610290527,23.304435007868374,0.0,0.03703703703703709,-58.5041389465332,-0.012253078632056713,-0.0019501380156725645,7.230257615447044
3500.0,135,1,5.483358383178711,-91.130869307389,-63.940059860698305,0.6015625,2.1809639930725098,72.41758681432758,0.0,0.11851851851851847,-57.31765365600586,-0.012004582211375237,-0.0019105884712189436,7.3799253441393375
3500.0,135,2,19.504501342773438,-84.53411675505802,-58.87382684448469,2.40625,6.495335578918457,62.95418503379826,0.0,0.2962962962962963,52.79840087890625,0.011058071628212929,0.0017599466955289245,8.011606521904469
3500.0,135,3,6.200956344604492,-93.57001783100026,-67.77413000961809,1.17578125,2.37005615234375,50.39015219798615,0.0,0.1777777777777778,52.0213623046875,0.010895328596234322,0.0017340454505756497,8.131274953484535
3500.0,135,4,-7.301957130432129,-105.650052679404,-71.42442340663104,0.0,0.24625582993030548,100.0,1.0,0.9763779527559056,24.924964904785156,0.0052202725782990456,0.0008308321703225374,16.970936208963394
3500.0,135,5,-30.0,-220.0,-73.21785826717704,0.0,0.0014419741928577423,100.0,,1.0,0.0,0.0,0.0,1000000000000.0
3500.0,135,6,6.308493137359619,-96.18134844316711,-71.87570623418097,0.490234375,2.398937463760376,79.5645204426651,0.0,0.45925925925925926,57.59308624267578,0.01206226833164692,0.0019197695655748248,7.344631943851709
3500.0,135,7,18.015121459960938,-94.26497137627315,-69.63548546651361,0.490234375,6.007102012634277,91.83908690132235,0.0,0.4666666666666667,34.908878326416016,0.0073112985119223595,0.0011636292329058051,12.117261067032814
3500.0,135,8,7.868927955627441,-100.15660243618265,-68.80181090106775,0.490234375,2.8322808742523193,82.69118082685162,0.0,0.4666666666666667,41.603302001953125,0.00871337577700615,0.0013867767993360758,10.16746275126934
3500.0,136,0,21.721174240112305,-81.58651474437849,-72.02942981805063,5.5546875,7.225291728973389,23.121616284007928,0.0,0.03676470588235292,-58.52825164794922,-0.012258129194378853,-0.0019509417470544577,7.227279245853424
3500.0,136,1,4.954554557800293,-91.15806920314424,-64.04402891950767,1.17578125,2.0459182262420654,42.53038880446016,0.0,0.11764705882352944,-58.00235366821289,-0.012147985398769379,-0.001933411811478436,7.2928075678646564
3500.0,136,2,20.621292114257812,-84.3341575566447,-58.68204507485927,2.73046875,6.862695217132568,60.21288045572176,0.0,0.2941176470588235,51.16080856323242,0.010715095326304436,0.0017053602496162057,8.26804805546999
3500.0,136,3,-0.6250485181808472,-93.50146522903569,-67.71382523135406,0.490234375,0.8999139070510864,45.524302807316175,0.0,0.17647058823529416,53.28691101074219,0.011160384863615036,0.0017762304050847888,7.938159629702568
3500.0,136,4,-5.534183979034424,-106.28321833102804,-71.40440294898767,0.0,0.35572507977485657,100.0,1.0,0.9765625,27.960956573486328,0.005856129340827465,0.00093203189317137,15.128238126635551
3500.0,136,5,-30.0,-220.0,-73.1978952229878,0.0,0.0014419741928577423,100.0,,1.0,0.0,0.0,0.0,1000000000000.0
3500.0,136,6,3.014174699783325,-96.13195282435066,-71.83636960885457,0.490234375,1.5858206748962402,69.086392757991,0.0,0.4558823529411765,57.52758026123047,0.012048548087477684,0.0019175860797986388,7.352994754910469
3500.0,136,7,15.056787490844727,-94.2428564448769,-69.60379764704675,1.17578125,5.046097278594971,76.69919573315512,0.0,0.4632352941176471,34.28889465332031,0.007181449793279171,0.0011429631849750876,12.33635563403368
3500.0,136,8,0.22542409598827362,-100.16723713970333,-68.77655396607797,0.490234375,1.0379278659820557,52.76797250874894,0.0,0.4632352941176471,39.53727340698242,0.00828066747635603,0.0013179091038182378,10.698765516281128
3500.0,137,0,21.156200408935547,-81.473452990989,-72.06781688996597,5.5546875,7.038951396942139,21.086434800316034,0.0,0.03649635036496346,-58.502586364746094,-0.012252753600478172,-0.0019500862108543515,7.230449467897415
3500.0,137,1,5.639895915985107,-91.18171592592972,-64.14673440917664,1.02734375,2.2216567993164062,53.75776536159369,0.0,0.11678832116788318,-58.90021514892578,-0.012336032465100288,-0.0019633404444903135,7.181637920439243
3500.0,137,2,19.382062911987305,-84.12012749195048,-58.48645775938033,3.029296875,6.455119609832764,53.07140598315758,0.0,0.291970802919708,50.70468521118164,0.010619564913213253,0.0016901561757549644,8.342424407601357
3500.0,137,3,6.445588111877441,-93.365392616469,-67.65315890955642,0.490234375,2.4359543323516846,79.87505888393545,0.0,0.17518248175182483,52.09587097167969,0.010910933837294579,0.0017365290550515056,8.119645528495312
3500.0,137,4,-7.984769344329834,-106.1188042394893,-71.38450400529975,0.0,0.21293793618679047,100.0,1.0,0.9767441860465116,27.830059051513672,0.005828713998198509,0.0009276686469092965,15.199393033981323
3500.0,137,5,-19.36574935913086,-122.78679597419713,-73.17797165553111,0.0,0.016599636524915695,100.0,1.0,1.0,33.827754974365234,0.007084868382662535,0.001127591822296381,12.504524551331997
3500.0,137,6,1.8335717916488647,-96.5850514952892,-71.79683522851425,0.490234375,1.336458683013916,63.31840398578971,0.0,0.45255474452554745,58.60514450073242,0.012274233624339104,0.0019535047467797995,7.217796519398689
3500.0,137,7,10.777412414550781,-94.2804777242257,-69.5722079068249,0.740234375,3.6960246562957764,79.97214727074152,0.0,0.45985401459854014,34.365318298339844,0.007197456434369087,0.0011455105850473046,12.308921664953232
3500.0,137,8,-2.265903949737549,-100.17045628849408,-68.75157323078224,0.490234375,0.6721852421760559,27.068560236019003,0.0,0.45985401459854014,38.2707405090332,0.008015405386686325,0.0012756913201883435,11.052830144762993
3500.0,138,0,20.972434997558594,-81.50662252987902,-72.1060172338701,5.5546875,6.978379726409912,20.40147257997299,0.0,0.036231884057971064,-58.51081085205078,-0.012254476547241211,-0.001950360368937254,7.22943339496851
3500.0,138,1,6.77481746673584,-91.20854501208065,-64.24820405820566,1.17578125,2.5257251262664795,53.447774749026756,0.0,0.1159420289855072,-57.85186004638672,-0.012116465717554092,-0.0019283953588455915,7.311779074370861
3500.0,138,2,20.047149658203125,-83.9008463623662,-58.286977534782885,2.73046875,6.673719882965088,59.08625477419841,0.0,0.28985507246376807,50.431060791015625,0.010562257841229439,0.0016810353845357895,8.387688547372818
3500.0,138,3,13.732412338256836,-93.29593973699362,-67.59212884743661,0.490234375,4.621635913848877,89.39262234978317,0.0,0.17391304347826086,51.21809005737305,0.010727091692388058,0.001707269693724811,8.258800953626633
3500.0,138,4,-11.372110366821289,-106.24294478031226,-71.36472899358998,0.0,0.10152948647737503,100.0,1.0,0.9769230769230769,27.847095489501953,0.005832282360643148,0.0009282365208491683,15.190094709396362
3500.0,138,5,-19.407989501953125,-122.75808093572311,-73.15808871400715,0.0,0.016439881175756454,100.0,1.0,1.0,33.67117691040039,0.007052075117826462,0.001122372574172914,12.562673538923264
3500.0,138,6,3.6447556018829346,-96.54820420247846,-71.75710113678561,0.490234375,1.7288339138031006,71.64363961824539,0.0,0.4492753623188406,57.20774841308594,0.01198156364262104,0.0019069249974563718,7.394103333353996
3500.0,138,7,0.9915256500244141,-94.25450729596182,-69.54072078647812,0.490234375,1.1740684509277344,58.244821704167,0.0,0.4565217391304348,35.10007095336914,0.007351341657340527,0.0011700023896992207,12.051258236169815
3500.0,138,8,7.63018274307251,-100.14943545168485,-68.7268751246775,0.490234375,2.764374017715454,82.26598962881508,0.0,0.4565217391304348,42.87159729003906,0.008979005739092827,0.0014290532562881708,9.866672568023205
3500.0,139,0,21.499103546142578,-81.54016807786243,-72.14403156672128,5.5546875,7.152027130126953,22.33408236663945,0.0,0.03597122302158273,-58.507347106933594,-0.012253751046955585,-0.0019502448849380016,7.2298613376915455
3500.0,139,1,6.571707248687744,-91.23536113758904,-64.34845917530214,1.328125,2.470198631286621,46.234080807168276,0.0,0.1151079136690647,-57.14373016357422,-0.011968154460191727,-0.0019047909881919622,7.402386981993914
3500.0,139,2,20.369556427001953,-83.67618127500808,-58.08350391417136,3.029296875,6.779809951782227,55.31885264418539,0.0,0.28776978417266186,50.856964111328125,0.01065145805478096,0.0016952321166172624,8.317445404827595
3500.0,139,3,16.52684783935547,-93.22607510029044,-67.53073184465578,1.02734375,5.521847724914551,81.39492790855803,0.0,0.17266187050359716,50.994346618652344,0.01068023219704628,0.0016998115461319685,8.295036852359772
3500.0,139,4,-4.794827461242676,-105.90084440667391,-71.34507989673638,0.0,0.4130803048610687,100.0,1.0,0.9770992366412213,27.19062042236328,0.005694790743291378,0.0009063540492206812,15.556835569441319
3500.0,139,5,-19.4058895111084,-122.72963727222935,-73.1382473765018,0.0,0.01644778810441494,100.0,1.0,1.0,33.52308654785156,0.007021058816462755,0.0011174362152814865,12.618170119822025
3500.0,139,6,3.688174247741699,-96.51071167035427,-71.71716523905229,0.490234375,1.738921046257019,71.808129181298,0.0,0.4460431654676259,57.535701751708984,0.012050249613821507,0.0019178567454218864,7.351957261562347
3500.0,139,7,10.299174308776855,-94.21810367849088,-69.50934018865867,0.490234375,3.550058364868164,86.19080802018854,0.0,0.4532374100719424,33.51987075805664,0.007020385470241308,0.001117328996770084,12.619380839169025
3500.0,139,8,3.6561062335968018,-99.03862287656347,-68.7024650259736,0.490234375,1.7314679622650146,71.68677759658335,0.0,0.4532374100719424,38.10474395751953,0.00798063911497593,0.0012701580999419093,11.100980453193188
3500.0,140,0,21.439340591430664,-81.57486029786226,-72.1818651312735,5.5546875,7.132315158843994,22.119432802794094,0.0,0.0357142857142857,-58.5070915222168,-0.012253697030246258,-0.0019502363866195083,7.229893002659082
3500.0,140,1,8.541892051696777,-91.26216000582383,-64.44754332955064,1.328125,3.0264599323272705,56.11622061096624,0.0,0.11428571428571432,-58.19440460205078,-0.012188207358121872,-0.0019398134900256991,7.268740329891443
3500.0,140,2,19.88651466369629,-83.44607423603262,-57.876017521213306,3.029296875,6.620891094207764,54.246387202318466,0.0,0.2857142857142857,50.626243591308594,0.010603135451674461,0.0016875414876267314,8.355350233614445
3500.0,140,3,13.248871803283691,-93.15580498091897,-67.46896881672095,1.6953125,4.467892646789551,62.055657241044415,0.0,0.17142857142857137,51.069480895996094,0.010695966891944408,0.0017023161053657532,8.282833732664585
3500.0,140,4,-16.291122436523438,-106.22780640854762,-71.32556044977699,0.0,0.033497363328933716,100.0,1.0,0.9772727272727273,27.95340919494629,0.005854548886418343,0.000931780319660902,15.132322907447815
3500.0,140,5,-30.0,-220.0,-73.11844929890357,0.0,0.0014419741928577423,100.0,,1.0,0.0,0.0,0.0,1000000000000.0
3500.0,140,6,3.2211174964904785,-96.48564076652328,-71.67702569507303,0.490234375,1.632026195526123,69.96161113443642,0.0,0.44285714285714284,57.76979064941406,0.01209927722811699,0.0019256597151979804,7.3221661150455475
3500.0,140,7,16.75476837158203,-94.17137167335312,-69.47807287719186,0.490234375,5.595954895019531,91.23948666140403,0.0,0.44999999999999996,33.79436492919922,0.007077875547111034,0.0011264788918197155,12.516879476606846
3500.0,140,8,1.3468490839004517,-99.0230345608087,-68.67835258158024,0.490234375,1.240981936454773,60.496252153315176,0.0,0.44999999999999996,30.594615936279297,0.006407721899449825,0.0010198205709457397,13.825962319970131
3500.0,141,0,21.582185745239258,-81.61385502346147,-72.21951632147423,5.5546875,7.179433345794678,22.630558256333224,0.0,0.03546099290780147,-58.520233154296875,-0.012256449088454247,-0.001950674457475543,7.22826924175024
3500.0,141,1,7.621950626373291,-91.28898436051728,-64.54546487398574,1.9140625,2.762042284011841,30.70118762918278,0.0,0.11347517730496459,-59.052703857421875,-0.012367970310151577,-0.001968423370271921,7.163092959672213
3500.0,141,2,21.225139617919922,-83.21328695545175,-57.66439924882132,3.029296875,7.061678886413574,57.10231343387389,0.0,0.2836879432624113,49.63136291503906,0.010394768789410591,0.0016543788369745016,8.522836491465569
3500.0,141,3,3.039705514907837,-93.08646975790437,-67.40683474317228,1.02734375,1.5914820432662964,35.44735522799118,0.0,0.17021276595744683,51.9927978515625,0.010889345780014992,0.0017330932896584272,8.135742507874966
3500.0,141,4,-5.098406791687012,-105.75203598258497,-71.30617182030878,0.0,0.38862261176109314,100.0,1.0,0.9774436090225564,24.983951568603516,0.00523262657225132,0.0008327983669005334,16.930868849158287
3500.0,141,5,-30.0,-220.0,-73.09869516958862,0.0,0.0014419741928577423,100.0,,1.0,0.0,0.0,0.0,1000000000000.0
3500.0,141,6,1.4846352338790894,-96.44768002949141,-71.63668023202786,0.490234375,1.2675652503967285,61.324722743340885,0.0,0.43971631205673756,57.73662185668945,0.012092330493032932,0.00192455411888659,7.326372433453798
3500.0,141,7,10.484253883361816,-94.14645470325318,-69.44692156925153,1.17578125,3.6063921451568604,67.3972989437936,0.0,0.44680851063829785,33.34857940673828,0.006984510459005833,0.00111161929089576,12.684199027717113
3500.0,141,8,3.1971187591552734,-99.01002086020699,-68.65454113508017,0.490234375,1.6266310214996338,69.86198046634817,0.0,0.44680851063829785,33.55097579956055,0.0070269000716507435,0.0011183659080415964,12.607681564986706
3500.0,142,0,20.800552368164062,-81.68144306972879,-72.25698957802301,5.5546875,6.921742916107178,19.7501616670273,0.0,0.035211267605633756,-58.514129638671875,-0.0122551703825593,-0.0019504709634929895,7.2290231473743916
3500.0,142,1,6.9651899337768555,-91.40001116435278,-64.64226177556051,1.6953125,2.578181028366089,34.243853269124514,0.0,0.11267605633802813,-58.28663635253906,-0.012207524850964546,-0.0019428879022598267,7.257238496094942
3500.0,142,2,18.03038215637207,-82.99657512051058,-57.448646442823495,3.322265625,6.012092590332031,44.74027844576957,0.0,0.2816901408450704,49.427696228027344,0.010352113284170628,0.0016475898446515203,8.557954803109169
3500.0,142,3,1.6857059001922607,-93.01537545179313,-67.34433016500748,0.490234375,1.3069902658462524,62.49135224564337,0.0,0.16901408450704225,52.938316345214844,0.01108737476170063,0.0017646105261519551,7.990431971848011
3500.0,142,4,-6.330207824707031,-105.73989841378878,-71.28691752249959,0.0,0.30193638801574707,100.0,1.0,0.9776119402985075,24.63799285888672,0.005160169675946236,0.00082126643974334,17.16860756278038
3500.0,142,5,-30.0,-220.0,-73.07898657893378,0.0,0.0014419741928577423,100.0,,1.0,0.0,0.0,0.0,1000000000000.0
3500.0,142,6,0.3962107300758362,-96.36902266442141,-71.59612691862897,0.490234375,1.0673096179962158,54.06821350299702,0.0,0.43661971830985913,57.6278076171875,0.012069540098309517,0.0019209269667044282,7.340206298977137
3500.0,142,7,-1.5087875127792358,-94.10884872198542,-69.41589280485232,0.490234375,0.7710528373718262,36.42013215709192,0.0,0.4436619718309859,31.94413948059082,0.006690365262329578,0.0010648046154528856,13.241865672171116
3500.0,142,8,7.590040683746338,-98.95742355497336,-68.63103975850655,0.490234375,2.75300931930542,82.19278185648548,0.0,0.4436619718309859,37.10924530029297,0.007772142067551613,0.0012369748437777162,11.398776434361935
3500.0,143,0,21.415283203125,-81.66271119552883,-72.29428281485475,5.5546875,7.124380588531494,22.03269560105078,0.0,0.034965034965035,-58.50962448120117,-0.012254226952791214,-0.0019503207877278328,7.229580078274012
3500.0,143,1,8.223952293395996,-91.42833060903358,-64.73793954686928,1.4765625,2.9342286586761475,49.67800155471902,0.0,0.11188811188811187,-58.29437255859375,-0.012209145352244377,-0.0019431457621976733,7.256275042891502
3500.0,143,2,23.376628875732422,-82.74852106334077,-57.22865078903871,2.5703125,7.772162914276123,66.92925086170312,0.0,0.2797202797202797,48.22636413574219,0.010100506246089935,0.0016075455350801349,8.771136403083801
3500.0,143,3,9.00241756439209,-92.94386862334564,-67.28144953501187,0.490234375,3.161517858505249,84.49370217279808,0.0,0.1678321678321678,51.27360916137695,0.010738720186054707,0.0017091203480958939,8.249858394265175
3500.0,143,4,-1.9705032110214233,-103.78125337001171,-71.2677985052701,0.490234375,0.7095176577568054,30.905965532991296,0.0,0.9703703703703703,25.72272491455078,0.0053873551078140736,0.0008574241655878723,16.444602981209755
3500.0,143,5,-30.0,-220.0,-73.05932413937535,0.0,0.0014419741928577423,100.0,,1.0,0.0,0.0,0.0,1000000000000.0
3500.0,143,6,0.5473732948303223,-96.33073581868777,-71.55536335020545,0.490234375,1.0937795639038086,55.17978291253637,0.0,0.43356643356643354,56.92486572265625,0.011922316625714302,0.0018974955892190337,7.430847734212875
3500.0,143,7,6.71743106842041,-94.27090672707335,-69.38498905291394,0.490234375,2.5099904537200928,80.46867571653841,0.0,0.4405594405594405,32.535667419433594,0.006814253982156515,0.001084522227756679,13.001116923987865
3500.0,143,8,5.258028984069824,-98.68195246846754,-68.60785122555973,0.490234375,2.122955083847046,76.90792524391816,0.0,0.4405594405594405,35.393470764160156,0.0074127912521362305,0.0011797823244705796,11.951357126235962
3500.0,144,0,21.748306274414062,-81.69440053444865,-72.33140075943413,5.5546875,7.234245300292969,23.216765959331664,0.0,0.03472222222222221,-58.51749038696289,-0.012255875393748283,-0.0019505830714479089,7.2286082431674
3500.0,144,1,10.483786582946777,-91.45677929813759,-64.83253617097711,1.9140625,3.6062498092651367,46.923740693658765,0.0,0.11111111111111116,-58.311241149902344,-0.012212677858769894,-0.0019437080482020974,7.254175841808319
3500.0,144,2,21.00716781616211,-82.49471323950247,-57.00445746522792,3.90234375,6.989826202392578,44.17109042476264,0.0,0.2777777777777778,47.96759033203125,0.010046308860182762,0.0015989197418093681,8.81845410913229
3500.0,144,3,12.778987884521484,-92.87196799612444,-67.21819392437641,0.490234375,4.319230556488037,88.64996048280855,0.0,0.16666666666666663,50.86074447631836,0.010652249678969383,0.001695358194410801,8.31682700663805
3500.0,144,4,-0.7530686855316162,-96.7228193077763,-71.24881844608197,0.490234375,0.8803336024284363,44.31265901384789,0.0,0.9632352941176471,26.16164207458496,0.005479281768202782,0.0008720547193661332,16.168709844350815
3500.0,144,5,-30.0,-220.0,-73.03970951579086,0.0,0.0014419741928577423,100.0,,1.0,0.0,0.0,0.0,1000000000000.0
3500.0,144,6,-0.5511295795440674,-96.5200546084619,-71.5143875406136,0.490234375,0.9113615155220032,46.20857182901704,0.0,0.4305555555555556,57.57492446899414,0.01205846481025219,0.0019191642059013247,7.346948608756065
3500.0,144,7,12.257981300354004,-94.18904107006513,-69.35421724484615,0.490234375,4.155338287353516,88.20229928109597,0.0,0.4375,32.427589416503906,0.006791618652641773,0.0010809196392074227,13.044448569417
3500.0,144,8,4.005980014801025,-98.99183924434554,-68.58498497498397,0.490234375,1.8136674165725708,72.96999601357815,0.0,0.4375,29.947895050048828,0.006272272672504187,0.0009982631308957934,14.124532230198383
3500.0,145,0,20.534664154052734,-81.48662685192996,-72.36834531930847,5.5546875,6.834167957305908,18.721817568707966,0.0,0.03448275862068961,-58.76136016845703,-0.012306950986385345,-0.0019587120041251183,7.198608014732599
3500.0,145,1,10.316798210144043,-91.48518781109641,-64.92607535975463,2.5703125,3.5554137229919434,27.70707714327444,0.0,0.1103448275862069,-58.30865478515625,-0.012212135829031467,-0.0019436219008639455,7.254497613757849
3500.0,145,2,23.343782424926758,-82.2351466648353,-56.776091504972804,3.322265625,7.761302471160889,57.194483305544,0.0,0.27586206896551724,47.67870330810547,0.009985804557800293,0.0015892900992184877,8.87188594788313
3500.0,145,3,12.932453155517578,-92.79966450413986,-67.15456211219171,1.02734375,4.367699146270752,76.47860542599022,0.0,0.16551724137931034,50.84397888183594,0.010648738592863083,0.0016947992844507098,8.319569751620293
3500.0,145,4,1.6475919485092163,-96.40269887880807,-71.22998000777201,0.490234375,1.2994595766067505,62.27398036650451,0.0,0.9562043795620438,23.763858795166016,0.0049770912155508995,0.0007921286160126328,17.800139263272285
3500.0,145,5,-30.0,-220.0,-73.02014401721149,0.0,0.0014419741928577423,100.0,,1.0,0.0,0.0,0.0,1000000000000.0
3500.0,145,6,-0.9237527251243591,-96.48105433323539,-71.47319737403085,0.490234375,0.8547114729881287,42.64329069011935,0.0,0.4275862068965517,57.061676025390625,0.011950969696044922,0.0019020559266209602,7.413031533360481
3500.0,145,7,9.205857276916504,-94.16396188788815,-69.32358274548179,0.490234375,3.2217013835906982,84.78337013178991,0.0,0.43448275862068964,32.44056701660156,0.006794336251914501,0.0010813522385433316,13.039229437708855
3500.0,145,8,7.380023956298828,-98.5433122625642,-68.56244788927312,0.490234375,2.6938083171844482,81.80143806548233,0.0,0.43448275862068964,35.83504104614258,0.007505273446440697,0.00119450141210109,11.804088950157166
3500.0,146,0,20.58929443359375,-81.74078671271502,-72.40511569943985,5.5546875,6.8521575927734375,18.93520508258306,0.0,0.03424657534246578,-58.18218994140625,-0.012185649946331978,-0.0019394063856452703,7.270266301929951
3500.0,146,1,9.63838005065918,-91.48956056042607,-65.0185676950793,2.5703125,3.3506479263305664,23.289090453175255,0.0,0.1095890410958904,-58.12596893310547,-0.012173875235021114,-0.0019375323317945004,7.277298253029585
3500.0,146,2,20.426511764526367,-81.96977786742215,-56.54354248268302,4.212890625,6.798558712005615,38.032591855676245,0.0,0.273972602739726,47.172183990478516,0.009879719465970993,0.0015724061522632837,8.967149071395397
3500.0,146,3,13.171133041381836,-92.72697014545543,-67.09054986922864,1.02734375,4.4432454109191895,76.87852785544273,0.0,0.1643835616438356,50.77857208251953,0.010635040700435638,0.001692619058303535,8.330285549163818
3500.0,146,4,-1.5436455011367798,-96.56010430566906,-71.21128463915744,0.490234375,0.7662701606750488,36.02329828840966,0.0,0.9492753623188406,22.089155197143555,0.004626342095434666,0.000736305199097842,19.149668514728546
3500.0,146,5,-30.0,-220.0,-73.00062846009476,0.0,0.0014419741928577423,100.0,,1.0,0.0,0.0,0.0,1000000000000.0
3500.0,146,6,-2.1743202209472656,-96.36541850476482,-71.43179038054583,0.490234375,0.6835914254188538,28.2854704182954,0.0,0.4246575342465754,56.9896240234375,0.011935878545045853,0.0018996541621163487,7.422403898090124
3500.0,146,7,-1.7821590900421143,-94.13910290460463,-69.2930890030016,0.490234375,0.7341465353965759,33.223906759270875,0.0,0.43150684931506844,33.23809051513672,0.006961369886994362,0.0011079363757744431,12.72636279463768
3500.0,146,8,5.048780918121338,-98.44529442089345,-68.54024390418516,0.490234375,2.0697011947631836,76.31376083463618,0.0,0.43150684931506844,32.41570281982422,0.006789129227399826,0.0010805234778672457,13.049231842160225
3500.0,147,0,20.456716537475586,-81.77204457897409,-72.44171617817372,5.5546875,6.8085036277771,18.415443338560088,0.0,0.03401360544217691,-58.707183837890625,-0.01229560375213623,-0.001956906169652939,7.2052511386573315
3500.0,147,1,7.585763454437256,-91.51773087776122,-65.11004688181885,2.40625,2.7517993450164795,12.55721445105621,0.0,0.108843537414966,-58.781150817871094,-0.012311095371842384,-0.0019593716133385897,7.19618471339345
3500.0,147,2,21.02904510498047,-81.69872428419066,-56.30696815623282,3.322265625,6.997036457061768,52.51896077164213,0.0,0.27210884353741494,46.179481506347656,0.009671807289123535,0.0015393160283565521,9.15991235524416
3500.0,147,3,11.632372856140137,-92.65263842697121,-67.02615865545422,1.17578125,3.96000599861145,70.30859926948898,0.0,0.16326530612244894,50.84801483154297,0.010649584233760834,0.0016949338605627418,8.31890944391489
3500.0,147,4,1.6521356105804443,-96.60354608609549,-71.19273601376393,0.490234375,1.3003559112548828,62.29998489206628,0.0,0.9424460431654677,23.16781997680664,0.004852257203310728,0.0007722606533206999,18.25808361172676
3500.0,147,5,-30.0,-220.0,-72.9811645547912,0.0,0.0014419741928577423,100.0,,1.0,0.0,0.0,0.0,1000000000000.0
3500.0,147,6,-3.121551752090454,-96.26459251830967,-71.39016453254534,0.0,0.5727483630180359,100.0,1.0,0.4285714285714286,55.637428283691406,0.01165267638862133,0.0018545809434726834,7.602795958518982
3500.0,147,7,-0.8821991086006165,-93.9356468746496,-69.26274315369074,0.490234375,0.8608984351158142,43.055492378255956,0.0,0.4285714285714286,30.702571868896484,0.006430332083255053,0.0010234190849587321,13.777347281575203
3500.0,147,8,2.2742226123809814,-98.43090741852677,-68.51838233082785,0.490234375,1.426637053489685,65.63706418525709,0.0,0.4285714285714286,27.23625946044922,0.005704348906874657,0.0009078753064386547,15.530766919255257
3500.0,148,0,21.515342712402344,-81.57683599077247,-72.47814546333517,5.5546875,7.157383918762207,22.39220973686956,0.0,0.03378378378378377,-58.357913970947266,-0.012222453020513058,-0.0019452638225629926,7.248374167829752
3500.0,148,1,8.03632640838623,-91.13801018526416,-65.20052046652319,1.6953125,2.8802096843719482,41.13926811652687,0.0,0.10810810810810811,-59.31312942504883,-0.012422513216733932,-0.001977104227989912,7.131642196327448
3500.0,148,2,22.443403244018555,-81.42200764717076,-56.06642966595634,3.322265625,7.463733196258545,55.487883373625934,0.0,0.2702702702702703,45.41631317138672,0.009511969983577728,0.0015138770686462522,9.313833899796009
3500.0,148,3,11.338403701782227,-92.58040362109443,-66.96138370573735,0.876953125,3.8688294887542725,77.3328566805778,0.0,0.16216216216216217,50.84480667114258,0.010648911818861961,0.0016948268748819828,8.319433778524399
3500.0,148,4,-0.8182632923126221,-96.41352427018212,-71.17433532828693,0.490234375,0.8704817295074463,43.682404996898164,0.0,0.9357142857142857,21.449058532714844,0.004492280073463917,0.0007149685989134014,19.721144810318947
3500.0,148,5,-30.0,-220.0,-72.96175302061982,0.0,0.0014419741928577423,100.0,,1.0,0.0,0.0,0.0,1000000000000.0
3500.0,148,6,-0.629517138004303,-96.2865292131047,-71.34831718165334,0.490234375,0.899225115776062,45.482575341891895,0.0,0.42567567567567566,55.765052795410156,0.011679405346512794,0.0018588351085782051,7.585396058857441
3500.0,148,7,9.762457847595215,-93.89372405122428,-69.23254835051486,0.490234375,3.387876272201538,85.52974383915645,0.0,0.42567567567567566,31.93790054321289,0.006689058616757393,0.0010645966976881027,13.244452886283398
3500.0,148,8,7.2588324546813965,-98.68162016788055,-68.49686644660142,0.490234375,2.6598453521728516,81.56906473530414,0.0,0.42567567567567566,34.58429718017578,0.0072433194145560265,0.0011528099421411753,12.23098486661911
3500.0,149,0,22.88532829284668,-81.60665129312653,-72.51440552050136,5.5546875,7.60974645614624,27.005616652134446,0.0,0.03355704697986572,-58.453636169433594,-0.012242501601576805,-0.0019484545337036252,7.236504461616278
3500.0,149,1,10.402433395385742,-93.36200225972318,-65.29001076322803,1.9140625,3.581463098526001,46.55640872614999,0.0,0.10738255033557043,-58.2610969543457,-0.01220217626541853,-0.0019420365570113063,7.260419428348541
3500.0,149,2,21.979076385498047,-81.13927513745608,-55.82213659474883,3.90234375,7.3104095458984375,46.61935524269717,0.0,0.2684563758389261,45.18025207519531,0.009462529793381691,0.0015060084406286478,9.362497366964817
3500.0,149,3,9.150186538696289,-92.50652939531007,-66.89622424469007,0.876953125,3.2052018642425537,72.63969128486578,0.0,0.1610738255033557,51.017112731933594,0.010684999637305737,0.0017005704576149583,8.29133577644825
3500.0,149,4,2.6459600925445557,-96.32416565142583,-71.15608529850823,0.490234375,1.5054137706756592,67.43524042695762,0.0,0.9290780141843972,21.15702247619629,0.00443111639469862,0.0007052340661175549,19.993361085653305
3500.0,149,5,-30.0,-220.0,-72.94239521754764,0.0,0.0014419741928577423,100.0,,1.0,0.0,0.0,0.0,1000000000000.0
3500.0,149,6,-2.248929023742676,-96.2761260789888,-71.30624605311645,0.490234375,0.6742880940437317,27.296006064700684,0.0,0.42281879194630867,56.5340461730957,0.011840462684631348,0.0018844682490453124,7.482217159122229
3500.0,149,7,9.841323852539062,-93.87096093836021,-69.20251028898879,0.490234375,3.411592960357666,85.63033806504852,0.0,0.42281879194630867,31.11276626586914,0.006516242399811745,0.0010370921809226274,13.595705851912498
3500.0,149,8,8.35749340057373,-98.54867966861116,-68.47570313258146,0.490234375,2.97286319732666,83.50968939839404,0.0,0.42281879194630867,35.537864685058594,0.007443032693117857,0.0011845955159515142,11.90279796719551
3500.0,150,0,20.40142059326172,-81.65266996958408,-72.55050101289703,5.5546875,6.790299415588379,18.196722117316433,0.0,0.033333333333333326,-58.51262664794922,-0.012254856526851654,-0.001950420904904604,7.229208946228027
3500.0,150,1,7.325345516204834,-93.3885719132161,-65.37855124221409,2.5703125,2.678466796875,4.037918147844321,0.0,0.10666666666666669,-58.25126647949219,-0.012200117111206055,-0.0019417088478803635,7.261645048856735
3500.0,150,2,23.19302749633789,-80.8519089392935,-55.57447334921917,3.90234375,7.711457252502441,49.3955082389434,0.0,0.2666666666666667,43.634559631347656,0.009138801135122776,0.001454485347494483,9.694150649011135
3500.0,150,3,7.845885276794434,-92.36400952972409,-66.83068306440276,0.6015625,2.8257036209106445,78.71105463614994,0.0,0.16000000000000003,51.44395065307617,0.010774396359920502,0.0017147983890026808,8.222540840506554
3500.0,150,4,1.6973692178726196,-96.34022251348443,-71.13798992279843,0.490234375,1.3093000650405884,62.557523054518235,0.0,0.9225352112676056,22.672988891601562,0.004748619627207518,0.0007557662902399898,18.65656115114689
3500.0,150,5,-30.0,-220.0,-72.92309302579014,0.0,0.0014419741928577423,100.0,,1.0,0.0,0.0,0.0,1000000000000.0
3500.0,150,6,-4.026660919189453,-96.23627965122239,-71.26394911857417,0.0,0.4809585511684418,100.0,1.0,0.42666666666666664,55.61492156982422,0.011647962033748627,0.0018538307631388307,7.605872582644224
3500.0,150,7,0.18917609751224518,-93.84849789275947,-69.17263685404433,0.490234375,1.0317636728286743,52.48578837283758,0.0,0.42000000000000004,31.78506088256836,0.006657048128545284,0.0010595020139589906,13.308138586580753
3500.0,150,8,1.4589712619781494,-98.50832470678922,-68.45490236007082,0.490234375,1.262587070465088,61.17223227864857,0.0,0.42000000000000004,26.42267608642578,0.005533952731639147,0.0008807558915577829,16.008976846933365
3500.0,151,0,20.564023971557617,-81.6824262694688,-72.58643086184702,5.5546875,6.843835353851318,18.836628691335477,0.0,0.0331125827814569,-58.53715515136719,-0.012259993702173233,-0.0019512384897097945,7.2261798195540905
3500.0,151,1,5.521178722381592,-91.75322607732377,-65.46614939507718,1.6953125,2.1907660961151123,22.615540608999773,0.0,0.10596026490066224,-58.31529998779297,-0.012213528156280518,-0.0019438433228060603,7.2536710649728775
3500.0,151,2,23.823974609375,-80.56171911306576,-55.32373148618862,4.212890625,7.920121669769287,46.807753710648214,0.0,0.26490066225165565,42.7105712890625,0.008945280686020851,0.0014236856950446963,9.903871454298496
3500.0,151,3,5.783204078674316,-92.29040637016544,-66.76475599074163,0.490234375,2.259187698364258,78.30041411101215,0.0,0.1589403973509934,51.487003326416016,0.010783413425087929,0.0017162334406748414,8.215665817260742
3500.0,151,4,1.605175495147705,-96.26751460534658,-71.12005051104163,0.490234375,1.2911102771759033,62.03001527705992,0.0,0.916083916083916,20.56643295288086,0.00430742371827364,0.0006855477695353329,20.56749537587166
3500.0,151,5,-30.0,-220.0,-72.90384723832267,0.0,0.0014419741928577423,100.0,,1.0,0.0,0.0,0.0,1000000000000.0
3500.0,151,6,-3.4981281757354736,-96.27297422085022,-71.22142363329058,0.0,0.5329414010047913,100.0,1.0,0.4304635761589404,57.77149963378906,0.012099634855985641,0.0019257166422903538,7.321949582546949
3500.0,151,7,0.014453941956162453,-93.9989481200241,-69.14293156674029,0.490234375,1.002402901649475,51.094078619155134,0.0,0.41721854304635764,30.27382469177246,0.00634053535759449,0.0010091274743899703,13.972466811537743
3500.0,151,8,7.427845001220703,-98.39470145086436,-68.4344675509056,0.490234375,2.7072503566741943,81.89179756532589,0.0,0.41721854304635764,32.604915618896484,0.006828757934272289,0.0010868305107578635,12.973504140973091
3500.0,152,0,23.318387985229492,-81.71201998585579,-72.62219527411106,5.5546875,7.752904891967773,28.353467798182173,0.0,0.03289473684210531,-58.50248718261719,-0.012252732180058956,-0.0019500829512253404,7.2304620407521725
3500.0,152,1,7.0182929039001465,-92.25218921817601,-65.55281839030116,1.4765625,2.5928821563720703,43.0532353207294,0.0,0.10526315789473684,-58.319854736328125,-0.012214481830596924,-0.0019439951283857226,7.253104820847511
3500.0,152,2,22.476009368896484,-80.2650560275433,-55.07034143708728,4.5234375,7.474503517150879,39.48176638594669,0.0,0.26315789473684215,42.248497009277344,0.008848505094647408,0.001408283249475062,10.012190788984299
3500.0,152,3,4.623681545257568,-92.21639361964519,-66.6984404778768,0.490234375,1.9634003639221191,75.03135967537969,0.0,0.1578947368421053,52.28318405151367,0.010950164869427681,0.0017427728744223714,8.090555667877197
3500.0,152,4,2.5258355140686035,-96.3208225322304,-71.10226896683014,0.490234375,1.4796909093856812,66.86913652774085,0.0,0.9097222222222222,22.30453872680664,0.004671451635658741,0.0007434846484102309,18.964750692248344
3500.0,152,5,-30.0,-220.0,-72.88465890449385,0.0,0.0014419741928577423,100.0,,1.0,0.0,0.0,0.0,1000000000000.0
3500.0,152,6,-3.391563892364502,-96.10150251434801,-71.17866697042147,0.0,0.5439679026603699,100.0,1.0,0.4342105263157895,56.913330078125,0.011919899843633175,0.0018971110694110394,7.432353682816029
3500.0,152,7,5.362827301025391,-94.01461092188549,-69.11339897688958,0.490234375,2.1498501300811768,77.19681162232973,0.0,0.4144736842105263,29.88791847229004,0.00625971145927906,0.0009962639305740595,14.15287610143423
3500.0,152,8,9.515975952148438,-98.38516779991122,-68.41440350135599,0.490234375,3.3140227794647217,85.2072720188368,0.0,0.4144736842105263,35.8814697265625,0.007514997385442257,0.0011960490373894572,11.788815259933472
3500.0,153,0,22.28623390197754,-81.74153277495272,-72.65779805637737,5.5546875,7.411823272705078,25.05639576626445,0.0,0.0326797385620915,-58.493324279785156,-0.012250813655555248,-0.0019497774774208665,7.231594529002905
3500.0,153,1,6.810257434844971,-92.28247666592199,-65.63858642827668,1.6953125,2.5354604721069336,33.13591283909001,0.0,0.10457516339869277,-58.31736755371094,-0.012213962152600288,-0.0019439122406765819,7.253414019942284
3500.0,153,2,24.745716094970703,-79.96403909140878,-54.81501134613968,4.212890625,8.225177764892578,48.78055228202085,0.0,0.261437908496732,40.10743713378906,0.0084000825881958,0.0013369146035984159,10.546672157943249
3500.0,153,3,5.027150630950928,-92.1420175787185,-66.63173903866331,0.490234375,2.0642309188842773,76.25099156711725,0.0,0.1568627450980392,52.37321472167969,0.01096902135759592,0.0017457738285884261,8.076648227870464
3500.0,153,4,2.784585952758789,-96.24237795293033,-71.08464898200955,0.490234375,1.5354108810424805,68.07145363805478,0.0,0.903448275862069,20.083641052246094,0.004206308163702488,0.0006694546900689602,21.061917766928673
3500.0,153,5,-30.0,-220.0,-72.86552981797493,0.0,0.0014419741928577423,100.0,,1.0,0.0,0.0,0.0,1000000000000.0
3500.0,153,6,-2.59664249420166,-96.06149059217043,-71.13567693116549,0.490234375,0.6322364211082458,22.460276151021286,0.0,0.43137254901960786,55.48017883300781,0.011619741097092628,0.0018493393436074257,7.624344900250435
3500.0,153,7,6.388504505157471,-93.95248158920238,-69.0840466708269,0.490234375,2.4205145835876465,79.74668781902636,0.0,0.4117647058823529,28.485057830810547,0.005965896882116795,0.0009495019330643117,14.8498909547925
3500.0,153,8,3.5480000972747803,-98.38595741313901,-68.3947192830554,0.490234375,1.7064650058746338,71.27193506386998,0.0,0.4117647058823529,23.77216339111328,0.004978830460458994,0.0007924054516479373,17.793921753764153
3500.0,154,0,22.452627182006836,-81.77095887470948,-72.69324144284226,5.5546875,7.466780185699463,25.60799485381321,0.0,0.03246753246753242,-58.52297592163086,-0.012257023714482784,-0.0019507658435031772,7.227930705994368
3500.0,154,1,7.049053192138672,-92.31275289900944,-65.72347411619853,1.6953125,2.601411819458008,34.83106029889529,0.0,0.10389610389610393,-58.316104888916016,-0.012213696725666523,-0.0019438702147454023,7.253570947796106
3500.0,154,2,26.063121795654297,-79.6598881830844,-54.558558181943944,4.81640625,8.661548614501953,44.393243467618085,0.0,0.2597402597402597,38.34602737426758,0.00803117360919714,0.0012782008852809668,11.031130328774452
3500.0,154,3,4.109930038452148,-92.13151252953544,-66.56465224098102,0.490234375,1.8384596109390259,73.33450394650747,0.0,0.1558441558441559,51.91730499267578,0.01087353564798832,0.0017305768560618162,8.147572167217731
3500.0,154,4,4.41832160949707,-96.21859143536874,-71.06719345171312,0.490234375,1.9129841327667236,74.37331723755698,0.0,0.8972602739726028,22.249523162841797,0.004659929312765598,0.0007416507578454912,19.011644646525383
3500.0,154,5,-30.0,-220.0,-72.84646143142103,0.0,0.0014419741928577423,100.0,,1.0,0.0,0.0,0.0,1000000000000.0
3500.0,154,6,-2.8117685317993164,-96.17307367031232,-71.09245098895059,0.490234375,0.6072826981544495,19.274108007714176,0.0,0.4285714285714286,57.78187561035156,0.01210180763155222,0.0019260625122115016,7.320634555071592
3500.0,154,7,1.3845775127410889,-93.92758216711412,-69.05488099058581,0.490234375,1.2482256889343262,60.72550185867925,0.0,0.40909090909090906,31.19644546508789,0.006533768493682146,0.0010398814920336008,13.559237122535706
3500.0,154,8,5.918047904968262,-98.59307778698273,-68.37542203634173,0.490234375,2.294739007949829,78.63659556482693,0.0,0.40909090909090906,30.645532608032227,0.0064183855429291725,0.0010215177899226546,13.80299124866724
3500.0,155,0,23.702877044677734,-82.0356639000608,-72.72852656035235,5.5546875,7.880062580108643,29.509601687409226,0.0,0.032258064516129004,-58.50615692138672,-0.012253501452505589,-0.0019502053037285805,7.230008486658335
3500.0,155,1,7.087282657623291,-92.34305980413973,-65.80749735352514,1.9140625,2.6120264530181885,26.721167092764063,0.0,0.10322580645161294,-58.3297119140625,-0.012216546572744846,-0.00194432376883924,7.25187873467803
3500.0,155,2,27.42682456970215,-79.35359674176789,-54.30195137188905,5.33203125,9.113600730895996,41.49369269685149,0.0,0.25806451612903225,37.32232666015625,0.007816770114004612,0.001244077575393021,11.333698406815529
3500.0,155,3,4.987320423126221,-92.05542698758174,-66.49718011254103,0.490234375,2.0541741847991943,76.13472223398996,0.0,0.1548387096774193,51.15252685546875,0.010713361203670502,0.001705084228888154,8.269386366009712
3500.0,155,4,2.9206161499023438,-96.12063463276874,-71.04990495487606,0.490234375,1.5651695728302002,68.67851359303265,0.0,0.891156462585034,21.442338943481445,0.004490872845053673,0.0007147446158342063,19.727325066924095
3500.0,155,5,-30.0,-220.0,-72.82745515254317,0.0,0.0014419741928577423,100.0,,1.0,0.0,0.0,0.0,1000000000000.0
3500.0,155,6,-4.11049222946167,-96.13218935265103,-71.04898673214593,0.0,0.4731180667877197,100.0,1.0,0.432258064516129,57.140403747558594,0.011967458762228489,0.001904680160805583,7.402818184345961
3500.0,155,7,1.2067599296569824,-93.7378979862283,-69.02590782046008,0.490234375,1.2143176794052124,59.628820092603554,0.0,0.40645161290322585,28.491422653198242,0.005967229604721069,0.0009497140999883413,14.84657358378172
3500.0,155,8,6.864930629730225,-99.0708879199367,-68.35651793485482,0.490234375,2.550506114959717,80.77893747736641,0.0,0.40645161290322585,31.095394134521484,0.006512604188174009,0.0010365131311118603,13.603300787508488
3500.0,156,0,23.55942153930664,-82.0660686973975,-72.76365378338241,5.5546875,7.832613468170166,29.082578598153763,0.0,0.03205128205128205,-58.503623962402344,-0.012252970598638058,-0.0019501207862049341,7.2303214110434055
3500.0,156,1,8.118721961975098,-94.26538525417843,-65.89066809401459,1.9140625,2.9038937091827393,34.086344346994494,0.0,0.10256410256410253,-58.310462951660156,-0.012212514877319336,-0.00194368208758533,7.254272699356079
3500.0,156,2,26.569847106933594,-79.1551087126895,-54.04631059020189,5.5546875,8.829487800598145,37.08935755453784,0.0,0.2564102564102564,35.66367721557617,0.00746938306838274,0.0011887892615050077,11.860807426273823
3500.0,156,3,5.953778266906738,-91.89906513502518,-66.4293206502885,0.490234375,2.304197311401367,78.72428838562227,0.0,0.15384615384615385,49.251068115234375,0.010315120220184326,0.0016417022561654449,8.588646538555622
3500.0,156,4,5.143484115600586,-96.09708944469212,-71.03278535100259,0.490234375,2.093729257583618,76.58558893303227,0.0,0.8851351351351351,22.563520431518555,0.004725692793726921,0.0007521173683926463,18.747074529528618
3500.0,156,5,-30.0,-220.0,-72.80851199315322,0.0,0.0014419741928577423,100.0,,1.0,0.0,0.0,0.0,1000000000000.0
3500.0,156,6,-1.0875743627548218,-96.11140940153369,-71.00528114925098,0.490234375,0.8306376934051514,40.98096210992877,0.0,0.4294871794871795,58.00719451904297,0.01214899867773056,0.0019335731631144881,7.292198948562145
3500.0,156,7,7.341829299926758,-93.73591598981099,-68.99713190019764,0.490234375,2.6830883026123047,81.72872750692927,0.0,0.40384615384615385,30.538503646850586,0.0063959695398807526,0.0010179501259699464,13.851366937160492
3500.0,156,8,5.942469120025635,-99.07818427843375,-68.33801156017225,0.490234375,2.3012020587921143,78.69659584533308,0.0,0.40384615384615385,34.08836364746094,0.007139449939131737,0.0011362788500264287,12.408927083015442
3500.0,157,0,23.370359420776367,-82.09638264267929,-72.79862529206338,5.5546875,7.770090103149414,28.511929382279042,0.0,0.031847133757961776,-58.52043914794922,-0.012256491929292679,-0.0019506813259795308,7.228244096040726
3500.0,157,1,8.88221263885498,-94.29441111534896,-65.97300596594499,2.16015625,3.1261048316955566,30.899430239888638,0.0,0.10191082802547768,-58.33711242675781,-0.012218096293509007,-0.0019445704529061913,7.250959053635597
3500.0,157,2,24.56041717529297,-78.84459648905873,-53.79310885127035,5.5546875,8.163833618164062,31.959814961917665,0.0,0.2547770700636943,34.274044036865234,0.007178339175879955,0.0011424681870266795,12.341701425611973
3500.0,157,3,7.577454090118408,-91.82268693910805,-66.36107590671807,0.490234375,2.7494492530822754,82.16972455663904,0.0,0.15286624203821653,48.632911682128906,0.01018565334379673,0.0016210970934480429,8.697813376784325
3500.0,157,4,0.8209854364395142,-96.17763887667236,-71.01583777710749,0.490234375,1.142797589302063,57.1022568135273,0.0,0.8791946308724832,20.42007827758789,0.004276771564036608,0.0006806692690588534,20.714906975626945
3500.0,157,5,-30.0,-220.0,-72.78963361528594,0.0,0.0014419741928577423,100.0,,1.0,0.0,0.0,0.0,1000000000000.0
3500.0,157,6,-0.4746350944042206,-96.07000521245186,-70.96133189910844,0.490234375,0.9233176708221436,46.905123719392925,0.0,0.4267515923566879,57.2921142578125,0.011999232694506645,0.0019097371259704232,7.383215241134167
3500.0,157,7,8.933547973632812,-93.69609559618084,-68.96856017843459,0.490234375,3.141214609146118,84.39347717368278,0.0,0.4012738853503185,27.859386444091797,0.005834856070578098,0.0009286462445743382,15.18339291214943
3500.0,157,8,3.5461859703063965,-99.40321107777372,-68.31991030431675,0.490234375,1.7060470581054688,71.26489725644522,0.0,0.4012738853503185,29.508098602294922,0.006180161610245705,0.000983603298664093,14.335048384964466
3500.0,158,0,2.81571626663208,-88.77287968103758,-72.83343987514365,0.0,1.542193055152893,100.0,1.0,0.03797468354430378,-58.49555206298828,-0.01225128024816513,-0.001949851750396192,7.231319323182106
3500.0,158,1,8.421454429626465,-95.54346080197777,-66.05451621952542,2.40625,2.9914214611053467,19.561652168167655,0.0,0.10126582278481011,-58.324745178222656,-0.012215506285429,-0.0019441582262516022,7.252496667206287
3500.0,158,2,25.602256774902344,-78.53699201767499,-53.54386733047329,5.115234375,8.508852005004883,39.883378251364185,0.0,0.25316455696202533,32.16299819946289,0.006736203096807003,0.0010720998980104923,13.151759281754494
3500.0,158,3,14.604568481445312,-91.74596876486754,-66.2924420850494,0.490234375,4.900657653808594,89.99655944913823,0.0,0.15189873417721522,48.787315368652344,0.010217992588877678,0.0016262438148260117,8.670286275446415
3500.0,158,4,4.715804576873779,-96.01784983142123,-70.99906333094336,0.490234375,1.9862174987792969,75.31819273059011,0.0,0.8733333333333333,21.43720054626465,0.004489797167479992,0.0007145733688957989,19.732054322957993
3500.0,158,5,-30.0,-220.0,-72.77082076911246,0.0,0.0014419741928577423,100.0,,1.0,0.0,0.0,0.0,1000000000000.0
3500.0,158,6,2.016206741333008,-96.00816737128619,-70.91713576341539,0.490234375,1.3734080791473389,64.30526495050508,0.0,0.42405063291139244,57.676292419433594,0.01207969430834055,0.0019225430442020297,7.334035821259022
3500.0,158,7,3.480264902114868,-93.88292713497277,-68.94019622781563,0.490234375,1.690895915031433,71.00741857366857,0.0,0.3987341772151899,28.63043212890625,0.005996343679726124,0.0009543477208353579,14.774489216506481
3500.0,158,8,4.46596097946167,-99.71888714266919,-68.30221670797214,0.490234375,1.9246243238449097,74.52830825599064,0.0,0.3987341772151899,30.589000701904297,0.006406545639038086,0.001019633375108242,13.828500173985958
3500.0,159,0,2.247157096862793,-88.79628925736236,-72.86810214228763,0.0,1.4209973812103271,100.0,1.0,0.04402515723270439,-58.50659942626953,-0.012253593653440475,-0.0019502199720591307,7.229953538626432
3500.0,159,1,7.862637519836426,-93.19098208721837,-66.1352272399136,2.40625,2.8304848670959473,14.988063424313891,0.0,0.10062893081761004,-58.376258850097656,-0.012226294726133347,-0.0019458753522485495,7.24609661847353
3500.0,159,2,27.724079132080078,-78.23505682680894,-53.30075711555999,5.33203125,9.212175369262695,42.11973788741764,0.0,0.2515723270440252,29.310203552246094,0.006138714961707592,0.0009770067408680916,14.43183422088623
3500.0,159,3,15.781235694885254,-91.66893764315799,-66.22342517160845,1.6953125,5.280029773712158,67.89198976792702,0.0,0.15094339622641506,47.72393035888672,0.009995276108384132,0.0015907976776361465,8.8634779676795
3500.0,159,4,2.4183058738708496,-96.18926540262606,-70.98246632372492,0.490234375,1.4568804502487183,66.35040473524734,0.0,0.8675496688741722,20.00337028503418,0.004189495928585529,0.0006667790003120899,21.146437153220177
3500.0,159,5,-30.0,-220.0,-72.75207557629729,0.0,0.0014419741928577423,100.0,,1.0,0.0,0.0,0.0,1000000000000.0
3500.0,159,6,1.1191060543060303,-95.78955943567237,-70.87269047613422,0.490234375,1.197821021080017,59.072819196478996,0.0,0.42138364779874216,57.45741271972656,0.012033853679895401,0.001915247063152492,7.3619745671749115
3500.0,159,7,0.8843055963516235,-93.86076375629499,-68.9120491149389,0.490234375,1.1543439626693726,57.53134326909344,0.0,0.39622641509433965,28.807544708251953,0.006033438257873058,0.0009602514910511672,14.683653600513935
3500.0,159,8,4.76254415512085,-99.7430408705845,-68.28494096103523,0.490234375,1.9978408813476562,75.46179079740779,0.0,0.39622641509433965,29.158737182617188,0.006106991786509752,0.0009719579247757792,14.506801031529903
3500.0,160,0,2.4893572330474854,-88.81960840519882,-72.90261058088224,0.0,1.4719297885894775,100.0,1.0,0.050000000000000044,-58.50989532470703,-0.01225428469479084,-0.0019503298681229353,7.2295465506613255
3500.0,160,1,5.161612033843994,-92.08071815794172,-66.215142784719,0.0,2.0983424186706543,100.0,1.0,0.10624999999999996,-58.374908447265625,-0.012226013466715813,-0.0019458302995190024,7.246264256536961
3500.0,160,2,29.667207717895508,-77.94166749335355,-53.06585886165754,5.5546875,9.856789588928223,43.64607816890622,0.0,0.25,26.733463287353516,0.005599043797701597,0.0008911154582165182,15.822866931557655
3500.0,160,3,19.134536743164062,-91.59157551235701,-66.15402177978387,1.9140625,6.373857021331787,69.97010611323589,0.0,0.15000000000000002,48.08086013793945,0.010070031508803368,0.0016026953235268593,8.797680027782917
3500.0,160,4,-4.445285320281982,-104.64305296993145,-70.96604780525382,0.490234375,0.44287633895874023,0.0,0.0,0.8618421052631579,21.422319412231445,0.004486680030822754,0.0007140773232094944,19.745761528611183
3500.0,160,5,-30.0,-220.0,-72.73339883226514,0.0,0.0014419741928577423,100.0,,1.0,0.0,0.0,0.0,1000000000000.0
3500.0,160,6,-0.797321081161499,-95.8002209567733,-70.82799284574813,0.490234375,0.8736375570297241,43.885840179908776,0.0,0.41874999999999996,57.08726501464844,0.01195632852613926,0.0019029089016839862,7.409708574414253
3500.0,160,7,2.4224483966827393,-93.8996438597165,-68.88412245096887,0.490234375,1.4577555656433105,66.37060515809736,0.0,0.39375000000000004,28.02737808227539,0.0058700405061244965,0.0009342459379695356,15.092385932803154
3500.0,160,8,5.8041205406188965,-99.29263979947358,-68.26808525845902,0.490234375,2.2646875381469727,78.35311199702531,0.0,0.39375000000000004,30.72671890258789,0.006435389164835215,0.0010242239804938436,13.766520656645298
3500.0,161,0,2.872363328933716,-88.84283122682943,-72.9369684064668,0.0,1.5545769929885864,100.0,1.0,0.05590062111801242,-58.4969367980957,-0.012251569889485836,-0.0019498979672789574,7.231147959828377
3500.0,161,1,3.8676071166992188,-92.1154862279788,-66.29428474854822,1.328125,1.7809265851974487,25.425056201698915,0.0,0.10559006211180122,-58.304203033447266,-0.012211203575134277,-0.0019434734713286161,7.255051750689745
3500.0,161,2,29.937902450561523,-77.66051202060324,-52.8418596048009,5.5546875,9.946619033813477,44.155019096269086,0.0,0.24844720496894412,24.453163146972656,0.005121458787471056,0.0008151054498739541,17.298376187682152
3500.0,161,3,18.365650177001953,-91.45731273645072,-66.08423616627404,2.73046875,6.121804714202881,55.397650244131746,0.0,0.1490683229813664,47.64476013183594,0.009978694841265678,0.0015881586587056518,8.87820590287447
3500.0,161,4,-1.6270743608474731,-105.0688417969923,-70.94981128948746,0.490234375,0.7549142837524414,35.06092207406659,0.0,0.8562091503267975,19.22434425354004,0.004026337526738644,0.0006408114568330348,22.003350779414177
3500.0,161,5,-30.0,-220.0,-72.71479232547122,0.0,0.0014419741928577423,100.0,,1.0,0.0,0.0,0.0,1000000000000.0
3500.0,161,6,-0.46092501282691956,-95.70707462180255,-70.78304019578164,0.490234375,0.9254723191261292,47.02873712496335,0.0,0.4161490683229814,56.50687789916992,0.011834773235023022,0.0018835626542568207,7.485814392566681
3500.0,161,7,8.102337837219238,-93.8878846843754,-68.85642409128545,0.490234375,2.899179697036743,83.09058332944765,0.0,0.3913043478260869,27.37145233154297,0.005732663907110691,0.0009123817435465753,15.454057604074478
3500.0,161,8,0.30017855763435364,-104.59022635330017,-68.25165775983044,0.490234375,1.0507198572158813,53.342998932276174,0.0,0.3913043478260869,14.655645370483398,0.0030694713350385427,0.0004885215312242508,28.862599283456802
3500.0,162,0,3.2016854286193848,-88.86602599535249,-72.97117633575826,0.0,1.6276568174362183,100.0,1.0,0.06172839506172845,-58.500389099121094,-0.012252293527126312,-0.0019500129856169224,7.230721414089203
3500.0,162,1,5.1305928230285645,-95.55805235757505,-66.37266506337306,1.17578125,2.090451240539551,43.75466754744646,0.0,0.1049382716049383,-58.286842346191406,-0.012207567691802979,-0.0019428947707638144,7.257212419062853
3500.0,162,2,27.539215087890625,-77.39644642710141,-52.63155229002831,5.5546875,9.150870323181152,39.298806519760596,0.0,0.24691358024691357,22.004024505615234,0.004608511924743652,0.0007334675174206495,19.223757088184357
3500.0,162,3,15.632965087890625,-91.38023544323012,-66.01406918530735,2.56640625,5.232064247131348,50.94849511056525,0.0,0.14814814814814814,47.94704818725586,0.010042006149888039,0.001598234986886382,8.822232484817505
3500.0,162,4,-2.3591363430023193,-104.7358582602682,-70.93375902935401,0.490234375,0.6607277989387512,25.803882357090867,0.0,0.8506493506493507,21.006452560424805,0.004399581346660852,0.0007002151105552912,20.136671140789986
3500.0,162,5,-30.0,-220.0,-72.69625736864566,0.0,0.0014419741928577423,100.0,,1.0,0.0,0.0,0.0,1000000000000.0
3500.0,162,6,0.8792836666107178,-95.665500732233,-70.73782955700011,0.490234375,1.1534254550933838,57.49752419324666,0.0,0.4135802469135802,55.60919952392578,0.011646764352917671,0.0018536399584263563,7.6066553592681885
3500.0,162,7,9.847289085388184,-93.85711180839954,-68.82895981373466,0.490234375,3.41338849067688,85.63789687757499,0.0,0.38888888888888884,26.888851165771484,0.0056315879337489605,0.0008962950669229031,15.731427818536758
3500.0,162,8,0.23601989448070526,-105.90560438888231,-68.23566342275018,0.490234375,1.0397346019744873,52.85004711115412,0.0,0.38888888888888884,13.304924011230469,0.002786576747894287,0.0004434974689502269,31.792741268873215
3500.0,163,0,5.06846809387207,-88.8891268387013,-73.00523515932669,0.0,2.074686050415039,100.0,1.0,0.06748466257668717,-58.501487731933594,-0.012252523563802242,-0.0019500496564432979,7.230585440993309
3500.0,163,1,5.227084159851074,-95.58926297582093,-66.45029584877528,1.328125,2.115041971206665,37.20573784915088,0.0,0.10429447852760731,-58.30769348144531,-0.012211935594677925,-0.0019435897702351213,7.254617288708687
3500.0,163,2,26.002819061279297,-77.15172972307312,-52.43795157960841,5.5546875,8.641566276550293,35.7212879906601,0.0,0.245398773006135,19.627429962158203,0.004110759124159813,0.0006542476476170123,21.551471203565598
3500.0,163,3,13.09742259979248,-91.30285221316063,-65.94352241068069,1.9140625,4.419893741607666,56.69437746926942,0.0,0.14723926380368102,47.95356750488281,0.010043371468782425,0.0015984522178769112,8.8210329413414
3500.0,163,4,-4.664716720581055,-104.82953387006715,-70.9178933887091,0.0,0.4239634573459625,100.0,1.0,0.8516129032258064,16.131139755249023,0.0033784981351345778,0.0005377046763896942,26.222573593258858
3500.0,163,5,-30.0,-220.0,-72.67779536033349,0.0,0.0014419741928577423,100.0,,1.0,0.0,0.0,0.0,1000000000000.0
3500.0,163,6,2.7371184825897217,-95.62369702295234,-70.69235803459286,0.490234375,1.525101900100708,67.85563148484516,0.0,0.41104294478527603,56.75349426269531,0.011886423453688622,0.0018917832057923079,7.453285623341799
3500.0,163,7,7.874441146850586,-93.82269414505744,-68.80173564407966,0.490234375,2.833855390548706,82.70079776706326,0.0,0.38650306748466257,26.90500259399414,0.005634970963001251,0.0008968334295786917,15.721984207630157
3500.0,163,8,1.534830927848816,-106.28854588235441,-68.22010733527634,0.490234375,1.2773371934890747,61.62059810840441,0.0,0.38650306748466257,13.691398620605469,0.0028675198554992676,0.00045637995935976505,30.895309522747993
3500.0,164,0,6.871840953826904,-88.91229198306256,-73.03915003066146,0.0,2.552410125732422,100.0,1.0,0.07317073170731703,-58.507164001464844,-0.012253712862730026,-0.0019502388313412666,7.229884155094624
3500.0,164,1,-1.9137544631958008,-95.83259396485865,-66.52720490817843,0.0,0.7168703079223633,100.0,1.0,0.1097560975609756,-58.46517562866211,-0.012244918383657932,-0.0019488391699269414,7.235076278448105
3500.0,164,2,30.0,-76.9322506235985,-52.264592311131665,5.5546875,9.967226028442383,44.270477220550674,0.0,0.24390243902439024,15.405595779418945,0.0032265405170619488,0.0005135198589414358,27.457555755972862
3500.0,164,3,8.755472183227539,-91.27917261894909,-65.87260524527508,1.4765625,3.0888874530792236,52.19759468646043,0.0,0.14634146341463417,45.339027404785156,0.009495783597230911,0.001511300913989544,9.329711087048054
3500.0,164,4,0.7918121218681335,-104.82457697952412,-70.90221907492736,0.490234375,1.1375035047531128,56.90260531492587,0.0,0.8461538461538461,20.53403091430664,0.004300637636333704,0.0006844677263870835,20.59995010495186
3500.0,164,5,-30.0,-220.0,-72.6594086208685,0.0,0.0014419741928577423,100.0,,1.0,0.0,0.0,0.0,1000000000000.0
3500.0,164,6,-0.3250495493412018,-95.5626886911759,-70.64662314920102,0.490234375,0.947020411491394,48.234022302859834,0.0,0.4085365853658537,56.88175964355469,0.01191328838467598,0.0018960586749017239,7.436478976160288
3500.0,164,7,4.207461833953857,-93.80246781875027,-68.77476170570255,0.490234375,1.8618724346160889,73.669819377229,0.0,0.38414634146341464,25.901782989501953,0.005424857139587402,0.0008633927791379392,16.33092202246189
3500.0,164,8,1.4958710670471191,-105.6750327510514,-68.20500029671591,0.490234375,1.2697484493255615,61.39122081539911,0.0,0.38414634146341464,13.125450134277344,0.002748988103121519,0.00043751500197686255,32.227467745542526
3500.0,165,0,7.2127861976623535,-88.93531455739591,-73.07291684465443,0.0,2.646980047225952,100.0,1.0,0.07878787878787874,-58.49891662597656,-0.01225198432803154,-0.0019499638583511114,7.23090348765254
3500.0,165,1,0.20081870257854462,-95.5828599077276,-66.60338530783513,0.490234375,1.0337408781051636,52.57666738509996,0.0,0.10909090909090913,-58.546775817871094,-0.012262009084224701,-0.0019515592139214277,7.224992383271456
3500.0,165,2,30.0,-76.74181406575953,-52.11418453661123,5.5546875,9.967226028442383,44.270477220550674,0.0,0.24242424242424243,12.432703971862793,0.0026038994546979666,0.00041442346991971135,34.02316942811012
3500.0,165,3,3.329451560974121,-91.20037790561992,-65.80131068228644,0.740234375,1.6565009355545044,55.31337416647998,0.0,0.1454545454545455,46.750938415527344,0.00979149341583252,0.0015583646018058062,9.047946892678738
3500.0,165,4,-5.028426170349121,-104.4506799822461,-70.88673552400456,0.0,0.39414605498313904,100.0,1.0,0.8471337579617835,19.262821197509766,0.004034396260976791,0.000642094062641263,21.959399804472923
3500.0,165,5,-30.0,-220.0,-72.64109732424208,0.0,0.0014419741928577423,100.0,,1.0,0.0,0.0,0.0,1000000000000.0
3500.0,165,6,-0.839317798614502,-95.52042233323165,-70.60062092506092,0.490234375,0.867317259311676,43.47692614936985,0.0,0.406060606060606,56.48054504394531,0.011829257011413574,0.0018826848827302456,7.489304523915052
3500.0,165,7,8.352627754211426,-93.8041774148251,-68.74803911572181,0.490234375,2.971452474594116,83.50186048097696,0.0,0.38181818181818183,26.073795318603516,0.005460882559418678,0.0008691265247762203,16.223184764385223
3500.0,165,8,1.2359322309494019,-105.84080836837785,-68.19034019022646,0.490234375,1.2198400497436523,59.81158553508536,0.0,0.38181818181818183,13.440155982971191,0.0028148996643722057,0.0004480052157305181,31.47285059094429
3500.0,166,0,5.680520057678223,-88.95827400998698,-73.10653932920084,0.0,2.232269525527954,100.0,1.0,0.08433734939759041,-58.503440856933594,-0.012252932414412498,-0.0019501147326081991,7.230344228446484
3500.0,166,1,4.002779960632324,-95.61431754368344,-66.67885929256508,0.490234375,1.8129067420959473,72.95865453987844,0.0,0.10843373493975905,-58.32813262939453,-0.012216215953230858,-0.0019442711491137743,7.252075243741274
3500.0,166,2,30.0,-76.58469654340351,-51.99002481202635,5.5546875,9.967226028442383,44.270477220550674,0.0,0.24096385542168675,8.730430603027344,0.001828497159294784,0.00029101435211487114,48.451218754053116
3500.0,166,3,13.551338195800781,-90.7399360278659,-65.72964718549221,0.490234375,4.5639777183532715,89.2586159430927,0.0,0.14457831325301207,45.50344467163086,0.009530219249427319,0.0015167815145105124,9.296000003814697
3500.0,166,4,1.845072627067566,-104.83901697065255,-70.8714468352295,0.490234375,1.3387675285339355,63.38166525917697,0.0,0.8417721518987342,19.551570892333984,0.0040948716923594475,0.0006517190486192703,21.635090932250023
3500.0,166,5,-30.0,-220.0,-72.62286363857291,0.0,0.0014419741928577423,100.0,,1.0,0.0,0.0,0.0,1000000000000.0
3500.0,166,6,1.5996311902999878,-95.477930672139,-70.55434885402701,0.490234375,1.290021538734436,61.99796977956353,0.0,0.4036144578313253,56.06359100341797,0.01174193061888218,0.0018687864067032933,7.545003667473793
3500.0,166,7,12.724895477294922,-93.74785771855805,-68.72157707316171,0.490234375,4.302166938781738,88.60494299789255,0.0,0.37951807228915657,25.30004119873047,0.0052988287061452866,0.0008433347102254629,16.719341278076172
3500.0,166,8,-0.051085215061903,-105.93419450828287,-68.1761360131246,0.490234375,0.9915398955345154,50.55828038712185,0.0,0.37951807228915657,11.393143653869629,0.0023861746303737164,0.0003797714598476887,37.12759539484978
3500.0,167,0,4.882466793060303,-88.98125478507134,-73.14001977859724,0.0,2.0278067588806152,100.0,1.0,0.08982035928143717,-58.513427734375,-0.012255024164915085,-0.0019504475640133023,7.229110226035118
3500.0,167,1,7.1639180183410645,-95.64537824566939,-66.75364301390795,1.02734375,2.6333506107330322,60.987202166975266,0.0,0.10778443113772451,-58.315635681152344,-0.012213598936796188,-0.0019438544986769557,7.25362915545702
3500.0,167,2,26.753938674926758,-76.46424701623017,-51.89496309815957,5.5546875,8.890509605407715,37.52115743037584,0.0,0.23952095808383234,5.172316074371338,0.0010832874104380608,0.00017241053865291178,81.7815437912941
3500.0,167,3,17.285451889038086,-90.66858478998888,-65.65762048033116,1.6953125,5.768808841705322,70.61243410002042,0.0,0.14371257485029942,46.25652313232422,0.009687944315373898,0.0015418841503560543,9.144656360149384
3500.0,167,4,-7.4510650634765625,-104.91286790077119,-70.8563561008244,0.0,0.23859481513500214,100.0,1.0,0.8427672955974843,18.909385681152344,0.003960372414439917,0.0006303128902800381,22.36984483897686
3500.0,167,5,-30.0,-220.0,-72.6047092574824,0.0,0.0014419741928577423,100.0,,1.0,0.0,0.0,0.0,1000000000000.0
3500.0,167,6,3.830518960952759,-95.42250321805737,-70.50780383708477,0.490234375,1.7722023725509644,72.33756242554054,0.0,0.4011976047904192,56.89361572265625,0.011915771290659904,0.0018964539049193263,7.434929255396128
3500.0,167,7,13.858591079711914,-93.76405127786022,-68.69538311699877,0.876953125,4.661872863769531,81.18882366322391,0.0,0.3772455089820359,25.149112701416016,0.005267217755317688,0.000838303763885051,16.819680109620094
3500.0,167,8,-0.6039934754371643,-105.63810329377802,-68.16239435973313,0.490234375,0.9031640291213989,45.72033880967318,0.0,0.3772455089820359,13.285881996154785,0.0027825888246297836,0.000442862743511796,31.838309019804
3500.0,168,0,6.013250827789307,-89.0040669900246,-73.17335587036945,1.9140625,2.3199753761291504,17.496430363257165,0.0,0.0892857142857143,-58.49544906616211,-0.01225125789642334,-0.001949848374351859,7.231331896036863
3500.0,168,1,0.4455070495605469,-95.67622074538903,-66.82773582344544,0.0,1.0758939981460571,100.0,1.0,0.11309523809523814,-58.3812255859375,-0.012227335013449192,-0.0019460408948361874,7.245480082929134
3500.0,168,2,30.0,-76.38333686895882,-51.83085898179887,5.5546875,9.967226028442383,44.270477220550674,0.0,0.23809523809523814,1.5628714561462402,0.0003273270558565855,5.209571463637985e-05,270.65566182136536
3500.0,168,3,14.41502857208252,-90.59692841231004,-65.58522735467338,2.5703125,4.839847087860107,46.89269199336545,0.0,0.1428571428571429,46.087066650390625,0.009652452543377876,0.0015362355625256896,9.178279899060726
3500.0,168,4,-1.1264859437942505,-104.55285667786065,-70.84146361706466,0.490234375,0.8249937891960144,40.57720416565187,0.0,0.8375,19.103883743286133,0.00400110799819231,0.000636796117760241,22.142095491290092
3500.0,168,5,-30.0,-220.0,-72.58663472689031,0.0,0.0014419741928577423,100.0,,1.0,0.0,0.0,0.0,1000000000000.0
3500.0,168,6,-0.4636460244655609,-95.30100761510838,-70.46098188195344,0.490234375,0.9250444769859314,47.00423739652728,0.0,0.39880952380952384,57.03125,0.011944597586989403,0.001901041716337204,7.416986394673586
3500.0,168,7,10.209720611572266,-93.74439223017046,-68.66945998178095,1.17578125,3.5229029655456543,66.62464843626807,0.0,0.375,24.870100021362305,0.00520878192037344,0.0008290033438242972,17.008375376462936
3500.0,168,8,-0.27678194642066956,-106.21830777390551,-68.14911495248312,0.490234375,0.9547598958015442,48.65364819409006,0.0,0.375,11.613390922546387,0.002432303037494421,0.00038711304659955204,36.423470824956894
3500.0,169,0,-0.7367334365844727,-88.5148057780316,-73.20655156154854,0.0,0.8828145265579224,100.0,1.0,0.09467455621301779,-58.4605712890625,-0.012243954464793205,-0.0019486857345327735,7.2356462478637695
3500.0,169,1,-1.179388165473938,-96.89831281333619,-66.90115963797271,0.490234375,0.8173665404319763,40.02270086307762,0.0,0.1124260355029586,-58.402217864990234,-0.012231731787323952,-0.001946740667335689,7.242875639349222
3500.0,169,2,30.0,-76.34411432667557,-51.79959318671342,5.5546875,9.967226028442383,44.270477220550674,0.0,0.23668639053254437,-2.3308019638061523,-0.0004881620407104492,-7.769340300001204e-05,181.48259818553925
3500.0,169,3,14.315595626831055,-90.5250372185781,-65.51247855404235,1.9140625,4.807982444763184,60.189902480097835,0.0,0.14201183431952658,46.72377014160156,0.009785803966224194,0.0015574590070173144,9.05320793390274
3500.0,169,4,-4.733326435089111,-105.01109728804266,-70.82677363468275,0.0,0.4181941747665405,100.0,1.0,0.8385093167701864,17.41245460510254,0.0036468561738729477,0.000580415187869221,24.2929570376873
3500.0,169,5,-30.0,-220.0,-72.56864230797743,0.0,0.0014419741928577423,100.0,,1.0,0.0,0.0,0.0,1000000000000.0
3500.0,169,6,-0.8744352459907532,-95.33666375080378,-70.41388032340134,0.490234375,0.8620580434799194,43.13209200844034,0.0,0.39644970414201186,57.21385955810547,0.011982842348515987,0.001907128724269569,7.393313571810722
3500.0,169,7,4.626526355743408,-93.72503492312768,-68.6438173278815,0.6015625,1.9641032218933105,69.3721545133397,0.0,0.3727810650887574,24.69701385498047,0.00517253065481782,0.0008232338004745543,17.12757721543312
3500.0,169,8,-0.20855705440044403,-106.3193188870761,-68.13630687407827,0.490234375,0.9657752513885498,49.23928995952607,0.0,0.3727810650887574,10.138355255126953,0.0021233721636235714,0.0003379451809450984,41.72274470329285
3500.0,170,0,-0.3483659029006958,-88.70974823216734,-73.23960671843543,0.740234375,0.9432976245880127,21.52695440918777,0.0,0.09411764705882353,-58.478729248046875,-0.012247756123542786,-0.0019492909777909517,7.23339943215251
3500.0,170,1,1.84304678440094,-96.93093967489999,-66.97392140627485,0.490234375,1.3383605480194092,63.37053003202464,0.0,0.11176470588235299,-58.41547775268555,-0.012234508991241455,-0.0019471825798973441,7.241231855005026
3500.0,170,2,30.0,-76.34694002935333,-51.801817196871724,5.5546875,9.967226028442383,44.270477220550674,0.0,0.23529411764705888,-6.241976737976074,-0.0013073165901005268,-0.00020806588872801512,67.76699423789978
3500.0,170,3,11.051015853881836,-90.52084693166728,-65.43937672851666,1.9140625,3.7801012992858887,49.3647828865964,0.0,0.14117647058823535,47.559593200683594,0.009960858151316643,0.0015853197546675801,8.89410451054573
3500.0,170,4,-2.0543651580810547,-104.64059831287265,-70.81228785091533,0.490234375,0.6987591981887817,29.842157889196784,0.0,0.8333333333333334,17.928884506225586,0.003755016718059778,0.0005976294633001089,23.59321340918541
3500.0,170,5,-30.0,-220.0,-72.55073319314943,0.0,0.0014419741928577423,100.0,,1.0,0.0,0.0,0.0,1000000000000.0
3500.0,170,6,2.036667823791504,-95.2933577295945,-70.36649559757682,0.490234375,1.3775852918624878,64.41350108077839,0.0,0.3941176470588236,56.33633041381836,0.011799054220318794,0.001877877744846046,7.508476264774799
3500.0,170,7,10.962865829467773,-93.70595495057134,-68.61846042912256,0.490234375,3.7529702186584473,86.93742965071432,0.0,0.37058823529411766,24.22228240966797,0.005073103122413158,0.0008074094075709581,17.463259398937225
3500.0,170,8,17.676963806152344,-93.5319050212899,-68.12397296038702,0.490234375,5.896583557128906,91.6861285819089,0.0,0.37058823529411766,10.817036628723145,0.0022655148059129715,0.0003605678793974221,39.10497948527336
3500.0,171,0,2.8065285682678223,-88.98616799812766,-73.27252547732681,0.740234375,1.5401896238327026,51.93875068720726,0.0,0.0935672514619883,-58.44745635986328,-0.01224120706319809,-0.0019482485949993134,7.237269543111324
3500.0,171,1,-14.221061706542969,-107.79730333356348,-67.0460429755509,0.0,0.05357708781957626,100.0,1.0,0.11695906432748537,-58.35641098022461,-0.012222138233482838,-0.001945213763974607,7.248560898005962
3500.0,171,2,30.0,-76.39235820558551,-51.837825672903094,5.5546875,9.967226028442383,44.270477220550674,0.0,0.23391812865497075,-9.789129257202148,-0.002050230512395501,-0.0003263043181505054,43.2111993432045
3500.0,171,3,17.917367935180664,-90.44820064279409,-65.36593540414549,1.17578125,5.9751386642456055,80.32210939244455,0.0,0.14035087719298245,46.60015869140625,0.009759914129972458,0.001553338603116572,9.0772220864892
3500.0,171,4,-3.2238731384277344,-106.18885648563324,-70.79801083236177,0.490234375,0.5616989135742188,12.722926259456969,0.0,0.8282208588957055,16.73417091369629,0.003504796652123332,0.0005578057025559247,25.277620181441307
3500.0,171,5,-30.0,-220.0,-72.53290985395688,0.0,0.0014419741928577423,100.0,,1.0,0.0,0.0,0.0,1000000000000.0
3500.0,171,6,3.4447851181030273,-95.28107641945985,-70.31882521196442,0.490234375,1.6827706098556519,70.86742707955588,0.0,0.39181286549707606,57.79297637939453,0.012104133144021034,0.0019264325965195894,7.31922872364521
3500.0,171,7,15.253717422485352,-93.6363018255982,-68.59339964114938,0.740234375,5.109579563140869,85.51281243686171,0.0,0.368421052631579,23.761062622070312,0.004976505413651466,0.0007920354255475104,17.80223473906517
3500.0,171,8,17.15245819091797,-93.38849136353767,-68.11212274347233,1.02734375,5.725451469421387,82.05654601236498,0.0,0.368421052631579,9.923171997070312,0.0020783045329153538,0.0003307723964098841,42.627498507499695
3500.0,172,0,6.338769435882568,-89.00833181235518,-73.30530383434825,1.328125,2.4070932865142822,44.824531419666705,0.0,0.09302325581395354,-58.46310806274414,-0.012244485318660736,-0.0019487702520564198,7.235332392156124
3500.0,172,1,14.266420364379883,-87.15699629676965,-67.11751706784385,0.490234375,4.792232990264893,89.77023078811321,0.0,0.11627906976744184,-58.37603759765625,-0.012226250022649765,-0.0019458679016679525,7.246124092489481
3500.0,172,2,26.047157287597656,-76.47861378646807,-51.906092541768416,5.5546875,8.656258583068848,35.83038853685986,0.0,0.2325581395348837,-14.104680061340332,-0.0029540774412453175,-0.00047015599557198584,29.990045353770256
3500.0,172,3,19.582542419433594,-90.37528768473891,-65.2921479045701,2.73046875,6.520975112915039,58.12790721141992,0.0,0.13953488372093026,45.752281188964844,0.009582335129380226,0.0015250761061906815,9.245440363883972
3500.0,172,4,-4.127777576446533,-105.86841582825994,-70.78394138775836,0.0,0.4715149700641632,100.0,1.0,0.8292682926829268,16.571876525878906,0.0034708057064563036,0.000552395882550627,25.525173172354698
3500.0,172,5,-30.0,-220.0,-72.51517217075659,0.0,0.0014419741928577423,100.0,,1.0,0.0,0.0,0.0,1000000000000.0
3500.0,172,6,7.557706356048584,-95.23711654330462,-70.27086409117648,0.490234375,2.743866443634033,82.13344617638447,0.0,0.38953488372093026,57.80109405517578,0.012105833739042282,0.0019267031457275152,7.318200543522835
3500.0,172,7,16.066545486450195,-93.628673904668,-68.56863526317858,1.4765625,5.3724446296691895,72.51600338799732,0.0,0.36627906976744184,23.187702178955078,0.004856421146541834,0.0007729234057478607,18.242428079247475
3500.0,172,8,16.59088134765625,-93.19739320504966,-68.10075211983452,0.876953125,5.542658805847168,84.17811458870844,0.0,0.36627906976744184,9.530523300170898,0.0019960682839155197,0.0003176841128151864,44.383712112903595
3500.0,173,0,5.602560043334961,-89.03047402196692,-73.33794664525294,0.0,2.2119224071502686,100.0,1.0,0.09826589595375723,-58.46828079223633,-0.012245568446815014,-0.0019489426631480455,7.234692107886076
3500.0,173,1,7.5790910720825195,-87.18552564191742,-67.18836755768243,0.0,2.7499120235443115,100.0,1.0,0.12138728323699421,-58.3766975402832,-0.012226387858390808,-0.0019458899041637778,7.246042136102915
3500.0,173,2,30.0,-76.60416488457989,-52.00537678578169,5.5546875,9.967226028442383,44.270477220550674,0.0,0.23121387283236994,-17.100162506103516,-0.0035814493894577026,-0.0005700054462067783,24.73660744726658
3500.0,173,3,19.379589080810547,-90.30217955978935,-65.21803086523826,3.322265625,6.4543070793151855,48.526378057727946,0.0,0.138728323699422,45.672340393066406,0.009565591812133789,0.001522411359474063,9.26162302494049
3500.0,173,4,-7.43395471572876,-104.97873389787884,-70.77008455291954,0.0,0.23946265876293182,100.0,1.0,0.8303030303030303,16.78002166748047,0.003514399752020836,0.0005593340611085296,25.208549574017525
3500.0,173,5,-30.0,-220.0,-72.49752284886387,0.0,0.0014419741928577423,100.0,,1.0,0.0,0.0,0.0,1000000000000.0
3500.0,173,6,4.0361247062683105,-95.19291065127896,-70.22260979390623,0.490234375,1.8208396434783936,73.07646630191478,0.0,0.3872832369942196,57.586307525634766,0.012060848996043205,0.0019195436034351587,7.3454962112009525
3500.0,173,7,12.032926559448242,-93.60979764992263,-68.54417857958131,1.6953125,4.08487606048584,58.49782282504881,0.0,0.36416184971098264,23.061622619628906,0.004830015357583761,0.0007687207544222474,18.342161551117897
3500.0,173,8,17.0939998626709,-93.05923550808176,-68.0898715128456,0.876953125,5.70640230178833,84.63211882686275,0.0,0.36416184971098264,8.812468528747559,0.0018456790130585432,0.00029374894802458584,48.00017178058624
3500.0,174,0,6.301236629486084,-89.05259007965688,-73.37045631314123,1.6953125,2.396984100341797,29.273101988525596,0.0,0.0977011494252874,-58.475799560546875,-0.012247143313288689,-0.001949193305335939,7.233761716634035
3500.0,174,1,9.337817192077637,-87.21412820787063,-67.25860918022613,1.326171875,3.26090145111084,59.33112684076258,0.0,0.12068965517241381,-58.39071273803711,-0.012229322455823421,-0.0019463570788502693,7.24430289119482
3500.0,174,2,28.584814071655273,-76.76628593434144,-52.13349152911509,5.5546875,9.497666358947754,41.51523869053446,0.0,0.22988505747126442,-21.005748748779297,-0.004399433732032776,-0.000700191652867943,20.137345418334007
3500.0,174,3,12.249589920043945,-90.22892116855087,-65.14359580350128,3.322265625,4.152707099914551,19.99759325505135,0.0,0.13793103448275867,48.02445983886719,0.01005821954458952,0.0016008153324946761,8.808012120425701
3500.0,174,4,-4.119011402130127,-104.60986910890648,-70.75644367121008,0.0,0.47232747077941895,100.0,1.0,0.8313253012048193,14.54136848449707,0.0030455372761934996,0.0004847122763749212,29.089422896504402
3500.0,174,5,-30.0,-220.0,-72.47996384392256,0.0,0.0014419741928577423,100.0,,1.0,0.0,0.0,0.0,1000000000000.0
3500.0,174,6,5.964545726776123,-95.14849129909507,-70.17405908638082,0.490234375,2.3070507049560547,78.75060249231332,0.0,0.38505747126436785,56.66956329345703,0.011868845671415329,0.001888985512778163,7.464324589818716
3500.0,174,7,6.862428188323975,-93.57123838604535,-68.5200379730822,1.02734375,2.549816846847534,59.70911592061381,0.0,0.3620689655172413,22.585693359375,0.004730336368083954,0.0007528564310632646,18.728669732809067
3500.0,174,8,18.579463958740234,-92.9492109406228,-68.0794872476761,0.876953125,6.191836357116699,85.83694602987919,0.0,0.3620689655172413,8.928444862365723,0.0018699690699577332,0.00029761483892798424,47.37667366862297
3500.0,175,0,5.210474491119385,-89.07470701030077,-73.4028315268632,0.0,2.11080002784729,100.0,1.0,0.10285714285714287,-58.47562789916992,-0.012247107923030853,-0.0019491876009851694,7.233783137053251
3500.0,175,1,4.515461444854736,-87.24263969588776,-67.32824389632228,1.6953125,1.936754584312439,12.466323109190036,0.0,0.12,-58.39262390136719,-0.01222972385585308,-0.0019464208744466305,7.244065869599581
3500.0,175,2,30.0,-76.9611088779431,-52.28736659977418,5.5546875,9.967226028442383,44.270477220550674,0.0,0.22857142857142854,-23.676223754882812,-0.004958737175911665,-0.0007892074645496905,17.866024747490883
3500.0,175,3,18.77145004272461,-90.15548871439296,-65.06884555263608,1.4765625,6.254759311676025,76.39297650920575,0.0,0.13714285714285712,45.021915435791016,0.009429368190467358,0.00150073051918298,9.395424276590347
3500.0,175,4,-0.8012565970420837,-104.56327453826634,-70.74301955196378,0.490234375,0.8730438351631165,43.84767920520207,0.0,0.8263473053892215,15.562210083007812,0.0032593419309705496,0.000518740329425782,27.1812304854393
3500.0,175,5,-30.0,-220.0,-72.46249603803065,0.0,0.0014419741928577423,100.0,,1.0,0.0,0.0,0.0,1000000000000.0
3500.0,175,6,4.0495734214782715,-95.15022595975358,-70.12520775935708,0.490234375,1.8240439891815186,73.12376357655843,0.0,0.3828571428571429,57.56059265136719,0.01205546222627163,0.001918686437420547,7.34877772629261
3500.0,175,7,10.827322006225586,-93.6151182939069,-68.49621738680557,0.490234375,3.711331844329834,86.79087735716817,0.0,0.36,22.34173011779785,0.004679241217672825,0.0007447243551723659,18.93318071961403
3500.0,175,8,18.17904281616211,-92.85404485327624,-68.0695994754058,1.17578125,6.060724258422852,80.59998772645092,0.0,0.36,8.252910614013672,0.0017284855712205172,0.00027509703068062663,51.254644989967346
3500.0,176,0,6.209660053253174,-89.09668320331077,-73.43507298463587,1.4765625,2.3723886013031006,37.76051279335279,0.0,0.10227272727272729,-58.46929168701172,-0.012245779857039452,-0.0019489764235913754,7.23456684499979
3500.0,176,1,6.60919713973999,-86.91536677454059,-67.39728035903813,0.740234375,2.4804131984710693,70.15681195954441,0.0,0.11931818181818177,-58.438880920410156,-0.012239411473274231,-0.0019479626789689064,7.238331716507673
3500.0,176,2,27.98867416381836,-77.18451151754401,-52.46387078538624,5.5546875,9.299927711486816,40.27171315386548,0.0,0.2272727272727273,-26.954273223876953,-0.005645290017127991,-0.0008984757587313652,15.693245455622673
3500.0,176,3,20.335697174072266,-90.08187979798919,-64.99378825877244,3.029296875,6.768664836883545,55.245281780051016,0.0,0.13636363636363635,44.00406265258789,0.00921618938446045,0.0014668020885437727,9.612749330699444
3500.0,176,4,1.154854655265808,-104.66383715578868,-70.7298142554769,0.490234375,1.2045314311981201,59.30082334901174,0.0,0.8214285714285714,16.699268341064453,0.003497486934065819,0.0005566423060372472,25.330452248454094
3500.0,176,5,-30.0,-220.0,-72.44512084579323,0.0,0.0014419741928577423,100.0,,1.0,0.0,0.0,0.0,1000000000000.0
3500.0,176,6,8.176910400390625,-95.10489049522238,-70.07605190248107,0.490234375,2.9206554889678955,83.2149194983199,0.0,0.38068181818181823,57.15435028076172,0.011970379389822483,0.001905145007185638,7.401011418551207
3500.0,176,7,16.778919219970703,-93.59784566802823,-68.47272300565487,0.740234375,5.603811740875244,86.79052028817112,0.0,0.3579545454545454,21.820707321166992,0.004570118151605129,0.0007273569353856146,19.385255873203278
3500.0,176,8,18.205076217651367,-92.71838728294811,-68.06021125885329,1.17578125,6.06924295425415,80.62721728455683,0.0,0.3579545454545454,7.8035712242126465,0.001634376123547554,0.0002601190353743732,54.20595034956932
3500.0,177,0,7.0489277839660645,-89.11868321872586,-73.4671829317622,1.6953125,2.601377010345459,34.83018827113933,0.0,0.10169491525423724,-58.46306610107422,-0.01224447600543499,-0.001948768855072558,7.2353375144302845
3500.0,177,1,4.474817276000977,-85.50679697109273,-67.46573230119634,1.17578125,1.926791787147522,38.977254426610344,0.0,0.11864406779661019,-58.4926643371582,-0.01225067488849163,-0.0019497554749250412,7.231676019728184
3500.0,177,2,26.597570419311523,-77.43227743148614,-52.6599276059993,5.5546875,8.838676452636719,37.15475920217729,0.0,0.22598870056497178,-30.016508102416992,-0.0062866429798305035,-0.0010005502263084054,14.092246070504189
3500.0,177,3,7.900701522827148,-90.00814114262363,-64.91843779096348,0.0,2.8413584232330322,100.0,1.0,0.14124293785310738,42.73446273803711,0.008950285613536835,0.0014244820922613144,9.898334741592407
3500.0,177,4,-1.740250587463379,-104.96352987839195,-70.71683105389627,0.490234375,0.7397149801254272,33.726585486091544,0.0,0.8165680473372781,17.308048248291016,0.0036249894183129072,0.0005769349518232048,24.43949691951275
3500.0,177,5,-30.0,-220.0,-72.42784026868667,0.0,0.0014419741928577423,100.0,,1.0,0.0,0.0,0.0,1000000000000.0
3500.0,177,6,8.896211624145508,-95.01360055474619,-70.0265881676228,0.490234375,3.130222797393799,84.33867469727186,0.0,0.37853107344632764,57.261146545410156,0.011992746964097023,0.0019087048713117838,7.387208286672831
3500.0,177,7,19.08135414123535,-93.56071423719828,-68.44956321405053,1.9140625,6.356405258178711,69.88765784659185,0.0,0.35593220338983056,21.480361938476562,0.00449883658438921,0.0007160120876505971,19.692406058311462
3500.0,177,8,18.56020164489746,-92.5965198629303,-68.05132833547427,1.17578125,6.185525417327881,80.99140864078879,0.0,0.35593220338983056,7.34484338760376,0.001538300421088934,0.00024482811568304896,57.591427117586136
3500.0,178,0,6.577712059020996,-89.14058631729998,-73.499162571205,1.9140625,2.4718339443206787,22.565085555290732,0.0,0.101123595505618,-58.469539642333984,-0.01224583201110363,-0.001948984689079225,7.234536111354828
3500.0,178,1,4.447113037109375,-86.97284089802379,-67.53360960033342,0.740234375,1.9200149774551392,61.446427049171525,0.0,0.1179775280898876,-58.434478759765625,-0.012238489463925362,-0.0019478159956634045,7.238877005875111
3500.0,178,2,29.837926864624023,-77.69999651086961,-52.872365059736886,5.5546875,9.91344165802002,43.96812235732247,0.0,0.2247191011235955,-31.88695526123047,-0.006678388454020023,-0.0010628985473886132,13.265612535178661
3500.0,178,3,17.019269943237305,-89.93429546217855,-64.84280570125688,0.6015625,5.682056427001953,89.41294392746106,0.0,0.1404494382022472,43.26117706298828,0.009060599841177464,0.0014420392690226436,9.777819737792015
3500.0,178,4,0.10890401154756546,-103.48541789271823,-70.70407236849107,0.490234375,1.0182020664215088,51.85293851121926,0.0,0.8117647058823529,14.683250427246094,0.0030752529855817556,0.0004894416779279709,28.808334842324257
3500.0,178,5,-30.0,-220.0,-72.41065591702895,0.0,0.0014419741928577423,100.0,,1.0,0.0,0.0,0.0,1000000000000.0
3500.0,178,6,6.604786396026611,-94.9680819505734,-69.97681267353241,0.490234375,2.479210615158081,80.22619086887293,0.0,0.3764044943820225,58.142967224121094,0.01217743568122387,0.001938098925165832,7.275170646607876
3500.0,178,7,15.953124046325684,-93.54394456631795,-68.4267449279711,2.5703125,5.33568811416626,51.82790963407668,0.0,0.3539325842696629,20.966739654541016,0.004391263704746962,0.0006988913519307971,20.17481066286564
3500.0,178,8,18.72800636291504,-92.46232417363547,-68.04295436420128,1.17578125,6.240517616271973,81.15891465582624,0.0,0.3539325842696629,6.862231731414795,0.0014372224686667323,0.00022874106070958078,61.64175644516945
3500.0,179,0,7.094949245452881,-88.737959518434,-73.53101027025195,1.9140625,2.61415696144104,26.780888514632906,0.0,0.1005586592178771,-58.47985076904297,-0.012247992679476738,-0.0019493283471092582,7.233260665088892
3500.0,179,1,3.8622584342956543,-87.00140414458753,-67.60091283139339,0.876953125,1.7796670198440552,50.72375252102813,0.0,0.11731843575418999,-58.43708038330078,-0.012239033356308937,-0.0019479027250781655,7.238554768264294
3500.0,179,2,30.0,-77.98315243988094,-53.097907367998125,5.5546875,9.967226028442383,44.270477220550674,0.0,0.22346368715083798,-34.12321472167969,-0.007146749179810286,-0.0011374405585229397,12.3962527140975
3500.0,179,3,16.75861167907715,-89.86029776224751,-64.76689624238745,2.5703125,5.597204685211182,54.07864023998932,0.0,0.13966480446927376,42.42070007324219,0.008884571492671967,0.0014140233397483826,9.971546940505505
3500.0,179,4,-4.069550514221191,-103.73413014027628,-70.69153857713923,0.490234375,0.47693362832069397,0.0,0.0,0.8070175438596492,16.709980010986328,0.00349973002448678,0.0005569993518292904,25.3142137080431
3500.0,179,5,-30.0,-220.0,-72.3935685405649,0.0,0.0014419741928577423,100.0,,1.0,0.0,0.0,0.0,1000000000000.0
3500.0,179,6,6.905569076538086,-94.92218536280166,-69.92672071916229,0.490234375,2.5617103576660156,80.86300531467366,0.0,0.3743016759776536,57.51034927368164,0.012044940143823624,0.0019170116866007447,7.355198264122009
3500.0,179,7,10.081573486328125,-93.53411519256215,-68.4042714319831,1.6953125,3.4840874671936035,51.341276131464156,0.0,0.35195530726256985,20.8087158203125,0.004358167294412851,0.0006936238496564329,20.328020676970482
3500.0,179,8,18.894243240356445,-92.32952634435678,-68.03508801015188,1.326171875,6.295022964477539,78.93300973668383,0.0,0.35195530726256985,6.379831314086914,0.001336188754066825,0.00021266104886308312,66.30269438028336
3500.0,180,0,7.868436336517334,-88.7599589730432,-73.56273080597849,1.9140625,2.8321406841278076,32.41640463953651,0.0,0.09999999999999998,-58.47614669799805,-0.012247215956449509,-0.0019492049468681216,7.233718875795603
3500.0,180,1,4.392731666564941,-87.0299968063228,-67.66766318054079,0.740234375,1.906745433807373,61.17812258126632,0.0,0.1166666666666667,-58.43406677246094,-0.012238402850925922,-0.0019478022586554289,7.2389282286167145
3500.0,180,2,30.0,-78.2781685583594,-53.33409550787417,5.5546875,9.967226028442383,44.270477220550674,0.0,0.2222222222222222,-36.299766540527344,-0.00760260596871376,-0.001209992216899991,11.652967892587185
3500.0,180,3,1.403546929359436,-89.78624863648584,-64.69073340206842,0.0,1.251877784729004,100.0,1.0,0.1444444444444445,40.493499755859375,0.008480939082801342,0.0013497833861038089,10.446120984852314
3500.0,180,4,-3.8896870613098145,-99.81953943827735,-70.67923466664354,0.0,0.49400463700294495,100.0,1.0,0.8081395348837209,12.807394027709961,0.0026823743246495724,0.00042691314592957497,33.02779793739319
3500.0,180,5,-30.0,-220.0,-72.37658090830078,0.0,0.0014419741928577423,100.0,,1.0,0.0,0.0,0.0,1000000000000.0
3500.0,180,6,6.319050312042236,-94.87592821042702,-69.87630930696265,0.490234375,2.401780366897583,79.58870920269686,0.0,0.37222222222222223,56.65667724609375,0.011866146698594093,0.0018885559402406216,7.46602239087224
3500.0,180,7,9.530567169189453,-93.51753154410014,-68.38215430375787,0.740234375,3.31838321685791,77.69292071996108,0.0,0.35,20.497209548950195,0.0042929258197546005,0.0006832403014414012,20.63695527613163
3500.0,180,8,19.710309982299805,-92.19842649744942,-68.02773874959783,1.328125,6.562963962554932,79.76333547498305,0.0,0.35,5.90336799621582,0.001236398471519351,0.00019677892851177603,71.65401428937912
3500.0,181,0,8.766561508178711,-88.87867184784912,-73.59432332014755,2.16015625,3.0921385288238525,30.14037922739341,0.0,0.09944751381215466,-58.43702697753906,-0.012239022180438042,-0.0019479009788483381,7.238561287522316
3500.0,181,1,5.89792013168335,-87.05848273904179,-67.73386350589632,0.876953125,2.2894182205200195,61.695372337833135,0.0,0.11602209944751385,-58.41394805908203,-0.012234189547598362,-0.001947131589986384,7.24142137914896
3500.0,181,2,27.429079055786133,-78.58138179721786,-53.57823828421503,5.5546875,9.114348411560059,39.055572058724586,0.0,0.22099447513812154,-38.364471435546875,-0.008035036735236645,-0.0012788156745955348,11.025826446712017
3500.0,181,3,19.06557273864746,-89.71211734360836,-64.61432633858821,0.490234375,6.351226329803467,92.28126428592932,0.0,0.14364640883977897,42.381683349609375,0.00887640006840229,0.001412722747772932,9.98072698712349
3500.0,181,4,1.9215655326843262,-99.85973997966667,-70.66716165550504,0.490234375,1.3541851043701172,63.7985698249113,0.0,0.8034682080924855,12.818453788757324,0.0026846907567232847,0.0004272818041499704,32.999299466609955
3500.0,181,5,-30.0,-220.0,-72.35969412288756,0.0,0.0014419741928577423,100.0,,1.0,0.0,0.0,0.0,1000000000000.0
3500.0,181,6,8.934135437011719,-94.82873692324202,-69.82557399795937,0.490234375,3.141387701034546,84.39433710017543,0.0,0.37016574585635365,57.36634826660156,0.012014780193567276,0.0019122116500511765,7.373661268502474
3500.0,181,7,13.628450393676758,-93.48048236459421,-68.36039803960017,0.740234375,4.58851957321167,83.86768622887485,0.0,0.34806629834254144,19.91759490966797,0.004171531647443771,0.0006639198400080204,21.237503737211227
3500.0,181,8,18.444326400756836,-92.06345430329043,-68.0209064364187,1.4765625,6.1475677490234375,75.98135457336672,0.0,0.34806629834254144,5.3361663818359375,0.001117604086175561,0.00017787222168408334,79.2703926563263
3500.0,182,0,10.228506088256836,-88.90082147638202,-73.62578913806556,2.5703125,3.528602123260498,27.15776927479201,0.0,0.09890109890109888,-58.449134826660156,-0.012241559103131294,-0.0019483044743537903,7.237061858177185
3500.0,182,1,14.760024070739746,-86.23936243437713,-67.79952341124616,1.17578125,4.950599670410156,76.24972067469582,0.0,0.11538461538461542,-58.21623992919922,-0.012192780151963234,-0.0019405413186177611,7.266013883054256
3500.0,182,2,26.090164184570312,-78.88981722686157,-53.8281295541915,5.5546875,8.670510292053223,35.9358640622221,0.0,0.21978021978021978,-40.84165954589844,-0.008553856983780861,-0.0013613887131214142,10.35707164555788
3500.0,182,3,3.537095069885254,-89.63780497240501,-64.5376909900309,0.0,1.7039533853530884,100.0,1.0,0.14835164835164838,39.50525665283203,0.008273961953818798,0.0013168419245630503,10.707436129450798
3500.0,182,4,-6.583041667938232,-100.1734548468977,-70.65532196474553,0.0,0.2864460349082947,100.0,1.0,0.8045977011494253,10.515125274658203,0.0022022826597094536,0.00035050418227910995,40.22776708006859
3500.0,182,5,-30.0,-220.0,-72.34290986280037,0.0,0.0014419741928577423,100.0,,1.0,0.0,0.0,0.0,1000000000000.0
3500.0,182,6,10.249631881713867,-94.8271363136976,-69.77451061996001,0.490234375,3.53501296043396,86.13203457845827,0.0,0.36813186813186816,56.8914909362793,0.011915326118469238,0.0018963830079883337,7.435206789523363
3500.0,182,7,19.377140045166016,-93.46423694645392,-68.33900967722448,1.328125,6.453503131866455,79.42009211335294,0.0,0.34615384615384615,19.38874626159668,0.0040607694536447525,0.000646291533485055,21.816778928041458
3500.0,182,8,19.292299270629883,-91.9409905073364,-68.0145942190142,1.326171875,6.425644397735596,79.3612625767566,0.0,0.34615384615384615,4.9324188232421875,0.0010330433724448085,0.0001644139556447044,85.75914055109024
3500.0,183,0,10.0918550491333,-88.92293531971463,-73.65712967980963,2.73046875,3.4871978759765625,21.70020609354284,0.0,0.09836065573770492,-58.45185089111328,-0.01224212720990181,-0.0019483950454741716,7.236725650727749
3500.0,183,1,21.40061378479004,-86.26302374913985,-67.86465275629755,3.029296875,7.119542121887207,57.45095930134041,0.0,0.11475409836065575,-58.20027160644531,-0.012189436703920364,-0.0019400090677663684,7.268007379025221
3500.0,183,2,24.125194549560547,-79.20101840388368,-54.08187385198799,5.5546875,8.01978588104248,30.737708183326784,0.0,0.21857923497267762,-42.45861053466797,-0.008892510086297989,-0.001415287028066814,9.96264349669218
3500.0,183,3,17.562641143798828,-89.56366406444747,-64.46084572581492,0.490234375,5.859251976013184,91.63315766232722,0.0,0.14754098360655743,41.20766830444336,0.008630514144897461,0.0013735889224335551,10.265080258250237
3500.0,183,4,4.203468322753906,-99.42381103130754,-70.64371824166939,0.490234375,1.8609108924865723,73.65621443889005,0.0,0.8,13.235496520996094,0.0027720360085368156,0.0004411832196637988,31.95951133966446
3500.0,183,5,-30.0,-220.0,-72.32622997855569,0.0,0.0014419741928577423,100.0,,1.0,0.0,0.0,0.0,1000000000000.0
3500.0,183,6,9.651288986206055,-94.77986018641064,-69.72311523912666,0.490234375,3.354515790939331,85.38583791067131,0.0,0.36612021857923494,56.9462890625,0.0119268037378788,0.0018982096808031201,7.428052369505167
3500.0,183,7,18.810956954956055,-93.46944868431036,-68.3179966917155,2.73046875,6.267711639404297,56.435954506364105,0.0,0.34426229508196726,18.980791091918945,0.003975328058004379,0.0006326930597424507,22.285688668489456
3500.0,183,8,18.522512435913086,-91.81471170939604,-68.00880554444151,1.4765625,6.173178195953369,76.0809998815859,0.0,0.34426229508196726,4.447643280029297,0.0009315122733823955,0.00014825478137936443,95.10654956102371
3500.0,184,0,9.483060836791992,-88.94497502256519,-73.68834480499729,2.73046875,3.304192304611206,17.363503746756482,0.0,0.09782608695652173,-58.43777847290039,-0.012239180505275726,-0.001947926008142531,7.238468155264854
3500.0,184,1,17.88323974609375,-86.28664903745472,-67.92925616256574,5.115234375,5.963982582092285,14.231232157531338,0.0,0.11413043478260865,-58.19898986816406,-0.012189168483018875,-0.001939966343343258,7.268167566508055
3500.0,184,2,26.507516860961914,-79.51287549606204,-54.33773608880199,5.5546875,8.808826446533203,36.94179884556472,0.0,0.21739130434782605,-43.0914421081543,-0.009025050327181816,-0.0014363813679665327,9.816334582865238
3500.0,184,3,12.869734764099121,-89.48239203047594,-64.38380376436251,2.16015625,4.347880840301514,50.317031920999035,0.0,0.1467391304347826,30.395687103271484,0.006366058252751827,0.0010131895542144775,13.916448689997196
3500.0,184,4,3.5448029041290283,-101.21483919658873,-70.63235168591137,0.490234375,1.7057284116744995,71.25952926358651,0.0,0.7954545454545454,12.939068794250488,0.0027099521830677986,0.000431302294600755,32.69168734550476
3500.0,184,5,-30.0,-220.0,-72.30965562851637,0.0,0.0014419741928577423,100.0,,1.0,0.0,0.0,0.0,1000000000000.0
3500.0,184,6,9.071474075317383,-94.73226821162376,-69.67138294949814,0.490234375,3.1819121837615967,84.59308910214945,0.0,0.36413043478260865,56.70241928100586,0.011875727213919163,0.001890080631710589,7.459999527782202
3500.0,184,7,16.988521575927734,-93.40205584122417,-68.29736395535859,2.56640625,5.672041416168213,54.753393677901705,0.0,0.34239130434782605,18.61878776550293,0.0038995100185275078,0.0006206262623891234,22.718988358974457
3500.0,184,8,18.854372024536133,-91.66391477128941,-68.00354045874425,1.328125,6.281947612762451,78.8580694735217,0.0,0.34239130434782605,4.6700334548950195,0.0009780896361917257,0.00015566778893116862,90.57751297950745
3500.0,185,0,9.767613410949707,-88.96698846599635,-73.7194372177555,2.73046875,3.389425754547119,19.441553002395416,0.0,0.0972972972972973,-58.44548797607422,-0.012240794487297535,-0.001948182936757803,7.237513549625874
3500.0,185,1,6.213998794555664,-86.31028306728138,-67.99334707658505,0.0,2.373551368713379,100.0,1.0,0.11891891891891893,-58.530487060546875,-0.01225859671831131,-0.001951016252860427,7.227003108710051
3500.0,185,2,29.100500106811523,-79.82390288578637,-54.594453485831245,5.5546875,9.668750762939453,42.55010149510476,0.0,0.21621621621621623,-44.247581481933594,-0.009267191402614117,-0.0014749193796887994,9.559844620525837
3500.0,185,3,17.136234283447266,-89.4083663147533,-64.30659002236034,1.17578125,5.7201642990112305,79.44497415566819,0.0,0.1459459459459459,36.25392150878906,0.0075930035673081875,0.0012084640329703689,11.667703278362751
3500.0,185,4,2.420595169067383,-97.52686029849733,-70.62122581063699,0.490234375,1.4573639631271362,66.36156873619406,0.0,0.7909604519774012,11.983230590820312,0.002509762067347765,0.00039944102172739804,35.299330949783325
3500.0,185,5,-30.0,-220.0,-72.29318905516963,0.0,0.0014419741928577423,100.0,,1.0,0.0,0.0,0.0,1000000000000.0
3500.0,185,6,9.56761360168457,-94.68439284101757,-69.61930992097183,0.490234375,3.3294613361358643,85.27586520740438,0.0,0.3621621621621621,56.790771484375,0.011894231662154198,0.0018930257065221667,7.448393385857344
3500.0,185,7,11.040321350097656,-93.43876055400172,-68.2771205552687,2.16015625,3.7768077850341797,42.80470775982445,0.0,0.3405405405405405,18.35397720336914,0.003844047896564007,0.0006117992452345788,23.04677665233612
3500.0,185,8,19.474218368530273,-91.5419427991185,-67.99880422899815,1.4765625,6.485387802124023,77.2324717495473,0.0,0.3405405405405405,3.217958688735962,0.0006739677046425641,0.00010726528853410855,131.44978880882263
3500.0,186,0,9.365598678588867,-88.87994445647462,-73.75040653298896,0.0,3.2691709995269775,100.0,1.0,0.10215053763440862,-58.62583923339844,-0.012278567999601364,-0.001954194623976946,7.215248886495829
3500.0,186,1,11.658370018005371,-86.33386049790661,-68.05692945536859,1.02734375,3.9680888652801514,74.1098603161583,0.0,0.11827956989247312,-58.400779724121094,-0.012231431901454926,-0.0019466927042230964,7.243053987622261
3500.0,186,2,27.41116714477539,-80.13276647698663,-54.850800692316994,5.5546875,9.10840892791748,39.015830932065896,0.0,0.21505376344086025,-45.484779357910156,-0.009526310488581657,-0.0015161592746153474,9.299814701080322
3500.0,186,3,20.73862075805664,-89.34126355656392,-64.22922160035127,2.16015625,6.901340961456299,68.69947069613887,0.0,0.14516129032258063,38.392921447753906,0.00804099440574646,0.0012797641102224588,11.017655953764915
3500.0,186,4,6.28801155090332,-97.60743063027262,-70.61034197591339,0.490234375,2.3934261798858643,79.51746416413906,0.0,0.7865168539325843,13.03645133972168,0.0027303481474518776,0.00043454839033074677,32.44747966527939
3500.0,186,5,-30.0,-220.0,-72.27683165884113,0.0,0.0014419741928577423,100.0,,1.0,0.0,0.0,0.0,1000000000000.0
3500.0,186,6,10.86687183380127,-94.63620464825432,-69.56689170696787,0.490234375,3.7234714031219482,86.83394279357262,0.0,0.3602150537634409,57.49053192138672,0.012040788307785988,0.0019163510296493769,7.357733324170113
3500.0,186,7,7.373811721801758,-93.35495256935539,-68.25727168428327,1.02734375,2.692063570022583,61.838057561494296,0.0,0.33870967741935487,16.731285095214844,0.003504191990941763,0.0005577094852924347,25.281978771090508
3500.0,186,8,19.769615173339844,-91.44564264737619,-67.9945967688698,1.6953125,6.582457065582275,74.24498962759228,0.0,0.33870967741935487,3.051095962524414,0.0006390200578607619,0.00010170319728786126,138.6387050151825
3500.0,187,0,8.782269477844238,-88.90160446281867,-73.78125391137031,2.5703125,3.0967464447021484,16.99958179019665,0.0,0.10160427807486627,-58.41343688964844,-0.012234081514179707,-0.0019471145933493972,7.241484709084034
3500.0,187,1,18.453786849975586,-88.99373409533625,-68.12001128727283,2.16015625,6.150666236877441,64.8793127962563,0.0,0.11764705882352944,-58.39863586425781,-0.012230982072651386,-0.0019466212252154946,7.243319880217314
3500.0,187,2,23.72163200378418,-80.43849571101254,-55.10583529314429,5.5546875,7.886266231536865,29.565052245040558,0.0,0.213903743315508,-47.14833068847656,-0.009874723851680756,-0.0015716110356152058,8.97168554365635
3500.0,187,3,18.116506576538086,-89.26725348281468,-64.15171848999546,3.029296875,6.040263652801514,49.84826740807924,0.0,0.14438502673796794,39.79627990722656,0.008334913291037083,0.001326542696915567,10.629134252667427
3500.0,187,4,5.441928863525391,-97.57705099133447,-70.59970199593243,0.490234375,2.1702475547790527,77.41113109790328,0.0,0.782122905027933,13.085193634033203,0.0027405566070228815,0.00043617311166599393,32.32661262154579
3500.0,187,5,-30.0,-220.0,-72.26058482532767,0.0,0.0014419741928577423,100.0,,1.0,0.0,0.0,0.0,1000000000000.0
3500.0,187,6,9.968964576721191,-94.58770183429685,-69.51412300214767,0.6015625,3.4500622749328613,82.56372053424147,0.0,0.3582887700534759,56.601905822753906,0.011854676529765129,0.0018867301987484097,7.473246660083532
3500.0,187,7,12.829113960266113,-93.34001641868733,-68.23782336374201,0.490234375,4.335052967071533,88.69138673220944,0.0,0.33689839572192515,16.257169723510742,0.0034048939123749733,0.000541905639693141,26.01929008960724
3500.0,187,8,18.36362648010254,-91.23353570763031,-67.99091936306684,1.6953125,6.121142387390137,72.30398522516926,0.0,0.33689839572192515,0.7287313938140869,0.00015262514352798462,2.4291046429425478e-05,580.460786819458
3500.0,188,0,10.441994667053223,-87.07118179705296,-73.81198094723058,2.40625,3.5935118198394775,33.03904034167091,0.0,0.10106382978723405,-58.42920684814453,-0.012237384915351868,-0.0019476402085274458,7.239530328661203
3500.0,188,1,18.346269607543945,-89.02745943003822,-68.1826024842087,4.212890625,6.115458965301514,31.110802167040795,0.0,0.11702127659574468,-58.396602630615234,-0.012230556458234787,-0.0019465534714981914,7.243572268635035
3500.0,188,2,25.01502227783203,-80.74039798939006,-55.35885763400641,5.5546875,8.314350128173828,33.19156140445054,0.0,0.21276595744680848,-47.73847198486328,-0.009998321533203125,-0.001591282431036234,8.86077806353569
3500.0,188,3,21.220365524291992,-89.1933581174167,-64.07410883217355,2.5703125,7.0601043701171875,63.59384556864085,0.0,0.1436170212765957,38.1169319152832,0.00798319187015295,0.0012705643894150853,11.097430251538754
3500.0,188,4,2.7278826236724854,-97.42150319298909,-70.58930892061083,0.490234375,1.52310049533844,67.81339271437452,0.0,0.7777777777777778,10.764455795288086,0.0022545023821294308,0.00035881518851965666,39.295997470617294
3500.0,188,5,-30.0,-220.0,-72.24445080339532,0.0,0.0014419741928577423,100.0,,1.0,0.0,0.0,0.0,1000000000000.0
3500.0,188,6,10.261815071105957,-94.53890178545713,-69.46100018989013,0.490234375,3.5387115478515625,86.1465290863384,0.0,0.3563829787234043,57.405723571777344,0.012023026123642921,0.0019135241163894534,7.368603255599737
3500.0,188,7,17.299209594726562,-92.66912994540348,-68.21878388350594,1.328125,5.773294925689697,76.9953723637055,0.0,0.3351063829787234,17.04295539855957,0.003569468390196562,0.0005680985050275922,24.819638580083847
3500.0,188,8,18.48470687866211,-91.11841618343773,-67.9877755067262,1.4765625,6.160794258117676,76.0329198129863,0.0,0.3351063829787234,0.203872412443161,4.2698942706920207e-05,6.795747140131425e-06,2074.827194213867
3500.0,189,0,11.926761627197266,-87.16661592140063,-73.84258674157954,2.73046875,4.051711559295654,32.609498232034504,0.0,0.10052910052910058,-58.51734924316406,-0.012255845591425896,-0.001950578298419714,7.228625472635031
3500.0,189,1,18.6197566986084,-89.0611033653751,-68.24470474787711,4.212890625,6.205039024353027,32.1053323199807,0.0,0.1164021164021164,-58.40260696411133,-0.012231813743710518,-0.0019467535894364119,7.2428276762366295
3500.0,189,2,26.913190841674805,-81.0378081991509,-55.60915694600717,5.5546875,8.943302154541016,37.88997169038313,0.0,0.21164021164021163,-48.42845916748047,-0.01014283299446106,-0.0016142820240929723,8.734533563256264
3500.0,189,3,14.677331924438477,-89.11957569139304,-63.99640883772304,3.322265625,4.9240264892578125,32.5294932460699,0.0,0.1428571428571429,41.166908264160156,0.008621977642178535,0.001372230239212513,10.275243781507015
3500.0,189,4,7.312302112579346,-97.09446577525512,-70.57916303829734,0.490234375,2.674811363220215,81.6721888600845,0.0,0.7734806629834254,11.321453094482422,0.002371159614995122,0.00037738177343271673,37.36269474029541
3500.0,189,5,-30.0,-220.0,-72.22843040522994,0.0,0.0014419741928577423,100.0,,1.0,0.0,0.0,0.0,1000000000000.0
3500.0,189,6,11.72973918914795,-93.85353611422828,-69.40751739210334,0.490234375,3.9902939796447754,87.7143293827278,0.0,0.35449735449735453,56.88246154785156,0.011913435533642769,0.001896082074381411,7.436387240886688
3500.0,189,7,21.394588470458984,-92.83290561190557,-68.2001564767557,2.40625,7.117555618286133,66.19274749581217,0.0,0.33333333333333337,18.63565444946289,0.0039030422922223806,0.0006211884901858866,22.698424756526947
3500.0,189,8,19.646678924560547,-91.09142350936673,-67.98516254665897,1.4765625,6.542051315307617,77.42967107969605,0.0,0.33333333333333337,1.5766515731811523,0.0003302131372038275,5.255505311652087e-05,268.29010248184204
3500.0,190,0,12.649225234985352,-87.11859132400107,-73.87307459783526,3.322265625,4.278315544128418,22.346409685477862,0.0,0.09999999999999998,-58.52354431152344,-0.012257142923772335,-0.001950784819200635,7.227860391139984
3500.0,190,1,17.993425369262695,-89.09462585945684,-68.30633249118887,4.212890625,6.000006198883057,29.785228792192598,0.0,0.11578947368421055,-58.40798568725586,-0.012232940644025803,-0.0019469328690320253,7.2421603836119175
3500.0,190,2,23.71841049194336,-81.33042508306302,-55.8563913147257,5.5546875,7.8852009773254395,29.55553680910642,0.0,0.21052631578947367,-49.55059051513672,-0.010377852246165276,-0.0016516863834112883,8.536729961633682
3500.0,190,3,19.55332374572754,-89.03768372689312,-63.918654633618125,1.6953125,6.511375427246094,73.96383423222439,0.0,0.14210526315789473,38.11587142944336,0.007982969284057617,0.0012705291155725718,11.097739450633526
3500.0,190,4,1.0845301151275635,-97.17724066260692,-70.56926837000356,0.490234375,1.191353440284729,58.85063504892085,0.0,0.7692307692307692,9.31446361541748,0.0019508167169988155,0.00031048213713802397,45.413244515657425
3500.0,190,5,-30.0,-220.0,-72.2125262321081,0.0,0.0014419741928577423,100.0,,1.0,0.0,0.0,0.0,1000000000000.0
3500.0,190,6,9.440691947937012,-94.4402939260697,-69.35367076798197,0.740234375,3.291548490524292,77.51105969937899,0.0,0.3526315789473684,56.97560119628906,0.01193294208496809,0.0018991867545992136,7.424230687320232
3500.0,190,7,18.097200393676758,-92.83496223552635,-68.18195122351136,3.322265625,6.033947944641113,44.94043277336226,0.0,0.3315789473684211,14.250852584838867,0.0029846918769180775,0.0004750284133478999,29.68243509531021
3500.0,190,8,19.566585540771484,-90.97670889222186,-67.98308619429409,1.6953125,6.515733242034912,73.9812475890965,0.0,0.3315789473684211,1.087022066116333,0.00022766536858398467,3.623406882979907e-05,389.13655281066895
3500.0,191,0,13.398102760314941,-87.07203397115036,-73.90344443404712,3.322265625,4.515262603759766,26.421430677506596,0.0,0.09947643979057597,-58.48326110839844,-0.012248706072568893,-0.001949442084878683,7.232838775962591
3500.0,191,1,19.460102081298828,-89.12809939757297,-68.36748981843843,3.90234375,6.4807515144348145,39.78562916186237,0.0,0.11518324607329844,-58.403011322021484,-0.012231898494064808,-0.0019467670936137438,7.2427773848176
3500.0,191,2,25.71611213684082,-81.61788189867117,-56.10014527939489,5.5546875,8.546570777893066,35.00682736556752,0.0,0.2094240837696335,-50.06600570678711,-0.010485799983143806,-0.0016688668401911855,8.448846638202667
3500.0,191,3,8.11752986907959,-88.9577278624241,-63.84087046360228,0.0,2.903550624847412,100.0,1.0,0.1465968586387435,36.49275207519531,0.0076430244371294975,0.0012164250947535038,11.591343209147453
3500.0,191,4,7.525496482849121,-97.20870487701397,-70.55962607393914,0.490234375,2.734769105911255,82.07401224694439,0.0,0.7650273224043715,10.747716903686523,0.002250996418297291,0.0003582572389859706,39.35719653964043
3500.0,191,5,-30.0,-220.0,-72.19673960960947,0.0,0.0014419741928577423,100.0,,1.0,0.0,0.0,0.0,1000000000000.0
3500.0,191,6,10.368107795715332,-93.76358932754144,-69.29945502033956,0.490234375,3.571016311645508,86.27185282236636,0.0,0.3507853403141361,55.82398986816406,0.011691749095916748,0.0018607997335493565,7.5773876160383224
3500.0,191,7,17.786569595336914,-92.80138304986718,-68.16417294695853,2.56640625,5.932389259338379,56.73907867795204,0.0,0.32984293193717273,17.565505981445312,0.003678911365568638,0.0005855168565176427,24.081287905573845
3500.0,191,8,20.212955474853516,-90.83084333572346,-67.98154540633635,1.6953125,6.728271007537842,74.80314782058123,0.0,0.32984293193717273,0.764234185218811,0.0001600608229637146,2.5474473659414798e-05,553.4952878952026
3500.0,192,0,14.943221092224121,-87.0957993190895,-73.93369749288618,3.90234375,5.009528160095215,22.101570741029054,0.0,0.09895833333333337,-58.416717529296875,-0.012234769761562347,-0.0019472239073365927,7.241078186780214
3500.0,192,1,19.422344207763672,-89.16148914652545,-68.42818466402801,4.5234375,6.468349456787109,30.068133606268788,0.0,0.11458333333333337,-58.39992141723633,-0.01223125122487545,-0.001946664066053927,7.2431606240570545
3500.0,192,2,26.26796531677246,-81.89996269130555,-56.34016357417999,5.5546875,8.729433059692383,36.3682903343583,0.0,0.20833333333333337,-50.548606872558594,-0.01058687549084425,-0.0016849535750225186,8.368182927370071
3500.0,192,3,19.46645164489746,-88.89944216084663,-63.76308779974153,0.490234375,6.482837200164795,92.43796566436161,0.0,0.14583333333333337,44.42600631713867,0.009304561652243137,0.0014808669220656157,9.52144991606474
3500.0,192,4,5.465758323669434,-99.03975208709683,-70.55023838815957,0.490234375,2.176408529281616,77.47507563932331,0.0,0.7608695652173914,10.641538619995117,0.0022287587635219097,0.0003547179512679577,39.74989056587219
3500.0,192,5,-30.0,-220.0,-72.18107237255911,0.0,0.0014419741928577423,100.0,,1.0,0.0,0.0,0.0,1000000000000.0
3500.0,192,6,8.817106246948242,-94.34041249619591,-69.24486528635607,0.6015625,3.1069703102111816,80.63829261506166,0.0,0.34895833333333337,58.05138397216797,0.012158253230154514,0.0019350461661815643,7.286648266017437
3500.0,192,7,10.657099723815918,-92.47270044248171,-68.14682844648578,2.5703125,3.6591808795928955,29.757161928383226,0.0,0.328125,15.869857788085938,0.003323775250464678,0.0005289952387101948,26.654303073883057
3500.0,192,8,20.646587371826172,-90.75238039973709,-67.98054150878417,1.9140625,6.871026039123535,72.14298870210428,0.0,0.328125,0.13842451572418213,2.8991564249736257e-05,4.614150384441018e-06,3055.817127227783
3500.0,193,0,14.465394020080566,-89.03075154911969,-73.96383463839774,4.212890625,4.855997085571289,13.243551205624948,0.0,0.0984455958549223,-58.608558654785156,-0.012274947948753834,-0.001953618600964546,7.21737602725625
3500.0,193,1,19.35738754272461,-89.19477988887799,-68.4884236787044,4.5234375,6.447016716003418,29.83673380632814,0.0,0.11398963730569944,-58.412940979003906,-0.012233978137373924,-0.0019470980623736978,7.241546176373959
3500.0,193,2,23.79801368713379,-82.17650291142179,-56.576246292476675,5.5546875,7.911533355712891,29.790000872726154,0.0,0.20725388601036265,-51.495452880859375,-0.010785182937979698,-0.0017165151657536626,8.214317262172699
3500.0,193,3,3.6226420402526855,-88.82656354478137,-63.68533812879447,0.0,1.723708152770996,100.0,1.0,0.15025906735751293,40.16577911376953,0.008412301540374756,0.0013388593215495348,10.531352832913399
3500.0,193,4,7.993403911590576,-96.5161000232908,-70.54110714861781,0.490234375,2.86789608001709,82.90613183595276,0.0,0.7567567567567568,10.26034164428711,0.002148920902982354,0.0003420113935135305,41.22669994831085
3500.0,193,5,-30.0,-220.0,-72.16552617918161,0.0,0.0014419741928577423,100.0,,1.0,0.0,0.0,0.0,1000000000000.0
3500.0,193,6,8.183300971984863,-94.28997932691308,-69.18989635357212,0.490234375,2.9224984645843506,83.2255044462539,0.0,0.3471502590673575,56.41363525390625,0.01181524433195591,0.0018804544815793633,7.498187478631735
3500.0,193,7,5.469238758087158,-92.6430458307388,-68.12992376847919,1.02734375,2.177309036254883,52.81589646240113,0.0,0.3264248704663213,18.290966033935547,0.0038308510556817055,0.0006096988799981773,23.12617190182209
3500.0,193,8,20.466991424560547,-90.59115642658419,-67.98007480094049,2.16015625,6.811885833740234,68.28842551499557,0.0,0.3264248704663213,-0.3412620723247528,-7.147376163629815e-05,-1.13754022095236e-05,1239.5166158676147
3500.0,194,0,14.350550651550293,-89.05233810648267,-73.99385515345858,4.212890625,4.819180965423584,12.58077554616781,0.0,0.09793814432989689,-58.47614669799805,-0.012247215956449509,-0.0019492049468681216,7.233718875795603
3500.0,194,1,19.198627471923828,-89.22787463329055,-68.54820890669586,4.5234375,6.394892692565918,29.2648412183912,0.0,0.11340206185567014,-58.39805221557617,-0.012230860069394112,-0.0019466017838567495,7.243392523378134
3500.0,194,2,25.72371482849121,-82.44733811762262,-56.80819563354509,5.5546875,8.549089431762695,35.025975054577174,0.0,0.20618556701030932,-51.616920471191406,-0.010810622945427895,-0.0017205640906468034,8.194987662136555
3500.0,194,3,17.47834587097168,-88.73976951000338,-63.60764778469611,0.490234375,5.831736087799072,91.59368037889011,0.0,0.14948453608247425,41.24626922607422,0.008638598956167698,0.0013748756609857082,10.255472734570503
3500.0,194,4,7.755420684814453,-96.83657402790566,-70.5322328160677,0.490234375,2.799928903579712,82.49118488782929,0.0,0.7526881720430108,9.885560989379883,0.0020704269409179688,0.0003295186907052994,42.78968274593353
3500.0,194,5,-30.0,-220.0,-72.15010210079666,0.0,0.0014419741928577423,100.0,,1.0,0.0,0.0,0.0,1000000000000.0
3500.0,194,6,7.151501655578613,-94.23916971602793,-69.13454230418633,0.490234375,2.6298916339874268,81.35914162148539,0.0,0.34536082474226804,57.071250915527344,0.011952974833548069,0.0019023750210180879,7.411787752062082
3500.0,194,7,7.970401763916016,-92.62454433852726,-68.11346238855145,0.490234375,2.86130428314209,82.86675143610877,0.0,0.32474226804123707,8.726556777954102,0.0018276857445016503,0.0002908852184191346,48.472728580236435
3500.0,194,8,21.37191390991211,-90.50108116656116,-67.98014227775275,2.16015625,7.110077857971191,69.61838824903691,0.0,0.32474226804123707,-1.6859636306762695,-0.00035310740349814296,-5.61987872060854e-05,250.89508295059204
3500.0,195,0,12.305832862854004,-88.12200890745585,-74.0237624816084,0.0,4.170346260070801,100.0,1.0,0.10256410256410253,-58.379642486572266,-0.012227004393935204,-0.0019459881586953998,7.245676591992378
3500.0,195,1,18.717906951904297,-89.2609708926013,-68.6075542413731,4.5234375,6.23720645904541,27.47654691725081,0.0,0.11282051282051286,-58.39224624633789,-0.012229643762111664,-0.0019464081851765513,7.2441124357283115
3500.0,195,2,18.819454193115234,-80.75369163680504,-57.03603228560395,0.0,6.270498275756836,100.0,1.0,0.2102564102564103,-54.109432220458984,-0.01133265346288681,-0.0018036477267742157,7.817490957677364
3500.0,195,3,10.004870414733887,-88.67401493588522,-63.53006413909889,1.9140625,3.460902452468872,44.694699539000794,0.0,0.14871794871794874,38.96531677246094,0.008160877041518688,0.0012988438829779625,10.855807922780514
3500.0,195,4,2.6216084957122803,-96.74958333919362,-70.52361943215216,0.490234375,1.5001788139343262,67.32160390171586,0.0,0.7486631016042781,8.323193550109863,0.001743205590173602,0.0002774398017209023,50.82184076309204
3500.0,195,5,-30.0,-220.0,-72.13480284793677,0.0,0.0014419741928577423,100.0,,1.0,0.0,0.0,0.0,1000000000000.0
3500.0,195,6,6.526597023010254,-94.18803608552449,-69.07879887929602,0.490234375,2.4579291343688965,80.05498335386818,0.0,0.3435897435897436,55.511016845703125,0.011626200750470161,0.0018503672908991575,7.620109245181084
3500.0,195,7,19.370412826538086,-92.56423852774395,-68.09745440349317,0.740234375,6.4512939453125,88.52579992052829,0.0,0.32307692307692304,16.274394989013672,0.0034085011575371027,0.0005424798582680523,25.99175088107586
3500.0,195,8,19.99382781982422,-90.23907282804069,-67.98074903933778,2.40625,6.656181812286377,63.84939492550519,0.0,0.32307692307692304,-2.0817394256591797,-0.0004359984886832535,-6.939131708350033e-05,203.1954675912857
3500.0,196,0,11.618181228637695,-88.55914549433344,-74.05355530437805,3.322265625,3.9555954933166504,16.010986699391296,0.0,0.10204081632653061,-58.44962692260742,-0.012241661548614502,-0.0019483208889141679,7.237000856548548
3500.0,196,1,17.776220321655273,-89.29394829348738,-68.66645986925708,4.5234375,5.929008483886719,23.706678573772365,0.0,0.11224489795918369,-58.395355224609375,-0.01223029475659132,-0.0019465119112282991,7.243726868182421
3500.0,196,2,24.269268035888672,-82.97191202688091,-57.259631333359586,4.212890625,8.067464828491211,47.77925017879624,0.0,0.2091836734693877,-52.52113342285156,-0.01100000087171793,-0.0017507044831290841,8.053900673985481
3500.0,196,3,14.254197120666504,-88.60224563970392,-63.452615143301884,0.6015625,4.788319110870361,87.43687531947603,0.0,0.14795918367346939,38.258026123046875,0.008012741804122925,0.0012752675684168935,11.056503280997276
3500.0,196,4,9.276339530944824,-96.56795416618218,-70.51526692288579,0.490234375,3.2426235675811768,84.88155147266482,0.0,0.7446808510638299,9.30235481262207,0.0019482807256281376,0.00031007849611341953,45.47235742211342
3500.0,196,5,-30.0,-220.0,-72.1196293173257,0.0,0.0014419741928577423,100.0,,1.0,0.0,0.0,0.0,1000000000000.0
3500.0,196,6,5.1926493644714355,-94.13654001121068,-69.02265982398193,0.490234375,2.1062514781951904,76.72479378293075,0.0,0.34183673469387754,55.66769790649414,0.011659014970064163,0.0018555899150669575,7.598661817610264
3500.0,196,7,18.83040428161621,-92.40684366155685,-68.08190224638768,3.029296875,6.2740888595581055,51.71734186733596,0.0,0.3214285714285714,14.806134223937988,0.003100989619269967,0.0004935378092341125,28.569240123033524
3500.0,196,8,18.71390151977539,-90.13569308109535,-67.98189057360932,1.9140625,6.235894203186035,69.30572524751832,0.0,0.3214285714285714,-0.5802879929542542,-0.00012153523130109534,-1.9342933228472248e-05,728.9484143257141
3500.0,197,0,14.368494987487793,-88.5795241683011,-74.083234900716,3.029296875,4.824931621551514,37.215755318292075,0.0,0.10152284263959388,-58.45185470581055,-0.012242128141224384,-0.0019483951618894935,7.236725185066462
3500.0,197,1,17.283903121948242,-89.32673571899066,-68.72493301730893,4.212890625,5.768303394317627,26.964822461486136,0.0,0.1116751269035533,-58.412113189697266,-0.012233804911375046,-0.0019470704719424248,7.241648621857166
3500.0,197,2,21.89984130859375,-83.22557078016723,-57.47899433870231,5.5546875,7.284255504608154,23.74392281426698,0.0,0.20812182741116747,-53.20233154296875,-0.01114267110824585,-0.001773411058820784,7.950779981911182
3500.0,197,3,19.32916831970215,-88.53088753044162,-63.375340062141,1.326171875,6.437750339508057,79.40007292824997,0.0,0.14720812182741116,37.54975891113281,0.007864403538405895,0.001251658657565713,11.265052482485771
3500.0,197,4,1.604720950126648,-96.39011919311031,-70.50717700925814,0.490234375,1.2910212278366089,62.02739626353814,0.0,0.7407407407407407,7.8354692459106445,0.0016410568496212363,0.0002611823147162795,53.98527905344963
3500.0,197,5,-30.0,-220.0,-72.10458309694658,0.0,0.0014419741928577423,100.0,,1.0,0.0,0.0,0.0,1000000000000.0
3500.0,197,6,5.349966526031494,-94.0481315003877,-68.96611901246021,0.490234375,2.1465415954589844,77.16166432380848,0.0,0.3401015228426396,55.09065246582031,0.011538159102201462,0.0018363550771027803,7.678253576159477
3500.0,197,7,16.45829200744629,-92.43787019641132,-68.0668116476055,3.029296875,5.499573230743408,44.91760091372557,0.0,0.31979695431472077,9.407795906066895,0.00197036424651742,0.0003135931910946965,44.96271163225174
3500.0,197,8,18.491626739501953,-90.03386850710814,-67.98356663019206,1.6953125,6.163060188293457,72.49235853285687,0.0,0.31979695431472077,-0.13899371027946472,-2.9110773539287038e-05,-4.633123808162054e-06,3043.3032512664795
3500.0,198,0,17.2160701751709,-88.59989467543193,-74.11280342235656,3.90234375,5.74618673324585,32.08811458524108,0.0,0.101010101010101,-58.44644546508789,-0.012240994721651077,-0.0019482148345559835,7.23739480599761
3500.0,198,1,17.635974884033203,-89.35952259711942,-68.7829838759398,3.90234375,5.883196830749512,33.66967208025834,0.0,0.11111111111111116,-58.4100456237793,-0.01223337184637785,-0.0019470015540719032,7.241905201226473
3500.0,198,2,23.74087905883789,-83.47357748756197,-57.69419620404293,5.115234375,7.892633438110352,35.189763782762405,0.0,0.20707070707070707,-53.38028335571289,-0.011179940775036812,-0.001779342768713832,7.924274541437626
3500.0,198,3,12.057013511657715,-88.4600041003324,-63.298291231720356,2.5703125,4.092407703399658,37.193146766272044,0.0,0.14646464646464652,36.862247467041016,0.0077204108238220215,0.0012287416029721498,11.475155130028725
3500.0,198,4,9.648432731628418,-96.49952004981486,-70.4993531226506,0.490234375,3.3536598682403564,85.38210807713118,0.0,0.736842105263158,8.525162696838379,0.0017855060286819935,0.00028417209978215396,49.61782321333885
3500.0,198,5,-30.0,-220.0,-72.08966688443056,0.0,0.0014419741928577423,100.0,,1.0,0.0,0.0,0.0,1000000000000.0
3500.0,198,6,5.819706916809082,-93.9962860181525,-68.90917252977934,0.490234375,2.268789052963257,78.39224522175357,0.0,0.33838383838383834,55.40116500854492,0.01160319335758686,0.0018467055633664131,7.635218556970358
3500.0,198,7,20.91106414794922,-92.81117500012307,-68.05219150382854,2.5703125,6.958155155181885,63.0604313546266,0.0,0.31818181818181823,13.73641586303711,0.002876948332414031,0.0004578805237542838,30.794059857726097
3500.0,198,8,18.818464279174805,-89.93375786668061,-67.98578018437445,1.6953125,6.2701735496521,72.96227151329704,0.0,0.31818181818181823,-0.4411875307559967,-9.240210056304932e-05,-1.4706251022289507e-05,958.7759971618652
3500.0,199,0,13.809919357299805,-89.68528542770294,-74.14226051797311,0.0,4.646346569061279,100.0,1.0,0.10552763819095479,-58.49981689453125,-0.012252174317836761,-0.0019499938935041428,7.230792194604874
3500.0,199,1,16.66461753845215,-89.39219502079582,-68.84061481547226,4.212890625,5.5666327476501465,24.318868946790218,0.0,0.11055276381909551,-58.4025993347168,-0.012231811881065369,-0.0019467533566057682,7.242828607559204
3500.0,199,2,21.99015235900879,-83.71594016807286,-57.90522512701798,5.5546875,7.314065933227539,24.05472481776171,0.0,0.20603015075376885,-53.78871536254883,-0.011265482753515244,-0.0017929571913555264,7.864102721214294
3500.0,199,3,30.0,-88.38959629390513,-63.22150431532981,1.02734375,9.967226028442383,89.69278165190214,0.0,0.14572864321608037,36.23015594482422,0.007588026113808155,0.0012076718267053366,11.675356887280941
3500.0,199,4,7.652578830718994,-96.39509914622494,-70.49179542014208,0.490234375,2.770721197128296,82.30661477206363,0.0,0.7329842931937173,8.189035415649414,0.0017151074716821313,0.0002729678526520729,51.65443569421768
3500.0,199,5,-30.0,-220.0,-72.07488158875819,0.0,0.0014419741928577423,100.0,,1.0,0.0,0.0,0.0,1000000000000.0
3500.0,199,6,6.691999435424805,-93.97983802876352,-68.85181320602413,0.490234375,2.5030288696289062,80.41435394739649,0.0,0.33668341708542715,55.73992919921875,0.011674144305288792,0.0018579976167529821,7.588814944028854
3500.0,199,7,18.41118621826172,-92.86575413981208,-68.0380445629408,3.609375,6.136714935302734,41.18392270046118,0.0,0.31658291457286436,12.467559814453125,0.00261119962669909,0.0004155853239353746,33.928051590919495
3500.0,199,8,23.959228515625,-88.23630947022905,-67.98852720912888,1.6953125,7.964869976043701,78.71512648544085,0.0,0.31658291457286436,-2.4056334495544434,-0.000503834686242044,-8.018778316909447e-05,175.83726346492767
3500.0,200,0,14.293906211853027,-89.70641433115784,-74.17160764946036,3.322265625,4.801034927368164,30.801052788399463,0.0,0.10499999999999998,-58.494232177734375,-0.01225100364536047,-0.0019498077454045415,7.231482304632664
3500.0,200,1,16.52789878845215,-89.42477622402356,-68.897833479228,3.90234375,5.522188663482666,29.333385948843738,0.0,0.10999999999999999,-58.39533996582031,-0.012230291962623596,-0.00194651132915169,7.24372873082757
3500.0,200,2,30.0,-76.90315273021943,-58.11215617721268,5.115234375,9.967226028442383,48.67945845310204,0.0,0.20499999999999996,-53.99631881713867,-0.011308962479233742,-0.001799877267330885,7.833867333829403
3500.0,200,3,15.335321426391602,-88.31973276205076,-63.14502931339353,0.0,5.135909557342529,100.0,1.0,0.15000000000000002,35.71966552734375,0.007481108885258436,0.0011906555155292153,11.842216365039349
3500.0,200,4,2.910750150680542,-99.28286099520534,-70.48450608107416,0.490234375,1.5630003213882446,68.63504323757414,0.0,0.7291666666666667,8.21557903289795,0.0017206668853759766,0.00027385263820178807,51.48754641413689
3500.0,200,5,-30.0,-220.0,-72.06022919999634,0.0,0.0014419741928577423,100.0,,1.0,0.0,0.0,0.0,1000000000000.0
3500.0,200,6,6.167964935302734,-93.92686058042969,-68.7940354447219,0.490234375,2.361222982406616,79.23811606727878,0.0,0.33499999999999996,57.42999267578125,0.012028109282255173,0.0019143330864608288,7.36548937857151
3500.0,200,7,14.9025297164917,-92.70886324068746,-68.02437730765075,3.029296875,4.996432304382324,39.37080119462377,0.0,0.31499999999999995,10.744236946105957,0.002250267658382654,0.0003581412311177701,39.36994448304176
3500.0,200,8,17.989248275756836,-88.19799678374848,-67.99180792769259,3.029296875,5.998640537261963,49.500276667974816,0.0,0.31499999999999995,-1.4945437908172607,-0.0003130165277980268,-4.981812526239082e-05,283.0295264720917
3500.0,201,0,14.163393020629883,-89.72746822379825,-74.20084426749148,3.609375,4.759256839752197,24.160953662926687,0.0,0.10447761194029848,-58.4980354309082,-0.012251799926161766,-0.001949934521690011,7.231011986732483
3500.0,201,1,17.98549461364746,-89.45715622960861,-68.95464204661104,3.90234375,5.9974141120910645,34.932894793229394,0.0,0.1094527363184079,-58.402381896972656,-0.012231766246259212,-0.001946746138855815,7.242855615913868
3500.0,201,2,30.0,-76.75957931620692,-58.31502127078142,5.5546875,9.967226028442383,44.270477220550674,0.0,0.20398009950248752,-54.272579193115234,-0.011366822756826878,-0.0018090859521180391,7.793991360813379
3500.0,201,3,21.95153045654297,-88.25751965162726,-63.06890935738621,1.328125,7.301316738128662,81.80978791038724,0.0,0.14925373134328357,34.822044372558594,0.007293112576007843,0.001160734798759222,12.147477827966213
3500.0,201,4,2.8304219245910645,-98.30380138203603,-70.47748561673151,0.490234375,1.5454027652740479,68.27788936219056,0.0,0.7253886010362695,7.860771179199219,0.0016463561914861202,0.0002620257146190852,53.81151661276817
3500.0,201,5,-30.0,-220.0,-72.04571104519269,0.0,0.0014419741928577423,100.0,,1.0,0.0,0.0,0.0,1000000000000.0
3500.0,201,6,8.185698509216309,-93.87348571885613,-68.73583303988275,0.490234375,2.923189878463745,83.22947207050272,0.0,0.33333333333333337,56.83182907104492,0.011902831494808197,0.0018943942850455642,7.443012204021215
3500.0,201,7,14.175426483154297,-92.5757059439379,-68.01119304746766,2.16015625,4.763107776641846,54.64817612162065,0.0,0.31343283582089554,12.852275848388672,0.0026917741633951664,0.0004284091992303729,32.91245922446251
3500.0,201,8,11.3493070602417,-88.15816857431247,-67.99561855186151,1.6953125,3.872203826904297,56.21840750683447,0.0,0.31343283582089554,-3.3056304454803467,-0.0006923296023160219,-0.00011018768418580294,127.96348333358765
3500.0,202,0,14.014758110046387,-89.74853651509571,-74.22997406032238,3.609375,4.71173620223999,23.39607216796051,0.0,0.10396039603960394,-58.5084342956543,-0.012253978289663792,-0.0019502812065184116,7.229727227240801
3500.0,202,1,17.8786678314209,-89.4895691327003,-69.01105381210951,4.5234375,5.962488651275635,24.135075728282672,0.0,0.1089108910891089,-58.41873550415039,-0.012235191650688648,-0.0019472911953926086,7.240827661007643
3500.0,202,2,30.0,-76.63252449419923,-58.51397311505479,5.5546875,9.967226028442383,44.270477220550674,0.0,0.20297029702970293,-54.68244171142578,-0.01145266368985176,-0.0018227481050416827,7.7355727553367615
3500.0,202,3,17.571393966674805,-88.20539579565644,-62.993210132709216,3.029296875,5.862109661102295,48.32411793486683,0.0,0.14851485148514854,34.587257385253906,0.007243938744068146,0.0011529085459187627,12.229938060045242
3500.0,202,4,4.538211345672607,-98.97298104189275,-70.4707379338793,0.490234375,1.9423418045043945,74.76065366748941,0.0,0.7216494845360825,7.642102241516113,0.0016005581710487604,0.0002547367475926876,55.35126104950905
3500.0,202,5,-30.0,-220.0,-72.03132985948213,0.0,0.0014419741928577423,100.0,,1.0,0.0,0.0,0.0,1000000000000.0
3500.0,202,6,9.959689140319824,-93.81974890554685,-68.67720069020368,0.490234375,3.447263240814209,85.77902699173588,0.0,0.33168316831683164,57.56529998779297,0.012056448496878147,0.0019188433652743697,7.348177023231983
3500.0,202,7,5.645413398742676,-92.45311790851646,-67.9985014218685,1.9140625,2.2230968475341797,13.901074434834237,0.0,0.31188118811881194,8.631036758422852,0.001807680237106979,0.0002877012302633375,49.00917783379555
3500.0,202,8,30.0,-88.11711489522764,-67.99996314358987,0.6015625,9.967226028442383,93.96459457944079,0.0,0.31188118811881194,-5.583576202392578,-0.0011694214772433043,-0.00018611921404954046,75.75789839029312
3500.0,203,0,11.83371639251709,-91.31672725277257,-74.25899589574485,3.609375,4.022685527801514,10.27449262302631,0.0,0.10344827586206895,-58.50669860839844,-0.012253614142537117,-0.0019502233481034636,7.229941431432962
3500.0,203,1,18.136066436767578,-89.5218714585168,-69.06706922184621,4.5234375,6.046663761138916,25.191185111507007,0.0,0.10837438423645318,-58.420799255371094,-0.01223562378436327,-0.0019473599968478084,7.240572012960911
3500.0,203,2,30.0,-76.51446382272599,-58.70904449259945,5.5546875,9.967226028442383,44.270477220550674,0.0,0.20197044334975367,-54.844398498535156,-0.011486584320664406,-0.0018281466327607632,7.712729275226593
3500.0,203,3,20.277484893798828,-88.1138027429877,-62.91797722781767,1.9140625,6.749505043029785,71.64143907149676,0.0,0.14778325123152714,33.51479721069336,0.007019322831183672,0.0011171599617227912,12.621290981769562
3500.0,203,4,5.760763168334961,-98.0654234482727,-70.46426299803838,0.490234375,2.253293514251709,78.24365215186798,0.0,0.717948717948718,7.166265487670898,0.0015008992049843073,0.00023887552379164845,59.0265616774559
3500.0,203,5,-30.0,-220.0,-72.01708679261925,0.0,0.0014419741928577423,100.0,,1.0,0.0,0.0,0.0,1000000000000.0
3500.0,203,6,11.703210830688477,-93.76562120079728,-68.61813183450772,0.6015625,3.982037305831909,84.8930973318864,0.0,0.3300492610837439,56.50056838989258,0.011833451688289642,0.0018833522917702794,7.486650254577398
3500.0,203,7,5.035833358764648,-92.23557606192495,-67.98630461434217,0.490234375,2.0664258003234863,76.27621688989478,0.0,0.31034482758620685,10.13139533996582,0.002121914643794298,0.0003377131943125278,41.75140708684921
3500.0,203,8,26.266077041625977,-88.07483348241875,-68.00483643443937,5.115234375,8.728806495666504,41.398238378413986,0.0,0.31034482758620685,-6.384383201599121,-0.0013371421955525875,-0.0002128127816831693,66.25542044639587
3500.0,204,0,11.488053321838379,-91.33975760646968,-74.28791023821492,3.029296875,3.9151933193206787,22.62714435961466,0.0,0.1029411764705882,-58.500274658203125,-0.012252269312739372,-0.001950009143911302,7.230735383927822
3500.0,204,1,17.693023681640625,-89.55406434382068,-69.12269245246921,4.5234375,5.901828765869141,23.35532460447707,0.0,0.10784313725490191,-58.41230773925781,-0.012233845889568329,-0.001947076991200447,7.241624873131514
3500.0,204,2,30.0,-76.41819605490386,-58.90030685527491,5.5546875,9.967226028442383,44.270477220550674,0.0,0.2009803921568627,-54.997772216796875,-0.011518705636262894,-0.0018332591280341148,7.691220846027136
3500.0,204,3,18.686635971069336,-88.0400624809927,-62.84326085221042,2.56640625,6.226957321166992,58.78554938418896,0.0,0.1470588235294118,32.63733673095703,0.006835548207163811,0.001087911194190383,12.960616499185562
3500.0,204,4,1.0401103496551514,-98.21406516160752,-70.45806130291919,0.490234375,1.1830774545669556,58.562782757157564,0.0,0.7142857142857143,6.846436977386475,0.0014339144108816981,0.00022821457241661847,61.783961951732635
3500.0,204,5,-30.0,-220.0,-72.00298295829089,0.0,0.0014419741928577423,100.0,,1.0,0.0,0.0,0.0,1000000000000.0
3500.0,204,6,11.39343547821045,-93.71106942687477,-68.55861859250311,1.02734375,3.885866403579712,73.56204142649894,0.0,0.32843137254901966,57.23041534423828,0.01198630966246128,0.0019076805328950286,7.391174789518118
3500.0,204,7,13.137524604797363,-92.09773338855649,-67.97460573116517,0.490234375,4.432596206665039,88.94024287024244,0.0,0.3088235294117647,11.474432945251465,0.0024031996726989746,0.00038248111377470195,36.864567548036575
3500.0,204,8,23.344844818115234,-88.03132004897948,-68.01023479158968,3.90234375,7.761653423309326,49.72277764579493,0.0,0.3088235294117647,-7.305204391479492,-0.001529998378828168,-0.00024350681633222848,57.90392681956291
3500.0,205,0,12.05758285522461,-91.36272669050896,-74.31671787725327,3.029296875,4.092585563659668,25.980854208674252,0.0,0.10243902439024388,-58.51056671142578,-0.012254425324499607,-0.001950352219864726,7.229463662952185
3500.0,205,1,16.197540283203125,-89.58607299454839,-69.17792916600241,4.5234375,5.414924621582031,16.463518587661763,0.0,0.10731707317073169,-58.42930221557617,-0.012237404473125935,-0.001947643468156457,7.239518221467733
3500.0,205,2,30.0,-76.33386386638779,-59.087861655886456,5.5546875,9.967226028442383,44.270477220550674,0.0,0.19999999999999996,-55.35795974731445,-0.011594144627451897,-0.001845265389420092,7.641177624464035
3500.0,205,3,17.42488670349121,-87.9735075165624,-62.769123299670234,2.16015625,5.814291477203369,62.84747232797797,0.0,0.14634146341463417,32.085506439208984,0.006719972938299179,0.0010695168748497963,13.18352296948433
3500.0,205,4,5.053440093994141,-98.71798826819642,-70.45213466052013,0.490234375,2.07088041305542,76.32724845387388,0.0,0.7106598984771574,6.503944396972656,0.0013621828984469175,0.0002167981438105926,65.03745913505554
3500.0,205,5,-30.0,-220.0,-71.98902044978672,0.0,0.0014419741928577423,100.0,,1.0,0.0,0.0,0.0,1000000000000.0
3500.0,205,6,11.024819374084473,-93.62268728956016,-68.49865543187224,0.876953125,3.772033929824829,76.75118672538757,0.0,0.3268292682926829,58.03260040283203,0.012154319323599339,0.001934420084580779,7.289006840437651
3500.0,205,7,18.85411834716797,-91.86687261671179,-67.96341029971117,1.6953125,6.281865119934082,73.01259311314551,0.0,0.30731707317073176,10.985389709472656,0.0023007746785879135,0.000366179650882259,38.505688309669495
3500.0,205,8,11.273842811584473,-87.98670588649783,-68.01615684928362,3.029296875,3.8488612174987793,21.293683928447315,0.0,0.30731707317073176,-3.474515676498413,-0.0007277008844539523,-0.00011581718717934564,121.7435896396637
3500.0,206,0,11.362993240356445,-91.38564920264318,-74.34542093808408,3.029296875,3.8764402866363525,21.853642749426484,0.0,0.10194174757281549,-58.495059967041016,-0.012251176871359348,-0.0019498353358358145,7.231379859149456
3500.0,206,1,17.777870178222656,-89.61807885331834,-69.23278799875727,3.90234375,5.92954683303833,34.18816209938898,0.0,0.10679611650485432,-58.40734100341797,-0.012232805602252483,-0.0019469113321974874,7.242240477353334
3500.0,206,2,30.0,-76.26044840090708,-59.27183150234738,5.5546875,9.967226028442383,44.270477220550674,0.0,0.19902912621359226,-55.41513442993164,-0.011606119573116302,-0.0018471712246537209,7.633293978869915
3500.0,206,3,18.5481014251709,-87.9143105177103,-62.695632875158786,1.9140625,6.181560516357422,69.03593364596081,0.0,0.1456310679611651,30.729007720947266,0.006435868330299854,0.0010243002325296402,13.765495270490646
3500.0,206,4,3.8042151927948,-98.74831332961836,-70.44648543768784,0.490234375,1.7660280466079712,72.24084997168656,0.0,0.7070707070707071,6.16207218170166,0.0012905814219266176,0.00020540240802802145,68.64573806524277
3500.0,206,5,-30.0,-220.0,-71.97520140722833,0.0,0.0014419741928577423,100.0,,1.0,0.0,0.0,0.0,1000000000000.0
3500.0,206,6,11.449385643005371,-93.56772036402461,-68.4382358751396,0.876953125,3.903203010559082,77.5324746720159,0.0,0.3252427184466019,56.00206756591797,0.011729045771062374,0.00186673563439399,7.553292904049158
3500.0,206,7,17.08543586730957,-91.72772598215505,-67.95272483711676,3.322265625,5.703611373901367,41.75154288733537,0.0,0.3058252427184466,8.793598175048828,0.0018417270621284842,0.0002931199560407549,48.103176057338715
3500.0,206,8,30.0,-87.94667686635883,-68.02260277879313,0.6015625,9.967226028442383,93.96459457944079,0.0,0.3058252427184466,-6.342710494995117,-0.0013284141896292567,-0.00021142368495929986,66.69073551893234
3500.0,207,0,11.498727798461914,-91.40850031102323,-74.37401865334061,3.029296875,3.9185047149658203,22.692529539895588,0.0,0.10144927536231885,-58.497257232666016,-0.012251637876033783,-0.0019499085610732436,7.231108378618956
3500.0,207,1,18.012950897216797,-89.64997236706948,-69.2872699223366,4.5234375,6.006391525268555,24.689599721061306,0.0,0.106280193236715,-58.41189956665039,-0.012233760207891464,-0.0019470633706077933,7.241675164550543
3500.0,207,2,30.0,-76.19673821875296,-59.4522736358734,5.5546875,9.967226028442383,44.270477220550674,0.0,0.19806763285024154,-55.55934524536133,-0.011636322364211082,-0.0018519782461225986,7.613481022417545
3500.0,207,3,13.13145923614502,-87.85606454010329,-62.62284298913848,2.40625,4.4306745529174805,45.69111381887553,0.0,0.14492753623188404,33.35546112060547,0.00698595168069005,0.001111848745495081,12.681582011282444
3500.0,207,4,4.684660911560059,-98.79508801907798,-70.4411132437738,0.490234375,1.9784901142120361,75.22179304922919,0.0,0.7035175879396984,5.852385520935059,0.0012257207417860627,0.0001950795267475769,72.2782164812088
3500.0,207,5,-30.0,-220.0,-71.96152675037101,0.0,0.0014419741928577423,100.0,,1.0,0.0,0.0,0.0,1000000000000.0
3500.0,207,6,12.43237018585205,-93.51231340648053,-68.37735190001789,1.02734375,4.210078716278076,75.597991884859,0.0,0.32367149758454106,57.746456146240234,0.012094389647245407,0.0019248819444328547,7.325124926865101
3500.0,207,7,20.337570190429688,-91.58958593431149,-67.94255057587301,2.73046875,6.769280910491943,59.66382860891544,0.0,0.30434782608695654,8.996051788330078,0.0018841286655515432,0.00029986840672791004,47.02062904834747
3500.0,207,8,26.86724090576172,-87.9000221526821,-68.0295664822691,5.115234375,8.928068161010742,42.70614557650389,0.0,0.30434782608695654,-8.372333526611328,-0.0017534976359456778,-0.00027907779440283775,50.5235493183136
3500.0,208,0,11.440985679626465,-91.43130861876142,-74.40251318968959,3.029296875,3.900599479675293,22.33765884488671,0.0,0.10096153846153844,-58.503013610839844,-0.012252843007445335,-0.0019501005299389362,7.230396848171949
3500.0,208,1,17.76681900024414,-89.68177870050084,-69.34138387851709,4.5234375,5.925936698913574,23.667130956203096,0.0,0.10576923076923073,-58.4216423034668,-0.012235800735652447,-0.0019473880529403687,7.240467704832554
3500.0,208,2,30.0,-76.14213531561867,-59.6293202351494,5.5546875,9.967226028442383,44.270477220550674,0.0,0.19711538461538458,-55.7277717590332,-0.011671597138047218,-0.0018575923750177026,7.590470369905233
3500.0,208,3,19.577804565429688,-87.79202729318284,-62.550832641995285,1.17578125,6.519419193267822,81.96493866793912,0.0,0.14423076923076927,31.880477905273438,0.006677031517028809,0.0010626825969666243,13.268307782709599
3500.0,208,4,3.6548426151275635,-98.49514330276028,-70.43602104693844,0.490234375,1.7311745882034302,71.68197948719009,0.0,0.7,5.399885177612305,0.0011309493565931916,0.00017999617557507008,78.3350020647049
3500.0,208,5,-30.0,-220.0,-71.9479991567735,0.0,0.0014419741928577423,100.0,,1.0,0.0,0.0,0.0,1000000000000.0
3500.0,208,6,11.506888389587402,-93.48871118841865,-68.31599823845052,1.17578125,3.9210362434387207,70.01350722101849,0.0,0.3221153846153846,56.42243576049805,0.011817087419331074,0.0018807478481903672,7.497017737478018
3500.0,208,7,17.915332794189453,-91.45260520017041,-67.93289503300403,3.90234375,5.974473476409912,34.683051729858285,0.0,0.3028846153846154,5.558572292327881,0.0011641846504062414,0.00018528573855292052,76.09868049621582
3500.0,208,8,23.63846206665039,-87.85250717870946,-68.03704893914363,4.212890625,7.858756065368652,46.39239861935612,0.0,0.3028846153846154,-8.190567016601562,-0.0017154284287244081,-0.000273018900770694,51.64477601647377
3500.0,209,0,12.058430671691895,-91.45400831731835,-74.43090261739793,3.029296875,4.092851161956787,25.98565754949914,0.0,0.1004784688995215,-58.498844146728516,-0.012251969426870346,-0.0019499615300446749,7.230912335216999
3500.0,209,1,17.99980926513672,-89.71344129622753,-69.39512741370055,4.5234375,6.002094745635986,24.63568651113165,0.0,0.10526315789473684,-58.4168815612793,-0.012234803289175034,-0.0019472293788567185,7.241057697683573
3500.0,209,2,30.0,-76.07690945134216,-59.803000604219605,5.5546875,9.967226028442383,44.270477220550674,0.0,0.19617224880382778,-55.94292449951172,-0.011716658249497414,-0.001864764140918851,7.561278063803911
3500.0,209,3,12.466605186462402,-87.74541262415262,-62.479647386314824,2.56640625,4.220839023590088,39.19677496212327,0.0,0.1435406698564593,32.38599395751953,0.00678290706127882,0.001079533132724464,13.061202131211758
3500.0,209,4,3.953786849975586,-100.65936162017705,-70.43120660889252,0.490234375,1.8012827634811401,72.78415221980039,0.0,0.6965174129353233,5.331686973571777,0.0011166660115122795,0.00017772290448192507,79.3369933962822
3500.0,209,5,-30.0,-220.0,-71.93461854149947,0.0,0.0014419741928577423,100.0,,1.0,0.0,0.0,0.0,1000000000000.0
3500.0,209,6,11.6421480178833,-93.43200407969917,-68.25416451261319,1.02734375,3.963045120239258,74.0769100822658,0.0,0.32057416267942584,57.6176643371582,0.012067415751516819,0.001920588780194521,7.341498509049416
3500.0,209,7,23.54576873779297,-91.26553229732478,-67.9237557755563,3.029296875,7.828097820281982,61.30226084871689,0.0,0.3014354066985646,8.295513153076172,0.0017374083399772644,0.00027651709388010204,50.991419702768326
3500.0,209,8,11.883221626281738,-87.80402808865723,-68.04504017439262,3.322265625,4.038124084472656,17.727500307017962,0.0,0.3014354066985646,-6.700299263000488,-0.001403307425789535,-0.00022334330424200743,63.131511211395264
3500.0,210,0,11.517675399780273,-91.47671296811801,-74.4591918127131,3.322265625,3.9243834018707275,15.34299061054284,0.0,0.09999999999999998,-58.49201202392578,-0.012250538915395737,-0.0019497337052598596,7.231757044792175
3500.0,210,1,17.891643524169922,-89.74500429315144,-69.44851644691131,4.81640625,5.966730117797852,19.278965950992323,0.0,0.10476190476190472,-58.40776062011719,-0.012232893146574497,-0.0019469254184514284,7.242188323289156
3500.0,210,2,30.0,-76.03606545883251,-59.97350280525408,5.5546875,9.967226028442383,44.270477220550674,0.0,0.1952380952380952,-56.00904846191406,-0.011730508878827095,-0.001866968348622322,7.552351336926222
3500.0,210,3,30.0,-87.68336855905581,-62.40939281110928,1.02734375,9.967226028442383,89.69278165190214,0.0,0.1428571428571429,29.040061950683594,0.006082136183977127,0.0009680020739324391,14.566085301339626
3500.0,210,4,3.7470879554748535,-100.30455818563044,-70.42667582821932,0.490234375,1.7526562213897705,72.02906257273499,0.0,0.693069306930693,5.007925987243652,0.0010488575790077448,0.00016693086945451796,84.4661071896553
3500.0,210,5,-30.0,-220.0,-71.92138909287229,0.0,0.0014419741928577423,100.0,,1.0,0.0,0.0,0.0,1000000000000.0
3500.0,210,6,11.027297973632812,-93.3749056194807,-68.1918475149011,1.02734375,3.7727973461151123,72.76970757366901,0.0,0.319047619047619,56.24433135986328,0.01177978515625,0.001874811016023159,7.520758081227541
3500.0,210,7,21.799903869628906,-89.71414310188892,-67.91514573396088,4.81640625,7.251272201538086,33.57846573490401,0.0,0.30000000000000004,6.5594329833984375,0.0013738044071942568,0.00021864776499569416,64.4872859120369
3500.0,210,8,30.0,-87.75499096136787,-68.05354729962511,0.740234375,9.967226028442383,92.57331605716902,0.0,0.30000000000000004,-8.595806121826172,-0.0018003014847636223,-0.00028652686160057783,49.210045486688614
3500.0,211,0,11.243517875671387,-91.49932998577226,-74.48737839249569,3.029296875,3.8394885063171387,21.101551156726327,0.0,0.09952606635071093,-58.5076789855957,-0.012253819964826107,-0.0019502559443935752,7.229820359498262
3500.0,211,1,16.051170349121094,-88.99019165819212,-69.50154737445598,4.81640625,5.36746072769165,10.266576797640381,0.0,0.10426540284360186,-58.43416976928711,-0.012238424271345139,-0.0019478056346997619,7.23891519010067
3500.0,211,2,30.0,-76.00170326159622,-60.140849247932884,5.5546875,9.967226028442383,44.270477220550674,0.0,0.1943127962085308,-56.38175964355469,-0.011808568611741066,-0.001879391958937049,7.502426393330097
3500.0,211,3,18.166404724121094,-87.62237749190938,-62.34011761353701,0.0,6.056588649749756,100.0,1.0,0.14691943127962082,28.68425750732422,0.006007617339491844,0.0009561419137753546,14.746764674782753
3500.0,211,4,4.452952861785889,-100.04416999018994,-70.42242611015087,0.490234375,1.9214426279067993,74.48612995881867,0.0,0.6896551724137931,4.624451637268066,0.0009685429977253079,0.00015414839435834438,91.47030860185623
3500.0,211,5,-30.0,-220.0,-71.90831067259704,0.0,0.0014419741928577423,100.0,,1.0,0.0,0.0,0.0,1000000000000.0
3500.0,211,6,10.62368106842041,-93.31732863045227,-68.12903672988472,1.02734375,3.648961305618286,71.84558388113888,0.0,0.31753554502369663,55.86235809326172,0.01169978454709053,0.0018620786722749472,7.572183385491371
3500.0,211,7,11.994175910949707,-89.2573402429688,-67.90706162824304,0.0,4.072765350341797,100.0,1.0,0.3033175355450237,4.443710803985596,0.0009306886349804699,0.0001481236977269873,95.19071131944656
3500.0,211,8,26.464996337890625,-87.69953250582489,-68.06255933165357,5.33203125,8.794734954833984,39.37246230405984,0.0,0.2985781990521327,-9.463193893432617,-0.0019819666631519794,-0.0003154398000333458,44.699497520923615
3500.0,212,0,11.18181037902832,-91.52189801525265,-74.51546459351334,3.029296875,3.8204314708709717,20.707990757143747,0.0,0.09905660377358494,-58.505802154541016,-0.01225342694669962,-0.0019501934293657541,7.230052258819342
3500.0,212,1,8.08491039276123,-96.82976656552903,-69.55422877960365,0.0,2.89416766166687,100.0,1.0,0.10849056603773588,-58.446136474609375,-0.012240930460393429,-0.0019482045900076628,7.237432990223169
3500.0,212,2,29.63409996032715,-75.9564697814501,-60.30516161413552,5.5546875,9.845803260803223,43.583196283094864,0.0,0.19339622641509435,-56.041343688964844,-0.011737271212041378,-0.0018680448411032557,7.547998800873756
3500.0,212,3,21.98963165283203,-87.56251477533185,-62.27191016220278,2.16015625,7.313894271850586,70.46503313133852,0.0,0.14622641509433965,27.583343505859375,0.005777042359113693,0.0009194447775371373,15.335341915488243
3500.0,212,4,5.088782787322998,-99.88249230010356,-70.4184600789744,0.490234375,2.0798354148864746,76.42917456395179,0.0,0.6862745098039216,4.281649112701416,0.0008967465255409479,0.00014272163389250636,98.79371523857117
3500.0,212,5,-30.0,-220.0,-71.89538580587899,0.0,0.0014419741928577423,100.0,,1.0,0.0,0.0,0.0,1000000000000.0
3500.0,212,6,10.459747314453125,-93.25929490877316,-68.06572576902659,0.876953125,3.598921298980713,75.63288963144676,0.0,0.3160377358490566,57.12516784667969,0.011964267119765282,0.001904172240756452,7.404792588204145
3500.0,212,7,20.167966842651367,-89.06817234382181,-67.89951000669897,1.4765625,6.713467121124268,78.00596214504543,0.0,0.30188679245283023,7.272942066192627,0.001523241400718689,0.00024243140069302171,58.16078186035156
3500.0,212,8,23.32842254638672,-87.64907152868841,-68.07207635256736,4.212890625,7.756223678588867,45.68373992836583,0.0,0.2971698113207547,-9.865633010864258,-0.0020662532187998295,-0.0003288544248789549,42.87611320614815
3500.0,213,0,12.046401977539062,-91.54442830535871,-74.54345150208007,3.029296875,4.089089870452881,25.917576503044803,0.0,0.09859154929577463,-58.497283935546875,-0.01225164346396923,-0.0019499094923958182,7.2311051189899445
3500.0,213,1,9.677918434143066,-96.86016642760258,-69.60656619500412,1.6953125,3.362499237060547,49.58177294689827,0.0,0.107981220657277,-58.43516540527344,-0.012238632887601852,-0.0019478388130664825,7.238791789859533
3500.0,213,2,30.0,-75.93419085251136,-60.46653531440068,5.5546875,9.967226028442383,44.270477220550674,0.0,0.19248826291079812,-56.31423568725586,-0.01179442647844553,-0.001877141185104847,7.511422503739595
3500.0,213,3,16.676706314086914,-87.50384803063392,-62.20485368452039,3.029296875,5.570564270019531,45.61956871580303,0.0,0.14553990610328638,27.622615814208984,0.005785267800092697,0.0009207538678310812,15.31353872269392
3500.0,213,4,4.490871429443359,-99.91683152940745,-70.41477918646784,0.490234375,1.9307241439819336,74.60878207132488,0.0,0.6829268292682926,3.9711341857910156,0.0008317123865708709,0.0001323711476288736,106.5186858177185
3500.0,213,5,-30.0,-220.0,-71.88261650347408,0.0,0.0014419741928577423,100.0,,1.0,0.0,0.0,0.0,1000000000000.0
3500.0,213,6,10.84131908416748,-93.20082468559781,-68.00190747764663,0.876953125,3.715627431869507,76.39824925722534,0.0,0.3145539906103286,57.728553771972656,0.012090640142560005,0.0019242851994931698,7.327396422624588
3500.0,213,7,27.712440490722656,-88.83869898230981,-67.8924951039138,3.609375,9.208313941955566,60.80308487795239,0.0,0.3004694835680751,6.892301559448242,0.001443520188331604,0.00022974338207859546,61.372824013233185
3500.0,213,8,16.394481658935547,-87.60405133336437,-68.08209579138003,3.322265625,5.478847980499268,39.3619673912315,0.0,0.295774647887324,-10.318249702453613,-0.002161049284040928,-0.00034394164686091244,40.99532589316368
3500.0,214,0,12.042057991027832,-91.96344857233157,-74.57133679456967,3.322265625,4.08773136138916,18.725930564307603,0.0,0.09813084112149528,-58.500640869140625,-0.01225234568119049,-0.001950021367520094,7.230690214782953
3500.0,214,1,8.008030891418457,-96.8904160742324,-69.658556175285,2.16015625,2.8720901012420654,24.788005464528506,0.0,0.10747663551401865,-58.43961715698242,-0.012239565141499043,-0.0019479872426018119,7.238240446895361
3500.0,214,2,30.0,-75.9165683551167,-60.624997686092364,5.5546875,9.967226028442383,44.270477220550674,0.0,0.19158878504672894,-56.3772087097168,-0.01180761493742466,-0.0018792402697727084,7.503032218664885
3500.0,214,3,21.161800384521484,-87.44636660959658,-62.13900142821064,1.6953125,7.040796756744385,75.92158162531734,0.0,0.1448598130841121,25.814922332763672,0.005406664684414864,0.0008604974136687815,16.385871917009354
3500.0,214,4,5.3018293380737305,-99.70559813923131,-70.41138061643039,0.490234375,2.1341779232025146,77.0293577836115,0.0,0.6796116504854368,3.5960946083068848,0.0007531642913818359,0.00011986982281086966,117.62760579586029
3500.0,214,5,-30.0,-220.0,-71.87000256443764,0.0,0.0014419741928577423,100.0,,1.0,0.0,0.0,0.0,1000000000000.0
3500.0,214,6,8.992880821228027,-93.14182021083354,-67.93757055454128,1.02734375,3.1587045192718506,67.47578813618107,0.0,0.3130841121495327,55.8922119140625,0.011706038378179073,0.0018630737904459238,7.568138651549816
3500.0,214,7,25.99049186706543,-88.70276712240546,-67.88601292092261,5.5546875,8.637481689453125,35.690891168167674,0.0,0.2990654205607477,5.713465690612793,0.001196625642478466,0.00019044885993935168,74.03562217950821
3500.0,214,8,24.32393455505371,-87.55258058229087,-68.0926061573222,1.6953125,8.08555793762207,79.03283220429704,0.0,0.29439252336448596,-10.474250793457031,-0.002193721942603588,-0.00034914168645627797,40.38475081324577
3500.0,215,0,12.000231742858887,-91.98650304925019,-74.59912462574513,3.322265625,4.074657917022705,18.465164618591277,0.0,0.0976744186046512,-58.50499725341797,-0.012253258377313614,-0.001950166653841734,7.2301519103348255
3500.0,215,1,8.239808082580566,-96.92065358667278,-69.71021187870886,1.6953125,2.938807487487793,42.3129106885045,0.0,0.10697674418604652,-58.446861267089844,-0.012241082265973091,-0.001948228687979281,7.237343583256006
3500.0,215,2,30.0,-75.90374756037973,-60.780695575352354,5.5546875,9.967226028442383,44.270477220550674,0.0,0.19069767441860463,-56.628684997558594,-0.011860284954309464,-0.0018876228714361787,7.469712756574154
3500.0,215,3,21.792654037475586,-87.39020359727147,-62.074464326928,2.73046875,7.248879909515381,62.33254262612631,0.0,0.14418604651162792,25.969226837158203,0.005438982043415308,0.0008656408754177392,16.288509592413902
3500.0,215,4,5.190921783447266,-99.61892603148264,-70.40826892542827,0.490234375,2.10581111907959,76.71992656139682,0.0,0.6763285024154589,3.2466163635253906,0.0006799697875976562,0.00010822054900927469,130.2894949913025
3500.0,215,5,-30.0,-220.0,-71.85754751190612,0.0,0.0014419741928577423,100.0,,1.0,0.0,0.0,0.0,1000000000000.0
3500.0,215,6,7.766500949859619,-93.08235830154808,-67.87270957271727,0.740234375,2.803081750869751,73.5921232133056,0.0,0.31162790697674414,55.42853546142578,0.011608925648033619,0.0018476179102435708,7.631448563188314
3500.0,215,7,20.73552131652832,-88.52806916311303,-67.88007342012642,5.33203125,6.900319576263428,22.72776367718127,0.0,0.29767441860465116,5.105023384094238,0.001069193589501083,0.0001701674482319504,82.85956084728241
3500.0,215,8,26.325231552124023,-87.50544014126235,-68.10361152630514,3.609375,8.748411178588867,58.74250848161211,0.0,0.2930232558139535,-10.931108474731445,-0.0022894060239195824,-0.00036437029484659433,38.69690001010895
3500.0,216,0,12.250666618347168,-91.61153932720879,-74.6268132597352,3.322265625,4.153044700622559,20.004096644999304,0.0,0.09722222222222221,-58.495582580566406,-0.012251285836100578,-0.0019498527981340885,7.231315597891808
3500.0,216,1,9.088153839111328,-96.95072136178082,-69.76153156648095,1.9140625,3.1868436336517334,39.93861262007643,0.0,0.10648148148148151,-58.43526840209961,-0.012238654308021069,-0.0019478423055261374,7.238779217004776
3500.0,216,2,30.0,-75.8949638626926,-60.933669718565476,5.5546875,9.967226028442383,44.270477220550674,0.0,0.18981481481481477,-56.54010009765625,-0.011841731145977974,-0.0018846699967980385,7.481415756046772
3500.0,216,3,15.388423919677734,-87.33535963706302,-62.011308204380555,3.029296875,5.153050899505615,41.21352701385831,0.0,0.1435185185185185,25.305557250976562,0.00529998354613781,0.0008435185882262886,16.715696081519127
3500.0,216,4,7.152520656585693,-98.91907405154343,-70.40544233273704,0.490234375,2.6301753520965576,81.36115241863149,0.0,0.6730769230769231,2.780456066131592,0.0005823373794555664,9.268186840927228e-05,152.13331580162048
3500.0,216,5,-30.0,-220.0,-71.84525185877663,0.0,0.0014419741928577423,100.0,,1.0,0.0,0.0,0.0,1000000000000.0
3500.0,216,6,6.502468585968018,-92.97030501752732,-67.80731460859667,0.6015625,2.451375961303711,75.46021053090233,0.0,0.31018518518518523,56.278533935546875,0.011786948889493942,0.001875951187685132,7.5161876156926155
3500.0,216,7,18.262760162353516,-90.16436033182202,-67.87467437780025,3.90234375,6.0881218910217285,35.90233868748815,0.0,0.2962962962962963,3.5760955810546875,0.0007489757263101637,0.00011920318502234295,118.28543245792389
3500.0,216,8,22.496564865112305,-87.45333532838144,-68.11510230540878,4.5234375,7.481293201446533,39.536690005340546,0.0,0.29166666666666663,-11.981658935546875,-0.0025094328448176384,-0.0003993886348325759,35.30396148562431
3500.0,217,0,11.620596885681152,-91.63386298332216,-74.65440464049576,0.0,3.956346035003662,100.0,1.0,0.10138248847926268,-58.48939514160156,-0.012249990366399288,-0.0019496465101838112,7.232080213725567
3500.0,217,1,8.069395065307617,-96.98081831333576,-69.81252245035094,2.16015625,2.889707565307617,25.24654480841747,0.0,0.10599078341013823,-58.42750930786133,-0.012237029150128365,-0.001947583630681038,7.239740341901779
3500.0,217,2,29.932430267333984,-75.89001366311662,-61.08401804373678,5.5546875,9.944803237915039,44.144822505663186,0.0,0.18894009216589858,-56.74107360839844,-0.011883823201060295,-0.0018913691164925694,7.454917300492525
3500.0,217,3,20.264053344726562,-87.28193045049187,-61.949626846922165,1.4765625,6.745085716247559,78.10906247724536,0.0,0.1428571428571429,24.374237060546875,0.005104928743094206,0.0008124745800159872,17.354389652609825
3500.0,217,4,4.94756555557251,-99.67965933199069,-70.4029025563253,0.490234375,2.044158935546875,76.01779556006748,0.0,0.6698564593301435,2.6016292572021484,0.0005448840092867613,8.672097465023398e-05,162.59042918682098
3500.0,217,5,-30.0,-220.0,-71.8331176833983,0.0,0.0014419741928577423,100.0,,1.0,0.0,0.0,0.0,1000000000000.0
3500.0,217,6,6.142172813415527,-92.96189219043174,-67.74137724457893,0.490234375,2.3543264865875244,79.17729856955525,0.0,0.3087557603686636,55.72932434082031,0.011671923100948334,0.0018576441798359156,7.590258959680796
3500.0,217,7,20.38068962097168,-90.49894887180147,-67.86982014628668,3.029296875,6.783474445343018,55.342989799575804,0.0,0.2949308755760369,3.5629525184631348,0.0007462230860255659,0.00011876508506247774,118.72176080942154
3500.0,217,8,20.555395126342773,-87.40097190589033,-68.12707660051032,3.322265625,6.840993881225586,51.43592169965798,0.0,0.29032258064516125,-12.248397827148438,-0.002565298695117235,-0.00040827994234859943,34.53512862324715
3500.0,218,0,11.274308204650879,-91.65607418104176,-74.68189908167315,3.029296875,3.8490047454833984,21.2966188582979,0.0,0.1009174311926605,-58.50135803222656,-0.012252496555447578,-0.0019500452326610684,7.230601739138365
3500.0,218,1,7.948443412780762,-97.0107041753373,-69.86318792329571,1.9140625,2.855015754699707,32.95790060530427,0.0,0.10550458715596334,-58.44499588012695,-0.012240692041814327,-0.0019481665221974254,7.237574551254511
3500.0,218,2,30.0,-75.90621805361123,-61.23181395567338,5.5546875,9.967226028442383,44.270477220550674,0.0,0.18807339449541283,-56.911258697509766,-0.011919466778635979,-0.001897042035125196,7.432624232023954
3500.0,218,3,21.11829948425293,-87.22993560854606,-61.889507402320085,2.73046875,7.026456356048584,61.14017348660352,0.0,0.14220183486238536,22.506032943725586,0.004713652655482292,0.000750201113987714,18.794961273670197
3500.0,218,4,4.814487457275391,-99.59520345884344,-70.4006500940917,0.490234375,2.0107953548431396,75.6198772878982,0.0,0.6666666666666667,2.1870059967041016,0.0004580454551614821,7.290019857464358e-05,193.415105342865
3500.0,218,5,-30.0,-220.0,-71.8211466974021,0.0,0.0014419741928577423,100.0,,1.0,0.0,0.0,0.0,1000000000000.0
3500.0,218,6,6.776704788208008,-92.90095580954389,-67.67488920628757,0.490234375,2.526243209838867,80.59433180896035,0.0,0.30733944954128445,55.881011962890625,0.011703692376613617,0.0018627004465088248,7.569655310362577
3500.0,218,7,20.70306968688965,-90.43639741534123,-67.8655126464275,3.90234375,6.889630317687988,43.35917066578483,0.0,0.29357798165137616,3.039201259613037,0.0006365288281813264,0.00010130670852959156,139.18130099773407
3500.0,218,8,26.779577255249023,-87.34165029174912,-68.13952956423697,2.73046875,8.899007797241211,69.31715521311854,0.0,0.28899082568807344,-13.024323463439941,-0.002727807965129614,-0.0004341441090218723,32.47769549489021
3500.0,219,0,12.132847785949707,-91.67819859211863,-74.70929827489249,3.029296875,4.1161346435546875,26.4043298548683,0.0,0.1004566210045662,-58.492103576660156,-0.012250557541847229,-0.0019497368484735489,7.231745403259993
3500.0,219,1,9.393814086914062,-97.04051793964877,-69.9135344545729,1.9140625,3.2775745391845703,41.60125186729694,0.0,0.10502283105022836,-58.43309783935547,-0.012238199822604656,-0.001947769895195961,7.239047903567553
3500.0,219,2,30.0,-75.93396303385703,-61.37714546742509,5.5546875,9.967226028442383,44.270477220550674,0.0,0.18721461187214616,-56.7396240234375,-0.01188351958990097,-0.0018913208041340113,7.455107755959034
3500.0,219,3,13.307023048400879,-87.17948686567438,-61.83104613233174,3.029296875,4.4863433837890625,32.477373757299745,0.0,0.14155251141552516,22.967714309692383,0.004810347221791744,0.000765590462833643,18.417157232761383
3500.0,219,4,5.029526233673096,-99.51209187884466,-70.39868644622555,0.490234375,2.064831256866455,76.25789645668337,0.0,0.6635071090047393,1.9359965324401855,0.00040547415846958756,6.453321839217097e-05,218.49213540554047
3500.0,219,5,-30.0,-220.0,-71.80934096389947,0.0,0.0014419741928577423,100.0,,1.0,0.0,0.0,0.0,1000000000000.0
3500.0,219,6,7.198161602020264,-92.94383671984829,-67.6078418976024,0.490234375,2.6428987979888916,81.45088357628212,0.0,0.30593607305936077,56.50395202636719,0.0118341613560915,0.0018834650982171297,7.486202288419008
3500.0,219,7,21.40067481994629,-90.25684158069024,-67.8617556120492,3.90234375,7.119563102722168,45.18843791822089,0.0,0.2922374429223744,2.5452544689178467,0.000533076876308769,8.484181307721883e-05,166.19163751602173
3500.0,219,8,26.015209197998047,-87.27900470090759,-68.1524586977834,4.5234375,8.645671844482422,47.679745641898144,0.0,0.28767123287671237,-13.338085174560547,-0.002793522085994482,-0.00044460283243097365,31.71369805932045
3500.0,220,0,12.214131355285645,-91.70031008076535,-74.73660226944256,3.322265625,4.141592979431152,19.782903788476258,0.0,0.09999999999999998,-58.48982238769531,-0.012250080704689026,-0.001949660712853074,7.232027594000101
3500.0,220,1,9.251668930053711,-97.07030129684789,-69.96356442176977,2.40625,3.2352960109710693,25.625043524911728,0.0,0.1045454545454545,-58.43040466308594,-0.01223763544112444,-0.0019476801389828324,7.239381782710552
3500.0,220,2,30.0,-75.96058701547142,-61.520072976159966,5.5546875,9.967226028442383,44.270477220550674,0.0,0.1863636363636364,-57.040977478027344,-0.011946635320782661,-0.001901365933008492,7.415721658617258
3500.0,220,3,15.712444305419922,-87.13061577537418,-61.77432576437865,1.17578125,5.25777006149292,77.63726377820824,0.0,0.14090909090909087,22.612689971923828,0.004735990893095732,0.0007537563215009868,18.7063105404377
3500.0,220,4,4.84412145614624,-99.43016683621718,-70.39701125215625,0.490234375,2.018202781677246,75.70935985963779,0.0,0.6603773584905661,1.5568174123764038,0.000326059089275077,5.1893915951950476e-05,271.7081606388092
3500.0,220,5,-30.0,-220.0,-71.79770166620133,0.0,0.0014419741928577423,100.0,,1.0,0.0,0.0,0.0,1000000000000.0
3500.0,220,6,6.904365539550781,-92.81092314109515,-67.54022516229574,0.6015625,2.5613787174224854,76.51411343788503,0.0,0.30454545454545456,57.92804718017578,0.012132422998547554,0.0019309349590912461,7.302162237465382
3500.0,220,7,21.5466365814209,-90.1332519063139,-67.85854911094094,4.212890625,7.167706489562988,41.22400755200485,0.0,0.2909090909090909,2.085988998413086,0.0004368885129224509,6.953296542633325e-05,202.78151333332062
3500.0,220,8,16.615249633789062,-87.23592658652055,-68.16585754991597,4.5234375,5.550580978393555,18.505152566764814,0.0,0.2863636363636364,-12.69256591796875,-0.002658324781805277,-0.0004230855265632272,33.32659602165222
3500.0,221,0,11.44802474975586,-91.72238154833954,-74.76380950058257,0.0,3.9027810096740723,100.0,1.0,0.10407239819004521,-58.5006217956543,-0.012252341955900192,-0.0019500207854434848,7.23069254308939
3500.0,221,1,7.915765762329102,-97.09993918364918,-70.01327626918308,2.40625,2.845665454864502,15.441571113475284,0.0,0.10407239819004521,-58.4460334777832,-0.012240909039974213,-0.001948201097548008,7.237446028739214
3500.0,221,2,29.89055824279785,-75.97474951520616,-61.66063284060487,5.5546875,9.930907249450684,44.06666621212024,0.0,0.18552036199095023,-57.18482971191406,-0.011976762674748898,-0.0019061609636992216,7.397066801786423
3500.0,221,3,20.624652862548828,-87.08333185482225,-61.719413315579935,1.6953125,6.8638014793396,75.30067696300688,0.0,0.14027149321266963,20.458343505859375,0.004284785594791174,0.0006819447735324502,20.676162093877792
3500.0,221,4,4.619927406311035,-99.34939341388002,-70.3956221998842,0.490234375,1.9624733924865723,75.01956577465525,0.0,0.6572769953051643,1.1096470355987549,0.00023240393784362823,3.698823638842441e-05,381.2023103237152
3500.0,221,5,-30.0,-220.0,-71.7862290336391,0.0,0.0014419741928577423,100.0,,1.0,0.0,0.0,0.0,1000000000000.0
3500.0,221,6,7.276700973510742,-92.73427885044214,-67.47202697582622,0.490234375,2.6648435592651367,81.60363398085597,0.0,0.30316742081447967,55.70655822753906,0.011667154729366302,0.0018568852683529258,7.59336119517684
3500.0,221,7,17.36585235595703,-90.80172916700853,-67.85588936272457,4.212890625,5.795031547546387,27.30167919821359,0.0,0.28959276018099545,1.6148254871368408,0.00033820827957242727,5.382751623983495e-05,261.9478106498718
3500.0,221,8,24.555660247802734,-87.13307294301076,-68.17971563488751,1.9140625,8.162259101867676,76.54984390826276,0.0,0.2850678733031674,-14.49488639831543,-0.003035802161321044,-0.00048316287575289607,29.182706028223038
3500.0,222,0,11.497295379638672,-91.74432399516485,-74.79092381251172,2.73046875,3.918060302734375,30.310701239222038,0.0,0.10360360360360366,-58.50554656982422,-0.012253372929990292,-0.0019501849310472608,7.230083923786879
3500.0,222,1,9.412086486816406,-97.12946561131284,-70.06268179467733,1.9140625,3.283019542694092,41.698108247345566,0.0,0.10360360360360366,-58.453792572021484,-0.012242534197866917,-0.0019484597723931074,7.236485369503498
3500.0,222,2,30.0,-75.99194959177753,-61.79894120050596,5.5546875,9.967226028442383,44.270477220550674,0.0,0.18468468468468469,-57.34606170654297,-0.01201053149998188,-0.0019115353934466839,7.3762694373726845
3500.0,222,3,23.41734504699707,-87.03775719241223,-61.666432558959656,3.029296875,7.7856268882751465,61.091163004972614,0.0,0.13963963963963966,19.371131896972656,0.004057080484926701,0.0006457043928094208,21.836617961525917
3500.0,222,4,-8.277099609375,-112.0020074218586,-70.39452364575561,0.0,0.1999930739402771,100.0,1.0,0.6588785046728972,0.317970871925354,6.65956613374874e-05,1.0599029337754473e-05,1330.310583114624
3500.0,222,5,-30.0,-220.0,-71.77492677875318,0.0,0.0014419741928577423,100.0,,1.0,0.0,0.0,0.0,1000000000000.0
3500.0,222,6,7.52872896194458,-92.66521863420904,-67.40324162446485,0.6015625,2.7356817722320557,78.01050889375988,0.0,0.30180180180180183,56.64167022705078,0.01186300441622734,0.0018880557036027312,7.468000054359436
3500.0,222,7,-3.4182019233703613,-107.40799147403592,-67.8537852458524,0.0,0.5411940813064575,100.0,1.0,0.2927927927927928,1.7758492231369019,0.0003719329833984375,5.9194975619902834e-05,238.19589614868164
3500.0,222,8,27.358034133911133,-86.90405743254104,-68.19403612064761,3.90234375,9.090790748596191,57.07365994973976,0.0,0.28378378378378377,-14.535562515258789,-0.0030443212017416954,-0.0004845187650062144,29.101042076945305
3500.0,223,0,11.554137229919434,-91.76625538546335,-74.81794440765135,2.73046875,3.9357011318206787,30.623066677401166,0.0,0.10313901345291476,-58.493629455566406,-0.012250877916812897,-0.0019497877219691873,7.231556810438633
3500.0,223,1,9.141558647155762,-97.15894936098877,-70.11178116452018,2.40625,3.2026467323303223,24.866830434053057,0.0,0.10313901345291476,-58.437957763671875,-0.012239217758178711,-0.001947931945323944,7.238446269184351
3500.0,223,2,30.0,-76.01173149839164,-61.935040254521404,5.5546875,9.967226028442383,44.270477220550674,0.0,0.18385650224215244,-57.273826599121094,-0.011995402164757252,-0.0019091275753453374,7.385572884231806
3500.0,223,3,23.93413543701172,-86.99393047038365,-61.61545754472573,3.90234375,7.956568241119385,50.95443623756325,0.0,0.13901345291479816,18.63216781616211,0.0039023123681545258,0.0006210722494870424,22.702673450112343
3500.0,223,4,-4.479293346405029,-108.4494639147872,-70.39371399783855,0.490234375,0.4398987591266632,0.0,0.0,0.655813953488372,0.4454628825187683,9.329753083875403e-05,1.4848762475594413e-05,949.5740532875061
3500.0,223,5,-30.0,-220.0,-71.76379550897701,0.0,0.0014419741928577423,100.0,,1.0,0.0,0.0,0.0,1000000000000.0
3500.0,223,6,6.857154369354248,-92.59823420055983,-67.33385720876204,0.6015625,2.5483641624450684,76.39417046962309,0.0,0.3004484304932735,57.44597625732422,0.01203145831823349,0.0019148659193888307,7.363440003246069
3500.0,223,7,-3.2927839756011963,-106.92384528560446,-67.85223413920282,0.0,0.5543559193611145,100.0,1.0,0.2959641255605381,1.2806603908538818,0.0002682209014892578,4.26886799687054e-05,330.2983343601227
3500.0,223,8,21.3288631439209,-86.86973154571304,-68.20881005686127,4.81640625,7.095880031585693,32.12390530052841,0.0,0.2825112107623319,-14.600635528564453,-0.0030579501762986183,-0.0004866878443863243,28.971342369914055
3500.0,224,0,12.607407569885254,-92.19118654146173,-74.84487291111657,3.029296875,4.265142440795898,28.975481662114966,0.0,0.1026785714285714,-58.49230194091797,-0.012250600382685661,-0.0019497433677315712,7.231721188873053
3500.0,224,1,9.48201847076416,-97.18835663596613,-70.16058035975163,2.40625,3.3038806915283203,27.168980218625606,0.0,0.1026785714285714,-58.435890197753906,-0.012238784693181515,-0.0019478630274534225,7.23870238289237
3500.0,224,2,30.0,-76.03400702110021,-62.069004249174064,5.5546875,9.967226028442383,44.270477220550674,0.0,0.1830357142857143,-57.24598693847656,-0.011989573016762733,-0.001908199628815055,7.38916452974081
3500.0,224,3,23.843852996826172,-86.95192232665653,-61.56658565900721,3.90234375,7.926697254180908,50.76961280510969,0.0,0.1383928571428571,17.72101402282715,0.0037114806473255157,0.0005907004815526307,23.869967088103294
3500.0,224,4,-4.373832702636719,-108.37470381465528,-70.39319444116467,0.490234375,0.4491887092590332,0.0,0.0,0.6527777777777778,0.09407033771276474,1.9702045392477885e-05,3.1356780709757004e-06,4496.635437011719
3500.0,224,5,-30.0,-220.0,-71.7528372337163,0.0,0.0014419741928577423,100.0,,1.0,0.0,0.0,0.0,1000000000000.0
3500.0,224,6,6.207674026489258,-92.53185053992851,-67.26386396411061,0.6015625,2.3718559741973877,74.63747771600833,0.0,0.2991071428571429,55.767974853515625,0.011680018156766891,0.0018589325482025743,7.58499838411808
3500.0,224,7,-6.470828056335449,-110.50621427160226,-67.85123862830208,0.0,0.2932302951812744,100.0,1.0,0.2991071428571429,0.13054975867271423,2.734227746259421e-05,4.351658844825579e-06,3240.1440143585205
3500.0,224,8,22.359947204589844,-86.81781259075609,-68.22403426456083,3.029296875,7.4361677169799805,59.2626606836367,0.0,0.28125,-14.5097017288208,-0.003038905095309019,-0.0004836567386519164,29.15290929377079
3500.0,225,0,12.798097610473633,-92.21366416088648,-74.87170962693816,3.322265625,4.32526159286499,23.189255639925822,0.0,0.10222222222222221,-58.49586486816406,-0.012251345440745354,-0.0019498622277751565,7.2312806732952595
3500.0,225,1,7.952115058898926,-97.21768897097823,-70.20908239865219,2.5703125,2.856066942214966,10.005173127817324,0.0,0.10222222222222221,-58.4412727355957,-0.0122399115934968,-0.0019480424234643579,7.2380355559289455
3500.0,225,2,10.833049774169922,-95.19769525605257,-62.20089097685149,0.0,3.7130892276763916,100.0,1.0,0.18666666666666665,-57.389991760253906,-0.012019732967019081,-0.001912999781779945,7.370623294264078
3500.0,225,3,25.35995864868164,-86.9117915391834,-61.51990595156069,3.90234375,8.4285888671875,53.701102147812364,0.0,0.13777777777777778,16.371252059936523,0.0034287869930267334,0.0005457084043882787,25.83797462284565
3500.0,225,4,-5.256837844848633,-108.30175424519686,-70.39296512848807,0.0,0.37636664509773254,100.0,1.0,0.6543778801843319,-0.2685506343841553,-5.6245113228214905e-05,-8.95168795977952e-06,1575.1219987869263
3500.0,225,5,-30.0,-220.0,-71.74205365633998,0.0,0.0014419741928577423,100.0,,1.0,0.0,0.0,0.0,1000000000000.0
3500.0,225,6,8.995033264160156,-92.46555510286629,-67.19325229166407,0.490234375,3.159339189529419,84.48300908542143,0.0,0.2977777777777778,56.163917541503906,0.011762944981455803,0.0018721305532380939,7.531526032835245
3500.0,225,7,-6.837754726409912,-109.4639136877091,-67.85079920885758,0.0,0.27157050371170044,100.0,1.0,0.30222222222222217,-0.37141740322113037,-7.778948202030733e-05,-1.2380580301396549e-05,1138.8803720474243
3500.0,225,8,26.32204246520996,-86.7615665106716,-68.23970315263776,3.322265625,8.747354507446289,62.019766980155175,0.0,0.28,-15.668566703796387,-0.003281617071479559,-0.0005222855834290385,26.996726170182228
3500.0,226,0,12.771260261535645,-92.23603651504527,-74.89845339534243,3.322265625,4.316791534423828,23.03854382341791,0.0,0.10176991150442483,-58.49155807495117,-0.012250443920493126,-0.001949718571268022,7.231812924146652
3500.0,226,1,7.954517841339111,-97.24690001582557,-70.25728641895589,2.16015625,2.856754779815674,24.384260586084338,0.0,0.10176991150442483,-58.435890197753906,-0.012238784693181515,-0.0019478630274534225,7.23870238289237
3500.0,226,2,13.500199317932129,-95.03133131138092,-62.33073290458956,2.5703125,4.547711372375488,43.4811866994672,0.0,0.18584070796460173,-56.96895217895508,-0.01193154975771904,-0.0018989650998264551,7.425097282975912
3500.0,226,3,25.960895538330078,-86.87354846268505,-61.475481805781094,4.5234375,8.62767505645752,47.570608878989226,0.0,0.13716814159292035,15.289361953735352,0.003202196676284075,0.0005096453824080527,27.66629494726658
3500.0,226,4,-4.347018241882324,-107.60348682709257,-70.39302355900656,0.0,0.4515773355960846,100.0,1.0,0.6559633027522935,-0.648428201675415,-0.00013580647646449506,-2.16142743738601e-05,652.3467302322388
3500.0,226,5,-30.0,-220.0,-71.7314448888117,0.0,0.0014419741928577423,100.0,,1.0,0.0,0.0,0.0,1000000000000.0
3500.0,226,6,10.242464065551758,-92.39895980303251,-67.12200816886816,0.876953125,3.532837390899658,75.17708776353619,0.0,0.29646017699115046,57.691246032714844,0.012082826346158981,0.0019230415346100926,7.332134991884232
3500.0,226,7,-5.313738822937012,-108.5542191888972,-67.85091117833355,0.0,0.3720480501651764,100.0,1.0,0.30530973451327437,-0.8511864542961121,-0.0001782720792107284,-2.8372882297844626e-05,496.95339798927307
3500.0,226,8,22.95786476135254,-86.71171006657116,-68.25580616298605,4.5234375,7.633720874786377,40.744001854448406,0.0,0.27876106194690264,-16.472637176513672,-0.0034500211477279663,-0.0005490878829732537,25.678949430584908
3500.0,227,0,12.730423927307129,-92.25838817020814,-74.92510750223252,3.322265625,4.303910732269287,22.808212538174633,0.0,0.10132158590308371,-58.49657440185547,-0.012251494452357292,-0.0019498858600854874,7.231192663311958
3500.0,227,1,7.905933856964111,-97.27599149580399,-70.30520227132385,2.16015625,2.8428542613983154,24.01452725411667,0.0,0.10132158590308371,-58.44344711303711,-0.012240367010235786,-0.001948114950209856,7.237766403704882
3500.0,227,2,9.414234161376953,-94.87316606710648,-62.45862003530355,0.0,3.2836594581604004,100.0,1.0,0.18942731277533043,-58.413692474365234,-0.012234135530889034,-0.0019471230916678905,7.241453044116497
3500.0,227,3,23.488147735595703,-86.83731118928867,-61.43342685725581,4.5234375,7.809041976928711,42.074360550702735,0.0,0.13656387665198233,14.763334274291992,0.003092025639489293,0.0004921111394651234,28.652064502239227
3500.0,227,4,-30.0,-220.0,-70.39337299080616,0.0,0.0014419741928577423,100.0,,0.6559633027522935,0.0,0.0,0.0,1000000000000.0
3500.0,227,5,-30.0,-220.0,-71.72101411664214,0.0,0.0014419741928577423,100.0,,1.0,0.0,0.0,0.0,1000000000000.0
3500.0,227,6,11.751544952392578,-92.31712788144978,-67.05012360359217,1.17578125,3.9970827102661133,70.58401501224576,0.0,0.2951541850220264,55.39314651489258,0.011601513251662254,0.0018464382737874985,7.6363240368664265
3500.0,227,7,-5.243095874786377,-106.45031022237552,-67.85158075694085,0.0,0.37741610407829285,100.0,1.0,0.3083700440528634,-1.3505146503448486,-0.00028285113512538373,-4.501715375226922e-05,313.21394443511963
3500.0,227,8,19.42644500732422,-86.69449481371517,-68.27234428793996,3.609375,6.469696044921875,44.2110575993283,0.0,0.27753303964757714,-15.37622356414795,-0.00322038889862597,-0.0005125408060848713,27.510005980730057
3500.0,228,0,12.854530334472656,-92.28070101198594,-74.95167084581607,3.322265625,4.34307861328125,23.50436359037059,0.0,0.10087719298245612,-58.50257873535156,-0.012252751737833023,-0.0019500859780237079,7.230450864881277
3500.0,228,1,8.016985893249512,-97.3050477650507,-70.35282945015008,2.16015625,2.874659299850464,24.855225448373353,0.0,0.10087719298245612,-58.45265579223633,-0.012242295779287815,-0.0019484219374135137,7.236625999212265
3500.0,228,2,11.52173137664795,-95.14699544873739,-62.58458615333482,1.9140625,3.9256417751312256,51.242048825608464,0.0,0.1885964912280702,-57.89278793334961,-0.012125037610530853,-0.0019297596300020814,7.306609768420458
3500.0,228,3,20.483699798583984,-86.80310189710788,-61.393807400917616,3.90234375,6.817387580871582,42.75895709744732,0.0,0.13596491228070173,13.678592681884766,0.002864837646484375,0.00045595309347845614,30.9242345392704
3500.0,228,4,-30.0,-220.0,-70.39401151431818,0.0,0.0014419741928577423,100.0,,0.6559633027522935,0.0,0.0,0.0,1000000000000.0
3500.0,228,5,-30.0,-220.0,-71.71076199437383,0.0,0.0014419741928577423,100.0,,1.0,0.0,0.0,0.0,1000000000000.0
3500.0,228,6,15.010668754577637,-92.24991617604539,-66.97758605974045,1.328125,5.031243324279785,73.60244944642747,0.0,0.29385964912280704,56.47707748413086,0.011828531511127949,0.0018825692823156714,7.4897645972669125
3500.0,228,7,8.101044654846191,-98.45443199042083,-67.85280414928673,0.490234375,2.8988075256347656,83.0884123673354,0.0,0.3070175438596491,-1.854292869567871,-0.0003883622121065855,-6.180976197356358e-05,228.11931371688843
3500.0,228,8,27.408275604248047,-86.60344054052885,-68.28930793246374,2.73046875,9.107450485229492,70.01939506090878,0.0,0.2763157894736842,-17.28438949584961,-0.003620034083724022,-0.0005761462962254882,24.472950026392937
3500.0,229,0,12.781837463378906,-92.30293927600445,-74.97814437859518,3.322265625,4.320129871368408,23.098015015283167,0.0,0.10043668122270744,-58.503448486328125,-0.012252933345735073,-0.0019501149654388428,7.230343297123909
3500.0,229,1,8.087250709533691,-97.3339459941205,-70.40017199155487,2.16015625,2.8948402404785156,25.379085871663598,0.0,0.10043668122270744,-58.454307556152344,-0.012242642231285572,-0.001948476885445416,7.236421573907137
3500.0,229,2,14.25474739074707,-93.53639196957134,-62.708685408809956,2.5703125,4.7884955406188965,46.32317231587532,0.0,0.18777292576419213,-57.723636627197266,-0.01208961009979248,-0.0019241212867200375,7.328020874410868
3500.0,229,3,18.745683670043945,-86.77096629148863,-61.35670274048121,3.029296875,6.246311187744141,51.50262636700249,0.0,0.1353711790393013,12.417684555053711,0.002600753912702203,0.0004139228258281946,34.06432271003723
3500.0,229,4,-30.0,-220.0,-70.39493904401752,0.0,0.0014419741928577423,100.0,,0.6559633027522935,0.0,0.0,0.0,1000000000000.0
3500.0,229,5,-30.0,-220.0,-71.7006899133782,0.0,0.0014419741928577423,100.0,,1.0,0.0,0.0,0.0,1000000000000.0
3500.0,229,6,16.508686065673828,-92.1966926794194,-66.90438305151963,2.16015625,5.5159454345703125,60.83796919995685,0.0,0.2925764192139738,57.53145980834961,0.012049361132085323,0.0019177153008058667,7.352499291300774
3500.0,229,7,5.392471790313721,-98.54630003674622,-67.85458094302241,0.490234375,2.157484769821167,77.2775047195056,0.0,0.30567685589519655,-2.3620035648345947,-0.0004946968983858824,-7.873345020925626e-05,179.08525466918945
3500.0,229,8,23.113693237304688,-86.55246139061225,-68.30669156277148,5.115234375,7.685229778289795,33.440710003880966,0.0,0.27510917030567683,-16.252246856689453,-0.003403862938284874,-0.0005417415522970259,26.027170941233635
3500.0,230,0,12.732539176940918,-92.32513146107121,-75.00452914980147,3.322265625,4.304577350616455,22.82016666458041,0.0,0.09999999999999998,-58.503211975097656,-0.012252884916961193,-0.0019501070491969585,7.230372168123722
3500.0,230,1,7.925793170928955,-97.36283101571908,-70.44723443092059,2.16015625,2.8485336303710938,24.166026092569425,0.0,0.09999999999999998,-58.45472717285156,-0.012242729775607586,-0.001948490971699357,7.2363694198429585
3500.0,230,2,11.691862106323242,-93.35944234752554,-62.83097524978336,3.322265625,3.978506326675415,16.49465019762313,0.0,0.18695652173913047,-57.78790283203125,-0.012103069573640823,-0.0019262634450569749,7.319871336221695
3500.0,230,3,24.846529006958008,-86.70243224312918,-61.32219811637575,2.73046875,8.258557319641113,66.93770298710409,0.0,0.13478260869565217,11.40906047821045,0.002389508066698909,0.00038030202267691493,37.075795233249664
3500.0,230,4,-30.0,-220.0,-70.39615630769535,0.0,0.0014419741928577423,100.0,,0.6559633027522935,0.0,0.0,0.0,1000000000000.0
3500.0,230,5,-30.0,-220.0,-71.69079994266616,0.0,0.0014419741928577423,100.0,,1.0,0.0,0.0,0.0,1000000000000.0
3500.0,230,6,16.848678588867188,-92.11387468014593,-66.8305043812771,2.5703125,5.62651252746582,54.31783920407145,0.0,0.29130434782608694,57.23822784423828,0.011987946927547455,0.0019079409539699554,7.390166167169809
3500.0,230,7,6.837098598480225,-98.26700528590713,-67.85691217119488,0.490234375,2.5428428649902344,80.72101183484325,0.0,0.30434782608695654,-2.841824531555176,-0.000595190329477191,-9.472748206462711e-05,148.8480418920517
3500.0,230,8,20.14246368408203,-86.49124735814453,-68.3244909527563,3.90234375,6.705075740814209,41.80015407959983,0.0,0.27391304347826084,-16.269214630126953,-0.0034074161667376757,-0.0005423071561381221,26.000026613473892
3500.0,231,0,12.80632209777832,-92.34723132505707,-75.0308242771871,3.322265625,4.327857494354248,23.235327657300576,0.0,0.09956709956709953,-58.493408203125,-0.012250831350684166,-0.0019497802713885903,7.231584284454584
3500.0,231,1,7.928377628326416,-97.3915969354916,-70.49401643825814,2.16015625,2.849273204803467,24.185710013406727,0.0,0.09956709956709953,-58.44209671020508,-0.012240084819495678,-0.001948069897480309,7.237933576107025
3500.0,231,2,7.468635082244873,-93.19042410679361,-62.9514851111553,0.0,2.718733787536621,100.0,1.0,0.19047619047619047,-58.04735565185547,-0.012157410383224487,-0.001934911822900176,7.287153974175453
3500.0,231,3,17.548738479614258,-86.67362699186305,-61.29034432453388,4.5234375,5.8547139167785645,22.738539161808813,0.0,0.1341991341991342,10.824445724487305,0.002267066854983568,0.0003608148545026779,39.07821327447891
3500.0,231,4,-30.0,-220.0,-70.39766078480224,0.0,0.0014419741928577423,100.0,,0.6559633027522935,0.0,0.0,0.0,1000000000000.0
3500.0,231,5,-30.0,-220.0,-71.68109224213279,0.0,0.0014419741928577423,100.0,,1.0,0.0,0.0,0.0,1000000000000.0
3500.0,231,6,17.377599716186523,-92.05905115110878,-66.75593448085618,2.73046875,5.798863410949707,52.91372538894103,0.0,0.29004329004329,57.83245086669922,0.01211240142583847,0.0019277484389021993,7.3142326436936855
3500.0,231,7,-0.4405845105648041,-103.99354641947565,-67.85979253520426,0.490234375,0.9286757111549377,47.211457227590756,0.0,0.303030303030303,-5.922162055969238,-0.0012403347063809633,-0.00019740540301427245,71.42661511898041
3500.0,231,8,27.371129989624023,-86.46406865650266,-68.34269581321291,3.029296875,9.095132827758789,66.69320907821776,0.0,0.2727272727272727,-18.562232971191406,-0.003887664992362261,-0.000618741090875119,22.78820611536503
3500.0,232,0,12.82210636138916,-92.36930512087875,-75.05703200678045,3.609375,4.332840442657471,16.697255581692872,0.0,0.09913793103448276,-58.49965286254883,-0.012252138927578926,-0.001949988421984017,7.230812218040228
3500.0,232,1,7.878254413604736,-97.42023306945217,-70.54052516640431,2.16015625,2.834944725036621,23.802526697514516,0.0,0.09913793103448276,-58.45120620727539,-0.01224199216812849,-0.0019483735086396337,7.2368052788078785
3500.0,232,2,15.141728401184082,-93.02952807318502,-63.07028169225603,1.328125,5.0734686851501465,73.82215043748329,0.0,0.18965517241379315,-57.79157638549805,-0.01210383977741003,-0.0019263859139755368,7.3194061405956745
3500.0,232,3,22.319095611572266,-86.64704577655145,-61.261231177254714,2.5703125,7.422676086425781,65.37215863830488,0.0,0.13362068965517238,9.145513534545898,0.0019154319306835532,0.00030485045863315463,46.252187341451645
3500.0,232,4,-30.0,-220.0,-70.39945444416198,0.0,0.0014419741928577423,100.0,,0.6559633027522935,0.0,0.0,0.0,1000000000000.0
3500.0,232,5,-30.0,-220.0,-71.67156950077717,0.0,0.0014419741928577423,100.0,,1.0,0.0,0.0,0.0,1000000000000.0
3500.0,232,6,16.937686920166016,-91.98930448533496,-66.68066357693274,2.73046875,5.655487537384033,51.72001119353561,0.0,0.2887931034482759,57.680789947509766,0.01208063680678606,0.0019226929871365428,7.333463989198208
3500.0,232,7,7.161206245422363,-96.74703606532326,-67.86322522265182,0.490234375,2.6325953006744385,81.37828572153084,0.0,0.3017241379310345,-29.355060577392578,-0.006148109678179026,-0.0009785019792616367,14.40978143364191
3500.0,232,8,22.331212997436523,-86.37050207596826,-68.36130456912363,5.115234375,7.426677703857422,31.123517419597412,0.0,0.27155172413793105,-17.85945701599121,-0.0037404759787023067,-0.0005953152431175113,23.68493191897869
3500.0,233,0,12.950053215026855,-92.39131757471911,-75.08315218274642,3.609375,4.373263359069824,17.46723890948796,0.0,0.09871244635193133,-58.49420166015625,-0.012250997126102448,-0.001949806697666645,7.231486029922962
3500.0,233,1,8.12873649597168,-97.44883448303243,-70.58676208681058,2.40625,2.906776189804077,17.219288900182363,0.0,0.09871244635193133,-58.444480895996094,-0.012240584008395672,-0.0019481494091451168,7.237638346850872
3500.0,233,2,12.118487358093262,-92.87615446981768,-63.187401983973615,3.322265625,4.111639976501465,19.1985279842797,0.0,0.18884120171673824,-57.82283020019531,-0.012110386043787003,-0.001927427714690566,7.315449882298708
3500.0,233,3,17.860776901245117,-86.62271591963354,-61.23491390556767,3.90234375,5.956640243530273,34.4875031820416,0.0,0.1330472103004292,8.65327262878418,0.0018123371992260218,0.00028844241751357913,48.883240669965744
3500.0,233,4,-30.0,-220.0,-70.40153600717014,0.0,0.0014419741928577423,100.0,,0.6559633027522935,0.0,0.0,0.0,1000000000000.0
3500.0,233,5,-30.0,-220.0,-71.66223269271636,0.0,0.0014419741928577423,100.0,,1.0,0.0,0.0,0.0,1000000000000.0
3500.0,233,6,16.501548767089844,-91.918861264939,-66.60467788951235,2.73046875,5.513627052307129,50.47781208093392,0.0,0.28755364806866957,57.12578582763672,0.011964397504925728,0.0019041928462684155,7.4047124944627285
3500.0,233,7,6.741203308105469,-96.33599766016656,-67.86720709397919,0.490234375,2.5165040493011475,80.51922963779288,0.0,0.3004291845493562,-34.50862503051758,-0.00722747016698122,-0.001150287571363151,12.257805094122887
3500.0,233,8,20.77837562561035,-86.32167722779998,-68.38030931514274,3.609375,6.914436340332031,47.79943263131297,0.0,0.2703862660944206,-17.92169189453125,-0.0037535103037953377,-0.0005973897641524673,23.6026830971241
3500.0,234,0,12.845230102539062,-92.4132780110701,-75.10918580333316,3.609375,4.340141296386719,16.83738492558067,0.0,0.09829059829059827,-58.49689865112305,-0.012251561507582664,-0.0019498966867104173,7.23115261644125
3500.0,234,1,7.661007881164551,-97.47729281374743,-70.6327311884539,0.0,2.773111343383789,100.0,1.0,0.10256410256410253,-58.44872283935547,-0.012241472490131855,-0.0019482907373458147,7.237113080918789
3500.0,234,2,6.764354705810547,-92.7300029675942,-63.30289296116944,0.0,2.5228536128997803,100.0,1.0,0.1923076923076923,-58.0855827331543,-0.012165416032075882,-0.0019361861050128937,7.282358128577471
3500.0,234,3,25.45328712463379,-86.60067538533211,-61.21145393276835,2.5703125,8.459503173828125,69.61627122557277,0.0,0.13247863247863245,6.953857421875,0.001456412486732006,0.00023179524578154087,60.82955002784729
3500.0,234,4,1.95717191696167,-102.68572837098033,-70.40390537353731,0.490234375,1.3613979816436768,63.990370074728766,0.0,0.6529680365296804,-5.690310478210449,-0.0011917758965864778,-0.00018967701180372387,74.33689385652542
3500.0,234,5,-30.0,-220.0,-71.65308333755365,0.0,0.0014419741928577423,100.0,,1.0,0.0,0.0,0.0,1000000000000.0
3500.0,234,6,15.777716636657715,-91.95007494664205,-66.52796401070516,2.73046875,5.278890609741211,48.275708821065024,0.0,0.2863247863247863,56.976348876953125,0.0119330994784832,0.0018992116674780846,7.424133364111185
3500.0,234,7,6.84091854095459,-96.5653877824409,-67.87173715721578,0.490234375,2.5438945293426514,80.72898190764703,0.0,0.2991452991452992,-33.12300109863281,-0.006937265396118164,-0.0011041000252589583,12.770581990480423
3500.0,234,8,25.798877716064453,-86.29418281981538,-68.39970465972327,3.322265625,8.573992729187012,61.25182595862759,0.0,0.2692307692307693,-19.86353302001953,-0.004160209093242884,-0.0006621177890338004,21.295305341482162
3500.0,235,0,12.779065132141113,-92.43517714980605,-75.1351329799599,3.609375,4.319255352020264,16.435248536260506,0.0,0.09787234042553195,-58.49360275268555,-0.012250872328877449,-0.0019497867906466126,7.231560070067644
3500.0,235,1,7.796262741088867,-97.50578321701802,-70.67843450940471,1.9140625,2.811556100845337,31.92159674763352,0.0,0.10212765957446812,-58.44499588012695,-0.012240692041814327,-0.0019481665221974254,7.237574551254511
3500.0,235,2,12.899185180664062,-92.59046532881123,-63.41679212876832,1.17578125,4.357185363769531,73.01511981159332,0.0,0.19148936170212771,-57.847511291503906,-0.012115554884076118,-0.001928250421769917,7.312328554689884
3500.0,235,3,18.71617317199707,-86.58095905054961,-61.19089920741627,4.81640625,6.23663854598999,22.772400316564212,0.0,0.13191489361702124,5.963466644287109,0.0012489855289459229,0.00019878221792168915,70.93189656734467
3500.0,235,4,-30.0,-220.0,-70.40656150924562,0.0,0.0014419741928577423,100.0,,0.6529680365296804,0.0,0.0,0.0,1000000000000.0
3500.0,235,5,-30.0,-220.0,-71.64412256759371,0.0,0.0014419741928577423,100.0,,1.0,0.0,0.0,0.0,1000000000000.0
3500.0,235,6,14.57136344909668,-91.87672634480855,-66.45050785143744,2.5703125,4.889997959136963,47.43735025088568,0.0,0.28510638297872337,56.942562103271484,0.011926023289561272,0.0018980854656547308,7.428538519889116
3500.0,235,7,6.885110378265381,-95.72349182911884,-67.87681252899216,0.490234375,2.556067705154419,80.82075940275676,0.0,0.2978723404255319,-18.80550193786621,-0.003938615322113037,-0.000626850058324635,22.49341830611229
3500.0,235,8,21.04507827758789,-86.23953262420761,-68.41948332275193,4.81640625,7.002320289611816,31.216995927117118,0.0,0.2680851063829788,-19.750139236450195,-0.004136459901928902,-0.0006583379581570625,21.41757123172283
3500.0,236,0,12.92457103729248,-92.45704201598592,-75.16099606941151,3.609375,4.365207672119141,17.314930442981947,0.0,0.09745762711864403,-58.491912841796875,-0.012250518426299095,-0.0019497304456308484,7.231769151985645
3500.0,236,1,-30.0,-220.0,-70.7238791305227,0.0,0.0014419741928577423,100.0,,0.10212765957446812,0.0,0.0,0.0,1000000000000.0
3500.0,236,2,19.429670333862305,-83.47003908665928,-63.52915829935531,2.5703125,6.470755100250244,60.2780129957229,0.0,0.19067796610169496,-57.83625793457031,-0.012113197706639767,-0.0019278753316029906,7.313751149922609
3500.0,236,3,15.151556968688965,-86.5636471954534,-61.173320297873886,2.73046875,5.07663631439209,46.21500180623113,0.0,0.1313559322033898,4.941311836242676,0.0010349059011787176,0.00016471039270982146,85.60480177402496
3500.0,236,4,-30.0,-220.0,-70.40950626712349,0.0,0.0014419741928577423,100.0,,0.6529680365296804,0.0,0.0,0.0,1000000000000.0
3500.0,236,5,-30.0,-220.0,-71.6353530474064,0.0,0.0014419741928577423,100.0,,1.0,0.0,0.0,0.0,1000000000000.0
3500.0,236,6,13.608803749084473,-91.80267100039032,-66.37229841249149,2.16015625,4.5822649002075195,52.858328860425075,0.0,0.2838983050847458,56.92181396484375,0.011921676807105541,0.001897393842227757,7.4312458746135235
3500.0,236,7,5.542912483215332,-95.28812929044759,-67.88243573484668,0.490234375,2.1964077949523926,77.6801750509802,0.0,0.2966101694915254,-19.55441665649414,-0.004095467738807201,-0.0006518138688988984,21.631941199302673
3500.0,236,8,24.511234283447266,-86.15890921240847,-68.43964371190161,3.322265625,8.147552490234375,59.22375917206971,0.0,0.26694915254237284,-20.461475372314453,-0.0042854417115449905,-0.000682049198076129,20.6729955971241
3500.0,237,0,12.930537223815918,-92.47886486354142,-75.18677368390374,3.90234375,4.367094039916992,10.642094850007533,0.0,0.09704641350210974,-58.50251007080078,-0.012252737767994404,-0.0019500836497172713,7.230459246784449
3500.0,237,1,-30.0,-220.0,-70.76906362642163,0.0,0.0014419741928577423,100.0,,0.10212765957446812,0.0,0.0,0.0,1000000000000.0
3500.0,237,2,22.28109359741211,-83.49240980243997,-63.64001104273663,4.5234375,7.410126209259033,38.95599923321258,0.0,0.189873417721519,-57.963253021240234,-0.01213979534804821,-0.0019321084255352616,7.297727279365063
3500.0,237,3,17.79217529296875,-86.54872511560438,-61.158734507694696,1.9140625,5.934221267700195,67.74534663177812,0.0,0.13080168776371304,3.6845993995666504,0.0007717006956227124,0.00012281998351681978,114.80216681957245
3500.0,237,4,1.1526576280593872,-102.92955545591326,-70.41273657141957,0.490234375,1.2041184902191162,59.28686595363294,0.0,0.65,-6.735316753387451,-0.0014106414746493101,-0.00022451055701822042,62.80328333377838
3500.0,237,5,-30.0,-220.0,-71.62677487074944,0.0,0.0014419741928577423,100.0,,1.0,0.0,0.0,0.0,1000000000000.0
3500.0,237,6,12.725359916687012,-91.72785523334852,-66.29331874917463,2.16015625,4.302313804626465,49.79082540011167,0.0,0.28270042194092826,56.88269805908203,0.011913483962416649,0.0018960899906232953,7.436356041580439
3500.0,237,7,7.803347587585449,-95.19508425186942,-67.88859978312081,0.490234375,2.8135743141174316,82.57609999706804,0.0,0.2953586497890295,-18.26314926147461,-0.0038250251673161983,-0.0006087716319598258,23.161394521594048
3500.0,237,8,25.593585968017578,-86.13378942613403,-68.46017470358396,4.5234375,8.505979537963867,46.82049868788181,0.0,0.26582278481012656,-21.178682327270508,-0.004435652866959572,-0.0007059560739435256,19.972914829850197
3500.0,238,0,12.961490631103516,-92.50061301106012,-75.21246617352634,0.0,4.376880168914795,100.0,1.0,0.10084033613445376,-58.48857116699219,-0.012249818071722984,-0.00194961903616786,7.232182193547487
3500.0,238,1,-30.0,-220.0,-70.81399026882053,0.0,0.0014419741928577423,100.0,,0.10212765957446812,0.0,0.0,0.0,1000000000000.0
3500.0,238,2,23.88170623779297,-83.51525345980129,-63.74938430819548,5.33203125,7.939221382141113,32.83936807714996,0.0,0.18907563025210083,-57.90288543701172,-0.01212715171277523,-0.001930096186697483,7.305335719138384
3500.0,238,3,20.78367805480957,-86.53621258691645,-61.147167894240646,2.73046875,6.916182994842529,60.520582638774314,0.0,0.13025210084033612,2.610154151916504,0.0005466694128699601,8.700513717485592e-05,162.05939650535583
3500.0,238,4,0.9921292066574097,-102.63173088273005,-70.41625098195831,0.490234375,1.174180030822754,58.2487896122292,0.0,0.6470588235294117,-6.938437461853027,-0.0014531828928738832,-0.00023128125758375973,60.964737087488174
3500.0,238,5,-30.0,-220.0,-71.61838880561342,0.0,0.0014419741928577423,100.0,,1.0,0.0,0.0,0.0,1000000000000.0
3500.0,238,6,12.406850814819336,-91.65226072206931,-66.21355182796839,1.9140625,4.202060699462891,54.449432388145745,0.0,0.2815126050420168,56.96134567260742,0.011929957196116447,0.001898711547255516,7.42608867585659
3500.0,238,7,6.366319179534912,-95.3007551570707,-67.89530071292245,0.490234375,2.4145243167877197,79.69644076096085,0.0,0.2941176470588235,-15.037515640258789,-0.0031494498252868652,-0.0005012504989281297,28.12964655458927
3500.0,238,8,16.883562088012695,-86.08838708071326,-68.48106874269939,4.81640625,5.637867450714111,14.570424152310679,0.0,0.2647058823529411,-18.295475006103516,-0.0038317954167723656,-0.0006098491721786559,23.120472207665443
3500.0,239,0,12.712873458862305,-92.52230430431504,-75.23807476112808,3.322265625,4.298376083374023,22.708819317825313,0.0,0.10041841004184104,-58.490882873535156,-0.012250302359461784,-0.0019496961031109095,7.23189627751708
3500.0,239,1,-30.0,-220.0,-70.85866357451796,0.0,0.0014419741928577423,100.0,,0.10212765957446812,0.0,0.0,0.0,1000000000000.0
3500.0,239,2,23.135889053344727,-83.4334139954401,-63.8573228009512,5.5546875,7.692567825317383,27.791504395727284,0.0,0.18828451882845187,-57.87982940673828,-0.01212232280522585,-0.0019293276127427816,7.30824563652277
3500.0,239,3,20.661235809326172,-86.52615092549937,-61.138660234995946,3.322265625,6.875851154327393,51.68211832350246,0.0,0.12970711297071125,1.4861352443695068,0.00031125545501708984,4.953784082317725e-05,284.6308946609497
3500.0,239,4,-9.034141540527344,-113.16615607296526,-70.42004997420631,0.0,0.1698053479194641,100.0,1.0,0.6486486486486487,-5.2187819480896,-0.0010930191492661834,-0.00017395940085407346,81.05339854955673
3500.0,239,5,-30.0,-220.0,-71.6101969144006,0.0,0.0014419741928577423,100.0,,1.0,0.0,0.0,0.0,1000000000000.0
3500.0,239,6,12.878579139709473,-91.57586005248112,-66.13298479608105,1.6953125,4.350675106048584,61.03334635024644,0.0,0.2803347280334728,56.97863006591797,0.011933576315641403,0.0018992876866832376,7.423836272209883
3500.0,239,7,7.608282089233398,-95.1950372183366,-67.90253811873521,0.490234375,2.758171796798706,82.22611167408084,0.0,0.2928870292887029,-16.314346313476562,-0.003416868858039379,-0.0005438115331344306,25.92810057103634
3500.0,239,8,24.635526657104492,-86.04369502028098,-68.50232167541984,2.40625,8.188697814941406,70.61498599191845,0.0,0.2635983263598326,-21.336490631103516,-0.004468704108148813,-0.0007112163584679365,19.825192168354988
3500.0,240,0,12.64392375946045,-92.5439342948039,-75.26359894596152,3.322265625,4.276644706726074,22.316071293579252,0.0,0.09999999999999998,-58.49273681640625,-0.012250690720975399,-0.0019497579196467996,7.231667172163725
3500.0,240,1,-30.0,-220.0,-70.90308397157426,0.0,0.0014419741928577423,100.0,,0.10212765957446812,0.0,0.0,0.0,1000000000000.0
3500.0,240,2,24.325963973999023,-83.86963390402747,-63.96385138054245,0.0,8.08622932434082,100.0,1.0,0.19166666666666665,-57.922889709472656,-0.012131341733038425,-0.0019307630136609077,7.3028127662837505
3500.0,240,3,17.67892837524414,-86.51779800086408,-61.133215920957646,3.322265625,5.897225379943848,43.66391970876931,0.0,0.12916666666666665,0.3025495707988739,6.336583464872092e-05,1.008498566079652e-05,1398.118019104004
3500.0,240,4,-8.838445663452148,-112.89192536630685,-70.42413114868948,0.0,0.177170068025589,100.0,1.0,0.6502242152466368,-5.5742363929748535,-0.0011674653505906463,-0.00018580787582322955,75.88483393192291
3500.0,240,5,-17.226655960083008,-121.26607575390253,-71.60219956688204,0.0,0.027066277340054512,100.0,1.0,1.0,8.280879974365234,0.0017343434737995267,0.00027602934278547764,51.08152702450752
3500.0,240,6,13.436378479003906,-91.4986288567841,-66.05159943430996,1.9140625,4.527423858642578,57.72292235580792,0.0,0.2791666666666667,56.994773864746094,0.011936957016587257,0.0018998258747160435,7.421733345836401
3500.0,240,7,6.147113800048828,-94.91954741683706,-67.91030602242074,0.490234375,2.355647087097168,79.18897199477749,0.0,0.29166666666666663,-14.680404663085938,-0.003074656706303358,-0.0004893467994406819,28.8139209151268
3500.0,240,8,22.4705753326416,-86.04177831781769,-68.52392416023255,4.5234375,7.472708702087402,39.467230955537744,0.0,0.26249999999999996,-21.51696014404297,-0.004506501369178295,-0.0007172320038080215,19.65891197323799
3500.0,241,0,12.739738464355469,-92.56552940089438,-75.28904168715515,3.322265625,4.306848526000977,22.860866711632134,0.0,0.09958506224066388,-58.50084686279297,-0.012252388522028923,-0.0019500282360240817,7.230664603412151
3500.0,241,1,-30.0,-220.0,-70.94725956942523,0.0,0.0014419741928577423,100.0,,0.10212765957446812,0.0,0.0,0.0,1000000000000.0
3500.0,241,2,25.06633949279785,-83.90401900126759,-64.06902617872001,5.5546875,8.331343650817871,33.32783122618274,0.0,0.1908713692946058,-57.93918228149414,-0.012134754098951817,-0.0019313060911372304,7.300759200006723
3500.0,241,3,14.489121437072754,-86.50907732959261,-61.13087965583986,2.73046875,4.863607883453369,43.85919228214487,0.0,0.12863070539419086,-1.2901239395141602,-0.0002702029305510223,-4.300413274904713e-05,327.8754949569702
3500.0,241,4,-2.5426974296569824,-108.19534258795639,-70.42849685071609,0.490234375,0.6386204361915588,23.235407572683652,0.0,0.6473214285714286,-16.068187713623047,-0.00336531363427639,-0.0005356062902137637,26.32530964910984
3500.0,241,5,-17.136760711669922,-121.21720917637242,-71.59439972050498,0.0,0.027626989409327507,100.0,1.0,1.0,8.048032760620117,0.0016855760477483273,0.00026826775865629315,52.55942791700363
3500.0,241,6,13.893326759338379,-91.42059696133254,-65.96938362758843,2.16015625,4.672956943511963,53.77324730117172,0.0,0.27800829875518673,56.986236572265625,0.011935168877243996,0.0018995412392541766,7.422845344990492
3500.0,241,7,9.96657943725586,-94.10120189127079,-67.91860738315634,0.490234375,3.449342727661133,85.78760031386011,0.0,0.2904564315352697,-23.404468536376953,-0.004901820328086615,-0.000780148955527693,18.073471263051033
3500.0,241,8,21.520835876464844,-85.96993812216132,-68.54587593004882,3.90234375,7.159195899963379,45.491870811637355,0.0,0.2614107883817427,-22.256671905517578,-0.00466142687946558,-0.0007418890600092709,19.005537033081055
3500.0,242,0,3.616248369216919,-100.45475813997828,-75.31440219707903,0.0,1.7222275733947754,100.0,1.0,0.10330578512396693,-58.495914459228516,-0.012251355685293674,-0.001949863857589662,7.231274154037237
3500.0,242,1,-30.0,-220.0,-70.99119026203667,0.0,0.0014419741928577423,100.0,,0.10212765957446812,0.0,0.0,0.0,1000000000000.0
3500.0,242,2,25.019737243652344,-83.93874941911946,-64.17286886056516,5.5546875,8.315911293029785,33.204103503895986,0.0,0.1900826446280992,-57.98098373413086,-0.012143509462475777,-0.001932699466124177,7.295495364814997
3500.0,242,3,21.685880661010742,-86.5027552182584,-61.13164299582457,1.9140625,7.213646411895752,73.4660892604385,0.0,0.12809917355371903,-1.8636908531188965,-0.0003903305041603744,-6.212302832864225e-05,226.96897387504578
3500.0,242,4,-5.135143756866455,-108.06965557954288,-70.43314465799145,0.0,0.3857501149177551,100.0,1.0,0.6488888888888888,-16.860034942626953,-0.003531157737597823,-0.0005620011943392456,25.08891560137272
3500.0,242,5,-30.0,-220.0,-71.58679790596375,0.0,0.0014419741928577423,100.0,,1.0,0.0,0.0,0.0,1000000000000.0
3500.0,242,6,14.448493957519531,-91.34170366078621,-65.8863197509083,2.16015625,4.850576877593994,55.4659929218256,0.0,0.27685950413223137,56.99327087402344,0.011936643160879612,0.001899775699712336,7.42192892357707
3500.0,242,7,4.879488468170166,-93.6327124647357,-67.92743599423059,0.6015625,2.027060031890869,70.32339987292559,0.0,0.2892561983471075,-8.886282920837402,-0.0018611387349665165,-0.000296209444059059,47.60145768523216
3500.0,242,8,24.782047271728516,-85.89803810523526,-68.56816756339748,3.90234375,8.23720645904541,52.6253983143184,0.0,0.2603305785123967,-22.239200592041016,-0.0046577672474086285,-0.0007413066923618317,19.02046799659729
3500.0,243,0,3.957059144973755,-100.47538006807189,-75.33967994791288,1.17578125,1.8020577430725098,34.753408733990284,0.0,0.10288065843621397,-58.49053192138672,-0.01225022878497839,-0.0019496844615787268,7.231940049678087
3500.0,243,1,-30.0,-220.0,-71.03487632489717,0.0,0.0014419741928577423,100.0,,0.10212765957446812,0.0,0.0,0.0,1000000000000.0
3500.0,243,2,25.28205108642578,-83.97386891552598,-64.27540107330353,5.5546875,8.402785301208496,33.894687286593886,0.0,0.18930041152263377,-57.98187255859375,-0.012143694795668125,-0.0019327291520312428,7.295383606106043
3500.0,243,3,21.662521362304688,-86.49871794205629,-61.135487295951364,3.90234375,7.205938816070557,45.84544984899036,0.0,0.12757201646090532,-3.056199312210083,-0.0006400889251381159,-0.00010187330917688087,138.40720057487488
3500.0,243,4,-4.788005828857422,-103.60799709167112,-70.43807189050943,0.0,0.4136448800563812,100.0,1.0,0.6504424778761062,-14.03892993927002,-0.0029403066728264093,-0.0004679643316194415,30.130501836538315
3500.0,243,5,-30.0,-220.0,-71.579394334635,0.0,0.0014419741928577423,100.0,,1.0,0.0,0.0,0.0,1000000000000.0
3500.0,243,6,16.230009078979492,-91.26191570209517,-65.80238770341361,2.5703125,5.425459384918213,52.624979423032826,0.0,0.27572016460905346,56.9881477355957,0.011935570277273655,0.001899604918435216,7.422596216201782
3500.0,243,7,9.06015396118164,-93.50277045789548,-67.93678508545466,0.490234375,3.1785664558410645,84.57687193863367,0.0,0.2880658436213992,-37.74186706542969,-0.007904637604951859,-0.0012580621987581253,11.207712814211845
3500.0,243,8,15.648096084594727,-85.85061614940128,-68.59078954205216,4.81640625,5.23695707321167,8.030442436942842,0.0,0.2592592592592593,-22.896358489990234,-0.00479540228843689,-0.0007632119813933969,18.474554643034935
3500.0,244,0,3.624614953994751,-100.49595391025622,-75.3648761704325,1.17578125,1.7241650819778442,31.80576139198782,0.0,0.10245901639344257,-58.49549865722656,-0.012251269072294235,-0.0019498500041663647,7.231325842440128
3500.0,244,1,-30.0,-220.0,-71.07832173745265,0.0,0.0014419741928577423,100.0,,0.10212765957446812,0.0,0.0,0.0,1000000000000.0
3500.0,244,2,23.877954483032227,-84.00913590668209,-64.37665784515659,5.5546875,7.9379801750183105,30.023918206785048,0.0,0.1885245901639344,-58.03473663330078,-0.012154767289757729,-0.0019344912143424153,7.288738153874874
3500.0,244,3,18.158884048461914,-86.49696283877576,-61.14240653584845,3.90234375,6.0541276931762695,35.54242745163088,0.0,0.12704918032786883,-4.581304550170898,-0.0009595061419531703,-0.00015271015581674874,92.33178198337555
3500.0,244,4,-8.837433815002441,-103.53592055409662,-70.44327787994027,0.0,0.17720890045166016,100.0,1.0,0.6519823788546255,-9.200326919555664,-0.0019269119948148727,-0.0003066775680053979,45.97662761807442
3500.0,244,5,-30.0,-220.0,-71.57219018759142,0.0,0.0014419741928577423,100.0,,1.0,0.0,0.0,0.0,1000000000000.0
3500.0,244,6,17.592130661010742,-91.18121355470768,-65.7175684975758,2.73046875,5.868879795074463,53.475469845342836,0.0,0.27459016393442626,56.91301727294922,0.011919834651052952,0.001897100592032075,7.432394661009312
3500.0,244,7,6.501382827758789,-93.33528887569229,-67.9466516289627,0.490234375,2.4510815143585205,79.99926268758546,0.0,0.28688524590163933,-13.463104248046875,-0.0028197062201797962,-0.00044877015170641243,31.41920268535614
3500.0,244,8,22.92694091796875,-85.80935466256312,-68.61373641317779,2.16015625,7.623499393463135,71.66450551760714,0.0,0.2581967213114754,-23.754114151000977,-0.00497505022212863,-0.0007918038172647357,17.80744269490242
3500.0,245,0,3.537828207015991,-100.51649574886596,-75.38999285009754,1.17578125,1.7041221857070923,31.003700329613835,0.0,0.10204081632653061,-58.485355377197266,-0.012249144725501537,-0.0019495118176564574,7.232579868286848
3500.0,245,1,-30.0,-220.0,-71.12153269636522,0.0,0.0014419741928577423,100.0,,0.10212765957446812,0.0,0.0,0.0,1000000000000.0
3500.0,245,2,21.30986213684082,-84.04506677758681,-64.47668546199418,5.5546875,7.089613914489746,21.650352656759843,0.0,0.18775510204081636,-58.01764678955078,-0.012151188217103481,-0.0019339215941727161,7.29088531807065
3500.0,245,3,22.69304656982422,-86.4836353817622,-61.15241716246213,3.029296875,7.546206474304199,59.85669242797498,0.0,0.12653061224489792,-4.8165059089660645,-0.0010087667033076286,-0.00016055020387284458,87.82300353050232
3500.0,245,4,-5.036222457885742,-103.46556815885955,-70.44876465222458,0.0,0.39352738857269287,100.0,1.0,0.6535087719298245,-12.868438720703125,-0.0026951595209538937,-0.00042894796933978796,32.87111967802048
3500.0,245,5,-13.230498313903809,-117.34440326451539,-71.56518868896362,0.0,0.06698889285326004,100.0,1.0,1.0,7.173768520355225,0.0015024705789983273,0.00023912561300676316,58.96482616662979
3500.0,245,6,17.64693260192871,-91.09962778208111,-65.63185194803192,3.322265625,5.886775016784668,43.56391036641642,0.0,0.273469387755102,56.89356231689453,0.011915760114789009,0.001896452042274177,7.434936240315437
3500.0,245,7,14.025651931762695,-89.96186194029139,-67.95703761136772,0.490234375,4.715216159820557,89.60314101445867,0.0,0.2857142857142857,-27.310562133789062,-0.005719911307096481,-0.0009103521006181836,15.488513745367527
3500.0,245,8,19.794837951660156,-85.77422560243699,-68.63700707613779,4.212890625,6.590749263763428,36.078730104892976,0.0,0.2571428571428571,-23.24164581298828,-0.0048677194863557816,-0.0007747215568087995,18.200088292360306
3500.0,246,0,3.661240577697754,-100.53698414949572,-75.41502866697249,1.17578125,1.732660174369812,32.140112216312424,0.0,0.10162601626016265,-58.494049072265625,-0.01225096546113491,-0.0019498016918078065,7.231505122035742
3500.0,246,1,-30.0,-220.0,-71.1645074247076,0.0,0.0014419741928577423,100.0,,0.10212765957446812,0.0,0.0,0.0,1000000000000.0
3500.0,246,2,20.60056495666504,-84.0809549715502,-64.57549373628251,4.81640625,6.855868816375732,29.747689475976124,0.0,0.1869918699186992,-58.139122009277344,-0.012176629155874252,-0.0019379707518965006,7.275651674717665
3500.0,246,3,21.73819351196289,-86.45859460083571,-61.16546051495332,4.5234375,7.230907917022705,37.443021652217276,0.0,0.1260162601626016,-6.433236122131348,-0.001347373821772635,-0.00021444119920488447,65.7522901892662
3500.0,246,4,-3.1325619220733643,-103.39677730949307,-70.4545276052121,0.490234375,0.5715509057044983,14.227347011945835,0.0,0.6506550218340612,-14.905250549316406,-0.0031217485666275024,-0.0004968416760675609,28.37926149368286
3500.0,246,5,-12.976244926452637,-117.21528287965253,-71.55838878834192,0.0,0.07093004882335663,100.0,1.0,1.0,6.9376091957092285,0.001453009550459683,0.00023125363804865628,60.97201257944107
3500.0,246,6,19.32941436767578,-91.0170672015075,-65.54521160067996,3.322265625,6.437831401824951,48.39464692942676,0.0,0.27235772357723576,56.79643630981445,0.011895418167114258,0.00189321453217417,7.447650656104088
3500.0,246,7,7.193506717681885,-89.92349954811198,-67.96793239059605,1.326171875,2.6416001319885254,49.79664564137898,0.0,0.2845528455284553,-11.284041404724121,-0.0023633241653442383,-0.00037613470340147614,37.486571818590164
3500.0,246,8,20.870128631591797,-85.99850165271498,-68.66058905744671,3.322265625,6.944666385650635,52.16090391520309,0.0,0.25609756097560976,-24.225994110107422,-0.005073880311101675,-0.0008075331570580602,17.46058464050293
3500.0,247,0,3.4401583671569824,-100.5574261891529,-75.43998482510383,1.17578125,1.6817123889923096,30.08428446528042,0.0,0.10121457489878538,-58.487632751464844,-0.01224962156265974,-0.0019495878368616104,7.232298143208027
3500.0,247,1,-30.0,-220.0,-71.20725011535896,0.0,0.0014419741928577423,100.0,,0.10212765957446812,0.0,0.0,0.0,1000000000000.0
3500.0,247,2,19.597742080688477,-84.11712237241902,-64.67311805460943,4.81640625,6.525970458984375,26.196321600426486,0.0,0.18623481781376516,-58.08855438232422,-0.012166038155555725,-0.0019362851744517684,7.281985599547625
3500.0,247,3,14.795530319213867,-86.435089579097,-61.18152101473642,3.90234375,4.962014675140381,21.355658830460868,0.0,0.1255060728744939,-8.58080005645752,-0.0017971586203202605,-0.0002860266831703484,49.29610341787338
3500.0,247,4,-9.363600730895996,-103.77709160496488,-70.46056693749982,0.0,0.15805479884147644,100.0,1.0,0.6521739130434783,-19.61066436767578,-0.004107248038053513,-0.0006536887958645821,21.56989648938179
3500.0,247,5,-10.714248657226562,-114.35461538166447,-71.55179250689463,0.0,0.11747565120458603,100.0,1.0,1.0,7.614328384399414,0.0015947413630783558,0.0002538109547458589,55.55316060781479
3500.0,247,6,18.995906829833984,-90.93353684533726,-65.45763175050391,3.90234375,6.328370571136475,38.33572629582592,0.0,0.27125506072874495,56.75897216796875,0.011887572705745697,0.0018919657450169325,7.452566176652908
3500.0,247,7,7.667008876800537,-89.86460230972723,-67.97933434364765,0.490234375,2.774813413619995,82.33270847712801,0.0,0.2834008097165992,-21.248666763305664,-0.0044503104873001575,-0.0007082889205776155,19.907131791114807
3500.0,247,8,23.605037689208984,-85.95973539468056,-68.68447834938937,3.90234375,7.847701072692871,50.274052058650284,0.0,0.25506072874493924,-23.402530670166016,-0.00490141473710537,-0.0007800843450240791,18.074968829751015
3500.0,248,0,3.9644415378570557,-100.57780246491957,-75.46486087491266,1.17578125,1.8038073778152466,34.816695814599974,0.0,0.10080645161290325,-58.48939514160156,-0.012249990366399288,-0.0019496465101838112,7.232080213725567
3500.0,248,1,-30.0,-220.0,-71.24976117222019,0.0,0.0014419741928577423,100.0,,0.10212765957446812,0.0,0.0,0.0,1000000000000.0
3500.0,248,2,21.042184829711914,-84.15366643361364,-64.76957750796541,4.5234375,7.001367568969727,35.39208653966388,0.0,0.18548387096774188,-58.14817810058594,-0.012178527191281319,-0.0019382726168259978,7.274518720805645
3500.0,248,3,23.414348602294922,-86.41277961105035,-61.20054755109192,2.16015625,7.784635543823242,72.25102912217918,0.0,0.125,-8.63004207611084,-0.0018074717372655869,-0.0002876680810004473,49.014825373888016
3500.0,248,4,-8.315315246582031,-103.71387452711363,-70.46687994847026,0.0,0.1983560174703598,100.0,1.0,0.6536796536796536,-20.014575958251953,-0.00419184286147356,-0.0006671525188721716,21.134598180651665
3500.0,248,5,-6.97290563583374,-112.12605411635192,-71.54540010076138,0.0,0.2639656960964203,100.0,1.0,1.0,6.484358787536621,0.0013580810045823455,0.00021614530123770237,65.23390114307404
3500.0,248,6,19.031206130981445,-90.84899743053946,-65.36909011072646,3.90234375,6.339951038360596,38.44836140865403,0.0,0.2701612903225806,56.673187255859375,0.01186960469931364,0.0018891062354668975,7.463847286999226
3500.0,248,7,7.078457355499268,-88.6269188032997,-67.99123630228888,0.490234375,2.609574317932129,81.21400982408234,0.0,0.282258064516129,-23.0604248046875,-0.004829764366149902,-0.0007686808239668608,18.343115225434303
3500.0,248,8,15.694581985473633,-85.90282400990489,-68.70866593020087,4.5234375,5.251992225646973,13.871968851919325,0.0,0.2540322580645161,-23.62369155883789,-0.00494773406535387,-0.0007874564034864306,17.90575310587883
3500.0,249,0,-30.0,-220.0,-75.48965840517693,0.0,0.0014419741928577423,100.0,,0.10080645161290325,0.0,0.0,0.0,1000000000000.0
3500.0,249,1,-30.0,-220.0,-71.29204511408676,0.0,0.0014419741928577423,100.0,,0.10212765957446812,0.0,0.0,0.0,1000000000000.0
3500.0,249,2,20.850427627563477,-84.19019713929015,-64.86490459984009,5.115234375,6.938174724578857,26.274062299425715,0.0,0.18473895582329314,-58.07188415527344,-0.012162547558546066,-0.0019357295241206884,7.284075953066349
3500.0,249,3,25.241086959838867,-86.39139099016816,-61.22250398677149,4.5234375,8.389216423034668,46.080333705782294,0.0,0.12449799196787148,-9.130573272705078,-0.001912302803248167,-0.000304352433886379,46.3278703391552
3500.0,249,4,-7.24107027053833,-103.65149515305913,-70.47346614824417,0.0,0.24944846332073212,100.0,1.0,0.6551724137931034,-20.63669204711914,-0.004322138614952564,-0.0006878897547721863,20.49747109413147
3500.0,249,5,-6.2313385009765625,-107.22107739192833,-71.53921282721448,0.0,0.3081960678100586,100.0,1.0,1.0,6.630637168884277,0.0013887174427509308,0.0002210212405771017,63.79477679729462
3500.0,249,6,16.296545028686523,-90.76342726990137,-65.27956505059466,3.90234375,5.447052001953125,28.35861033453042,0.0,0.26907630522088355,56.59991455078125,0.011854259297251701,0.0018866638420149684,7.473509758710861
3500.0,249,7,9.160545349121094,-88.93357445274466,-68.0036352079924,0.490234375,3.208270311355591,84.71966737762627,0.0,0.2811244979919679,-18.024662017822266,-0.003775076474994421,-0.0006008220952935517,23.46784621477127
3500.0,249,8,22.496112823486328,-85.86587722876237,-68.73314723803666,2.40625,7.481144905090332,67.83580547460409,0.0,0.2530120481927711,-25.11481285095215,-0.005260034464299679,-0.0008371604490093887,16.84265024960041
3500.0,250,0,-4.030453681945801,-108.25671159933208,-75.51437895304744,0.0,0.4806014597415924,100.0,1.0,0.10441767068273089,-58.48768615722656,-0.012249632738530636,-0.0019495895830914378,7.232291623950005
3500.0,250,1,-30.0,-220.0,-71.33410700596227,0.0,0.0014419741928577423,100.0,,0.10212765957446812,0.0,0.0,0.0,1000000000000.0
3500.0,250,2,23.83550262451172,-83.97582151312639,-64.95913677990025,4.81640625,7.923935890197754,39.21699624099559,0.0,0.18400000000000005,-58.13494873046875,-0.012175755575299263,-0.0019378316355869174,7.276174146682024
3500.0,250,3,23.531492233276367,-86.32081300605968,-61.24736967607726,5.33203125,7.823375701904297,31.844878053061876,0.0,0.124,-10.418228149414062,-0.002181988675147295,-0.0003472742682788521,40.60191288590431
3500.0,250,4,-3.2782480716705322,-107.18583746883198,-70.48032692646146,0.0,0.5558982491493225,100.0,1.0,0.6566523605150214,-17.36492919921875,-0.0036369021981954575,-0.0005788310081698,24.3594441562891
3500.0,250,5,-0.4699638783931732,-107.15391381701251,-71.53323366952223,0.490234375,0.9240514039993286,46.94728314049982,0.0,0.975609756097561,7.348261833190918,0.0015390163753181696,0.0002449420571792871,57.5646348297596
3500.0,250,6,16.352554321289062,-90.67684953056073,-65.18904458214007,3.029296875,5.465232849121094,44.57149478110224,0.0,0.268,56.52758026123047,0.011839108541607857,0.001884252647869289,7.4830730445683
3500.0,250,7,11.463743209838867,-89.096205333024,-68.01653146249046,0.6015625,3.9076545238494873,84.60553520459653,0.0,0.28,-16.506574630737305,-0.0034571290016174316,-0.000550219148863107,25.626152753829956
3500.0,250,8,14.409616470336914,-85.88391022821277,-68.75792035348306,0.0,4.838111877441406,100.0,1.0,0.256,-25.33363151550293,-0.005305863451212645,-0.0008444543927907944,16.697172075510025
3500.0,251,0,-4.123488426208496,-108.27678715641014,-75.5390221487936,0.0,0.47191229462623596,100.0,1.0,0.10799999999999998,-58.4932746887207,-0.012250803411006927,-0.001949775847606361,7.23160058259964
3500.0,251,1,-30.0,-220.0,-71.37594704141746,0.0,0.0014419741928577423,100.0,,0.10212765957446812,0.0,0.0,0.0,1000000000000.0
3500.0,251,2,24.593168258666992,-84.01175599376009,-65.05228861941924,5.5546875,8.174674987792969,32.05005081798761,0.0,0.18326693227091628,-58.16044616699219,-0.012181095778942108,-0.0019386815838515759,7.272984366863966
3500.0,251,3,21.920743942260742,-86.16212472823688,-61.275067626083704,4.81640625,7.291154861450195,33.941791917418875,0.0,0.12350597609561753,-12.244873046875,-0.0025645603891462088,-0.0004081624501850456,34.54507142305374
3500.0,251,4,-3.7924041748046875,-107.09039240856737,-70.48745877424102,0.490234375,0.5034496188163757,2.62493868749869,0.0,0.6538461538461539,-16.977054595947266,-0.003555666422471404,-0.0005659018061123788,24.91598390042782
3500.0,251,5,-5.253525733947754,-109.17258903360644,-71.52746216795418,0.0,0.3766193091869354,100.0,1.0,0.9761904761904762,6.724308013916016,0.0014083358692005277,0.0002241436013719067,62.90610134601593
3500.0,251,6,15.242451667785645,-90.58919861407486,-65.09750071020727,3.029296875,5.105945587158203,40.67118767150818,0.0,0.26693227091633465,56.51096725463867,0.011835629120469093,0.00188369897659868,7.485272828489542
3500.0,251,7,13.353363990783691,-88.84624157252502,-68.02991619148938,1.02734375,4.501053333282471,77.17548151666108,0.0,0.2788844621513944,-11.358837127685547,-0.002378989476710558,-0.0003786279121413827,37.23972663283348
3500.0,251,8,21.247833251953125,-85.78839077488192,-68.7829754610676,1.9140625,7.0691609382629395,72.92376681311869,0.0,0.2549800796812749,-25.909442901611328,-0.0054264613427221775,-0.0008636480779387057,16.326094046235085
3500.0,252,0,-4.12898588180542,-108.29677819966244,-75.5635865234359,0.0,0.471403032541275,100.0,1.0,0.11155378486055778,-58.48825454711914,-0.012249751947820187,-0.0019496085587888956,7.232221309095621
3500.0,252,1,-30.0,-220.0,-71.4175633162071,0.0,0.0014419741928577423,100.0,,0.10212765957446812,0.0,0.0,0.0,1000000000000.0
3500.0,252,2,25.281002044677734,-84.04754409662772,-65.14436831521664,5.5546875,8.402436256408691,33.89194121212954,0.0,0.18253968253968256,-58.14002990722656,-0.012176820077002048,-0.0019380010198801756,7.275538053363562
3500.0,252,3,24.188358306884766,-86.03423754905458,-61.305506440187344,4.5234375,8.040688514709473,43.74315717211387,0.0,0.12301587301587302,-13.148168563842773,-0.0027537462301552296,-0.00043827228364534676,32.17178210616112
3500.0,252,4,-4.098351955413818,-103.01912254338623,-70.49485706623346,0.0,0.4742467999458313,100.0,1.0,0.6553191489361703,-16.70989990234375,-0.003499713260680437,-0.0005569966742768884,25.3143347799778
3500.0,252,5,-5.079590797424316,-109.12801295592166,-71.52189740454673,0.0,0.3901010751724243,100.0,1.0,0.9767441860465116,6.099979877471924,0.0012775768991559744,0.00020333266002126038,69.34449076652527
3500.0,252,6,16.04208755493164,-90.5003933924063,-65.00490427229826,2.73046875,5.364516258239746,49.10130534498657,0.0,0.2658730158730159,56.58454895019531,0.01185104064643383,0.0018861516145989299,7.475539110600948
3500.0,252,7,30.0,-85.69251243243714,-68.04377840186424,1.326171875,9.967226028442383,86.69467441376719,0.0,0.2777777777777778,-13.137002944946289,-0.0027514074463397264,-0.00043790010386146605,32.19912573695183
3500.0,252,8,18.487409591674805,-85.75599462635591,-68.80830068856164,3.609375,6.161679267883301,41.422218796534096,0.0,0.25396825396825395,-26.158294677734375,-0.005478580482304096,-0.000871943193487823,16.17077924311161
3500.0,253,0,-4.084795951843262,-108.31674584303346,-75.58807478301705,0.0,0.4755098819732666,100.0,1.0,0.11507936507936511,-58.4891357421875,-0.01224993634968996,-0.001949637895449996,7.232112344354391
3500.0,253,1,-30.0,-220.0,-71.45896312044235,0.0,0.0014419741928577423,100.0,,0.10212765957446812,0.0,0.0,0.0,1000000000000.0
3500.0,253,2,24.74556541442871,-84.08357438923149,-65.23541829149761,5.5546875,8.225128173828125,32.466857870073206,0.0,0.18181818181818177,-58.166873931884766,-0.012182442471385002,-0.0019388957880437374,7.272180635482073
3500.0,253,3,25.61575698852539,-85.88632236020902,-61.33866116517301,5.115234375,8.513323783874512,39.91495560536524,0.0,0.12252964426877466,-13.508321762084961,-0.0028291763737797737,-0.0004502774099819362,31.314030289649963
3500.0,253,4,-2.3901560306549072,-102.96208478497033,-70.50252433545779,0.490234375,0.656950056552887,25.377223106984502,0.0,0.652542372881356,-17.959781646728516,-0.003761488012969494,-0.0005986593896523118,23.552624508738518
3500.0,253,5,-4.678165435791016,-109.08420912636694,-71.5165428651122,0.0,0.42282721400260925,100.0,1.0,0.9772727272727273,6.217787742614746,0.0013022504281252623,0.00020725959620904177,68.03062558174133
3500.0,253,6,16.878334045410156,-90.41047271104932,-64.91124242494048,3.029296875,5.636165142059326,46.252517471601905,0.0,0.2648221343873518,56.61615753173828,0.011857661418616772,0.0018872052896767855,7.471365388482809
3500.0,253,7,23.8689022064209,-85.65721063296662,-68.05812047030838,5.5546875,7.934985160827637,29.997506140003495,0.0,0.27667984189723316,-13.192513465881348,-0.0027630336116999388,-0.00043975046719424427,32.06364065408707
3500.0,253,8,17.87155532836914,-85.7225199638688,-68.83389668877183,2.73046875,5.9601640701293945,54.18802707656466,0.0,0.25296442687747034,-26.115461349487305,-0.005469609517604113,-0.0008705153595656157,16.19730144739151
3500.0,254,0,-4.135396957397461,-108.33649992513708,-75.61248614684828,0.0,0.4708097577095032,100.0,1.0,0.11857707509881421,-58.489341735839844,-0.012249979190528393,-0.0019496447639539838,7.2320871986448765
3500.0,254,1,-30.0,-220.0,-71.50014578521893,0.0,0.0014419741928577423,100.0,,0.10212765957446812,0.0,0.0,0.0,1000000000000.0
3500.0,254,2,24.087543487548828,-84.11969406009099,-65.32544909054747,5.5546875,8.007326126098633,30.629932982305274,0.0,0.18110236220472442,-58.164817810058594,-0.012182011269032955,-0.0019388273358345032,7.272437680512667
3500.0,254,3,24.009618759155273,-85.73350220101746,-61.37443542097407,5.5546875,7.981542587280273,30.40584023378906,0.0,0.1220472440944882,-14.753286361694336,-0.0030899210833013058,-0.0004917762125842273,28.67157757282257
3500.0,254,4,-5.537053108215332,-103.79876325328414,-70.5104563724457,0.0,0.3555169105529785,100.0,1.0,0.6540084388185654,-27.91451644897461,-0.005846403073519468,-0.0009304839186370373,15.15340618789196
3500.0,254,5,-12.249921798706055,-116.52838118645724,-71.51139768618546,0.0,0.08347518742084503,100.0,1.0,0.9777777777777777,3.7211079597473145,0.0007793470285832882,0.00012403693108353764,113.67582529783249
3500.0,254,6,16.86391258239746,-90.31936595230837,-64.81648351313709,3.322265625,5.631470680236816,41.00536407551196,0.0,0.2637795275590551,56.644466400146484,0.0118635892868042,0.0018881489522755146,7.467631716281176
3500.0,254,7,16.514867782592773,-85.52249840213003,-68.07293209760365,3.90234375,5.517954349517822,29.27915849211402,0.0,0.2755905511811023,-13.873014450073242,-0.0029055573977530003,-0.0004624338180292398,30.490851029753685
3500.0,254,8,19.682218551635742,-85.68982156179692,-68.85975280504164,2.73046875,6.5537309646606445,58.337185875902286,0.0,0.25196850393700787,-27.222688674926758,-0.00570150651037693,-0.0009074229747056961,15.53850993514061
3500.0,255,0,-4.086964130401611,-108.35652648632964,-75.63682207739959,0.0,0.4753075838088989,100.0,1.0,0.1220472440944882,-58.49079132080078,-0.012250282801687717,-0.001949693076312542,7.231907919049263
3500.0,255,1,-30.0,-220.0,-71.54111566429577,0.0,0.0014419741928577423,100.0,,0.10212765957446812,0.0,0.0,0.0,1000000000000.0
3500.0,255,2,23.840429306030273,-84.15586674465612,-65.41449005329892,5.5546875,7.925565719604492,29.914309003077776,0.0,0.18039215686274512,-58.193599700927734,-0.012188039720058441,-0.001939786714501679,7.268840912729502
3500.0,255,3,19.63862419128418,-85.5967555711537,-61.412771008736435,5.115234375,6.539404392242432,21.778283339257886,0.0,0.1215686274509804,-16.927133560180664,-0.0035452106967568398,-0.0005642377655021846,24.98946525156498
3500.0,255,4,-5.273297309875488,-103.76251546054475,-70.51865317275097,0.0,0.3751128911972046,100.0,1.0,0.6554621848739496,-28.15447998046875,-0.005896660499274731,-0.0009384826989844441,15.024252235889435
3500.0,255,5,-12.402003288269043,-116.6147063760821,-71.50646369990218,0.0,0.08068148046731949,100.0,1.0,0.9782608695652174,3.4913649559020996,0.0007312297821044922,0.00011637883289949968,121.15605920553207
3500.0,255,6,17.411605834960938,-90.22705807747903,-64.72060650335956,3.322265625,5.809958457946777,42.817738731748534,0.0,0.26274509803921564,56.64756774902344,0.01186423934996128,0.001888252329081297,7.467222865670919
3500.0,255,7,17.24416732788086,-85.47821751373203,-68.08821080974971,2.16015625,5.755346775054932,62.466966206751586,0.0,0.27450980392156865,-13.643380165100098,-0.0028574629686772823,-0.00045477933599613607,31.0040470212698
3500.0,255,8,14.016369819641113,-85.57764450430517,-68.88586562007768,3.322265625,4.712250709533691,29.497265112009284,0.0,0.25098039215686274,-26.235633850097656,-0.005494778510183096,-0.0008745211525820196,16.12311042845249
3500.0,256,0,-4.255768775939941,-108.37625986327805,-75.66108244699232,0.0,0.45978671312332153,100.0,1.0,0.12549019607843137,-58.48250961303711,-0.012248548679053783,-0.0019494170555844903,7.232931908220053
3500.0,256,1,-30.0,-220.0,-71.58187392621532,0.0,0.0014419741928577423,100.0,,0.10212765957446812,0.0,0.0,0.0,1000000000000.0
3500.0,256,2,21.449472427368164,-84.19220834174398,-65.50255978545911,5.5546875,7.13565731048584,22.155909984110455,0.0,0.1796875,-58.17254638671875,-0.012183629907667637,-0.0019390848465263844,7.271471433341503
3500.0,256,3,18.964855194091797,-85.50285458784836,-61.453589069078085,3.90234375,6.318183422088623,38.23630165029319,0.0,0.12109375,-17.230186462402344,-0.003608682192862034,-0.0005743395304307342,24.5499387383461
3500.0,256,4,-4.566101551055908,-103.72725187610143,-70.52711283453553,0.0,0.4323756992816925,100.0,1.0,0.6569037656903766,-28.373214721679688,-0.005942472256720066,-0.000945773848798126,14.908427372574806
3500.0,256,5,-12.40406322479248,-116.70653350385288,-71.50174183074114,0.0,0.08064424991607666,100.0,1.0,0.9787234042553191,3.276265859603882,0.0006861795554868877,0.00010920886415988207,129.1104108095169
3500.0,256,6,16.47487449645996,-90.13353041762853,-64.62358826762906,3.609375,5.504960060119629,34.43412921107435,0.0,0.26171875,56.63530731201172,0.011861670762300491,0.0018878435948863626,7.468839175999165
3500.0,256,7,25.142807006835938,-85.1390212067159,-68.10395054758925,2.40625,8.356668472290039,71.20563047368806,0.0,0.2734375,-14.41994571685791,-0.0030201063491404057,-0.00048066486488096416,29.33436818420887
3500.0,256,8,18.758325576782227,-85.53641181377374,-68.91222824719733,1.9140625,6.250456809997559,69.3772382053985,0.0,0.25,-27.17879867553711,-0.0056923143565654755,-0.000905959983356297,15.5636016279459
3500.0,257,0,-4.152805328369141,-108.39606459960154,-75.68526870012079,0.0,0.46920180320739746,100.0,1.0,0.12890625,-58.487220764160156,-0.012249534949660301,-0.0019495740998536348,7.232349365949631
3500.0,257,1,-30.0,-220.0,-71.6224244694926,0.0,0.0014419741928577423,100.0,,0.10212765957446812,0.0,0.0,0.0,1000000000000.0
3500.0,257,2,20.259437561035156,-84.22869304112115,-65.5896829502407,5.33203125,6.743566036224365,20.931578020323872,0.0,0.17898832684824906,-58.1768798828125,-0.012184537947177887,-0.0019392293179407716,7.270929869264364
3500.0,257,3,25.931955337524414,-85.36757551540828,-61.4968138558605,3.609375,8.618085861206055,58.11860013779339,0.0,0.12062256809338523,-17.76471710205078,-0.0037206339184194803,-0.000592157244682312,23.81124347448349
3500.0,257,4,-3.7440648078918457,-103.69302384371424,-70.53583429252885,0.490234375,0.5081986784934998,3.5348977188907726,0.0,0.6541666666666667,-28.61620330810547,-0.005993363447487354,-0.000953873444814235,14.781835488975048
3500.0,257,5,-11.924480438232422,-116.80453070829194,-71.49723297018448,0.0,0.08977268636226654,100.0,1.0,0.9791666666666666,3.0409348011016846,0.0006368919275701046,0.0001013644941849634,139.10196721553802
3500.0,257,6,17.041515350341797,-90.03873517446671,-64.52540066165275,3.322265625,5.689302444458008,41.60504460021731,0.0,0.2607003891050583,56.50537872314453,0.011834459379315376,0.001883512595668435,7.486013229936361
3500.0,257,7,26.565763473510742,-85.1235803723757,-68.12014677484505,4.5234375,8.828133583068848,48.76111176347248,0.0,0.27237354085603116,-15.721602439880371,-0.0032927249558269978,-0.0005240534082986414,26.90565399825573
3500.0,257,8,9.656855583190918,-85.5371890253326,-68.9388360016577,0.0,3.356184720993042,100.0,1.0,0.2529182879377432,-24.238948822021484,-0.005076593719422817,-0.0008079649414867163,17.451252788305283
3500.0,258,0,-4.290650367736816,-108.41587914246355,-75.7093795882837,0.0,0.45663362741470337,100.0,1.0,0.13229571984435795,-58.479408264160156,-0.012247898615896702,-0.001949313678778708,7.233315613120794
3500.0,258,1,-30.0,-220.0,-71.66276593376585,0.0,0.0014419741928577423,100.0,,0.10212765957446812,0.0,0.0,0.0,1000000000000.0
3500.0,258,2,17.46552276611328,-84.26510021228735,-65.67586793725616,5.115234375,5.827552318572998,12.223278396021753,0.0,0.17829457364341084,-58.197025299072266,-0.012188756838440895,-0.0019399009179323912,7.268412970006466
3500.0,258,3,20.705671310424805,-85.23819394099095,-61.54233982817432,5.5546875,6.890486717224121,19.386137322999687,0.0,0.12015503875968991,-20.294189453125,-0.004250405356287956,-0.0006764729623682797,20.84340527653694
3500.0,258,4,-3.446934700012207,-103.65958671424977,-70.54481335855905,0.490234375,0.5382152795791626,8.914816505521639,0.0,0.6514522821576764,-28.832090377807617,-0.006038579158484936,-0.0009610697161406279,14.671153388917446
3500.0,258,5,-12.399781227111816,-116.90874187187751,-71.49293653306128,0.0,0.08072163909673691,100.0,1.0,0.9795918367346939,2.824903964996338,0.0005916465306654572,9.416346438229084e-05,149.739608168602
3500.0,258,6,15.030729293823242,-89.94261310740464,-64.42601202253371,3.609375,5.037703990936279,28.35277724745431,0.0,0.2596899224806202,56.38652420043945,0.01180956605821848,0.0018795508658513427,7.501792628318071
3500.0,258,7,24.927791595458984,-85.0919478691419,-68.13678913507903,5.115234375,8.2854642868042,38.262549955749,0.0,0.2713178294573644,-15.317525863647461,-0.003208095207810402,-0.000510584213770926,27.61542610824108
3500.0,258,8,17.76650047302246,-85.50807877555863,-68.96567846693395,0.876953125,5.925832748413086,85.20118332339291,0.0,0.25193798449612403,-28.583759307861328,-0.00598656851798296,-0.0009527920046821237,14.798613265156746
3500.0,259,0,-4.170928478240967,-108.4354133671745,-75.73341688357489,0.0,0.4675329327583313,100.0,1.0,0.1356589147286822,-58.48162841796875,-0.01224836427718401,-0.001949387602508068,7.233040872961283
3500.0,259,1,-30.0,-220.0,-71.70290310943525,0.0,0.0014419741928577423,100.0,,0.10212765957446812,0.0,0.0,0.0,1000000000000.0
3500.0,259,2,16.402982711791992,-84.29432109867892,-65.76114277031579,4.212890625,5.481607913970947,23.144984261595468,0.0,0.17760617760617758,-57.59609603881836,-0.01206289790570736,-0.0019198699155822396,7.3442477732896805
3500.0,259,3,23.302383422851562,-85.11472012002763,-61.59009945538954,4.212890625,7.747612476348877,45.62336929136964,0.0,0.11969111969111967,-20.47020721435547,-0.004287269897758961,-0.0006823402363806963,20.66417783498764
3500.0,259,4,-3.262601137161255,-103.62716535114424,-70.5540501478128,0.0,0.5575623512268066,100.0,1.0,0.6528925619834711,-29.06627082824707,-0.006087625864893198,-0.0009688757127150893,14.552950859069824
3500.0,259,5,-12.339994430541992,-117.01983926541703,-71.48885433235992,0.0,0.081809401512146,100.0,1.0,0.98,2.593402147293091,0.0005431608879007399,8.64467365317978e-05,163.10621798038483
3500.0,259,6,14.221587181091309,-89.8451608495291,-64.32539804170224,3.029296875,4.77787971496582,36.597464655476976,0.0,0.2586872586872587,56.11776351928711,0.011753277853131294,0.001870592124760151,7.537720259279013
3500.0,259,7,20.158891677856445,-85.03617344159503,-68.15387523588615,4.5234375,6.710481643676758,32.59146302467863,0.0,0.2702702702702703,-19.061687469482422,-0.003992270678281784,-0.000635389587841928,22.191110998392105
3500.0,259,8,11.189492225646973,-85.4649835029882,-68.99275296730673,2.56640625,3.822802782058716,32.86584748643773,0.0,0.250965250965251,-26.773818969726562,-0.005607495550066233,-0.0008924606372602284,15.799015760421753
3500.0,260,0,-4.257906913757324,-108.45521359618314,-75.75737994478371,0.0,0.4595928490161896,100.0,1.0,0.13899613899613905,-58.49301528930664,-0.012250748462975025,-0.0019497672328725457,7.231632713228464
3500.0,260,1,-30.0,-220.0,-71.74283597983657,0.0,0.0014419741928577423,100.0,,0.10212765957446812,0.0,0.0,0.0,1000000000000.0
3500.0,260,2,15.491654396057129,-84.451772103833,-65.84552008613818,3.90234375,5.186390399932861,24.758002211894492,0.0,0.17692307692307696,-59.582618713378906,-0.012478955090045929,-0.0019860872998833656,7.099385838955641
3500.0,260,3,24.022106170654297,-84.99685436863672,-61.6399956673561,5.115234375,7.9856743812561035,35.94486663510313,0.0,0.11923076923076925,-20.635353088378906,-0.004321858286857605,-0.0006878451094962656,20.49880102276802
3500.0,260,4,-2.5247159004211426,-103.59557847938999,-70.56354163763615,0.490234375,0.6407598257064819,23.49171166287106,0.0,0.6502057613168724,-29.317785263061523,-0.006140302866697311,-0.0009772594785317779,14.428102411329746
3500.0,260,5,-12.38355541229248,-117.13813784319296,-71.48498655080361,0.0,0.0810154527425766,100.0,1.0,0.9803921568627451,2.3471531867980957,0.0004915866302326322,7.82384377089329e-05,180.21832406520844
3500.0,260,6,14.8558349609375,-89.74631983445563,-64.22352934674643,2.73046875,4.981409072875977,45.18681943092086,0.0,0.25769230769230766,56.04780960083008,0.011738626286387444,0.0018682603258639574,7.547128479927778
3500.0,260,7,16.822525024414062,-85.05244167392749,-68.17139685005476,3.029296875,5.6180009841918945,46.078740756295176,0.0,0.2692307692307693,-17.463905334472656,-0.003657632041722536,-0.0005821301601827145,24.22138676047325
3500.0,260,8,14.867382049560547,-85.45111431316565,-69.02005125770661,1.17578125,4.985123634338379,76.41420080535177,0.0,0.25,-26.156089782714844,-0.005478118546307087,-0.0008718696772120893,16.172142699360847
3500.0,261,0,-4.2400383949279785,-108.47474242823603,-75.7812715311681,0.0,0.4612146317958832,100.0,1.0,0.14230769230769236,-58.48390579223633,-0.012248841114342213,-0.0019494635052978992,7.2327591478824615
3500.0,261,1,-30.0,-220.0,-71.78257104924606,0.0,0.0014419741928577423,100.0,,0.10212765957446812,0.0,0.0,0.0,1000000000000.0
3500.0,261,2,15.923718452453613,-84.48894212968712,-65.9290310783779,3.609375,5.326162338256836,32.23310198274414,0.0,0.1762452107279694,-58.69567108154297,-0.012293192557990551,-0.0019565224647521973,7.2066644206643105
3500.0,261,3,22.559993743896484,-84.88468864492374,-61.69196454464748,5.33203125,7.5022478103637695,28.927550984996586,0.0,0.11877394636015326,-21.28352928161621,-0.004457612056285143,-0.000709450978320092,19.87452432513237
3500.0,261,4,2.6589720249176025,-103.6318165658048,-70.57328875192728,0.490234375,1.508215308189392,67.49573006333394,0.0,0.6475409836065573,-30.776573181152344,-0.006445830687880516,-0.001025885809212923,13.74422013759613
3500.0,261,5,-12.542949676513672,-117.26387838060032,-71.481335240935,0.0,0.07817359268665314,100.0,1.0,0.9807692307692307,2.1330370903015137,0.00044674225500784814,7.110123988240957e-05,198.3087956905365
3500.0,261,6,17.437639236450195,-89.64607388238613,-64.12037926038869,3.029296875,5.81845235824585,47.936380870990334,0.0,0.2567049808429118,56.237449645996094,0.01177834440022707,0.00187458167783916,7.521678227931261
3500.0,261,7,24.6314640045166,-85.12322643852528,-68.18935301540631,2.40625,8.18735408782959,70.61016325681011,0.0,0.26819923371647514,-17.328536987304688,-0.0036292802542448044,-0.0005776179023087025,24.41060170531273
3500.0,261,8,14.289875030517578,-85.42454908205458,-69.04757251225442,1.9140625,4.799744129180908,60.12157214041656,0.0,0.24904214559386972,-26.857913970947266,-0.005625108722597361,-0.0008952638017944992,15.749547630548477
3500.0,262,0,-4.325254917144775,-108.49417678992899,-75.80508972165157,0.490234375,0.4535238444805145,0.0,0.0,0.14176245210727967,-58.4785270690918,-0.012247714214026928,-0.0019492842257022858,7.233424577862024
3500.0,262,1,-30.0,-220.0,-71.82210567752014,0.0,0.0014419741928577423,100.0,,0.10212765957446812,0.0,0.0,0.0,1000000000000.0
3500.0,262,2,18.28223991394043,-83.92407129382022,-66.0116792802822,3.90234375,6.0944976806640625,35.96939478078861,0.0,0.17557251908396942,-58.25507354736328,-0.012200914323329926,-0.0019418358569964767,7.261170074343681
3500.0,262,3,19.99059295654297,-84.7776180849845,-61.745890244613015,4.81640625,6.655117511749268,27.62853185541979,0.0,0.11832061068702293,-24.619178771972656,-0.00515622878447175,-0.0008206393104046583,17.181726172566414
3500.0,262,4,-5.097505569458008,-103.84578154896401,-70.58328651227336,0.0,0.38869333267211914,100.0,1.0,0.6489795918367347,-29.360124588012695,-0.006149169988930225,-0.0009786707814782858,14.407295733690262
3500.0,262,5,-7.01616096496582,-109.02948423291684,-71.47789944839951,0.0,0.26157304644584656,100.0,1.0,0.9811320754716981,1.909563422203064,0.0003999380278401077,6.365211447700858e-05,221.51660919189453
3500.0,262,6,20.115942001342773,-89.54435351671792,-64.01591244467483,3.90234375,6.69635009765625,41.7243170818408,0.0,0.2557251908396947,56.28712463378906,0.0117887482047081,0.0018762374529615045,7.515040226280689
3500.0,262,7,26.994705200195312,-84.97657084959963,-68.20773187552328,4.5234375,8.97032642364502,49.573323351125744,0.0,0.26717557251908397,-16.570438385009766,-0.0034705044236034155,-0.0005523479776456952,25.527387857437134
3500.0,262,8,12.901318550109863,-85.39869791062657,-69.0753053432905,1.9140625,4.3578596115112305,56.07792194718645,0.0,0.24809160305343514,-29.652469635009766,-0.006210398860275745,-0.0009884156752377748,14.265254139900208
3500.0,263,0,-4.228516578674316,-108.51370645201752,-75.82883532467108,0.0,0.4622630178928375,100.0,1.0,0.14503816793893132,-58.47935485839844,-0.012247887440025806,-0.0019493118161335588,7.233322132378817
3500.0,263,1,-30.0,-220.0,-71.86144253311838,0.0,0.0014419741928577423,100.0,,0.10212765957446812,0.0,0.0,0.0,1000000000000.0
3500.0,263,2,19.645105361938477,-83.96282537576081,-66.0934837141939,4.5234375,6.541533946990967,30.85050789836945,0.0,0.17490494296577952,-58.22568130493164,-0.012194758281111717,-0.0019408561056479812,7.264835759997368
3500.0,263,3,24.934810638427734,-84.67550253935146,-61.80168649673537,3.90234375,8.287789344787598,52.914539841021856,0.0,0.11787072243346008,-23.392913818359375,-0.004899400286376476,-0.0007797637954354286,18.082398921251297
3500.0,263,4,1.946639895439148,-103.18026362340653,-70.59353331787656,0.490234375,1.3592621088027954,63.93378644007179,0.0,0.6463414634146342,-30.05780029296875,-0.0062952907755970955,-0.001001926721073687,14.072886668145657
3500.0,263,5,-6.700673580169678,-108.97617539908714,-71.47467990976583,0.0,0.2794868052005768,100.0,1.0,0.9814814814814815,1.6794908046722412,0.0003517517470754683,5.5983025958994403e-05,251.8620491027832
3500.0,263,6,20.557098388671875,-89.4411278133124,-63.9100967732553,4.5234375,6.841555118560791,33.88290495931044,0.0,0.2547528517110266,56.265907287597656,0.011784304864704609,0.0018755302298814058,7.517874240875244
3500.0,263,7,25.284154891967773,-84.93824424366751,-68.22652780327333,5.33203125,8.403481483459473,36.549735243720015,0.0,0.26615969581749055,-18.654436111450195,-0.0039069764316082,-0.0006218145717866719,22.675571963191032
3500.0,263,8,8.030324935913086,-85.37051339440795,-69.10324462702948,1.4765625,2.8784871101379395,48.70352224960139,0.0,0.24714828897338403,-22.66575050354004,-0.004747103899717331,-0.0007555250194855034,18.66251975297928
3500.0,264,0,-4.399730682373047,-108.53761606424365,-75.85193295200905,0.0,0.4468919634819031,100.0,1.0,0.14828897338403046,-53.32504653930664,-0.011168371886014938,-0.001777501543983817,7.932482287287712
3500.0,264,1,-30.0,-220.0,-71.89974377890552,0.0,0.0014419741928577423,100.0,,0.10212765957446812,0.0,0.0,0.0,1000000000000.0
3500.0,264,2,20.04356575012207,-84.02981705900902,-66.1733598965555,5.115234375,6.672541618347168,23.339041289230998,0.0,0.1742424242424242,-52.8164176940918,-0.01106184534728527,-0.0017605472821742296,8.008873090147972
3500.0,264,3,17.619098663330078,-84.6439554094212,-61.86123159573578,0.0,5.877686023712158,100.0,1.0,0.12121212121212122,-21.718578338623047,-0.0045487284660339355,-0.0007239526021294296,19.47641372680664
3500.0,264,4,1.6190661191940308,-100.62202082842688,-70.60411179467692,0.490234375,1.2938408851623535,62.110149661989965,0.0,0.6437246963562753,-23.513004302978516,-0.0049245525151491165,-0.0007837667944841087,17.990045249462128
3500.0,264,5,-6.444544792175293,-110.63724530504354,-71.47207152859916,0.0,0.29484015703201294,100.0,1.0,0.9818181818181818,1.4637819528579712,0.0003065737837459892,4.8792731831781566e-05,288.9774739742279
3500.0,264,6,16.52255630493164,-89.34668787362584,-63.80820271153612,4.81640625,5.520452499389648,12.753415584455963,0.0,0.2537878787878788,51.79467010498047,0.010847850702702999,0.0017264890484511852,8.166863583028316
3500.0,264,7,18.580503463745117,-84.88458656719361,-68.24588914731125,4.81640625,6.192176818847656,22.217882484558682,0.0,0.26515151515151514,-17.660585403442383,-0.0036988244391977787,-0.0005886862054467201,23.951642215251923
3500.0,264,8,16.6259708404541,-85.3830742265187,-69.13114219613612,0.740234375,5.5540666580200195,86.67220938137088,0.0,0.24621212121212122,-25.75366973876953,-0.005393835715949535,-0.0008584556635469198,16.424844041466713
3500.0,265,0,-4.2681565284729,-108.56143488919793,-75.86990110880184,0.0,0.45866483449935913,100.0,1.0,0.1515151515151515,-35.93233108520508,-0.007525650318711996,-0.0011977443937212229,11.772127822041512
3500.0,265,1,-30.0,-220.0,-71.92961041193729,0.0,0.0014419741928577423,100.0,,0.10212765957446812,0.0,0.0,0.0,1000000000000.0
3500.0,265,2,19.8564453125,-84.1133294631082,-66.23603948462494,5.115234375,6.611003875732422,22.62545188066023,0.0,0.17358490566037732,-35.000606536865234,-0.0073305098339915276,-0.0011666868813335896,12.085504829883575
3500.0,265,3,24.97563362121582,-84.69179628656633,-61.91243338592844,3.029296875,8.30130672454834,63.508192438645025,0.0,0.12075471698113205,-13.582672119140625,-0.002844748320057988,-0.0004527557466644794,31.142620369791985
3500.0,265,4,-0.032800182700157166,-101.86617397548765,-70.61290256464552,0.490234375,0.9945622682571411,50.70852870186995,0.0,0.6411290322580645,-12.857314109802246,-0.0026928295847028494,-0.00042857712833210826,32.899562269449234
3500.0,265,5,-5.719025611877441,-110.6165061243425,-71.47053954409972,0.0,0.34252849221229553,100.0,1.0,0.9821428571428571,1.1685056686401367,0.00024473125813528895,3.895019108313136e-05,362.00082302093506
3500.0,265,6,9.918672561645508,-89.28030492952905,-63.73091610815778,0.0,3.434892177581787,100.0,1.0,0.2566037735849057,35.992149353027344,0.007538178004324436,0.0011997383553534746,11.752563528716564
3500.0,265,7,20.77353286743164,-85.2673485609037,-68.26194553313125,2.73046875,6.912841320037842,60.50149824667097,0.0,0.26415094339622647,-10.682777404785156,-0.0022373958490788937,-0.00035609258338809013,39.596445858478546
3500.0,265,8,14.200260162353516,-85.41744083237094,-69.15351674089308,2.5703125,4.771054267883301,46.126948978504686,0.0,0.24528301886792447,-15.44070053100586,-0.0032338928431272507,-0.0005146900075487792,27.395131066441536
3500.0,266,0,-4.315801620483398,-108.57391242301486,-75.88045805320186,0.0,0.4543716311454773,100.0,1.0,0.15471698113207544,-15.263764381408691,-0.0031968355178833008,-0.0005087921745143831,27.712691575288773
3500.0,266,1,-30.0,-220.0,-71.94709669709823,0.0,0.0014419741928577423,100.0,,0.10212765957446812,0.0,0.0,0.0,1000000000000.0
3500.0,266,2,19.86344337463379,-84.15159382698826,-66.27238825939205,5.115234375,6.61330509185791,22.65237571909826,0.0,0.17293233082706772,-14.34774398803711,-0.003004984464496374,-0.000478258152725175,29.48198653757572
3500.0,266,3,24.129623413085938,-84.69794912670264,-61.94173522413092,5.33203125,8.021251678466797,33.52619436796953,0.0,0.12030075187969924,-4.762630939483643,-0.0009974830318242311,-0.00015875436656642705,88.81645649671555
3500.0,266,4,-0.2607894241809845,-101.86082680486395,-70.61801738792647,0.490234375,0.957334041595459,48.79171180594468,0.0,0.6385542168674698,-4.852021217346191,-0.0010162049438804388,-0.0001617340458324179,87.18016743659973
3500.0,266,5,-5.698882579803467,-110.60069372656687,-71.4695793136203,0.0,0.34394529461860657,100.0,1.0,0.9824561403508771,0.7258369326591492,0.0001520189398434013,2.4194565412472002e-05,582.7755331993103
3500.0,266,6,10.897150993347168,-89.23792241128947,-63.684132717236146,1.6953125,3.7327706813812256,54.582998938132235,0.0,0.2556390977443609,16.38262176513672,0.003431168384850025,0.0005460873944684863,25.820042937994003
3500.0,266,7,24.907556533813477,-85.28290726534983,-68.27127407818725,3.322265625,8.278763771057129,59.87002749595578,0.0,0.26315789473684215,-4.333955764770508,-0.000907701556570828,-0.0001444652007194236,97.60136902332306
3500.0,266,8,6.601766586303711,-85.4308593888972,-69.16657380321439,1.9140625,2.4783873558044434,22.769840819385266,0.0,0.2443609022556391,-6.083787441253662,-0.0012741854880005121,-0.00020279291493352503,69.52905654907227
3500.0,267,0,-4.305577278137207,-108.57389292669251,-75.8836435001333,0.490234375,0.45528995990753174,0.0,0.0,0.15413533834586468,-0.46150344610214233,-9.665705874795094e-05,-1.5383448044303805e-05,916.5695309638977
3500.0,267,1,-30.0,-220.0,-71.95228716320086,0.0,0.0014419741928577423,100.0,,0.10212765957446812,0.0,0.0,0.0,1000000000000.0
3500.0,267,2,20.38880729675293,-84.1418743672273,-66.2827010233461,5.115234375,6.78614616394043,24.62239610781094,0.0,0.17228464419475653,0.0753261148929596,1.5776266081957147e-05,2.5108704448939534e-06,5615.582466125488
3500.0,267,3,26.114910125732422,-84.65285069032015,-61.948143790631384,5.115234375,8.6787109375,41.05997524473951,0.0,0.11985018726591756,0.8396701812744141,0.00017586012836545706,2.7989006412099116e-05,503.7692189216614
3500.0,267,4,-1.5255440473556519,-101.84572306657223,-70.61931399771564,0.490234375,0.7687510251998901,36.22975984031637,0.0,0.636,0.16609779000282288,3.478743747109547e-05,5.536593107535737e-06,2546.6926097869873
3500.0,267,5,-5.643187999725342,-110.58819464439233,-71.46905381371683,0.0,0.3478895425796509,100.0,1.0,0.9827586206896551,0.26906806230545044,5.635348497889936e-05,8.968935617303941e-06,1572.0930099487305
3500.0,267,6,10.733983039855957,-89.21940543321534,-63.6678684811119,1.9140625,3.6827163696289062,48.02579650756886,0.0,0.25468164794007486,1.5568175315856934,0.00032605911837890744,5.189391958992928e-05,271.7081606388092
3500.0,267,7,25.637535095214844,-85.26288450891963,-68.27363727174193,4.81640625,8.520539283752441,43.47298815716677,0.0,0.26217228464419473,0.33926504850387573,7.105551048880443e-05,1.1308835382806137e-05,1246.8128204345703
3500.0,267,8,7.064811706542969,-85.41325430222116,-69.17019189676296,0.6015625,2.605785369873047,76.91434962545254,0.0,0.24344569288389517,0.09558384120464325,2.0019033399876207e-05,3.18612796945672e-06,4425.434112548828
3500.0,268,0,-4.280458450317383,-108.57013897296122,-75.88277780518902,0.0,0.45755308866500854,100.0,1.0,0.1573033707865169,4.118034839630127,0.0008624792098999023,0.00013726782344747335,102.71889716386795
3500.0,268,1,-30.0,-220.0,-71.9507882466603,0.0,0.0014419741928577423,100.0,,0.10212765957446812,0.0,0.0,0.0,1000000000000.0
3500.0,268,2,20.75965118408203,-84.12163978417999,-66.2792243595753,5.33203125,6.908268451690674,22.816675592635928,0.0,0.17164179104477617,4.383118629455566,0.0009179982589557767,0.0001461039501009509,96.50663286447525
3500.0,268,3,26.2154483795166,-84.61462445666939,-61.94372898855324,5.5546875,8.712027549743652,36.24116236680812,0.0,0.11940298507462688,2.2682857513427734,0.00047506869304925203,7.560952508356422e-05,186.4844411611557
3500.0,268,4,-1.8543754816055298,-101.83540697287137,-70.61868601618605,0.490234375,0.7246265411376953,32.346616198971866,0.0,0.6334661354581673,1.334396481513977,0.00027947535272687674,4.447988249012269e-05,316.997230052948
3500.0,268,5,-5.647542953491211,-110.58334865614091,-71.46893552131056,0.0,0.3475796580314636,100.0,1.0,0.9830508474576272,0.05541767179965973,1.1606650332396384e-05,1.847255703069095e-06,7632.944583892822
3500.0,268,6,9.964757919311523,-89.21837012598665,-63.67006385233761,1.9140625,3.4487929344177246,44.50050970302281,0.0,0.25373134328358204,-3.336650848388672,-0.0006988265668042004,-0.000111221699626185,126.77383422851562
3500.0,268,7,25.631498336791992,-84.96279275959138,-68.2724927967412,5.115234375,8.518539428710938,39.95174386633015,0.0,0.26119402985074625,1.5619659423828125,0.0003271374152973294,5.206553032621741e-05,270.8125710487366
3500.0,268,8,5.770671367645264,-85.3958424281767,-69.16885313643073,0.6015625,2.2558951377868652,73.3337560809604,0.0,0.2425373134328358,2.32845401763916,0.00048767030239105225,7.761513552395627e-05,181.6655993461609
3500.0,269,0,-4.060600280761719,-108.5668761234177,-75.88101283475584,0.490234375,0.47777122259140015,0.0,0.0,0.15671641791044777,4.216607093811035,0.0008831241284497082,0.00014055357314646244,100.31762719154358
3500.0,269,1,-30.0,-220.0,-71.94783877019782,0.0,0.0014419741928577423,100.0,,0.10212765957446812,0.0,0.0,0.0,1000000000000.0
3500.0,269,2,21.60348129272461,-84.10807174368875,-66.27294805224523,5.5546875,7.186460971832275,22.706217681110363,0.0,0.17100371747211895,4.341128349304199,0.0009092038962990046,0.00014470427413471043,97.44010865688324
3500.0,269,3,22.153242111206055,-84.59769324972217,-61.93795735543566,5.5546875,7.367908477783203,24.60971092747274,0.0,0.1189591078066915,2.077787399291992,0.00043517083395272493,6.925957859493792e-05,203.58194410800934
3500.0,269,4,3.217163324356079,-101.83178860670354,-70.61773925215094,0.490234375,1.6311365365982056,69.94522751465051,0.0,0.6309523809523809,1.7076507806777954,0.000357649551006034,5.69216936128214e-05,247.7087378501892
3500.0,269,5,-5.700133800506592,-110.58337962312015,-71.46901035970166,0.0,0.343857079744339,100.0,1.0,0.9833333333333333,-0.015833619982004166,-3.316185711810249e-06,-5.277873356135387e-07,26715.307235717773
3500.0,269,6,10.711997985839844,-89.22358126420721,-63.677232136108124,1.6953125,3.675983190536499,53.88138595507086,0.0,0.25278810408921937,-3.731559991836548,-0.0007815361022949219,-0.0001243853330379352,113.35741728544235
3500.0,269,7,25.55852699279785,-84.95493887695065,-68.27076706550137,5.115234375,8.494364738464355,39.78084845077241,0.0,0.2602230483271375,1.4807798862457275,0.0003101337933912873,4.9359328841092065e-05,285.6602966785431
3500.0,269,8,4.507103443145752,-85.38715621835415,-69.16655356743745,0.490234375,1.9347038269042969,74.66101176920606,0.0,0.241635687732342,1.761056900024414,0.00036883490975014865,5.870189852430485e-05,240.19667506217957
3500.0,270,0,-4.163601398468018,-108.56440352783142,-75.87954198503569,0.0,0.4682070314884186,100.0,1.0,0.1598513011152416,2.9340319633483887,0.0006145022343844175,9.780106483958662e-05,144.17020976543427
3500.0,270,1,-30.0,-220.0,-71.94539092178321,0.0,0.0014419741928577423,100.0,,0.10212765957446812,0.0,0.0,0.0,1000000000000.0
3500.0,270,2,21.526416778564453,-84.09947015069895,-66.26779464172465,5.5546875,7.161036968231201,22.431799687077646,0.0,0.1703703703703704,3.028102397918701,0.0006342042470350862,0.00010093674791278318,139.69144225120544
3500.0,270,3,18.693628311157227,-84.58957247211784,-61.93346949032279,4.5234375,6.229248523712158,27.383897386961607,0.0,0.11851851851851847,1.583465576171875,0.00033164024353027344,5.278218668536283e-05,267.1355903148651
3500.0,270,4,-2.7861931324005127,-101.8304757373656,-70.61698397353733,0.490234375,0.6102073192596436,19.661013637988667,0.0,0.6284584980237153,0.9456189870834351,0.00019804998009931296,3.152063436573371e-05,447.32606410980225
3500.0,270,5,-6.06524133682251,-110.58445283268901,-71.469104493743,0.0,0.3189743161201477,100.0,1.0,0.9836065573770492,-0.008201400749385357,-1.717697500680515e-06,-2.733800386067742e-07,51576.55715942383
3500.0,270,6,10.746588706970215,-89.22863087221104,-63.683464355147045,1.9140625,3.686577796936035,48.0802357788081,0.0,0.2518518518518519,-2.5819666385650635,-0.0005407658172771335,-8.606555638834834e-05,163.82861137390137
3500.0,270,7,25.21378517150879,-84.95101207290321,-68.2693901210819,5.115234375,8.38017463684082,38.960289055165156,0.0,0.2592592592592593,1.0365653038024902,0.0002170977386413142,3.4552176657598466e-05,408.07849168777466
3500.0,270,8,6.092308044433594,-85.38254291263867,-69.16468029789415,0.490234375,2.3410162925720215,79.05890802402786,0.0,0.2407407407407407,1.198549509048462,0.0002510236226953566,3.995165025116876e-05,352.9266119003296
3500.0,271,0,-4.218221187591553,-108.56325083613174,-75.87864806754524,0.490234375,0.4632013738155365,0.0,0.0,0.1592592592592592,1.5015032291412354,0.00031447410583496094,5.005010825698264e-05,281.7176878452301
3500.0,271,1,-30.0,-220.0,-71.9439032888704,0.0,0.0014419741928577423,100.0,,0.10212765957446812,0.0,0.0,0.0,1000000000000.0
3500.0,271,2,21.505794525146484,-84.09420906032152,-66.26466300642011,5.5546875,7.154234886169434,22.358049625427846,0.0,0.1697416974169742,1.5487712621688843,0.00032437389018014073,5.1625709602376446e-05,273.1197476387024
3500.0,271,3,17.304126739501953,-84.58474885513104,-61.930751163868585,3.609375,5.774898529052734,37.49890181027905,0.0,0.11808118081180807,0.8559986352920532,0.0001792799448594451,2.8533288059406914e-05,494.15966868400574
3500.0,271,4,0.025957860052585602,-101.82962642400881,-70.6165261353105,0.490234375,1.0043179988861084,51.18733553080597,0.0,0.6259842519685039,0.5828686952590942,0.00012207574036438018,1.942895687534474e-05,725.7209420204163
3500.0,271,5,-6.2539262771606445,-110.58507977980466,-71.46916274594028,0.0,0.3067557215690613,100.0,1.0,0.9838709677419355,-0.004889794159680605,-1.0241161589874537e-06,-1.6299314609113935e-07,86506.7138671875
3500.0,271,6,10.814318656921387,-89.23171206185145,-63.68725505599678,1.9140625,3.7073421478271484,48.37103176134361,0.0,0.2509225092250923,-1.324021816253662,-0.00027730248984880745,-4.413405986269936e-05,319.48113441467285
3500.0,271,7,24.30774688720703,-84.93802628403365,-68.26855533201328,5.115234375,8.0802001953125,36.694212378952464,0.0,0.2583025830258303,0.5402058959007263,0.00011314045696053654,1.8006863683694974e-05,783.0348014831543
3500.0,271,8,7.968888759613037,-85.37978539197873,-69.16354315840465,0.6015625,2.860870599746704,78.97274696544258,0.0,0.2398523985239852,0.7003433704376221,0.0001466795802116394,2.3344779037870467e-05,603.9894223213196
3500.0,272,0,-4.518691539764404,-108.56244929108212,-75.87827715721906,0.0,0.4364705979824066,100.0,1.0,0.16236162361623618,0.3787650465965271,7.932836888357997e-05,1.2625501767615788e-05,1116.787314414978
3500.0,272,1,-30.0,-220.0,-71.94328264755504,0.0,0.0014419741928577423,100.0,,0.10212765957446812,0.0,0.0,0.0,1000000000000.0
3500.0,272,2,20.76020050048828,-84.09118934843599,-66.26333772434495,5.5546875,6.908448696136475,19.595733509515114,0.0,0.16911764705882348,0.3919338583946228,8.208643703255802e-05,1.3064462109468877e-05,1079.2638063430786
3500.0,272,3,16.340286254882812,-84.58082995696057,-61.92952259591419,3.322265625,5.461250305175781,39.16657469716422,0.0,0.11764705882352944,0.21891209483146667,4.584884300129488e-05,7.297069714695681e-06,1932.2824478149414
3500.0,272,4,1.294193983078003,-101.82878911412693,-70.61632587971377,0.490234375,1.2309165000915527,60.173222557050984,0.0,0.6235294117647059,0.15362751483917236,3.217567063984461e-05,5.120917194290087e-06,2753.412961959839
3500.0,272,5,-6.557436943054199,-110.58508651442182,-71.4691771554528,0.0,0.28798142075538635,100.0,1.0,0.9841269841269842,-0.0005433104815892875,-1.1379069064787473e-07,-1.811034877619022e-08,778560.3637695312
3500.0,272,6,9.909785270690918,-89.23275560594193,-63.688743545346135,2.16015625,3.432213306427002,37.06229604217801,0.0,0.25,-0.33090195059776306,-6.930394738446921e-05,-1.1030065252271015e-05,1278.3243656158447
3500.0,272,7,23.527755737304688,-84.93622102177005,-68.26819017514947,4.81640625,7.822140216827393,38.42597912475798,0.0,0.25735294117647056,0.13674607872962952,2.8640031814575195e-05,4.5582028178614564e-06,3093.324661254883
3500.0,272,8,8.858901023864746,-85.37780299428582,-69.16305800484275,0.876953125,3.1192495822906494,71.88576605158983,0.0,0.23897058823529416,0.17239758372306824,3.610686690080911e-05,5.746586339228088e-06,2453.6306858062744
3500.0,273,0,-4.5194196701049805,-108.56210732664007,-75.87827742724997,0.490234375,0.4364073872566223,0.0,0.0,0.16176470588235292,-0.33359265327453613,-6.986748485360295e-05,-1.1119755072286353e-05,1268.013596534729
3500.0,273,1,-30.0,-220.0,-71.94327682856877,0.0,0.0014419741928577423,100.0,,0.10212765957446812,0.0,0.0,0.0,1000000000000.0
3500.0,273,2,20.79231834411621,-84.08956552669386,-66.2632907412272,5.5546875,6.919029712677002,19.718692784007896,0.0,0.16849816849816845,-0.29902777075767517,-6.262822716962546e-05,-9.967592632165179e-06,1414.5843982696533
3500.0,273,3,16.299278259277344,-84.57724873474662,-61.92933384048371,3.029296875,5.447937965393066,44.395532874217714,0.0,0.11721611721611724,-0.09192255884408951,-1.925221658893861e-05,-3.064085376536241e-06,4601.6998291015625
3500.0,273,4,1.2463719844818115,-101.82773463471314,-70.61630654612065,0.490234375,1.2218201160430908,59.876714373663944,0.0,0.62109375,-0.1090243011713028,-2.2833997718407772e-05,-3.6341434679343365e-06,3879.868984222412
3500.0,273,5,-6.560978889465332,-110.58444643573591,-71.46915869525739,0.0,0.28776857256889343,100.0,1.0,0.984375,0.022844912484288216,4.7846274355833884e-06,7.614971195835096e-07,18516.157150268555
3500.0,273,6,9.944881439208984,-89.23232123891786,-63.68858542876955,1.9140625,3.442795753479004,44.40383231953835,0.0,0.2490842490842491,0.38828590512275696,8.132241055136546e-05,1.2942863577336539e-05,1089.403510093689
3500.0,273,7,23.46707534790039,-84.93463522686552,-68.2681549204168,4.5234375,7.802072525024414,42.02261661255391,0.0,0.2564102564102564,-0.07828845083713531,-1.6396696082665585e-05,-2.6096149667864665e-06,5403.095722198486
3500.0,273,8,8.904168128967285,-85.37621689604231,-69.16303320213441,1.02734375,3.1325645446777344,67.20438684190978,0.0,0.23809523809523814,-0.1296442449092865,-2.7152625989401713e-05,-4.32147498941049e-06,3262.77494430542
3500.0,274,0,-4.229003429412842,-108.56206421313357,-75.87849896249583,0.0,0.46221864223480225,100.0,1.0,0.1648351648351648,-0.7176873087882996,-0.00015031208749860525,-2.392291025898885e-05,589.3931984901428
3500.0,274,1,-30.0,-220.0,-71.94363826660162,0.0,0.0014419741928577423,100.0,,0.10212765957446812,0.0,0.0,0.0,1000000000000.0
3500.0,274,2,21.569541931152344,-84.08903971171986,-66.2640115459784,5.5546875,7.175263404846191,22.585594610389503,0.0,0.16788321167883213,-0.685011088848114,-0.00014346837997436523,-2.2833703042124398e-05,617.5082921981812
3500.0,274,3,17.012248992919922,-84.57426915701822,-61.929787644057384,3.029296875,5.679769992828369,46.665148785514575,0.0,0.11678832116788318,-0.28756970167160034,-6.022846355335787e-05,-9.58565669861855e-06,1470.9477424621582
3500.0,274,4,0.45331284403800964,-101.82668363809198,-70.6163973849954,0.490234375,1.077257513999939,54.492368943455084,0.0,0.6186770428015564,-0.25207021832466125,-5.279346078168601e-05,-8.402340426982846e-06,1678.1039237976074
3500.0,274,5,-6.285143852233887,-110.58361693175803,-71.46912284053263,0.0,0.3047751486301422,100.0,1.0,0.9846153846153847,0.02900243178009987,6.0742554524040315e-06,9.667477343100472e-07,14584.983825683594
3500.0,274,6,10.9523286819458,-89.23105247941257,-63.68746445613696,1.9140625,3.749729871749878,48.954656322836165,0.0,0.24817518248175185,0.7482162117958069,0.00015670603897888213,2.4940540242823772e-05,565.3446316719055
3500.0,274,7,24.055252075195312,-84.9333723568897,-68.2683205635078,4.5234375,7.996641635894775,43.43328479676387,0.0,0.25547445255474455,-0.2129453718662262,-4.4599175453186035e-05,-7.0981791395752225e-06,1986.4250421524048
3500.0,274,8,8.564001083374023,-85.37507029784565,-69.16328582542036,1.02734375,3.032904624938965,66.12673733448922,0.0,0.23722627737226276,-0.2995645999908447,-6.274066254263744e-05,-9.985486940422561e-06,1412.049412727356
3500.0,275,0,-4.214832305908203,-108.56222272077795,-75.87882432406064,0.490234375,0.4635106921195984,0.0,0.0,0.16423357664233573,-0.8704351782798767,-0.00018230352725367993,-2.901450716308318e-05,485.9638214111328
3500.0,275,1,-30.0,-220.0,-71.94417204628618,0.0,0.0014419741928577423,100.0,,0.10212765957446812,0.0,0.0,0.0,1000000000000.0
3500.0,275,2,21.619775772094727,-84.0888600760801,-66.26509271263504,5.5546875,7.191835403442383,22.763979034597483,0.0,0.16727272727272724,-0.8620138168334961,-0.00018053976236842573,-2.873379344237037e-05,490.71139097213745
3500.0,275,3,17.154067993164062,-84.57159252165333,-61.93054392764065,3.322265625,5.725976467132568,41.97905555375586,0.0,0.11636363636363634,-0.41698798537254333,-8.733376307645813e-05,-1.3899599252908956e-05,1014.4177675247192
3500.0,275,4,-1.0943670272827148,-101.82574939337442,-70.61654003288285,0.490234375,0.829650342464447,40.910724686284574,0.0,0.6162790697674418,-0.2944484353065491,-6.166913226479664e-05,-9.81494758889312e-06,1436.5843534469604
3500.0,275,5,-6.23643159866333,-110.58256916883408,-71.46907892067813,0.0,0.3078707158565521,100.0,1.0,0.9848484848484849,0.02020597644150257,4.231929779052734e-06,6.735325541740167e-07,20934.40055847168
3500.0,275,6,10.9889554977417,-89.22939796797324,-63.68589188985828,2.16015625,3.760995626449585,42.56424456310236,0.0,0.2472727272727273,0.8427004814147949,0.0001764947664923966,2.809001671266742e-05,501.9577145576477
3500.0,275,7,24.492130279541016,-84.9322740383993,-68.26858067302518,4.81640625,8.141228675842285,40.839319938378985,0.0,0.2545454545454545,-0.27100199460983276,-5.675852298736572e-05,-9.033399692270905e-06,1560.874104499817
3500.0,275,8,7.6804656982421875,-85.37413043780336,-69.16366876024017,1.02734375,2.7786314487457275,63.02698760342103,0.0,0.23636363636363633,-0.39816898107528687,-8.339231862919405e-05,-1.3272299838718027e-05,1062.3630285263062
3500.0,276,0,-4.194340705871582,-108.56246450891422,-75.87917691473925,0.0,0.4653843641281128,100.0,1.0,0.16727272727272724,-0.8625701069831848,-0.00018065626500174403,-2.875233803933952e-05,490.3949201107025
3500.0,276,1,-30.0,-220.0,-71.9447519261287,0.0,0.0014419741928577423,100.0,,0.10212765957446812,0.0,0.0,0.0,1000000000000.0
3500.0,276,2,21.650976181030273,-84.08912586220046,-66.26627529104934,5.5546875,7.202128887176514,22.874366912675015,0.0,0.16666666666666663,-0.8343567848205566,-0.00017474728520028293,-2.781189323286526e-05,506.977379322052
3500.0,276,3,17.47495460510254,-84.56953283449381,-61.931407586785866,3.322265625,5.830629348754883,43.02046269311456,0.0,0.1159420289855072,-0.3684033155441284,-7.715821266174316e-05,-1.2280110240681097e-05,1148.198127746582
3500.0,276,4,-2.570242166519165,-101.82497447408562,-70.6166991657019,0.490234375,0.6353543400764465,22.840792282773346,0.0,0.6138996138996139,-0.2438170611858368,-5.106492608319968e-05,-8.127235560095869e-06,1734.9073886871338
3500.0,276,5,-6.175920009613037,-110.5816908987058,-71.46903562053035,0.0,0.31175538897514343,100.0,1.0,0.9850746268656716,0.029468126595020294,6.171790118969511e-06,9.822708761930699e-07,14354.493141174316
3500.0,276,6,11.010318756103516,-89.22770467110703,-63.684223494433446,2.16015625,3.7675704956054688,42.66447694821829,0.0,0.24637681159420288,0.8765926361083984,0.00018359314708504826,2.921975465142168e-05,482.5502634048462
3500.0,276,7,24.927078247070312,-84.9314405151508,-68.26887083256273,5.115234375,8.285228729248047,38.26079469668123,0.0,0.2536231884057971,-0.2551037073135376,-5.34287937625777e-05,-8.503457138431258e-06,1658.149242401123
3500.0,276,8,6.88350248336792,-85.3734641667446,-69.1640895972566,0.876953125,2.55562424659729,65.68536528139349,0.0,0.23550724637681164,-0.38358691334724426,-8.03382572485134e-05,-1.2786230399797205e-05,1102.7487516403198
3500.0,277,0,-4.171260833740234,-108.56270715599629,-75.8795113260908,0.0,0.4675024151802063,100.0,1.0,0.17028985507246375,-0.7847990989685059,-0.0001643679424887523,-2.6159970730077475e-05,538.9914512634277
3500.0,277,1,-30.0,-220.0,-71.9453023542203,0.0,0.0014419741928577423,100.0,,0.10212765957446812,0.0,0.0,0.0,1000000000000.0
3500.0,277,2,21.655555725097656,-84.08949366284614,-66.26740031447396,5.5546875,7.203639984130859,22.890545443184173,0.0,0.1660649819494585,-0.7663265466690063,-0.00016049905389081687,-2.5544219170114957e-05,551.9840121269226
3500.0,277,3,17.843263626098633,-84.56785024442578,-61.93224105316108,3.322265625,5.950916767120361,44.172204804544116,0.0,0.1155234657039711,-0.34650272130966187,-7.257136167027056e-05,-1.155009067588253e-05,1220.7696437835693
3500.0,277,4,-2.9867000579833984,-101.82424985969247,-70.61685158517435,0.490234375,0.5875805020332336,16.56728340991269,0.0,0.6115384615384616,-0.23289909958839417,-4.8778274504002184e-05,-7.763303074170835e-06,1816.237211227417
3500.0,277,5,-6.168823719024658,-110.58088748757751,-71.46899595480946,0.0,0.31221380829811096,100.0,1.0,0.9852941176470589,0.02318124659359455,4.855069164477754e-06,7.727082333985891e-07,18247.509002685547
3500.0,277,6,10.976373672485352,-89.22612676839412,-63.68265230743159,2.16015625,3.75712513923645,42.505075824038094,0.0,0.24548736462093868,0.781642735004425,0.00016370686353184283,2.605475856398698e-05,541.1679744720459
3500.0,277,7,24.32337760925293,-84.8633029543324,-68.2691487420015,5.115234375,8.085371971130371,36.73470567260906,0.0,0.25270758122743686,-0.23681870102882385,-4.959919169778004e-05,-7.893956535554025e-06,1786.1765623092651
3500.0,277,8,6.249319076538086,-85.3729662179459,-69.16449064563031,0.740234375,2.383028030395508,68.9372359217636,0.0,0.23465703971119134,-0.3116791248321533,-6.527792720589787e-05,-1.0389304406999145e-05,1357.164978981018
3500.0,278,0,-4.1670403480529785,-108.56294093856891,-75.87980573792657,0.0,0.46789053082466125,100.0,1.0,0.1732851985559567,-0.6643394231796265,-0.00013913892325945199,-2.2144648028188385e-05,636.7227435112
3500.0,278,1,-30.0,-220.0,-71.94578734898624,0.0,0.0014419741928577423,100.0,,0.10212765957446812,0.0,0.0,0.0,1000000000000.0
3500.0,278,2,21.703474044799805,-84.08985685791406,-66.26839386548485,5.5546875,7.219450950622559,23.059419088912847,0.0,0.16546762589928055,-0.6255573630332947,-0.00013101642252877355,-2.0851912267971784e-05,676.1969923973083
3500.0,278,3,18.30059814453125,-84.56661330940405,-61.93298772510097,3.609375,6.100506782531738,40.834833421788396,0.0,0.1151079136690647,-0.23590025305747986,-4.940683356835507e-05,-7.863342034397647e-06,1793.1307554244995
3500.0,278,4,-2.0985360145568848,-101.82369949156961,-70.61698711417006,0.490234375,0.6931437253952026,29.273777278949165,0.0,0.6091954022988506,-0.2103387713432312,-4.405325307743624e-05,-7.011292382230749e-06,2011.0416412353516
3500.0,278,5,-6.143925189971924,-110.5802224644205,-71.4689622949609,0.0,0.3138270676136017,100.0,1.0,0.9855072463768116,0.03089108318090439,6.469813342846464e-06,1.0297027301930939e-06,13693.27163696289
3500.0,278,6,10.951353073120117,-89.22476843430503,-63.68127920123653,2.16015625,3.749429941177368,42.387075265055266,0.0,0.24460431654676262,0.710908830165863,0.00014889240264892578,2.3696960852248594e-05,595.0130224227905
3500.0,278,7,24.430864334106445,-84.86283433794742,-68.26939584720617,5.115234375,8.120949745178223,37.011870095155466,0.0,0.2517985611510791,-0.19564998149871826,-4.0976839954964817e-05,-6.5216659095312934e-06,2162.0242595672607
3500.0,278,8,5.7825927734375,-85.37262666933714,-69.16484544154491,0.740234375,2.2590272426605225,67.23216254230718,0.0,0.23381294964028776,-0.2387785017490387,-5.000965029466897e-05,-7.959283720992971e-06,1771.5163230895996
3500.0,279,0,-4.1632981300354,-108.56313076405627,-75.88005256108593,0.0,0.468235045671463,100.0,1.0,0.1762589928057554,-0.5478122234344482,-0.000114733527880162,-1.826040715968702e-05,772.1624374389648
3500.0,279,1,-30.0,-220.0,-71.94619394838753,0.0,0.0014419741928577423,100.0,,0.10212765957446812,0.0,0.0,0.0,1000000000000.0
3500.0,279,2,21.75177764892578,-84.09026336330881,-66.26922681452925,5.5546875,7.235389709472656,23.22891063175576,0.0,0.16487455197132617,-0.5192754864692688,-0.00010875680891331285,-1.7309183022007346e-05,814.5965337753296
3500.0,279,3,18.672161102294922,-84.56556339870187,-61.93361416232533,3.90234375,6.222212314605713,37.28366129776974,0.0,0.11469534050179209,-0.19779089093208313,-4.1425228118896484e-05,-6.593029866053257e-06,2138.622283935547
3500.0,279,4,-0.831525444984436,-101.82318967499936,-70.61710079437303,0.490234375,0.868487536907196,43.55309038218416,0.0,0.6068702290076335,-0.18109703063964844,-3.792887582676485e-05,-6.036567810951965e-06,2335.7644081115723
3500.0,279,5,-6.115943908691406,-110.57965406302895,-71.46893412471863,0.0,0.3156489431858063,100.0,1.0,0.9857142857142858,0.023776302114129066,4.979697223461699e-06,7.925434033495549e-07,17790.82489013672
3500.0,279,6,10.984773635864258,-89.22363166823018,-63.68012802721036,2.40625,3.759709358215332,35.99904219345815,0.0,0.2437275985663082,0.5787032842636108,0.00012120333849452436,1.9290109776193276e-05,730.9445142745972
3500.0,279,7,24.54602813720703,-84.86243086050877,-68.26960311084346,5.115234375,8.159070014953613,37.30615908890344,0.0,0.2508960573476703,-0.1582585871219635,-3.3145603083539754e-05,-5.275286184769357e-06,2672.8408336639404
3500.0,279,8,5.300862789154053,-85.37234191547455,-69.16514295359993,0.6015625,2.133929967880249,71.80964187884922,0.0,0.2329749103942652,-0.2117617428302765,-4.435127630131319e-05,-7.058724804664962e-06,1997.5279569625854
3500.0,280,0,-4.166383743286133,-108.56328212306278,-75.88025285259488,0.0,0.4679509401321411,100.0,1.0,0.1792114695340502,-0.4403919577598572,-9.223548113368452e-05,-1.4679731975775212e-05,960.5080485343933
3500.0,280,1,-30.0,-220.0,-71.94652379591079,0.0,0.0014419741928577423,100.0,,0.10212765957446812,0.0,0.0,0.0,1000000000000.0
3500.0,280,2,20.543270111083984,-83.83844505847765,-66.26990198047845,5.5546875,6.837000846862793,18.755494925105822,0.0,0.16428571428571426,-0.42196470499038696,-8.837608038447797e-05,-1.4065490177017637e-05,1002.4535655975342
3500.0,280,3,18.90996551513672,-84.56467279050345,-61.93411983820003,3.90234375,6.300179958343506,38.05980502458479,0.0,0.11428571428571432,-0.16528281569480896,-3.4616750781424344e-05,-5.509427410288481e-06,2559.2498779296875
3500.0,280,4,0.24736709892749786,-101.82280959069486,-70.61719277688061,0.490234375,1.0416717529296875,52.93772979624123,0.0,0.6045627376425855,-0.1529548466205597,-3.2034789910539985e-05,-5.098494966659928e-06,2765.522003173828
3500.0,280,5,-6.080251216888428,-110.5792084749055,-71.46891100860017,0.0,0.3179866373538971,100.0,1.0,0.9859154929577465,0.016920240595936775,3.543767206792836e-06,5.640080189550645e-07,24999.645233154297
3500.0,280,6,10.96699333190918,-89.22270086328398,-63.679191395665434,2.40625,3.754239797592163,35.905799050362106,0.0,0.24285714285714288,0.4558633863925934,9.547580702928826e-05,1.5195446394500323e-05,927.9096126556396
3500.0,280,7,24.58539581298828,-84.86208834958391,-68.26977081124956,5.115234375,8.172101974487305,37.40613625515955,0.0,0.25,-0.12485146522521973,-2.6148829419980757e-05,-4.161715423833812e-06,3388.025999069214
3500.0,280,8,4.9544997215271,-85.37208235666078,-69.16538402754205,0.6015625,2.0459041595458984,70.59674094736086,0.0,0.2321428571428571,-0.17470020055770874,-3.65891246474348e-05,-5.823339961352758e-06,2421.290874481201
3500.0,281,0,-4.15501594543457,-108.56341065552289,-75.88041182887093,0.490234375,0.46899792551994324,0.0,0.0,0.1785714285714286,-0.345131516456604,-7.228417962323874e-05,-1.1504384019644931e-05,1225.6197929382324
3500.0,281,1,-30.0,-220.0,-71.94678554592772,0.0,0.0014419741928577423,100.0,,0.10212765957446812,0.0,0.0,0.0,1000000000000.0
3500.0,281,2,20.55003547668457,-83.83864161509143,-66.27043743391408,5.5546875,6.839229106903076,18.781964850490862,0.0,0.1637010676156584,-0.3263808488845825,-6.835704698460177e-05,-1.0879361980187241e-05,1296.0319519042969
3500.0,281,3,19.13743782043457,-84.56392845803751,-61.934519658053944,3.90234375,6.374809265136719,38.78493320040835,0.0,0.11387900355871883,-0.11932133138179779,-2.499060246918816e-05,-3.977377673436422e-06,3545.0494289398193
3500.0,281,4,1.081655502319336,-101.82249186431002,-70.61726563124265,0.490234375,1.190816879272461,58.83209387328196,0.0,0.6022727272727273,-0.1194765716791153,-2.502311508578714e-05,-3.982552243542159e-06,3540.443181991577
3500.0,281,5,-6.039719581604004,-110.57884430362162,-71.46889251182027,0.0,0.3206599950790405,100.0,1.0,0.9861111111111112,0.01536792516708374,3.2186508178710938e-06,5.122641937305161e-07,27524.860382080078
3500.0,281,6,10.992388725280762,-89.22195667784254,-63.678446511300756,2.40625,3.762052297592163,36.03890085366227,0.0,0.24199288256227758,0.36655348539352417,7.677078247070312e-05,1.2218449228384998e-05,1153.9926528930664
3500.0,281,7,24.6247615814209,-84.86180309829847,-68.26990363535229,5.115234375,8.185134887695312,37.50580234554576,0.0,0.24911032028469748,-0.10079056769609451,-2.110952846123837e-05,-3.359685706527671e-06,4196.821212768555
3500.0,281,8,4.7266106605529785,-85.37186927047014,-69.16557517037884,0.6015625,1.9889020919799805,69.75404156767033,0.0,0.23131672597864772,-0.12968304753303528,-2.7160753234056756e-05,-4.322768290876411e-06,3261.798858642578
3500.0,282,0,-4.143270015716553,-108.56349775533906,-75.88053605449849,0.490234375,0.47008201479911804,0.0,0.0,0.1779359430604982,-0.26937851309776306,-5.641850657411851e-05,-8.979283848020714e-06,1570.2811479568481
3500.0,282,1,-30.0,-220.0,-71.94698998101315,0.0,0.0014419741928577423,100.0,,0.10212765957446812,0.0,0.0,0.0,1000000000000.0
3500.0,282,2,20.571537017822266,-83.8388192165653,-66.27085508730833,5.5546875,6.846309185028076,18.86595609577015,0.0,0.16312056737588654,-0.25941136479377747,-5.43309906788636e-05,-8.647045433463063e-06,1630.6147575378418
3500.0,282,3,19.43967056274414,-84.56329499238802,-61.93482921745808,4.212890625,6.4740400314331055,34.926404462355066,0.0,0.11347517730496459,-0.10189658403396606,-2.1341173123801127e-05,-3.396552756385063e-06,4151.268005371094
3500.0,282,4,1.645213007926941,-101.82222072274554,-70.61732226876384,0.490234375,1.2989903688430786,62.260353366852286,0.0,0.6,-0.09738194197416306,-2.039562605204992e-05,-3.2460648071719334e-06,4343.721389770508
3500.0,282,5,-6.002020359039307,-110.57852958738812,-71.46887778033852,0.0,0.32316458225250244,100.0,1.0,0.9863013698630136,0.009727844968438148,2.037395233855932e-06,3.242614923237852e-07,43483.42514038086
3500.0,282,6,10.983407974243164,-89.22137067825268,-63.677861964574795,2.40625,3.759289026260376,35.991886146789234,0.0,0.24113475177304966,0.2764156758785248,5.789236820419319e-05,9.213856174028479e-06,1530.303955078125
3500.0,282,7,24.677623748779297,-84.86155340340945,-68.27000689238659,5.115234375,8.202635765075684,37.63913793686775,0.0,0.24822695035460995,-0.08339816331863403,-1.7466871213400736e-05,-2.779938768071588e-06,5072.054386138916
3500.0,282,8,4.596840858459473,-85.37167747588454,-69.16572415232872,0.6015625,1.9567757844924927,69.25746399932986,0.0,0.23049645390070927,-0.09918004274368286,-2.0772218704223633e-05,-3.306001417513471e-06,4264.9712562561035
3500.0,283,0,-4.1323628425598145,-108.56363432798514,-75.88063203248095,0.0,0.4710904359817505,100.0,1.0,0.18085106382978722,-0.20526789128780365,-4.2991207010345533e-05,-6.8422632466536015e-06,2060.7216358184814
3500.0,283,1,-30.0,-220.0,-71.94714802730138,0.0,0.0014419741928577423,100.0,,0.10212765957446812,0.0,0.0,0.0,1000000000000.0
3500.0,283,2,20.580461502075195,-83.83889616730293,-66.27117851703031,5.5546875,6.849248886108398,18.900778868381018,0.0,0.16254416961130747,-0.18945366144180298,-3.967908560298383e-05,-6.315121936495416e-06,2232.7358722686768
3500.0,283,3,19.577003479003906,-84.56285248311096,-61.935071415298005,4.212890625,6.519156455993652,35.37675229244257,0.0,0.11307420494699649,-0.060592059046030045,-1.2690371477219742e-05,-2.0197353478579316e-06,6981.112957000732
3500.0,283,4,2.0617260932922363,-101.82205095447897,-70.61736634068382,0.490234375,1.382711410522461,64.54543071899843,0.0,0.5977443609022557,-0.06995769590139389,-1.4651905075879768e-05,-2.3319232695939718e-06,6046.511650085449
3500.0,283,5,-5.972756862640381,-110.57830297892434,-71.46886669439453,0.0,0.3251207172870636,100.0,1.0,0.9864864864864865,0.01138364803045988,2.384185791015625e-06,3.7945494568703e-07,37158.56170654297
3500.0,283,6,10.989524841308594,-89.22092548477929,-63.677412792602176,2.40625,3.7611711025238037,36.02391557285524,0.0,0.24028268551236753,0.22798344492912292,4.774874105351046e-05,7.599448053952074e-06,1855.3979396820068
3500.0,283,7,24.75681495666504,-84.86138956336234,-68.27008723996181,5.33203125,8.228853225708008,35.20322815648187,0.0,0.24734982332155475,-0.053076259791851044,-1.1116266250610352e-05,-1.7692086657916661e-06,7969.665050506592
3500.0,283,8,4.5607686042785645,-85.37155861420855,-69.16583966006966,0.6015625,1.9478892087936401,69.11721173441083,0.0,0.22968197879858654,-0.07070312649011612,-1.4808028936386108e-05,-2.3567708922200836e-06,5982.762336730957
3500.0,284,0,-4.1243791580200195,-108.56370155882186,-75.88070614872018,0.490234375,0.47182971239089966,0.0,0.0,0.18021201413427557,-0.1549728512763977,-3.245743937441148e-05,-5.165761649550404e-06,2729.5103073120117
3500.0,284,1,-30.0,-220.0,-71.94727029058816,0.0,0.0014419741928577423,100.0,,0.10212765957446812,0.0,0.0,0.0,1000000000000.0
3500.0,284,2,20.591482162475586,-83.83903621385024,-66.27142993085903,5.5546875,6.852877616882324,18.943722468998768,0.0,0.1619718309859155,-0.134663388133049,-2.8203834517626092e-05,-4.488779723033076e-06,3141.1657333374023
3500.0,284,3,19.823728561401367,-84.56264266243528,-61.93526503835944,4.5234375,6.600246906280518,31.465632055435876,0.0,0.11267605633802813,-0.029080048203468323,-6.09051130595617e-06,-9.69334905676078e-07,14546.055793762207
3500.0,284,4,2.3236098289489746,-101.82193706303224,-70.61740105297417,0.490234375,1.4369617700576782,65.88396537645379,0.0,0.5955056179775281,-0.048328764736652374,-1.0121952982444782e-05,-1.610958861419931e-06,8752.552032470703
3500.0,284,5,-5.948940277099609,-110.57824985876971,-71.46885877635879,0.0,0.32672056555747986,100.0,1.0,0.9866666666666667,0.012651373632252216,2.6496975351619767e-06,4.217124569549924e-07,33435.10437011719
3500.0,284,6,11.015339851379395,-89.22059744354542,-63.67707137802363,2.5703125,3.769115924835205,31.80595791538621,0.0,0.23943661971830987,0.18964123725891113,3.971836849814281e-05,6.321374712570105e-06,2230.527639389038
3500.0,284,7,24.821216583251953,-84.86130649189711,-68.27015052345905,5.33203125,8.250176429748535,35.370700306799144,0.0,0.24647887323943662,-0.030638832598924637,-6.416982159862528e-06,-1.0212944516752032e-06,13806.009292602539
3500.0,284,8,4.505087375640869,-85.37152072448907,-69.16592973317876,0.6015625,1.9342093467712402,68.89879055727948,0.0,0.22887323943661975,-0.04922781139612198,-1.0310249308531638e-05,-1.6409270529038622e-06,8592.703819274902
3500.0,285,0,-4.1165337562561035,-108.56375906526901,-75.88076306187352,0.0,0.47255727648735046,100.0,1.0,0.18309859154929575,-0.11916610598564148,-2.4958091671578586e-05,-3.972203558078036e-06,3549.6671199798584
3500.0,285,1,-30.0,-220.0,-71.94736421151981,0.0,0.0014419741928577423,100.0,,0.10212765957446812,0.0,0.0,0.0,1000000000000.0
3500.0,285,2,20.606101989746094,-83.83921018421005,-66.27162326508736,5.5546875,6.857692718505859,19.000635811365953,0.0,0.16140350877192977,-0.10533756017684937,-2.2061845811549574e-05,-3.5112520890834276e-06,4015.6617164611816
3500.0,285,3,19.92122459411621,-84.56249919745952,-61.93541483838455,4.5234375,6.632305145263672,31.796903174300983,0.0,0.11228070175438598,-0.02575550600886345,-5.3942203521728516e-06,-8.585168984609481e-07,16423.673629760742
3500.0,285,4,2.510633945465088,-101.82187546261383,-70.61742782391161,0.490234375,1.4764535427093506,66.79649167285002,0.0,0.5932835820895522,-0.03823871165513992,-8.008697477634996e-06,-1.274623741664982e-06,11062.088012695312
3500.0,285,5,-5.932563781738281,-110.57805284918607,-71.4688528054616,0.0,0.3278247117996216,100.0,1.0,0.9868421052631579,0.008899942971765995,1.8639998415892478e-06,2.9666477985301754e-07,47528.39660644531
3500.0,285,6,11.004368782043457,-89.22034654965117,-63.676810118285864,2.5703125,3.7657389640808105,31.74480428631106,0.0,0.23859649122807014,0.1420886218547821,2.975897405121941e-05,4.736287337436806e-06,2977.015256881714
3500.0,285,7,24.858295440673828,-84.86125803427619,-68.2701993288695,5.33203125,8.26245403289795,35.466736289607425,0.0,0.24561403508771928,-0.025018155574798584,-5.239790425548563e-06,-8.339385431099799e-07,16907.72247314453
3500.0,285,8,4.443328380584717,-85.37149399426943,-69.16599904825102,0.6015625,1.9190900325775146,68.65376351353115,0.0,0.22807017543859653,-0.03843921795487404,-8.050690667005256e-06,-1.281307277167798e-06,11004.385948181152
3500.0,286,0,-4.11111307144165,-108.56377893899764,-75.88080619991493,0.0,0.4730604290962219,100.0,1.0,0.18596491228070178,-0.10198714584112167,-2.1360137907322496e-05,-3.3995715966739226e-06,4147.581577301025
3500.0,286,1,-30.0,-220.0,-71.94743511202077,0.0,0.0014419741928577423,100.0,,0.10212765957446812,0.0,0.0,0.0,1000000000000.0
3500.0,286,2,20.601158142089844,-83.83919486578536,-66.27176760514887,5.5546875,6.856064319610596,18.981397474469873,0.0,0.16083916083916083,-0.12703116238117218,-2.660534664755687e-05,-4.2343722270743456e-06,3329.8916816711426
3500.0,286,3,20.003828048706055,-84.56222779019895,-61.93551968945885,4.5234375,6.659471035003662,32.07512314080494,0.0,0.11188811188811187,-0.09519576281309128,-1.9937753677368164e-05,-3.173192226313404e-06,4443.475246429443
3500.0,286,4,2.6120405197143555,-101.82180097025179,-70.61744722177914,0.490234375,1.4981248378753662,67.27680079750576,0.0,0.5910780669144982,-0.05381361022591591,-1.1270696631981991e-05,-1.7937870779860532e-06,7860.465049743652
3500.0,286,5,-5.920280456542969,-110.57793585796301,-71.4688474329648,0.0,0.3286550045013428,100.0,1.0,0.987012987012987,-0.010297027416527271,-2.1566045234067133e-06,-3.4323426234550425e-07,41079.81872558594
3500.0,286,6,11.00331974029541,-89.22013470197804,-63.67660485058139,2.5703125,3.765416383743286,31.738956915973425,0.0,0.23776223776223782,0.04398227855563164,9.211627002514433e-06,1.4660760143669904e-06,9617.509841918945
3500.0,286,7,24.88926124572754,-84.86114589156986,-68.27023469245309,5.33203125,8.272706985473633,35.54671694086687,0.0,0.2447552447552448,-0.05515248328447342,-1.1551110219443217e-05,-1.8384160966888885e-06,7669.6457862854
3500.0,286,8,4.444290637969971,-85.37141224753117,-69.16605043283278,0.6015625,1.919325351715088,68.6576067229847,0.0,0.2272727272727273,-0.04893028736114502,-1.0247935279039666e-05,-1.631009581615217e-06,8644.952774047852
3500.0,287,0,-4.108007907867432,-108.5638136125292,-75.88083958192254,0.0,0.4733488857746124,100.0,1.0,0.18881118881118886,-0.0706821084022522,-1.4803626982029527e-05,-2.356070353926043e-06,5984.541416168213
3500.0,287,1,-30.0,-220.0,-71.94749024296121,0.0,0.0014419741928577423,100.0,,0.10212765957446812,0.0,0.0,0.0,1000000000000.0
3500.0,287,2,20.609264373779297,-83.83929042446022,-66.2718813269839,0.0,6.858734130859375,100.0,1.0,0.16376306620209058,-0.06571470201015472,-1.3763255083176773e-05,-2.190490022258018e-06,6436.915874481201
3500.0,287,3,20.061599731445312,-84.5621890191177,-61.93560885299677,4.5234375,6.678473472595215,32.26839159335285,0.0,0.11149825783972123,-0.021628931164741516,-4.5299530029296875e-06,-7.209644081740407e-07,19557.138442993164
3500.0,287,4,2.7014811038970947,-101.82178091483415,-70.61746305822317,0.490234375,1.5173877477645874,67.69221474720537,0.0,0.5888888888888889,-0.0246818196028471,-5.169348696654197e-06,-8.227273156080628e-07,17138.120651245117
3500.0,287,5,-5.911463260650635,-110.57796207985967,-71.46884405760491,0.0,0.3292522132396698,100.0,1.0,0.9871794871794872,0.0037255578208714724,7.802790378264035e-07,1.2418526296187338e-07,113540.04669189453
3500.0,287,6,11.00452995300293,-89.21998896433358,-63.67645267441813,2.5703125,3.7657885551452637,31.7457031280172,0.0,0.23693379790940772,0.0775640457868576,1.624497599550523e-05,2.5854681098280707e-06,5453.557968139648
3500.0,287,7,24.914831161499023,-84.86113481590415,-68.27026356322118,5.33203125,8.281172752380371,35.61260694063723,0.0,0.24390243902439024,-0.017754612490534782,-3.718517291417811e-06,-5.918204237786995e-07,23824.79476928711
3500.0,287,8,4.40410852432251,-85.3714039431867,-69.16609126180897,0.6015625,1.9095180034637451,68.49663114415242,0.0,0.22648083623693382,-0.02412557415664196,-5.052848791819997e-06,-8.041857881835313e-07,17533.262252807617
3500.0,288,0,-4.10512113571167,-108.56389226327326,-75.88086488389078,0.0,0.47361722588539124,100.0,1.0,0.19163763066202089,-0.05267524719238281,-1.1032278052880429e-05,-1.755841594786034e-06,8030.337333679199
3500.0,288,1,-30.0,-220.0,-71.94753169345165,0.0,0.0014419741928577423,100.0,,0.10212765957446812,0.0,0.0,0.0,1000000000000.0
3500.0,288,2,20.6112003326416,-83.83925066887825,-66.27196495548095,5.5546875,6.859371185302734,19.020456103880502,0.0,0.16319444444444442,-0.043872326612472534,-9.18859768717084e-06,-1.4624108644056832e-06,9641.613006591797
3500.0,288,3,20.10840606689453,-84.56195467683975,-61.93566627956089,4.5234375,6.69387149810791,32.42419575460038,0.0,0.11111111111111116,-0.0058987997472286224,-1.2354416867310647e-06,-1.9662665806663426e-07,71709.50317382812
3500.0,288,4,2.7683019638061523,-101.82158323067318,-70.61747401721081,0.490234375,1.531869888305664,67.99764922971184,0.0,0.5867158671586716,-0.015316181816160679,-3.2078137337521184e-06,-5.105393938720226e-07,27617.849349975586
3500.0,288,5,-5.90507173538208,-110.57778928720015,-71.4688405097208,0.0,0.32968565821647644,100.0,1.0,0.9873417721518988,0.005226129200309515,1.0945580015686573e-06,1.7420430253878294e-07,80939.44549560547
3500.0,288,6,11.036786079406738,-89.219858654469,-63.676328879372015,2.5703125,3.775719165802002,31.925220411512278,0.0,0.23611111111111116,0.06871584057807922,1.4391813238034956e-05,2.290528072990128e-06,6155.786037445068
3500.0,288,7,24.951194763183594,-84.861039750935,-68.2702835420433,5.5546875,8.293213844299316,33.02129181417113,0.0,0.24305555555555558,-0.00848599337041378,-1.7773022591427434e-06,-2.828664378284884e-07,49846.84753417969
3500.0,288,8,4.440335750579834,-85.37131648902331,-69.16612086017487,0.6015625,1.9183589220046997,68.64181707084498,0.0,0.22569444444444442,-0.01578834466636181,-3.3067033200495644e-06,-5.262781428427843e-07,26791.915893554688
3500.0,289,0,-4.102319717407227,-108.56383644646945,-75.88088428410421,0.0,0.4738777279853821,100.0,1.0,0.19444444444444442,-0.03570326045155525,-7.477673989342293e-06,-1.1901087191290571e-06,11847.657203674316
3500.0,289,1,-30.0,-220.0,-71.9475635505276,0.0,0.0014419741928577423,100.0,,0.10212765957446812,0.0,0.0,0.0,1000000000000.0
3500.0,289,2,20.601633071899414,-83.83933018040611,-66.27202965046851,5.5546875,6.8562211990356445,18.98325128743965,0.0,0.16262975778546718,-0.013511614874005318,-2.829865934472764e-06,-4.5038717644274584e-07,31306.398391723633
3500.0,289,3,20.13710594177246,-84.56180305033891,-61.93571258233451,4.5234375,6.70331335067749,32.519378651113996,0.0,0.11072664359861595,0.028278019279241562,5.922534455748973e-06,9.42600649977976e-07,14958.61530303955
3500.0,289,4,2.8168084621429443,-101.8216082988186,-70.61748265362115,0.490234375,1.5424312353134155,68.21677597183862,0.0,0.5845588235294117,-0.0011383647797629237,-2.384185791015625e-07,-3.794549385816026e-08,371585.63232421875
3500.0,289,5,-5.900716781616211,-110.57774323272949,-71.46883801071897,0.0,0.32998138666152954,100.0,1.0,0.9875,0.011487135663628578,2.405860186627251e-06,3.8290451698230754e-07,36823.80294799805
3500.0,289,6,11.001834869384766,-89.21976076726322,-63.67623584647826,2.5703125,3.7649590969085693,31.730666022095722,0.0,0.23529411764705888,0.08087565004825592,1.6938556655077264e-05,2.695855073397979e-06,5230.251789093018
3500.0,289,7,24.959951400756836,-84.86098252836464,-68.27029928664999,5.5546875,8.296113967895508,33.04470597323449,0.0,0.24221453287197237,0.009009899571537971,1.8870289295591647e-06,3.003299866577436e-07,46948.360443115234
3500.0,289,8,4.404243469238281,-85.37126925931729,-69.16614385615495,0.6015625,1.9095509052276611,68.49717395052737,0.0,0.22491349480968859,-0.003719089785590768,-7.789243454681127e-07,-1.2396965587413433e-07,113737.51068115234
3500.0,290,0,-4.101620674133301,-108.56380430984723,-75.88089952431811,0.0,0.47394272685050964,100.0,1.0,0.19723183391003463,-0.027475988492369652,-5.754557605541777e-06,-9.158662805930362e-07,15395.26081085205
3500.0,290,1,-30.0,-220.0,-71.94758901902952,0.0,0.0014419741928577423,100.0,,0.10212765957446812,0.0,0.0,0.0,1000000000000.0
3500.0,290,2,20.60525894165039,-83.8393651951186,-66.272083852916,5.5546875,6.857415199279785,18.9973577714327,0.0,0.16206896551724137,-0.009993031620979309,-2.0929358015564503e-06,-3.331010702822823e-07,42329.498291015625
3500.0,290,3,20.27958106994629,-84.56194175392025,-61.93576233574439,4.81640625,6.7501959800720215,28.647904976106908,0.0,0.1103448275862069,0.022430961951613426,4.697929853136884e-06,7.476987207155616e-07,18857.86247253418
3500.0,290,4,2.8406054973602295,-101.82161725176275,-70.61749081419893,0.490234375,1.5476274490356445,68.3234892670407,0.0,0.5824175824175823,-0.000672670139465481,-1.4088371358411678e-07,-2.242233776428293e-08,628837.2192382812
3500.0,290,5,-5.897212028503418,-110.57774323272949,-71.46883735139495,0.0,0.33021944761276245,100.0,1.0,0.9876543209876543,0.008977559395134449,1.8802556951413862e-06,2.992519796407578e-07,47117.48504638672
3500.0,290,6,11.03049087524414,-89.21971827671914,-63.676173892801025,2.5703125,3.773780107498169,31.890241964734113,0.0,0.23448275862068968,0.06286878883838654,1.3167207725928165e-05,2.09562631425797e-06,6728.299140930176
3500.0,290,7,24.97030258178711,-84.86104667307126,-68.27031416376386,5.5546875,8.299541473388672,33.07235685476921,0.0,0.24137931034482762,0.007166524417698383,1.5009534308774164e-06,2.3888415512374195e-07,59024.42932128906
3500.0,290,8,4.408698558807373,-85.37134503469908,-69.16616369725796,0.6015625,1.9106371402740479,68.51508393091761,0.0,0.22413793103448276,-0.0026842125225812197,-5.621801619781763e-07,-8.947375107482003e-08,157588.11950683594
3500.0,291,0,-4.098718643188477,-108.56386393192713,-75.88091117885689,0.0,0.474212646484375,100.0,1.0,0.19999999999999996,-0.021059749647974968,-4.410743713378906e-06,-7.019916665740311e-07,20085.708618164062
3500.0,291,1,-30.0,-220.0,-71.94760811030902,0.0,0.0014419741928577423,100.0,,0.10212765957446812,0.0,0.0,0.0,1000000000000.0
3500.0,291,2,20.620708465576172,-83.83943084846543,-66.27212236183925,5.5546875,6.8625030517578125,19.057413044396665,0.0,0.16151202749140892,-0.007024228572845459,-1.471151108489721e-06,-2.3414095551288483e-07,60220.13854980469
3500.0,291,3,20.32685661315918,-84.56183923345479,-61.935788744891425,4.81640625,6.765754699707031,28.811988258921673,0.0,0.10996563573883167,0.01818796619772911,3.8092787235655123e-06,6.062655302230269e-07,23257.13539123535
3500.0,291,4,2.8562848567962646,-101.82159254168172,-70.61749585782346,0.490234375,1.5510562658309937,68.39351441984265,0.0,0.5802919708029197,-0.0003104631323367357,-6.502325078372451e-08,-1.0348771617429975e-08,1362480.5908203125
3500.0,291,5,-5.893576145172119,-110.57771196975398,-71.46883571306054,0.0,0.3304666578769684,100.0,1.0,0.9878048780487805,0.007114780135452747,1.4901161193847656e-06,2.3715934105439374e-07,59453.70101928711
3500.0,291,6,11.104723930358887,-89.21965564326776,-63.67611683130614,2.56640625,3.7966511249542236,32.40342171205043,0.0,0.23367697594501713,0.049260154366493225,1.0317022315575741e-05,1.6420051451859763e-06,8587.061882019043
3500.0,291,7,24.975727081298828,-84.8610069863065,-68.2703233585138,5.5546875,8.301337242126465,33.08683483172026,0.0,0.2405498281786942,0.005950544029474258,1.2462789982237155e-06,1.9835147213598248e-07,71085.9375
3500.0,291,8,4.4125471115112305,-85.37130533031016,-69.16617732518172,0.6015625,1.9115756750106812,68.5305422189661,0.0,0.2233676975945017,-0.002108562272042036,-4.4161623691252316e-07,-7.028540949249873e-08,200610.62622070312
3500.0,292,0,-4.0991926193237305,-108.56394385216925,-75.88092018144863,0.0,0.4741685390472412,100.0,1.0,0.20274914089347074,-0.015005718916654587,-3.14279054691724e-06,-5.001906515644805e-07,28189.252853393555
3500.0,292,1,-30.0,-220.0,-71.94762306662591,0.0,0.0014419741928577423,100.0,,0.10212765957446812,0.0,0.0,0.0,1000000000000.0
3500.0,292,2,20.60607147216797,-83.83939437426133,-66.2721537058562,5.5546875,6.857682704925537,19.000517536188422,0.0,0.16095890410958902,-0.0003169311094097793,-6.637790050945114e-08,-1.0564370711563242e-08,1334674.9267578125
3500.0,292,3,20.329465866088867,-84.5618689555255,-61.935815468594924,4.81640625,6.766613960266113,28.821028090531364,0.0,0.1095890410958904,0.02209462597966194,4.627488124242518e-06,7.364875500570633e-07,19144.927978515625
3500.0,292,4,2.8796005249023438,-101.82155673021965,-70.6175004042056,0.490234375,1.5561633110046387,68.49724116143625,0.0,0.5781818181818181,0.002483705058693886,5.201860062697961e-07,8.27901729394398e-08,170310.07385253906
3500.0,292,5,-5.891025066375732,-110.5776965064299,-71.46883506378768,0.0,0.33064019680023193,100.0,1.0,0.9879518072289156,0.007321755867451429,1.5334650242948555e-06,2.44058526277513e-07,57773.02932739258
3500.0,292,6,11.10645866394043,-89.21962354003982,-63.67607801504748,2.73046875,3.7971863746643066,28.0923167685866,0.0,0.23287671232876717,0.044965408742427826,9.417533874511719e-06,1.4988469274612726e-06,9407.231330871582
3500.0,292,7,24.97730255126953,-84.86102729111758,-68.27033164676058,5.5546875,8.301859855651855,33.091047107734504,0.0,0.23972602739726023,0.008447185158729553,1.7691743323666742e-06,2.81572852145473e-07,50075.85525512695
3500.0,292,8,4.420525074005127,-85.37133231887488,-69.16618869164384,0.6015625,1.9135217666625977,68.56254731561302,0.0,0.2226027397260274,0.001086620963178575,2.2758138129574945e-07,3.622069755238044e-08,389280.1818847656
3500.0,293,0,-4.098450660705566,-108.56393835496263,-75.88092680883145,0.0,0.4742376506328583,100.0,1.0,0.20547945205479456,-0.018783019855618477,-3.933906555175781e-06,-6.261006433305738e-07,22520.339965820312
3500.0,293,1,-30.0,-220.0,-71.94763370917752,0.0,0.0014419741928577423,100.0,,0.10212765957446812,0.0,0.0,0.0,1000000000000.0
3500.0,293,2,20.62508201599121,-83.83935315877935,-66.27217397154898,5.5546875,6.863943576812744,19.07440033795694,0.0,0.16040955631399323,-0.031246822327375412,-6.544319148815703e-06,-1.0415607221148093e-06,13537.376403808594
3500.0,293,3,20.336368560791016,-84.56169321058374,-61.93582402593189,4.81640625,6.768885612487793,28.844915902932378,0.0,0.10921501706484638,-0.03306432440876961,-6.924976332811639e-06,-1.102144210562983e-06,12793.245315551758
3500.0,293,4,2.8980841636657715,-101.82152557448785,-70.61750260785739,0.490234375,1.5602184534072876,68.57911955025271,0.0,0.5760869565217391,-0.014384792186319828,-3.012743945873808e-06,-4.794930532625585e-07,29406.055450439453
3500.0,293,5,-5.891964912414551,-110.57765381449497,-71.46883350259125,0.0,0.33057621121406555,100.0,1.0,0.9880952380952381,-0.005743567831814289,-1.2029300933136255e-06,-1.9145225849115377e-07,73647.6058959961
3500.0,293,6,11.083320617675781,-89.21957349724602,-63.676040190817105,2.73046875,3.7900543212890625,27.957002234434448,0.0,0.23208191126279865,-0.008434249088168144,-1.7664649476500927e-06,-2.811416379699949e-07,50152.65655517578
3500.0,293,7,24.97340965270996,-84.86094053486124,-68.27033566410806,5.5546875,8.300570487976074,33.080653817152296,0.0,0.23890784982935154,-0.017470020800828934,-3.6589126466424204e-06,-5.823340529786947e-07,24212.907791137695
3500.0,293,8,4.492169380187988,-85.37125135368387,-69.16619558357334,0.740234375,1.931042194366455,61.66658723669891,0.0,0.22184300341296925,-0.012547885999083519,-2.6280231395503506e-06,-4.182628572380054e-07,33710.85739135742
3500.0,294,0,-4.0980448722839355,-108.56396710965882,-75.88093247864839,0.0,0.4742753803730011,100.0,1.0,0.20819112627986347,-0.011538879945874214,-2.416697498119902e-06,-3.8462934526251047e-07,36658.67233276367
3500.0,294,1,-30.0,-220.0,-71.94764360395223,0.0,0.0014419741928577423,100.0,,0.10212765957446812,0.0,0.0,0.0,1000000000000.0
3500.0,294,2,20.605798721313477,-83.8394939495619,-66.27219734208836,5.5546875,6.857592582702637,18.999453044046987,0.0,0.15986394557823125,-0.011079654097557068,-2.3205172965390375e-06,-3.693218104672269e-07,38178.0891418457
3500.0,294,3,20.3645076751709,-84.56197923049274,-61.935855224414546,4.81640625,6.7781476974487305,28.942146660320233,0.0,0.108843537414966,-0.0041395085863769054,-8.669766771163268e-07,-1.379836191972572e-07,102186.04278564453
3500.0,294,4,2.8979716300964355,-101.82164697566967,-70.61750694891398,0.490234375,1.5601935386657715,68.57861778999334,0.0,0.5740072202166064,-0.004191252402961254,-8.778138749221398e-07,-1.397084190557507e-07,100924.49188232422
3500.0,294,5,-5.887377738952637,-110.5776988595409,-71.46883449385814,0.0,0.33088842034339905,100.0,1.0,0.9882352941176471,0.00043982279021292925,9.211627371996656e-08,1.4660759717344263e-08,961750.9765625
3500.0,294,6,11.102011680603027,-89.21958734550861,-63.67602769898342,2.73046875,3.7958152294158936,28.06634187986623,0.0,0.23129251700680276,0.011797599494457245,2.470883600835805e-06,3.9325331613326853e-07,35854.75158691406
3500.0,294,7,24.99230194091797,-84.86107066989567,-68.27034357802661,5.5546875,8.3068265914917,33.13105264904156,0.0,0.23809523809523814,-0.0033892225474119186,-7.098371952451998e-07,-1.1297408519794772e-07,124807.38830566406
3500.0,294,8,4.455015182495117,-85.37138551797916,-69.16620464956814,0.740234375,1.92194664478302,61.485175615602515,0.0,0.22108843537414968,-0.004165380261838436,-8.723952760192333e-07,-1.3884600491564925e-07,101551.35345458984
3500.0,295,0,-4.097183704376221,-108.56390029756923,-75.88093665941861,0.0,0.4743555784225464,100.0,1.0,0.2108843537414966,-0.006312750279903412,-1.3221393828644068e-06,-2.104250143020181e-07,67007.24792480469
3500.0,295,1,-30.0,-220.0,-71.94765036128965,0.0,0.0014419741928577423,100.0,,0.10212765957446812,0.0,0.0,0.0,1000000000000.0
3500.0,295,2,20.606563568115234,-83.83945419211682,-66.27221045985677,5.5546875,6.857844352722168,19.00242679326617,0.0,0.15932203389830513,0.0026583406142890453,5.567615630752698e-07,8.861135825100064e-08,159121.826171875
3500.0,295,3,20.473567962646484,-84.56188489353126,-61.93586194295094,5.115234375,6.814050674438477,24.93107815900518,0.0,0.1084745762711864,0.014979846775531769,3.1373720048577525e-06,4.993282232135243e-07,28237.939834594727
3500.0,295,4,2.912302255630493,-101.82153237859411,-70.61750847484706,0.490234375,1.563341736793518,68.64189297437346,0.0,0.5719424460431655,0.0026906803250312805,5.635348543364671e-07,8.968934395170436e-08,157209.32006835938
3500.0,295,5,-5.887331485748291,-110.57767163076326,-71.46883363766912,0.0,0.33089154958724976,100.0,1.0,0.9883720930232558,0.004424099810421467,9.265813218917174e-07,1.4746998999726202e-07,95612.6708984375
3500.0,295,6,11.09266185760498,-89.21955681644289,-63.676004936491076,2.73046875,3.792933225631714,28.011684161794335,0.0,0.23050847457627122,0.024785306304693222,5.1910228648921475e-06,8.261768584816309e-07,17066.564559936523
3500.0,295,7,24.99488067626953,-84.86102498374791,-68.27034635986149,5.5546875,8.307679176330566,33.13791514932502,0.0,0.23728813559322037,0.006099306978285313,1.2774360129697016e-06,2.033102362020145e-07,69352.14233398438
3500.0,295,8,4.459218502044678,-85.37134581322015,-69.16620917249872,0.740234375,1.9229748249053955,61.5057688008777,0.0,0.22033898305084743,0.0017334192525595427,3.630464959769597e-07,5.778064249284398e-08,244026.3671875
3500.0,296,0,-4.096263885498047,-108.56395822951174,-75.88093957653496,0.0,0.47444117069244385,100.0,1.0,0.21355932203389827,-0.0044499714858829975,-9.319999207946239e-07,-1.4833238992650877e-07,95056.79321289062
3500.0,296,1,-30.0,-220.0,-71.9476549096829,0.0,0.0014419741928577423,100.0,,0.10212765957446812,0.0,0.0,0.0,1000000000000.0
3500.0,296,2,20.62021255493164,-83.83940568123182,-66.27221834101573,5.5546875,6.862339496612549,19.055483880650968,0.0,0.15878378378378377,0.0033116068225353956,6.935813416930614e-07,1.1038689251563483e-07,127732.55920410156
3500.0,296,3,20.483638763427734,-84.56172810055784,-61.93586159763984,5.115234375,6.817366600036621,24.96759122543707,0.0,0.10810810810810811,0.013595698401331902,2.847476480383193e-06,4.531899548965157e-07,31112.783432006836
3500.0,296,4,2.904463291168213,-101.82158287255787,-70.6175090219023,0.490234375,1.5616192817687988,68.60730520407469,0.0,0.5698924731182795,0.002638936508446932,5.526976565306541e-07,8.796455119863822e-08,160291.85485839844
3500.0,296,5,-5.887010097503662,-110.5776400321489,-71.46883254977818,0.0,0.3309134840965271,100.0,1.0,0.9885057471264368,0.003906661178916693,8.182092301467492e-07,1.302220340448912e-07,108276.60369873047
3500.0,296,6,11.08199691772461,-89.21952565813316,-63.6759848660072,2.73046875,3.7896461486816406,27.949242676657615,0.0,0.22972972972972971,0.021008005365729332,4.399906629259931e-06,7.002668667155376e-07,20135.181427001953
3500.0,296,7,24.984121322631836,-84.8609649925666,-68.27034735716407,5.5546875,8.304117202758789,33.10923528205232,0.0,0.2364864864864865,0.005653016269207001,1.1839649687317433e-06,1.8843387294964487e-07,74827.30865478516
3500.0,296,8,4.4695563316345215,-85.37127367086148,-69.1662116601816,0.740234375,1.9255040884017944,61.556333250146,0.0,0.21959459459459463,0.0017980990232899785,3.76592993234226e-07,5.993663165781982e-08,235248.44360351562
3500.0,297,0,-4.097640514373779,-108.56396288101507,-75.88094206725503,0.0,0.47431305050849915,100.0,1.0,0.21621621621621623,-0.0011901087127625942,-2.49255805329085e-07,-3.967029016394008e-08,355429.7180175781
3500.0,297,1,-30.0,-220.0,-71.94765922748789,0.0,0.0014419741928577423,100.0,,0.10212765957446812,0.0,0.0,0.0,1000000000000.0
3500.0,297,2,20.61355972290039,-83.83952458857523,-66.27222838671602,5.5546875,6.8601484298706055,19.02963096521847,0.0,0.1582491582491582,0.012994175776839256,2.7214939564146334e-06,4.331392062795203e-07,32553.04718017578
3500.0,297,3,20.479503631591797,-84.56184009496124,-61.93587442908863,5.115234375,6.816005229949951,24.952604899372112,0.0,0.1077441077441077,0.02738543599843979,5.735592822020408e-06,9.128478950515273e-07,15446.1669921875
3500.0,297,4,2.9061102867126465,-101.82159898777627,-70.61751083903583,0.490234375,1.561980962753296,68.61457426882679,0.0,0.5678571428571428,0.007606347091495991,1.5930696690702462e-06,2.535448970775178e-07,55611.454010009766
3500.0,297,5,-5.886120796203613,-110.57765280602916,-71.46883290008287,0.0,0.3309739828109741,100.0,1.0,0.9886363636363636,0.006907804869115353,1.4467673281615134e-06,2.3026017004212918e-07,61235.084533691406
3500.0,297,6,11.102252960205078,-89.21952912015655,-63.675978651240555,2.73046875,3.7958896160125732,28.067751536246043,0.0,0.2289562289562289,0.030839338898658752,6.458976258727489e-06,1.0279779871780192e-06,13716.24755859375
3500.0,297,7,24.995277404785156,-84.86101021661099,-68.27035066986707,5.5546875,8.307811737060547,33.13898201109997,0.0,0.23569023569023573,0.012509077787399292,2.6198952127742814e-06,4.1696927155498997e-07,33815.44494628906
3500.0,297,8,4.449429035186768,-85.3713232361661,-69.16621552681852,0.740234375,1.9205811023712158,61.4577913900079,0.0,0.21885521885521886,0.0060540311969816685,1.2679533938353416e-06,2.0180104343126004e-07,69870.80383300781
3500.0,298,0,-4.09693717956543,-108.56396414960778,-75.88094391528588,0.0,0.47437843680381775,100.0,1.0,0.21885521885521886,-0.004294740501791239,-8.994883273771848e-07,-1.431580187727377e-07,98492.56134033203
3500.0,298,1,-30.0,-220.0,-71.94766209917238,0.0,0.0014419741928577423,100.0,,0.10212765957446812,0.0,0.0,0.0,1000000000000.0
3500.0,298,2,20.615297317504883,-83.83942902474794,-66.27223330483187,5.5546875,6.860720157623291,19.036378508633568,0.0,0.15771812080536918,-0.0044629075564444065,-9.347091918243677e-07,-1.4876358989113214e-07,94781.25762939453
3500.0,298,3,20.485700607299805,-84.56174489953425,-61.935873914739325,5.115234375,6.818045616149902,24.97506377951555,0.0,0.10738255033557043,-0.00250957696698606,-5.256046051727026e-07,-8.365256576325919e-08,168554.30603027344
3500.0,298,4,2.9144363403320312,-101.82154025704625,-70.617511155201,0.490234375,1.5638105869293213,68.65129453032941,0.0,0.5658362989323844,-0.0017851630691438913,-3.7388369378277275e-07,-5.950543524591012e-08,236953.14025878906
3500.0,298,5,-5.886911869049072,-110.57762658599978,-71.4688321820831,0.0,0.33092015981674194,100.0,1.0,0.9887640449438202,7.761578308418393e-05,1.6255812695931127e-08,2.5871929043574937e-09,5449922.36328125
3500.0,298,6,11.133090019226074,-89.2195105511544,-63.67596569028529,2.73046875,3.805398464202881,28.247494298288867,0.0,0.22818791946308725,0.0033116068225353956,6.935813416930614e-07,1.1038689251563483e-07,127732.55920410156
3500.0,298,7,24.992223739624023,-84.86096453109917,-68.27035124624797,5.5546875,8.306800842285156,33.13084537040694,0.0,0.2348993288590604,-0.001591123640537262,-3.3324414516755496e-07,-5.30374535401279e-08,265849.853515625
3500.0,298,8,4.4733805656433105,-85.3712879435352,-69.16621706355613,0.740234375,1.9264401197433472,61.57501251071231,0.0,0.21812080536912748,-0.0017786950338631868,-3.725290298461914e-07,-5.9289835263598434e-08,237814.80407714844
3500.0,299,0,-4.096221923828125,-108.56391467476752,-75.88094565200402,0.0,0.474445104598999,100.0,1.0,0.2214765100671141,-0.0032081191893666983,-6.719069460814353e-07,-1.0693730700950255e-07,131852.96630859375
3500.0,299,1,-30.0,-220.0,-71.94766529023345,0.0,0.0014419741928577423,100.0,,0.10212765957446812,0.0,0.0,0.0,1000000000000.0
3500.0,299,2,20.607481002807617,-83.8394990560491,-66.27224168692771,5.5546875,6.858146667480469,19.005997256680583,0.0,0.15719063545150502,-0.003415094455704093,-7.152557373046875e-07,-1.1383648512719446e-07,123861.87744140625
3500.0,299,3,20.495372772216797,-84.56192452342073,-61.935888313644455,5.115234375,6.821229934692383,25.010087272029747,0.0,0.1070234113712375,-0.0017851630691438913,-3.7388369378277275e-07,-5.950543524591012e-08,236953.14025878906
3500.0,299,4,2.9249095916748047,-101.82159755531,-70.61751298297204,0.490234375,1.5661137104034424,68.69739586956862,0.0,0.5638297872340425,-0.0012935963459312916,-2.709302293624205e-07,-4.311987922278604e-08,326995.361328125
3500.0,299,5,-5.885108947753906,-110.57765482296105,-71.46883295763814,0.0,0.33104294538497925,100.0,1.0,0.9888888888888889,5.1743856602115557e-05,1.0837208463954084e-08,1.7247951955567942e-09,8174883.7890625
3500.0,299,6,11.121150970458984,-89.21952628759178,-63.67596589326658,2.73046875,3.8017163276672363,28.177998707351282,0.0,0.22742474916387956,0.002690680557861924,5.635348543364671e-07,8.968935105713172e-08,157209.3048095703
3500.0,299,7,25.006052017211914,-84.86104482716719,-68.27035457834207,5.5546875,8.311379432678223,33.16768239264367,0.0,0.2341137123745819,-0.0011383647797629237,-2.384185791015625e-07,-3.794549385816026e-08,371585.63232421875
3500.0,299,8,4.507307052612305,-85.37135541499133,-69.16622048343115,0.740234375,1.9347538948059082,61.740127414279776,0.0,0.21739130434782605,-0.001319468254223466,-2.7634882826532703e-07,-4.398227559931911e-08,320583.7097167969
3500.0,300,0,-4.0965657234191895,-108.56396414960778,-75.8809464533469,0.0,0.47441309690475464,100.0,1.0,0.2240802675585284,-0.0009831332135945559,-2.0590695726241393e-07,-3.2771108493534484e-08,430257.0495605469
3500.0,300,1,-30.0,-220.0,-71.94766623454234,0.0,0.0014419741928577423,100.0,,0.10212765957446812,0.0,0.0,0.0,1000000000000.0
3500.0,300,2,20.621715545654297,-83.83941662348938,-66.27224152137225,5.5546875,6.862834930419922,19.06132733313286,0.0,0.15666666666666662,0.004087764769792557,8.561394224670948e-07,1.3625883354961843e-07,103479.53796386719
3500.0,300,3,20.499128341674805,-84.56169536427772,-61.935878994967716,5.115234375,6.822466850280762,25.02368296902029,0.0,0.10666666666666669,0.009611421264708042,2.0130114535277244e-06,3.2038070685302955e-07,44010.13946533203
3500.0,300,4,2.9113006591796875,-101.82155708833281,-70.61751218457533,0.490234375,1.5631214380264282,68.63747351460026,0.0,0.5618374558303887,0.0023802174255251884,4.9851161065817e-07,7.934058032788016e-08,177714.85900878906
3500.0,300,5,-5.885575294494629,-110.577623224469,-71.46883175990922,0.0,0.3310111463069916,100.0,1.0,0.989010989010989,0.002483705058693886,5.201860062697961e-07,8.27901729394398e-08,170310.07385253906
3500.0,300,6,11.1227388381958,-89.21949481477404,-63.675952704768925,2.73046875,3.802206039428711,28.18724914733294,0.0,0.22666666666666668,0.01159062422811985,2.427534582238877e-06,3.8635414512100397e-07,36495.01419067383
3500.0,300,7,24.99997329711914,-84.86095899349405,-68.27035312283554,5.5546875,8.309367179870605,33.15149782457323,0.0,0.23333333333333328,0.004249464254826307,8.900057650862436e-07,1.4164881179112854e-07,99541.96166992188
3500.0,300,8,4.475225925445557,-85.37127159484012,-69.16621994229578,0.740234375,1.9268919229507446,61.58402211440885,0.0,0.21666666666666667,0.0019792024977505207,4.1452324239799054e-07,6.597341695169234e-08,213722.4578857422
3500.0,301,0,-4.076943397521973,-108.56331510142329,-75.88093769961398,0.0,0.4762427508831024,100.0,1.0,0.22666666666666668,0.004708691034466028,9.861860235105269e-07,1.5695637500812154e-07,89833.8851928711
3500.0,301,1,-30.0,-220.0,-71.94752875680146,0.0,0.0014419741928577423,100.0,,0.10212765957446812,0.0,0.0,0.0,1000000000000.0
3500.0,301,2,20.714759826660156,-83.8367398747618,-66.27213208435138,5.5546875,6.8934807777404785,19.42115051750828,0.0,0.15614617940199338,-0.06150403991341591,-1.288137718802318e-05,-2.050134753517341e-06,6877.597332000732
3500.0,301,3,21.809165954589844,-84.5553917699305,-61.92970122778216,5.115234375,7.254328727722168,29.487143924808546,0.0,0.10631229235880402,6.931697845458984,0.0014517714735120535,0.00023105659056454897,61.024010181427
3500.0,301,4,2.5742604732513428,-101.81730764838508,-70.61531242060178,0.490234375,1.4900298118591309,67.09902237537598,0.0,0.5598591549295775,7.304758071899414,0.0015299050137400627,0.0002434919442748651,57.90746212005615
3500.0,301,5,-5.807529449462891,-110.5753789750487,-71.46680754799928,0.0,0.3363646864891052,100.0,1.0,0.9891304347826086,7.99778938293457,0.0016750531503930688,0.0002665929787326604,52.889615297317505
3500.0,301,6,11.067048072814941,-89.21882040710045,-63.67588617457364,3.029296875,3.7850401401519775,19.966585218872545,0.0,0.2259136212624585,-0.35077160596847534,-7.346543134190142e-05,-1.1692386578943115e-05,1205.9129476547241
3500.0,301,7,25.344619750976562,-84.85622507922848,-68.26744873589823,5.5546875,8.423508644104004,34.05731821872139,0.0,0.2325581395348837,7.438612937927246,0.0015579394530504942,0.0002479537797626108,56.86544254422188
3500.0,301,8,4.948685169219971,-85.36638635237728,-69.163872849525,0.740234375,2.044440746307373,63.79281833738659,0.0,0.21594684385382057,7.138200759887695,0.0014950213953852654,0.00023794002481736243,59.258632361888885
3500.0,302,0,-4.254168510437012,-108.55957238807247,-75.88086870927836,0.0,0.4599318206310272,100.0,1.0,0.22923588039867104,-0.043620072305202484,-9.135766958934255e-06,-1.4540024722009548e-06,9697.370529174805
3500.0,302,1,-30.0,-220.0,-71.94671618469448,0.0,0.0014419741928577423,100.0,,0.10212765957446812,0.0,0.0,0.0,1000000000000.0
3500.0,302,2,20.718761444091797,-83.81703544182909,-66.27131867719214,5.5546875,6.894798755645752,19.43655359844132,0.0,0.1556291390728477,-0.44894909858703613,-9.402768046129495e-05,-1.4964970432629343e-05,942.2003626823425
3500.0,302,3,27.16482162475586,-84.50807979029975,-61.89474487143205,5.5546875,9.026726722717285,38.4639895431786,0.0,0.10596026490066224,21.17734146118164,0.004435372073203325,0.000705911370459944,19.974179565906525
3500.0,302,4,2.345299243927002,-101.79081292565685,-70.60305605407754,0.490234375,1.4415100812911987,65.9916096763691,0.0,0.5578947368421052,22.449485778808594,0.0047018094919621944,0.0007483161753043532,18.84230226278305
3500.0,302,5,-5.771792888641357,-110.56103621079072,-71.45554052598635,0.0,0.33884161710739136,100.0,1.0,0.989247311827957,24.586223602294922,0.005149326752871275,0.0008195408154278994,17.204757779836655
3500.0,302,6,10.359115600585938,-89.21373441103097,-63.6751577380447,3.029296875,3.5682809352874756,15.104866182405917,0.0,0.22516556291390732,-1.458141803741455,-0.00030539254657924175,-4.860472836298868e-05,290.0952398777008
3500.0,302,7,25.076459884643555,-84.82461363194975,-68.25122354140704,5.5546875,8.334695816040039,33.35464637701523,0.0,0.23178807947019864,23.068679809570312,0.004831492900848389,0.0007689560297876596,18.336549401283264
3500.0,302,8,9.075969696044922,-85.33388914525423,-69.15076657619832,0.876953125,3.183241367340088,72.45093840518977,0.0,0.2152317880794702,21.301830291748047,0.004461444914340973,0.0007100609946064651,19.85744945704937
3500.0,303,0,-30.0,-220.0,-75.88075196791695,0.0,0.0014419741928577423,100.0,,0.22923588039867104,0.0,0.0,0.0,1000000000000.0
3500.0,303,1,15.696160316467285,-91.54310449546767,-71.94505784537208,0.490234375,5.25250244140625,90.66665117305972,0.0,0.10169491525423724,2.5293691158294678,0.000529749842826277,8.431230526184663e-05,167.2353744506836
3500.0,303,2,20.7700252532959,-83.65839552417543,-66.26994925789378,5.5546875,6.911685943603516,19.633392701521146,0.0,0.1551155115511551,-1.2923674583435059,-0.0002706728409975767,-4.307891504140571e-05,327.3063004016876
3500.0,303,3,16.5319881439209,-84.41506575752805,-61.81978442048354,0.0,5.523518085479736,100.0,1.0,0.1089108910891089,33.87541961669922,0.007094851695001125,0.001129180658608675,12.486930005252361
3500.0,303,4,-1.4619792699813843,-103.38896625832928,-70.5767282565323,0.490234375,0.7775108814239502,36.94822970166357,0.0,0.5559440559440559,36.35558319091797,0.007614295929670334,0.001211852766573429,11.635077185928822
3500.0,303,5,-6.38532829284668,-110.53158788355967,-71.43133366802596,0.0,0.29849642515182495,100.0,1.0,0.9893617021276596,42.80140686035156,0.008964305743575096,0.001426713541150093,9.882852435112
3500.0,303,6,12.906993865966797,-89.20407228099415,-63.67434173626747,2.73046875,4.359652996063232,37.369585320996556,0.0,0.22442244224422447,-3.1629467010498047,-0.0006624460220336914,-0.00010543155804043636,133.73605906963348
3500.0,303,7,25.340909957885742,-84.76047487910918,-68.21637784353328,5.5546875,8.422280311584473,34.04770092536846,0.0,0.23102310231023104,39.54674530029297,0.008282650262117386,0.0013182248221710324,10.696202516555786
3500.0,303,8,12.925705909729004,-85.26370009411298,-69.1226508906788,1.6953125,4.365566730499268,61.16626764273248,0.0,0.21452145214521456,35.383705139160156,0.007410746067762375,0.0011794568272307515,11.95465587079525
3500.0,304,0,-30.0,-220.0,-75.88076367272359,0.0,0.0014419741928577423,100.0,,0.22923588039867104,0.0,0.0,0.0,1000000000000.0
3500.0,304,1,14.982131958007812,-91.50617273113896,-71.94311025988667,4.212890625,5.022054672241211,16.11221103811883,0.0,0.10126582278481011,2.892740488052368,0.0006058541475795209,9.642468648962677e-05,146.2281197309494
3500.0,304,2,20.636674880981445,-83.6742889503101,-66.27008371776668,5.5546875,6.867761135101318,19.119384167136545,0.0,0.1546052631578947,-2.058215379714966,-0.0004310716176405549,-6.860717985546216e-05,205.51785826683044
3500.0,304,3,17.54555320739746,-84.36799805162357,-61.71320226696829,3.90234375,5.853674411773682,33.33514173335141,0.0,0.10855263157894735,43.90446853637695,0.009195330552756786,0.001463482272811234,9.634554386138916
3500.0,304,4,-1.1348423957824707,-103.33489034254723,-70.53820334256268,0.490234375,0.8237855434417725,40.49004878723619,0.0,0.554006968641115,45.23078155517578,0.009473113343119621,0.00150769273750484,9.352038614451885
3500.0,304,5,-6.216644763946533,-110.5021925303353,-71.39585259504375,0.0,0.30913621187210083,100.0,1.0,0.9894736842105263,53.341087341308594,0.011171731166541576,0.0017780362395569682,7.930097170174122
3500.0,304,6,17.499418258666992,-89.20074927209923,-63.677335273521045,3.322265625,5.838613986968994,43.09838546588535,0.0,0.22368421052631582,-4.39501953125,-0.0009204908274114132,-0.0001465006498619914,96.24531120061874
3500.0,304,7,23.953689575195312,-84.62874043041367,-68.16561769066567,5.5546875,7.96303653717041,30.244103815530078,0.0,0.23026315789473684,49.20271301269531,0.010304992087185383,0.001640090486034751,8.597087115049362
3500.0,304,8,17.112274169921875,-85.20521161677846,-69.08176365522792,2.56640625,5.712356090545654,55.07271939423419,0.0,0.21381578947368418,43.993064880371094,0.009213887155056,0.0014664354966953397,9.615152142941952
3500.0,305,0,-30.0,-220.0,-75.88091683799068,0.0,0.0014419741928577423,100.0,,0.22923588039867104,0.0,0.0,0.0,1000000000000.0
3500.0,305,1,-30.0,-220.0,-71.94124677121073,0.0,0.0014419741928577423,100.0,,0.10126582278481011,0.0,0.0,0.0,1000000000000.0
3500.0,305,2,22.16608238220215,-83.70196275965182,-66.27187162223483,5.5546875,7.3721489906311035,24.653075961172576,0.0,0.15409836065573768,-2.6797494888305664,-0.000561245484277606,-8.932498167268932e-05,157.85057842731476
3500.0,305,3,19.317678451538086,-84.36633615192378,-61.59203369431216,3.90234375,6.4339776039123535,39.347881042870355,0.0,0.1081967213114754,45.476715087890625,0.009524621069431305,0.001515890471637249,9.301463142037392
3500.0,305,4,1.9838446378707886,-101.26264134956642,-70.49387262546095,0.490234375,1.3668164014816284,64.13312172223087,0.0,0.5520833333333333,49.03449249267578,0.010269761085510254,0.001634483109228313,8.62658116966486
3500.0,305,5,-6.017101764678955,-110.47592355644849,-71.35499364174325,0.0,0.3221605718135834,100.0,1.0,0.9895833333333334,58.221153259277344,0.012193810194730759,0.0019407051149755716,7.265400607138872
3500.0,305,6,14.500568389892578,-89.20361098316887,-63.68395027616109,0.0,4.867279529571533,100.0,1.0,0.22622950819672127,-5.979779243469238,-0.0012524020858108997,-0.00019932597933802754,70.73839753866196
3500.0,305,7,27.002273559570312,-84.8397676165885,-68.10729615442818,5.5546875,8.972835540771484,38.09440198964788,0.0,0.2295081967213115,54.13787078857422,0.011338610202074051,0.0018045956967398524,7.813384756445885
3500.0,305,8,17.139009475708008,-85.15910391078187,-69.03490010166573,3.90234375,5.721068382263184,31.789947449355928,0.0,0.21311475409836067,50.59088134765625,0.010595729574561119,0.0016863627824932337,8.361190557479858
3500.0,306,0,-30.0,-220.0,-75.88117641481554,0.0,0.0014419741928577423,100.0,,0.22923588039867104,0.0,0.0,0.0,1000000000000.0
3500.0,306,1,-30.0,-220.0,-71.9395428181947,0.0,0.0014419741928577423,100.0,,0.10126582278481011,0.0,0.0,0.0,1000000000000.0
3500.0,306,2,20.91807746887207,-82.42197481148439,-66.27490162101071,5.5546875,6.960466384887695,20.19661912224545,0.0,0.15359477124183007,-3.5055041313171387,-0.0007341910386458039,-0.00011685014032991603,120.66738307476044
3500.0,306,3,25.419921875,-84.3852852846322,-61.4635839207998,4.5234375,8.44845199584961,46.45838666986347,0.0,0.10784313725490191,49.49958038330078,0.010367168113589287,0.001649986021220684,8.5455272346735
3500.0,306,4,-3.904574155807495,-100.82961600507362,-70.44683241626589,0.0,0.49257245659828186,100.0,1.0,0.5536332179930796,50.34648895263672,0.010544544085860252,0.0016782162711024284,8.401777595281601
3500.0,306,5,-5.697491645812988,-110.45050781647288,-71.31163066658523,0.0,0.3440432846546173,100.0,1.0,0.9896907216494846,60.451210021972656,0.01266087219119072,0.0020150402560830116,6.997378543019295
3500.0,306,6,18.355676651000977,-89.20962298456261,-63.69314107291737,3.90234375,6.118538856506348,36.22098606352209,0.0,0.22549019607843135,-6.339036464691162,-0.0013276448007673025,-0.00021130121604073793,66.72938913106918
3500.0,306,7,28.387388229370117,-84.8798662379039,-68.04538557041765,5.5546875,9.43217658996582,41.10916555666259,0.0,0.2287581699346405,56.067039489746094,0.011742654256522655,0.0018689013086259365,7.5445398688316345
3500.0,306,8,9.674273490905762,-85.1170397082273,-68.985293790648,0.0,3.3614068031311035,100.0,1.0,0.21568627450980393,50.98284912109375,0.01067782286554575,0.0016994283068925142,8.296907879412174
3500.0,307,0,-30.0,-220.0,-75.8815267086092,0.0,0.0014419741928577423,100.0,,0.22923588039867104,0.0,0.0,0.0,1000000000000.0
3500.0,307,1,14.655961990356445,-91.11462540969471,-71.93803419775936,0.490234375,4.91716194152832,90.03013565895232,0.0,0.10084033613445376,2.273935556411743,0.00047625196748413146,7.579785597044975e-05,186.0211044549942
3500.0,307,2,25.30956268310547,-82.5719348397671,-66.27898797433676,5.5546875,8.411896705627441,33.96628971580225,0.0,0.15309446254071657,-5.135383605957031,-0.001075552310794592,-0.00017117946117650717,82.36970007419586
3500.0,307,3,26.322328567504883,-84.41522025905402,-61.33133842036434,5.5546875,8.747448921203613,36.499343408161366,0.0,0.10749185667752448,50.48259735107422,0.010573050938546658,0.0016827532090246677,8.379125036299229
3500.0,307,4,4.420614719390869,-99.71175548645152,-70.39851877379257,0.490234375,1.9135438203811646,74.38081272147984,0.0,0.5517241379310345,53.79832077026367,0.011267494410276413,0.0017932773334905505,7.862699218094349
3500.0,307,5,-5.569706439971924,-110.42526558981498,-71.26709506483533,0.0,0.3531546890735626,100.0,1.0,0.9897959183673469,61.29528045654297,0.01283765397965908,0.0020431759767234325,6.901020649820566
3500.0,307,6,10.23068904876709,-89.21757099983418,-63.704428575159874,0.0,3.529264211654663,100.0,1.0,0.2280130293159609,-7.996133804321289,-0.0016747063491493464,-0.00026653779787011445,52.90056765079498
3500.0,307,7,27.269643783569336,-84.8405070246315,-67.98173537112797,5.5546875,9.061483383178711,38.70002001756747,0.0,0.2280130293159609,57.10466766357422,0.011959973722696304,0.0019034889992326498,7.407450582832098
3500.0,307,8,17.331422805786133,-85.07595890527581,-68.93444840083978,1.6953125,5.783801078796387,70.68860984491542,0.0,0.21498371335504884,51.479801177978516,0.010781904682517052,0.0017159933922812343,8.216815069317818
3500.0,308,0,-30.0,-220.0,-75.88195686060342,0.0,0.0014419741928577423,100.0,,0.22923588039867104,0.0,0.0,0.0,1000000000000.0
3500.0,308,1,-30.0,-220.0,-71.93673284146523,0.0,0.0014419741928577423,100.0,,0.10084033613445376,0.0,0.0,0.0,1000000000000.0
3500.0,308,2,20.350849151611328,-83.89790893672198,-66.28400349376112,5.5546875,6.773653030395508,17.995688957282386,0.0,0.15259740259740262,-4.031182765960693,-0.0008442889666184783,-0.00013437276356853545,104.93198782205582
3500.0,308,3,18.948274612426758,-84.451179141889,-61.19716580317988,5.5546875,6.312745094299316,12.008366930321257,0.0,0.1071428571428571,47.88871383666992,0.010029789060354233,0.0015962905017659068,8.832979016005993
3500.0,308,4,1.747314214706421,-100.21679672969344,-70.34969104700195,0.490234375,1.3192194700241089,62.839058538831225,0.0,0.5498281786941581,54.89516067504883,0.011497216299176216,0.0018298387294635177,7.705597206950188
3500.0,308,5,-5.76109504699707,-110.39945968239434,-71.222090748445,0.0,0.33958619832992554,100.0,1.0,0.98989898989899,61.3656005859375,0.01285238191485405,0.0020455201156437397,6.893112789839506
3500.0,308,6,17.405746459960938,-89.2267897014384,-63.71750280666417,2.40625,5.808046817779541,58.57040971787608,0.0,0.2272727272727273,-7.923174858093262,-0.0016594259068369865,-0.00026410582358948886,53.38769033551216
3500.0,308,7,24.228450775146484,-84.80051957612517,-67.91732540918554,5.5546875,8.053956031799316,31.031564139802736,0.0,0.2272727272727273,56.461509704589844,0.011825271882116795,0.001882050302810967,7.491829339414835
3500.0,308,8,18.334335327148438,-85.03430963673881,-68.88315802398046,3.609375,6.1115522384643555,40.94176308788412,0.0,0.2142857142857143,51.48414611816406,0.010782814584672451,0.001716138212941587,8.21612123399973
3500.0,309,0,-30.0,-220.0,-75.88246101842279,0.0,0.0014419741928577423,100.0,,0.22923588039867104,0.0,0.0,0.0,1000000000000.0
3500.0,309,1,-30.0,-220.0,-71.93564276215302,0.0,0.0014419741928577423,100.0,,0.10084033613445376,0.0,0.0,0.0,1000000000000.0
3500.0,309,2,24.649227142333984,-83.98900124714201,-66.28987206124293,5.5546875,8.19323444366455,32.20397221398707,0.0,0.15210355987055013,-5.006696701049805,-0.0010486001847311854,-0.00016688989126123488,84.48684215545654
3500.0,309,3,26.805265426635742,-84.49122202947308,-61.062061194129946,4.5234375,8.907524108886719,49.21779110889941,0.0,0.10679611650485432,49.97283172607422,0.010466285049915314,0.0016657611122354865,8.464599959552288
3500.0,309,4,2.1038553714752197,-101.75968853657166,-70.30073506905407,0.490234375,1.3913556337356567,64.765703094631,0.0,0.547945205479452,53.073829650878906,0.011115757748484612,0.0017691276734694839,7.97002948820591
3500.0,309,5,-5.467952728271484,-110.37343127843494,-71.17697444461024,0.0,0.36056169867515564,100.0,1.0,0.99,61.08220291137695,0.012793026864528656,0.0020360734779387712,6.925094407051802
3500.0,309,6,16.239538192749023,-89.236987590762,-63.73217212130161,4.5234375,5.428550720214844,16.67320187033313,0.0,0.22653721682847894,-8.748540878295898,-0.0018322902033105493,-0.0002916180237662047,48.35091903805733
3500.0,309,7,21.944835662841797,-84.75928733857316,-67.85265657187304,5.5546875,7.299106597900391,23.89907688705598,0.0,0.22653721682847894,56.171695709228516,0.01176457293331623,0.0018723899265751243,7.530482951551676
3500.0,309,8,16.522619247436523,-84.97508916610612,-68.83182756879407,3.90234375,5.520472526550293,29.31141797677691,0.0,0.21359223300970875,50.884891510009766,0.010657306760549545,0.0016961630899459124,8.31288006156683
3500.0,310,0,-30.0,-220.0,-75.88303497938529,0.0,0.0014419741928577423,100.0,,0.22923588039867104,0.0,0.0,0.0,1000000000000.0
3500.0,310,1,-30.0,-220.0,-71.93476212078335,0.0,0.0014419741928577423,100.0,,0.10084033613445376,0.0,0.0,0.0,1000000000000.0
3500.0,310,2,23.15607452392578,-84.0896350734852,-66.29654606779832,5.5546875,7.699240207672119,27.85408234873774,0.0,0.15161290322580645,-5.164425373077393,-0.0010816347785294056,-0.00017214751278515905,81.90649747848511
3500.0,310,3,20.21465492248535,-84.53514967153427,-60.92651540639745,5.5546875,6.728829383850098,17.449422728240993,0.0,0.1064516129032258,46.430809020996094,0.009724446572363377,0.0015476936241611838,9.11033060401678
3500.0,310,4,0.29030779004096985,-104.42775904499156,-70.25182366385712,0.490234375,1.0490248203277588,53.26760954551767,0.0,0.5460750853242321,51.01204299926758,0.010683937929570675,0.0017004014225676656,8.292159996926785
3500.0,310,5,-5.595184803009033,-110.34684737377768,-71.13190594161709,0.0,0.35132116079330444,100.0,1.0,0.9900990099009901,60.668121337890625,0.012706302106380463,0.0020222708117216825,6.972360424697399
3500.0,310,6,12.887456893920898,-89.24805589947692,-63.74832884528533,0.0,4.353479862213135,100.0,1.0,0.2290322580645161,-10.338008880615234,-0.0021651876159012318,-0.0003446002956479788,40.91697186231613
3500.0,310,7,16.530929565429688,-84.51800547709229,-67.78795529319679,0.0,5.523173809051514,100.0,1.0,0.2290322580645161,52.8218994140625,0.011062992736697197,0.001760730054229498,8.008042350411415
3500.0,310,8,19.123899459838867,-84.93130121932614,-68.78063919601533,3.322265625,6.37036657333374,47.84812480168795,0.0,0.2129032258064516,52.22740173339844,0.010938482359051704,0.0017409133724868298,8.09919647872448
3500.0,311,0,-30.0,-220.0,-75.88367717824514,0.0,0.0014419741928577423,100.0,,0.22923588039867104,0.0,0.0,0.0,1000000000000.0
3500.0,311,1,-30.0,-220.0,-71.93408902082236,0.0,0.0014419741928577423,100.0,,0.10084033613445376,0.0,0.0,0.0,1000000000000.0
3500.0,311,2,30.0,-81.33844715279321,-66.30400121807548,5.5546875,9.967226028442383,44.270477220550674,0.0,0.1511254019292605,-9.230592727661133,-0.001933251041918993,-0.00030768642318435013,45.82587629556656
3500.0,311,3,25.515575408935547,-84.5835798275443,-60.79073858784445,5.115234375,8.480135917663574,39.679806731100875,0.0,0.1061093247588425,48.56483840942383,0.010171396657824516,0.0016188279259949923,8.710005320608616
3500.0,311,4,-2.3376965522766113,-102.42964660849238,-70.20301168874195,0.490234375,0.6633488535881042,26.097049486362256,0.0,0.5442176870748299,50.53400802612305,0.010583817958831787,0.001684466958977282,8.370600640773773
3500.0,311,5,-5.305373668670654,-110.31991514864998,-71.08693521993229,0.0,0.3726802468299866,100.0,1.0,0.9901960784313726,60.186153411865234,0.012605358846485615,0.0020062050316482782,7.028194610029459
3500.0,311,6,15.956072807312012,-89.25998980023437,-63.765909284638454,2.73046875,5.336643218994141,48.835463830864015,0.0,0.22829581993569137,-10.384164810180664,-0.002174854278564453,-0.00034613884054124355,40.73510318994522
3500.0,311,7,13.519618034362793,-84.45532905475325,-67.72329558925904,3.322265625,4.553886890411377,27.045495310932456,0.0,0.22829581993569137,53.674835205078125,0.011241631582379341,0.0017891612369567156,7.880788296461105
3500.0,311,8,25.330907821655273,-85.47419574835914,-68.72965310832868,4.5234375,8.418967247009277,46.27087423808557,0.0,0.21221864951768488,49.954063415527344,0.010462354868650436,0.0016651354962959886,8.467779494822025
3500.0,312,0,-30.0,-220.0,-75.88438670243146,0.0,0.0014419741928577423,100.0,,0.22923588039867104,0.0,0.0,0.0,1000000000000.0
3500.0,312,1,-30.0,-220.0,-71.93362042875879,0.0,0.0014419741928577423,100.0,,0.10084033613445376,0.0,0.0,0.0,1000000000000.0
3500.0,312,2,25.062854766845703,-84.33152517161061,-66.31222285370005,5.5546875,8.33018970489502,33.31859541282797,0.0,0.15064102564102566,-12.701930046081543,-0.002660286147147417,-0.00042339766514487565,33.302027732133865
3500.0,312,3,27.216768264770508,-84.63728459860357,-60.65478273325065,5.5546875,9.043951034545898,38.581185603699986,0.0,0.10576923076923073,48.37775802612305,0.010132214054465294,0.0016125919064506888,8.74368753284216
3500.0,312,4,-2.144536256790161,-102.38305377738648,-70.15429125200595,0.490234375,0.6873332858085632,28.67588619350808,0.0,0.5423728813559322,50.08763885498047,0.010490331798791885,0.0016695880331099033,8.445197716355324
3500.0,312,5,-5.488011360168457,-110.29281393497413,-71.04205445356638,0.0,0.3590908348560333,100.0,1.0,0.9902912621359223,59.76519012451172,0.012517192400991917,0.0019921730272471905,7.0776985958218575
3500.0,312,6,17.62324333190918,-89.27282854846568,-63.784875556465245,3.90234375,5.8790388107299805,33.62275916808484,0.0,0.22756410256410253,-10.774829864501953,-0.0022566751576960087,-0.00035916100023314357,39.25815969705582
3500.0,312,7,14.989507675170898,-84.41202889884481,-67.65866920128597,2.56640625,5.024428844451904,48.921433073255926,0.0,0.22756410256410253,54.79532241821289,0.01147630624473095,0.001826510764658451,7.719637360423803
3500.0,312,8,24.72074317932129,-85.4050193839278,-68.6788639836145,5.5546875,8.216910362243652,32.399317320978106,0.0,0.21153846153846156,49.37272644042969,0.010340600274503231,0.0016457575839012861,8.56748316437006
3500.0,313,0,-30.0,-220.0,-75.88516404533411,0.0,0.0014419741928577423,100.0,,0.22923588039867104,0.0,0.0,0.0,1000000000000.0
3500.0,313,1,-30.0,-220.0,-71.93335525656026,0.0,0.0014419741928577423,100.0,,0.10084033613445376,0.0,0.0,0.0,1000000000000.0
3500.0,313,2,25.17491340637207,-84.63591994195234,-66.32120988805165,5.5546875,8.367300033569336,33.614338224818354,0.0,0.15015974440894564,-12.046377182006836,-0.0025229875463992357,-0.0004015458980575204,35.11429205536842
3500.0,313,3,21.712846755981445,-84.69739935588132,-60.51864391390072,5.5546875,7.222543239593506,23.092360741441198,0.0,0.10543130990415339,47.773868560791016,0.010005735792219639,0.0015924623003229499,8.854213170707226
3500.0,313,4,-1.5753895044326782,-102.33626441856424,-70.10562448337885,0.490234375,0.7619341015815735,35.6592159371259,0.0,0.5405405405405406,49.67875671386719,0.010404694825410843,0.0016559585928916931,8.514706045389175
3500.0,313,5,-5.439208030700684,-110.26562299583628,-70.99722773807221,0.0,0.36267876625061035,100.0,1.0,0.9903846153846154,59.390464782714844,0.01243870984762907,0.0019796821288764477,7.12235551327467
3500.0,313,6,18.010997772216797,-89.28662771738661,-63.80521433308556,4.212890625,6.005753040313721,29.852416562570937,0.0,0.22683706070287535,-11.533601760864258,-0.002415592083707452,-0.0003844533930532634,36.67544946074486
3500.0,313,7,19.482412338256836,-84.36822298207618,-67.59402945449617,3.029296875,6.488080024719238,53.309810244963984,0.0,0.22683706070287535,54.62432098388672,0.011440491303801537,0.0018208107212558389,7.743803318589926
3500.0,313,8,17.4257869720459,-85.3904032032994,-68.62823665197493,0.0,5.814585208892822,100.0,1.0,0.21405750798722045,50.35866165161133,0.01054709404706955,0.0016786220949143171,8.399746380746365
3500.0,314,0,-6.956558704376221,-111.79952358049982,-75.88600918333033,0.0,0.2648751139640808,100.0,1.0,0.23178807947019864,1.4325804710388184,0.0003000389551743865,4.7752684622537345e-05,295.2713668346405
3500.0,314,1,-30.0,-220.0,-71.93329145731927,0.0,0.0014419741928577423,100.0,,0.10084033613445376,0.0,0.0,0.0,1000000000000.0
3500.0,314,2,24.87887191772461,-84.92509419469755,-66.33096190084335,5.5546875,8.269266128540039,32.82732211472924,0.0,0.14968152866242035,-14.058466911315918,-0.0029443984385579824,-0.0004686155589297414,30.088629573583603
3500.0,314,3,16.008041381835938,-84.76605624879072,-60.38229287601604,0.0,5.353482246398926,100.0,1.0,0.10828025477707004,42.722103118896484,0.008947696536779404,0.0014240700984373689,9.90119855850935
3500.0,314,4,-1.33876633644104,-102.2894436803023,-70.05696244705534,0.490234375,0.7947049140930176,38.31240170957094,0.0,0.5387205387205387,49.303279876708984,0.010326055809855461,0.0016434426652267575,8.579551242291927
3500.0,314,5,-1.8839235305786133,-106.44443979498762,-70.95240953025305,0.490234375,0.720758855342865,31.983579339195835,0.0,0.9809523809523809,58.907981872558594,0.012337658554315567,0.0019635993521660566,7.180690765380859
3500.0,314,6,16.14484214782715,-89.30147109472644,-63.826922939198006,4.5234375,5.397831439971924,16.19898564258375,0.0,0.2261146496815286,-12.575101852416992,-0.0026337234303355217,-0.00041917007183656096,33.63789990544319
3500.0,314,7,23.1486873626709,-84.34342936755314,-67.5293144437814,4.5234375,7.696797847747803,41.2296179595827,0.0,0.2261146496815286,54.401092529296875,0.01139373891055584,0.0018133698031306267,7.775579113513231
3500.0,314,8,25.775606155395508,-85.338923400122,-68.57772405946969,3.609375,8.566282272338867,57.86532727674726,0.0,0.2133757961783439,48.08873748779297,0.010071681812405586,0.0016029579564929008,8.796238340437412
3500.0,315,0,-6.918220043182373,-111.7952398391449,-75.88692170284322,0.0,0.2670191526412964,100.0,1.0,0.23432343234323427,1.3334909677505493,0.00027928571216762066,4.444969817996025e-05,317.2124922275543
3500.0,315,1,-30.0,-220.0,-71.93342516434936,0.0,0.0014419741928577423,100.0,,0.10084033613445376,0.0,0.0,0.0,1000000000000.0
3500.0,315,2,24.556171417236328,-85.19889260542809,-66.34146653798047,5.5546875,8.162428855895996,31.948105177202702,0.0,0.14920634920634923,-14.401169776916504,-0.003016173839569092,-0.0004800389870069921,29.37261387705803
3500.0,315,3,19.37653923034668,-84.84359460953209,-60.24564368145331,3.609375,6.453305721282959,44.06936296081084,0.0,0.10793650793650789,44.87568664550781,0.009398742578923702,0.0014958562096580863,9.426039643585682
3500.0,315,4,0.3163236677646637,-100.88204578153852,-70.0082532421118,0.490234375,1.0534967184066772,53.465979871163036,0.0,0.5369127516778524,53.67731857299805,0.011242151260375977,0.0017892440082505345,7.880423218011856
3500.0,315,5,-1.8585506677627563,-106.41525766394994,-70.90755185668489,0.490234375,0.7240791320800781,32.29546975180836,0.0,0.9716981132075472,58.67478942871094,0.012288819998502731,0.001955826301127672,7.2092292830348015
3500.0,315,6,14.4638090133667,-89.31732420345482,-63.84996589602952,3.90234375,4.8554887771606445,19.630259092433068,0.0,0.22539682539682537,-13.762520790100098,-0.002882415661588311,-0.00045875069918110967,30.735649168491364
3500.0,315,7,22.609968185424805,-84.27985682999335,-67.46445458073995,5.5546875,7.518756866455078,26.12226198213391,0.0,0.22539682539682537,54.206275939941406,0.011352935805916786,0.0018068759236484766,7.803524378687143
3500.0,315,8,24.781827926635742,-85.3185536396699,-68.52727455174568,5.5546875,8.237133979797363,32.56528892666321,0.0,0.21269841269841272,48.93790817260742,0.010249531827867031,0.001631263643503189,8.643606677651405
3500.0,316,0,-7.066586494445801,-111.7910327728872,-75.88790233139656,0.0,0.25880879163742065,100.0,1.0,0.23684210526315785,1.224104404449463,0.0002563758462201804,4.0803479350870475e-05,345.558762550354
3500.0,316,1,3.052502393722534,-104.66545189104286,-71.93375601211639,0.490234375,1.5943238735198975,69.25126800505872,0.0,0.10041841004184104,-1.390344500541687,-0.00029119307873770595,-4.634481592802331e-05,304.2411506175995
3500.0,316,2,16.89349365234375,-94.70927099986594,-66.3527265651208,0.0,5.641099452972412,100.0,1.0,0.15189873417721522,-2.7726428508758545,-0.0005807009874843061,-9.24214327824302e-05,152.56202220916748
3500.0,316,3,16.652122497558594,-84.87914790300297,-60.10867927703324,4.5234375,5.5625691413879395,18.68078607160758,0.0,0.10759493670886078,42.82257080078125,0.008968738839030266,0.0014274190180003643,9.877968579530716
3500.0,316,4,2.5939218997955322,-100.82888307843488,-69.95945023594896,0.490234375,1.4942392110824585,67.1917072337525,0.0,0.5351170568561873,53.24075698852539,0.011150717735290527,0.0017746919766068459,7.945041172206402
3500.0,316,5,-1.4193720817565918,-106.38581419893028,-70.86261113005705,0.490234375,0.7834245562553406,37.42417555262099,0.0,0.9626168224299065,58.44489288330078,0.012240670621395111,0.0019481631461530924,7.237587124109268
3500.0,316,6,15.683862686157227,-89.25658152816071,-63.8743390154201,3.322265625,5.2485246658325195,36.70096195550558,0.0,0.22468354430379744,-11.466386795043945,-0.002401514444500208,-0.0003822128928732127,36.890435963869095
3500.0,316,7,23.306028366088867,-84.23531659980975,-67.39938991052747,5.33203125,7.748818397521973,31.18910553246218,0.0,0.22468354430379744,54.19129943847656,0.011349799111485481,0.0018063766183331609,7.805681321769953
3500.0,316,8,12.963274002075195,-85.26621362668784,-68.47684439179795,0.0,4.377443790435791,100.0,1.0,0.21518987341772156,49.28572463989258,0.01032237894833088,0.0016428575618192554,8.58260691165924
3500.0,317,0,-7.715077877044678,-111.78689594599496,-75.88895169095042,0.0,0.22556588053703308,100.0,1.0,0.239344262295082,1.1268776655197144,0.00023601272550877184,3.756258956855163e-05,375.3734827041626
3500.0,317,1,2.5017945766448975,-104.67126038895773,-71.93428373938215,1.17578125,1.4745733737945557,20.262953957026,0.0,0.09999999999999998,-1.5454078912734985,-0.0003236694901715964,-5.15135980094783e-05,273.714154958725
3500.0,317,2,11.292476654052734,-94.87011664423855,-66.36474308857072,0.0,3.8546223640441895,100.0,1.0,0.1545741324921136,-9.924161911010742,-0.0020785117521882057,-0.00033080540015362203,42.62324795126915
3500.0,317,3,16.845102310180664,-84.77455803495987,-59.97140543335633,3.90234375,5.6253485679626465,30.629298738489975,0.0,0.10725552050473186,41.37712860107422,0.008666006848216057,0.0013792376266792417,10.22303942590952
3500.0,317,4,1.6579005718231201,-100.7758295678087,-69.91051339141546,0.490234375,1.301493763923645,62.33294476017477,0.0,0.5333333333333333,53.398704528808594,0.01118379831314087,0.001779956859536469,7.921540178358555
3500.0,317,5,-1.9349045753479004,-106.35633295906413,-70.81754993627462,0.490234375,0.7141231894493103,31.351567594655506,0.0,0.9537037037037037,58.307708740234375,0.012211939319968224,0.0019435903523117304,7.254615426063538
3500.0,317,6,15.66862678527832,-89.27460519538572,-63.90003386037506,3.90234375,5.243597030639648,25.57887787338291,0.0,0.2239747634069401,-17.23179054260254,-0.0036090179346501827,-0.0005743930232711136,24.547653272747993
3500.0,317,7,17.116870880126953,-84.8105476579872,-67.33406862474055,0.0,5.7138543128967285,100.0,1.0,0.2271293375394322,53.017494201660156,0.011103957891464233,0.0017672497779130936,7.978498935699463
3500.0,317,8,25.479642868041992,-85.21397229616154,-68.42639683295414,2.16015625,8.468234062194824,74.49106585700437,0.0,0.21451104100946372,48.25598907470703,0.010106710717082024,0.001608532969839871,8.765751495957375
3500.0,318,0,-7.51261568069458,-111.78309137713273,-75.89006999553634,0.0,0.23549678921699524,100.0,1.0,0.24183006535947715,1.0203888416290283,0.0002137097471859306,3.4012962714768946e-05,414.547860622406
3500.0,318,1,2.696765422821045,-104.67727952312467,-71.93500734327259,1.02734375,1.5163686275482178,32.24973589297419,0.0,0.09958506224066388,-1.718879222869873,-0.00036000122781842947,-5.729597614845261e-05,246.0905909538269
3500.0,318,2,8.1433687210083,-98.44343762457969,-66.37751212281634,0.0,2.910989999771118,100.0,1.0,0.1572327044025157,-13.828622817993164,-0.002896260004490614,-0.00046095409197732806,30.588729307055473
3500.0,318,3,18.40520477294922,-84.66993116400202,-59.83383548781897,3.90234375,6.134756565093994,36.38959087302904,0.0,0.10691823899371067,42.93579864501953,0.0089924531057477,0.0014311933191493154,9.851918555796146
3500.0,318,4,-0.0036776228807866573,-101.14659394467061,-69.86140799974433,0.490234375,0.9993891716003418,50.946599289746366,0.0,0.5315614617940199,55.41642761230469,0.011606389656662941,0.0018472142983227968,7.633115630596876
3500.0,318,5,-2.268529176712036,-106.32689082995553,-70.77233602068743,0.0,0.6718605160713196,100.0,1.0,0.9541284403669725,58.163978576660156,0.012181835249066353,0.0019387992797419429,7.272542454302311
3500.0,318,6,16.099224090576172,-89.29371329573377,-63.92703142730693,3.90234375,5.3830389976501465,27.50667881649219,0.0,0.22327044025157228,-16.592857360839844,-0.0034752001520246267,-0.0005530952475965023,25.492897257208824
3500.0,318,7,14.873013496398926,-84.75574963551637,-67.26844467826345,3.322265625,4.986935615539551,33.3806192594978,0.0,0.2264150943396226,51.45070266723633,0.010775810107588768,0.0017150234198197722,8.221462368965149
3500.0,318,8,25.60279655456543,-85.15373808689361,-68.37590022866075,5.5546875,8.50903034210205,34.720088227728866,0.0,0.21383647798742134,47.252967834472656,0.009896638803184032,0.0015750989550724626,8.951818570494652
3500.0,319,0,2.428361654281616,-102.22667348638726,-75.89125738624773,0.490234375,1.4590048789978027,66.39940125925115,0.0,0.24104234527687296,1.5292800664901733,0.00032029167050495744,5.097600296721794e-05,276.60074830055237
3500.0,319,1,3.247624158859253,-104.6834056425059,-71.93592592930429,1.17578125,1.6379966735839844,28.218337133288774,0.0,0.09917355371900827,-1.8627917766571045,-0.00039014220237731934,-6.209305865922943e-05,227.07852721214294
3500.0,319,2,8.98863410949707,-98.41833932708015,-66.39102847082708,2.16015625,3.157451868057251,31.585457505988114,0.0,0.15673981191222575,-14.183534622192383,-0.0029705925844609737,-0.0004727844789158553,29.823314398527145
3500.0,319,3,26.809295654296875,-84.56528145360032,-59.69600629015503,4.5234375,8.908859252929688,49.22540168638917,0.0,0.10658307210031348,43.32299041748047,0.009073546156287193,0.0014440997038036585,9.76386945694685
3500.0,319,4,-0.12149374186992645,-101.09276938402415,-69.81210497775152,0.490234375,0.9799614548683167,49.97411657728152,0.0,0.5298013245033113,53.43376159667969,0.011191140860319138,0.0017811254365369678,7.9163433983922005
3500.0,319,5,-3.8925440311431885,-106.2973884944758,-70.72694236240307,0.0,0.4937295615673065,100.0,1.0,0.9545454545454546,58.10155487060547,0.0121687613427639,0.0019367184722796082,7.280356250703335
3500.0,319,6,17.11012077331543,-89.31389510076315,-63.955309692305015,3.90234375,5.7116546630859375,31.677526387920462,0.0,0.22257053291536055,-17.15966033935547,-0.003593910951167345,-0.000571988697629422,24.65083822607994
3500.0,319,7,14.494064331054688,-84.73381686407018,-67.20247913035892,2.73046875,4.865192890167236,43.877482113434915,0.0,0.22570532915360497,52.88556671142578,0.011076327413320541,0.001762852189131081,7.998401299118996
3500.0,319,8,9.356358528137207,-85.101743028167,-68.32532895177117,0.0,3.2664196491241455,100.0,1.0,0.2163009404388715,51.214881896972656,0.01072642020881176,0.0017071627080440521,8.259317837655544
3500.0,320,0,1.3767120838165283,-102.21937494554552,-75.89251450827875,0.490234375,1.246713399887085,60.677861083036355,0.0,0.24025974025974028,1.402277946472168,0.0002936923992820084,4.674259980674833e-05,301.65204405784607
3500.0,320,1,2.5807485580444336,-104.6897241005432,-71.93704024208952,1.326171875,1.4914182424545288,11.079814015320855,0.0,0.09876543209876543,-2.0268068313598633,-0.0004244934534654021,-6.756022776244208e-05,208.7026685476303
3500.0,320,2,6.432737350463867,-98.24247393803292,-66.40529228246454,0.0,2.4324750900268555,100.0,1.0,0.15937500000000004,-15.250286102294922,-0.0031940126791596413,-0.000508342869579792,27.73718535900116
3500.0,320,3,15.151178359985352,-84.46074822533237,-59.55801464361214,0.0,5.07651424407959,100.0,1.0,0.109375,39.603065490722656,0.00829444732517004,0.0013201022520661354,10.680991224944592
3500.0,320,4,-0.7488645315170288,-101.03901065695169,-69.76258267820431,0.490234375,0.8809715509414673,44.35298455709478,0.0,0.528052805280528,54.95606231689453,0.01150997169315815,0.0018318687798455358,7.697058375924826
3500.0,320,5,-2.363435745239258,-106.26778515028914,-70.6813484710811,0.490234375,0.6602031588554382,25.744921328474824,0.0,0.9459459459459459,58.025230407714844,0.0121527761220932,0.0019341743318364024,7.2899325750768185
3500.0,320,6,16.783884048461914,-89.33518108474026,-63.98485596034958,4.5234375,5.605427265167236,19.30253866446263,0.0,0.22187500000000004,-17.579561233520508,-0.00368185481056571,-0.0005859853699803352,24.062033742666245
3500.0,320,7,15.402862548828125,-84.69095618305568,-67.13614435589804,2.73046875,5.157712936401367,47.06047460049029,0.0,0.22499999999999998,52.37483215332031,0.010969359427690506,0.001745827728882432,8.076398633420467
3500.0,320,8,30.0,-85.04991435892785,-68.27466643637153,1.17578125,9.967226028442383,88.203525768907,0.0,0.21562499999999996,47.48281478881836,0.009944777935743332,0.0015827604802325368,8.908485993742943
3500.0,321,0,3.828810930252075,-100.94357746978348,-75.8938410538847,0.490234375,1.7718009948730469,72.33129587247318,0.0,0.23948220064724923,-2.824800729751587,-0.0005916248774155974,-9.416002285433933e-05,149.74507689476013
3500.0,321,1,-30.0,-220.0,-71.93834868547255,0.0,0.0014419741928577423,100.0,,0.09876543209876543,0.0,0.0,0.0,1000000000000.0
3500.0,321,2,5.068166732788086,-98.23612764890453,-66.4202925178602,1.4765625,2.0746097564697266,28.82697599414541,0.0,0.15887850467289721,-15.460987091064453,-0.0032381415367126465,-0.0005153662641532719,27.359185740351677
3500.0,321,3,23.490528106689453,-84.35621539343443,-59.41993198842423,3.322265625,7.809828281402588,57.4604523263174,0.0,0.1090342679127726,41.60289001464844,0.00871328916400671,0.0013867630623281002,10.167563334107399
3500.0,321,4,0.4744119942188263,-100.56273045535589,-69.71282100418824,0.490234375,1.0809489488601685,54.6477772593295,0.0,0.5263157894736843,51.9111442565918,0.010872244834899902,0.0017303714994341135,8.148539811372757
3500.0,321,5,-3.6928279399871826,-106.23824361021727,-70.63553582605343,0.0,0.5132730007171631,100.0,1.0,0.9464285714285714,57.961875915527344,0.012139507569372654,0.0019320625578984618,7.297900505363941
3500.0,321,6,18.1530818939209,-89.35753315787534,-64.01563608687579,4.212890625,6.052229881286621,30.39110034425201,0.0,0.22118380062305298,-17.95734405517578,-0.003760977415367961,-0.0005985781317576766,23.555822670459747
3500.0,321,7,16.099512100219727,-84.64804902707161,-67.06941214381396,3.029296875,5.383132457733154,43.726131601159935,0.0,0.22429906542056077,51.526206970214844,0.010791623964905739,0.0017175402026623487,8.209414780139923
3500.0,321,8,24.61437225341797,-84.99817632024438,-68.2238961822575,5.5546875,8.181694984436035,32.10835272438496,0.0,0.2149532710280374,47.492454528808594,0.009946797043085098,0.0015830817865207791,8.906678296625614
3500.0,322,0,8.003719329833984,-100.25871649581374,-75.89523723165911,0.490234375,2.8708536624908447,82.92374211179204,0.0,0.2387096774193549,-2.9546260833740234,-0.0006188154220581055,-9.84875368885696e-05,143.16532015800476
3500.0,322,1,-30.0,-220.0,-71.93985123635534,0.0,0.0014419741928577423,100.0,,0.09876543209876543,0.0,0.0,0.0,1000000000000.0
3500.0,322,2,11.403487205505371,-95.73460299764649,-66.43602367053234,1.328125,3.8889803886413574,65.84901780736442,0.0,0.15838509316770188,-14.246325492858887,-0.0029837435577064753,-0.00047487750998698175,29.691867530345917
3500.0,322,3,23.590423583984375,-84.21935180545725,-59.28188863332157,5.5546875,7.842867851257324,29.17530161993608,0.0,0.10869565217391308,39.58915710449219,0.008291533216834068,0.0013196385698392987,10.684743523597717
3500.0,322,4,1.6163372993469238,-100.50927127581657,-69.66280563157929,0.490234375,1.293304204940796,62.09442657596234,0.0,0.5245901639344263,52.15837860107422,0.010924025438725948,0.001738612656481564,8.10991507023573
3500.0,322,5,-1.7652571201324463,-106.20856090646097,-70.58949088379619,0.490234375,0.7363884449005127,33.427204297559086,0.0,0.9380530973451328,57.91156005859375,0.01212896965444088,0.0019303853623569012,7.304241415113211
3500.0,322,6,21.479694366455078,-89.38096241411357,-64.04762592097583,4.81640625,7.145625114440918,32.596432462342506,0.0,0.22049689440993792,-18.04810333251953,-0.0037799859419465065,-0.0006016034749336541,23.437365889549255
3500.0,322,7,15.183793067932129,-88.88661654554295,-67.00226353082411,3.322265625,5.087028503417969,34.69142893994454,0.0,0.22360248447204967,52.16931915283203,0.010926317423582077,0.001738977269269526,8.108214475214481
3500.0,322,8,12.28480339050293,-84.94655176925906,-68.17300901580728,0.0,4.163749694824219,100.0,1.0,0.21739130434782605,52.45515441894531,0.010986181907355785,0.0017485051648691297,8.064031600952148
3500.0,323,0,5.703505039215088,-97.1820584720029,-75.89670321700989,0.490234375,2.2382829189300537,78.09774757007294,0.0,0.23794212218649513,-2.8560638427734375,-0.0005981726571917534,-9.520212915958837e-05,148.1059342622757
3500.0,323,1,-30.0,-220.0,-71.9415478903162,0.0,0.0014419741928577423,100.0,,0.09876543209876543,0.0,0.0,0.0,1000000000000.0
3500.0,323,2,11.993804931640625,-96.45633637925252,-66.45247951868366,2.73046875,4.0726494789123535,32.95595989446157,0.0,0.1578947368421053,-13.13367748260498,-0.0027507110498845577,-0.00043778924737125635,32.20727667212486
3500.0,323,3,17.481250762939453,-84.11658543504873,-59.14403919947089,0.0,5.8326849937438965,100.0,1.0,0.11145510835913308,32.40947723388672,0.006787825841456652,0.0010803159093484282,13.051738031208515
3500.0,323,4,0.44630691409111023,-100.73364590139249,-69.61252460742706,0.490234375,1.0760334730148315,54.440601775476296,0.0,0.522875816993464,50.52006149291992,0.010580897331237793,0.001684002112597227,8.372911252081394
3500.0,323,5,-1.8860361576080322,-106.17885749916798,-70.54320227631094,0.490234375,0.7204829454421997,31.95753236058677,0.0,0.9298245614035088,57.880157470703125,0.012122392654418945,0.0019293385557830334,7.3082041926681995
3500.0,323,6,23.72929573059082,-89.4831116484825,-64.0807997358677,5.5546875,7.888801574707031,29.58768898676113,0.0,0.2198142414860681,-18.73758888244629,-0.003924391698092222,-0.0006245863041840494,22.57494255900383
3500.0,323,7,14.272046089172363,-88.798132296709,-66.93468271780044,3.029296875,4.794034004211426,36.811109968372214,0.0,0.22291021671826627,48.80889129638672,0.010222511366009712,0.0016269630286842585,8.666453883051872
3500.0,323,8,30.0,-84.90289634483338,-68.12199845286497,1.6953125,9.967226028442383,82.99113017842404,0.0,0.21671826625386992,46.14949035644531,0.009665527381002903,0.0015383163699880242,9.165865369141102
3500.0,324,0,1.2579233646392822,-103.61503067075205,-75.8982395654221,0.490234375,1.2240134477615356,59.94861201104153,0.0,0.23717948717948723,-3.4669158458709717,-0.0007261091959662735,-0.00011556386016309261,122.01046198606491
3500.0,324,1,-30.0,-220.0,-71.94343969881021,0.0,0.0014419741928577423,100.0,,0.09876543209876543,0.0,0.0,0.0,1000000000000.0
3500.0,324,2,10.699631690979004,-96.03905964480978,-66.4696577546529,3.029296875,3.672196865081787,17.507231058198414,0.0,0.15740740740740744,-12.578465461730957,-0.0026344277430325747,-0.0004192821797914803,33.628903329372406
3500.0,324,3,17.70743751525879,-84.01034673223053,-59.00658568708849,3.90234375,5.906537055969238,33.931782480629145,0.0,0.11111111111111116,31.211307525634766,0.006536881439387798,0.0010403769556432962,13.552781194448471
3500.0,324,4,1.5416297912597656,-100.30772713200753,-69.5619681109413,0.490234375,1.278664469718933,61.66043660321932,0.0,0.5211726384364821,50.08598327636719,0.010489984415471554,0.0016695328522473574,8.445477113127708
3500.0,324,5,-1.7425602674484253,-106.14916234458863,-70.49666034371066,0.490234375,0.7394073009490967,33.69900806081581,0.0,0.9217391304347826,57.84685134887695,0.012115417048335075,0.0019282284192740917,7.312411908060312
3500.0,324,6,24.606016159057617,-89.50873833974194,-64.11513888058425,5.5546875,8.17892837524414,32.08538765527222,0.0,0.21913580246913578,-19.374298095703125,-0.004057743586599827,-0.0006458099232986569,21.83304913341999
3500.0,324,7,13.282123565673828,-89.21664935581582,-66.86665796548934,2.73046875,4.47844123840332,39.03082334572547,0.0,0.2222222222222222,49.193115234375,0.010302983224391937,0.0016397705767303705,8.598764427006245
3500.0,324,8,26.049049377441406,-84.85160360849518,-68.07086127377292,5.5546875,8.656885147094727,35.835032975294034,0.0,0.21604938271604934,46.83631134033203,0.009809374809265137,0.0015612103743478656,9.031454101204872
3500.0,325,0,3.22245454788208,-99.38907994575035,-75.89984573014968,0.490234375,1.6323270797729492,69.9671480627406,0.0,0.23642172523961658,-4.033692359924316,-0.0008448145817965269,-0.0001344564079772681,104.86669838428497
3500.0,325,1,-30.0,-220.0,-71.945524961403,0.0,0.0014419741928577423,100.0,,0.09876543209876543,0.0,0.0,0.0,1000000000000.0
3500.0,325,2,5.067351341247559,-98.04557838386046,-66.48754343612256,0.0,2.0744032859802246,100.0,1.0,0.16000000000000003,-11.684410095214844,-0.002447177190333605,-0.00038948035216890275,36.2020842730999
3500.0,325,3,18.251914978027344,-83.86538204454342,-58.86969907250301,3.90234375,6.084571838378906,35.86494081003916,0.0,0.11076923076923073,29.197738647460938,0.006115160416811705,0.0009732579928822815,14.487423934042454
3500.0,325,4,0.4949084520339966,-100.66691556602764,-69.51112787589861,0.490234375,1.0845431089401245,54.79807386549308,0.0,0.5194805194805194,51.718955993652344,0.010831993073225021,0.0017239651642739773,8.17881990224123
3500.0,325,5,-1.5280888080596924,-106.11939524173292,-70.44985746328895,0.490234375,0.7684018015861511,36.20077751144676,0.0,0.9137931034482758,57.83685302734375,0.012113322503864765,0.0019278951222077012,7.313676178455353
3500.0,325,6,21.914386749267578,-89.53543736574304,-64.15060123868113,5.5546875,7.289055824279785,23.79414242517691,0.0,0.21846153846153848,-20.4455509185791,-0.004282106179744005,-0.0006815183442085981,20.6890981644392
3500.0,325,7,17.485158920288086,-89.18267905889904,-66.79817666620468,2.56640625,5.83396053314209,56.00919417571429,0.0,0.22153846153846157,44.907928466796875,0.00940549373626709,0.0014969309559091926,9.419272653758526
3500.0,325,8,19.185516357421875,-84.8402286985066,-68.01959398250878,5.5546875,6.390589714050293,13.080204667379691,0.0,0.2153846153846154,46.946685791015625,0.009832490235567093,0.001564889564178884,9.010220877826214
3500.0,326,0,3.3821828365325928,-101.46577642895743,-75.90152106615133,0.490234375,1.6684843301773071,70.61798147376646,0.0,0.23566878980891715,-4.424203395843506,-0.0009266029810532928,-0.00014747344539500773,95.61043232679367
3500.0,326,1,-30.0,-220.0,-71.94780171823642,0.0,0.0014419741928577423,100.0,,0.09876543209876543,0.0,0.0,0.0,1000000000000.0
3500.0,326,2,1.4080661535263062,-99.0040931211439,-66.50612036440435,1.17578125,1.252748966217041,6.1439057858065915,0.0,0.1595092024539877,-17.460357666015625,-0.003656888846307993,-0.0005820119404233992,24.22630786895752
3500.0,326,3,22.19774627685547,-83.72098079627031,-58.73356059707467,3.90234375,7.382603645324707,47.141361808427895,0.0,0.11042944785276076,37.49281311035156,0.00785247702151537,0.0012497605057433248,11.282162740826607
3500.0,326,4,-0.46111705899238586,-100.23464018672507,-69.45999554965053,0.490234375,0.9254421591758728,47.02701080350988,0.0,0.5177993527508091,51.59986114501953,0.01080705039203167,0.0017199954017996788,8.197696879506111
3500.0,326,5,-4.107728004455566,-106.08944183278716,-70.40278600338846,0.490234375,0.4733749330043793,0.0,0.0,0.905982905982906,57.835105895996094,0.012112956494092941,0.0019278369145467877,7.313896901905537
3500.0,326,6,16.572067260742188,-89.5631299057207,-64.18714272373924,0.0,5.536543369293213,100.0,1.0,0.22085889570552142,-22.675762176513672,-0.004749200772494078,-0.0007558587240055203,18.65427941083908
3500.0,326,7,13.558204650878906,-89.14854944324553,-66.7292256862005,3.90234375,4.566162109375,14.537774688552641,0.0,0.22085889570552142,49.6246337890625,0.010393359698355198,0.001654154504649341,8.523992262780666
3500.0,326,8,24.71758270263672,-84.78897657437946,-67.96819296003042,3.322265625,8.215864181518555,59.562797636390094,0.0,0.21472392638036808,45.75653076171875,0.009583225473761559,0.001525217667222023,9.244582615792751
3500.0,327,0,3.4514007568359375,-101.48747563382213,-75.90326671345886,0.490234375,1.6842840909957886,70.89360532342488,0.0,0.23492063492063497,-4.598942279815674,-0.0009632002329453826,-0.00015329808229580522,91.97767078876495
3500.0,327,1,-30.0,-220.0,-71.95027270199023,0.0,0.0014419741928577423,100.0,,0.09876543209876543,0.0,0.0,0.0,1000000000000.0
3500.0,327,2,12.970376968383789,-93.68382006110203,-66.5253918776881,0.6015625,4.379689693450928,86.26472325426312,0.0,0.15902140672782872,-20.69002914428711,-0.00433330936357379,-0.0006896676495671272,20.444631576538086
3500.0,327,3,24.476726531982422,-83.57755114498956,-58.598491582705456,5.115234375,8.136129379272461,37.129387494359044,0.0,0.11009174311926606,36.55857849121094,0.007656811736524105,0.0012186192907392979,11.57047227025032
3500.0,327,4,-0.40166521072387695,-100.18400224136249,-69.40856667776458,0.490234375,0.9348269104957581,47.55880800008008,0.0,0.5161290322580645,51.84488296508789,0.010858367197215557,0.001728162751533091,8.158953860402107
3500.0,327,5,-2.096605062484741,-106.05950498020702,-70.35544077262315,0.490234375,0.6933885812759399,29.29875278622348,0.0,0.8983050847457628,57.820167541503906,0.012109827250242233,0.0019273388898000121,7.3157865554094315
3500.0,327,6,19.278623580932617,-89.59188407681282,-64.22475511277177,3.90234375,6.421154499053955,39.226758200959935,0.0,0.22018348623853212,-21.722122192382812,-0.004549470730125904,-0.0007240707636810839,19.473236054182053
3500.0,327,7,15.713376998901367,-88.87969648243718,-66.65980275017563,2.73046875,5.258072376251221,48.0709173511471,0.0,0.22018348623853212,47.98093795776367,0.010049104690551758,0.0015993645647540689,8.816001005470753
3500.0,327,8,21.084335327148438,-84.72682816729319,-67.91666262765028,5.115234375,7.015260219573975,27.084181984761212,0.0,0.21406727828746175,45.405677795410156,0.009509742259979248,0.0015135225839912891,9.316015988588333
3500.0,328,0,3.500375747680664,-101.50975240121512,-75.90508232170714,0.490234375,1.6955105066299438,71.08632632572669,0.0,0.23417721518987344,-4.777510166168213,-0.0010005994699895382,-0.00015925033949315548,88.53984624147415
3500.0,328,1,-30.0,-220.0,-71.95293681203034,0.0,0.0014419741928577423,100.0,,0.09876543209876543,0.0,0.0,0.0,1000000000000.0
3500.0,328,2,15.243374824523926,-93.82307521527198,-66.54534450818633,3.029296875,5.106243133544922,40.67464482646046,0.0,0.1585365853658537,-21.468164443969727,-0.0044962819665670395,-0.0007156055071391165,19.703594967722893
3500.0,328,3,26.95393943786621,-83.43542221329957,-58.464752930883385,5.5546875,8.956811904907227,37.98365357034329,0.0,0.1097560975609756,37.24847412109375,0.007801302708685398,0.0012416158569976687,11.356170289218426
3500.0,328,4,0.719578742980957,-100.34452986591218,-69.35683628362113,0.490234375,1.1244643926620483,56.402854710283634,0.0,0.5144694533762058,50.773231506347656,0.01063392125070095,0.0016924410592764616,8.331161923706532
3500.0,328,5,-2.3711636066436768,-106.02959707713453,-70.30781696656011,0.490234375,0.6592609882354736,25.63880105933115,0.0,0.8907563025210083,57.812530517578125,0.012108229100704193,0.0019270844059064984,7.316752802580595
3500.0,328,6,24.054048538208008,-89.62167294972733,-64.2633995082154,5.115234375,7.996243000030518,36.029528179915516,0.0,0.2195121951219512,-21.919422149658203,-0.0045907930471003056,-0.000730647414457053,19.297953695058823
3500.0,328,7,10.948546409606934,-89.55114056032541,-66.58990065044381,0.0,3.7485663890838623,100.0,1.0,0.22256097560975607,31.97832489013672,0.006697524804621935,0.0010659442050382495,13.22770956903696
3500.0,328,8,22.684947967529297,-84.67320162475184,-67.8650040967735,4.212890625,7.543530464172363,44.152268688925936,0.0,0.21341463414634143,45.62712478637695,0.009556123055517673,0.0015209041303023696,9.270801208913326
3500.0,329,0,3.293743848800659,-101.53304869021221,-75.90696732281843,0.490234375,1.6484124660491943,70.26021186463353,0.0,0.2334384858044164,-4.962183952331543,-0.0010392774129286408,-0.0001654061343288049,85.24472266435623
3500.0,329,1,-30.0,-220.0,-71.95579234619467,0.0,0.0014419741928577423,100.0,,0.09876543209876543,0.0,0.0,0.0,1000000000000.0
3500.0,329,2,4.729649066925049,-100.30522391711935,-66.56596225827562,0.0,1.989656925201416,100.0,1.0,0.16109422492401215,-18.80614471435547,-0.003938749898225069,-0.0006268714787438512,22.492649033665657
3500.0,329,3,21.008249282836914,-83.29493748539379,-58.33260918506443,5.5546875,6.990182399749756,20.53587185079957,0.0,0.10942249240121582,32.71748733520508,0.00685233436524868,0.0010905829258263111,12.928865849971771
3500.0,329,4,1.6683424711227417,-100.28832635677851,-69.30479847050123,0.490234375,1.303556203842163,62.39254022534202,0.0,0.5128205128205128,50.26709747314453,0.010527917183935642,0.0016755699180066586,8.415047079324722
3500.0,329,5,-2.269167423248291,-105.9994663649281,-70.25990907842085,0.490234375,0.6717815399169922,27.02473261462719,0.0,0.8833333333333333,57.784461975097656,0.012102349661290646,0.0019261487759649754,7.320307195186615
3500.0,329,6,20.55246353149414,-89.65244081935919,-64.30303289398825,5.5546875,6.840029239654541,18.791465571563226,0.0,0.21884498480243164,-23.14600944519043,-0.004847689066082239,-0.0007715336396358907,18.275288864970207
3500.0,329,7,11.201250076293945,-88.83819937584221,-66.51951019226524,1.9140625,3.826432943344116,49.977889895355055,0.0,0.22188449848024316,48.375850677490234,0.010131814517080784,0.0016125283436849713,8.744032122194767
3500.0,329,8,26.888465881347656,-84.62257384279916,-67.81321724903225,4.5234375,8.93510627746582,49.3745529204501,0.0,0.21276595744680848,43.80618667602539,0.009174746461212635,0.0014602062292397022,9.656170383095741
3500.0,330,0,3.714883327484131,-101.55679709505844,-75.90892190924482,0.490234375,1.7451411485671997,71.90861178177516,0.0,0.23270440251572322,-5.138734340667725,-0.0010762540623545647,-0.0001712911471258849,82.31598883867264
3500.0,330,1,-30.0,-220.0,-71.95883959044839,0.0,0.0014419741928577423,100.0,,0.09876543209876543,0.0,0.0,0.0,1000000000000.0
3500.0,330,2,7.4311299324035645,-96.48825818825478,-66.58723730094755,1.02734375,2.708174467086792,62.06508249429281,0.0,0.16060606060606064,-22.05817413330078,-0.004619853105396032,-0.0007352724787779152,19.17656511068344
3500.0,330,3,23.667999267578125,-83.15654654356875,-58.202403232102405,5.115234375,7.868525981903076,34.99119928224685,0.0,0.10909090909090913,33.45661926269531,0.007007138803601265,0.0011152205988764763,12.64323852956295
3500.0,330,4,0.7835431694984436,-100.23190604261414,-69.25244902833666,0.490234375,1.1360058784484863,56.84578889067515,0.0,0.5111821086261981,49.774784088134766,0.010424806736409664,0.0016591594321653247,8.498279377818108
3500.0,330,5,-3.2745230197906494,-105.20089985364947,-70.21171263414635,0.0,0.5562940239906311,100.0,1.0,0.884297520661157,57.745460510253906,0.012094181030988693,0.0019248486496508121,7.325251121073961
3500.0,330,6,14.462944984436035,-89.68420260344381,-64.34362739723055,0.0,4.8552117347717285,100.0,1.0,0.2212121212121212,-24.978519439697266,-0.005231488961726427,-0.0008326173410750926,16.934551298618317
3500.0,330,7,11.34363079071045,-88.80991577528721,-66.4486270352927,1.9140625,3.8704469203948975,50.5467316987592,0.0,0.2212121212121212,38.25229263305664,0.00801154226064682,0.0012750764144584537,11.058161035180092
3500.0,330,8,11.879154205322266,-84.57210414192745,-67.76130561616003,0.0,4.036855220794678,100.0,1.0,0.2151515151515152,48.38069152832031,0.01013282872736454,0.0016126896953210235,8.743157610297203
3500.0,331,0,3.419437885284424,-101.5815444858207,-75.91094584792403,0.490234375,1.676978349685669,70.76680357311179,0.0,0.23197492163009403,-5.295362949371338,-0.0011090582702308893,-0.00017651209782343358,79.8812136054039
3500.0,331,1,-30.0,-220.0,-71.96207772871355,0.0,0.0014419741928577423,100.0,,0.09876543209876543,0.0,0.0,0.0,1000000000000.0
3500.0,331,2,1.266658902168274,-95.96850730205587,-66.60915698052301,0.0,1.225673794746399,100.0,1.0,0.1631419939577039,-12.532698631286621,-0.0026248423382639885,-0.00041775661520659924,33.7517112493515
3500.0,331,3,26.055240631103516,-83.02069935187923,-58.074476235184534,5.5546875,8.658937454223633,35.850241102151045,0.0,0.10876132930513593,33.79318618774414,0.007077628746628761,0.001126439543440938,12.51731626689434
3500.0,331,4,-1.1954599618911743,-103.65816911036433,-69.19978365687746,0.490234375,0.8150597214698792,39.852950392897455,0.0,0.5095541401273885,46.54975509643555,0.009749358519911766,0.0015516584971919656,9.087051264941692
3500.0,331,5,-2.42291522026062,-105.1751646285225,-70.16322331594435,0.490234375,0.6529790163040161,24.923410590616125,0.0,0.8770491803278688,57.756690979003906,0.012096533551812172,0.0019252230413258076,7.323827128857374
3500.0,331,6,22.725357055664062,-89.71691404952381,-64.3851467959048,3.322265625,7.556881904602051,56.03655493177973,0.0,0.22054380664652573,-23.669349670410156,-0.004957296885550022,-0.0007889783591963351,17.87121407687664
3500.0,331,7,17.527772903442383,-88.84344479331908,-66.3772455385897,2.16015625,5.847869396209717,63.06079866626124,0.0,0.22054380664652573,38.57408905029297,0.008078938350081444,0.0012858030386269093,10.965910740196705
3500.0,331,8,21.07048225402832,-84.52464704265097,-67.7092720022727,1.4765625,7.0106940269470215,78.93842614833092,0.0,0.21450151057401812,45.06367874145508,0.009438115172088146,0.0015021226136013865,9.386717341840267
3500.0,332,0,3.3017680644989014,-101.60681951330317,-75.91303899572853,0.490234375,1.6502282619476318,70.29293544994704,0.0,0.23124999999999996,-5.471498966217041,-0.0011459480738267303,-0.00018238330085296184,77.30971276760101
3500.0,332,1,-30.0,-220.0,-71.96550617490082,0.0,0.0014419741928577423,100.0,,0.09876543209876543,0.0,0.0,0.0,1000000000000.0
3500.0,332,2,2.9060018062591553,-96.00349162173677,-66.63170948432568,0.490234375,1.5619571208953857,68.61409519878656,0.0,0.16265060240963858,-24.118690490722656,-0.005051407031714916,-0.0008039563545025885,17.538266256451607
3500.0,332,3,18.91019630432129,-82.88855736097153,-57.94920159410764,5.5546875,6.300255298614502,11.833929948496857,0.0,0.10843373493975905,31.368743896484375,0.006569854449480772,0.0010456248419359326,13.484761118888855
3500.0,332,4,-0.5285217761993408,-99.85178681497365,-69.14679848703773,0.490234375,0.914883553981781,46.41565335103154,0.0,0.5079365079365079,51.494140625,0.010784908197820187,0.0017164713935926557,8.214526809751987
3500.0,332,5,-1.071693778038025,-105.14934790924934,-70.11443711246562,0.490234375,0.8329492211341858,41.14474657501065,0.0,0.8699186991869918,57.73677062988281,0.012092361226677895,0.0019245590083301067,7.326353807002306
3500.0,332,6,19.27065658569336,-89.75057364581465,-64.42755683057675,0.0,6.418539047241211,100.0,1.0,0.22289156626506024,-24.697341918945312,-0.005172599572688341,-0.000823244743514806,17.127349972724915
3500.0,332,7,14.418017387390137,-88.80368384367522,-66.30536110945141,3.90234375,4.8408050537109375,19.386471739685483,0.0,0.21987951807228912,48.59547424316406,0.010177813470363617,0.0016198491211980581,8.704514242708683
3500.0,332,8,24.28099822998047,-84.47442480764956,-67.65712013125827,3.90234375,8.071346282958984,51.651885408026544,0.0,0.21385542168674698,43.1591796875,0.009039237163960934,0.001438639359548688,9.800927713513374
3500.0,333,0,3.6601059436798096,-101.63303692573186,-75.91520199567307,0.490234375,1.7323967218399048,71.70195666963957,0.0,0.23052959501557635,-5.656172752380371,-0.0011846261331811547,-0.00018853909568861127,74.78555291891098
3500.0,333,1,-30.0,-220.0,-71.96912638471355,0.0,0.0014419741928577423,100.0,,0.09876543209876543,0.0,0.0,0.0,1000000000000.0
3500.0,333,2,5.747319221496582,-95.48355792792294,-66.65489127613836,0.6015625,2.249765634536743,73.26110370052524,0.0,0.16216216216216217,-21.36553955078125,-0.004474787972867489,-0.000712184642907232,19.798235967755318
3500.0,333,3,26.740882873535156,-82.75600364325729,-57.82704221684332,4.5234375,8.886181831359863,49.095825565525566,0.0,0.10810810810810811,32.02104187011719,0.006706472020596266,0.0010673680808395147,13.210063800215721
3500.0,333,4,-3.1419169902801514,-99.46110363454208,-69.09349128756514,0.0,0.5705351233482361,100.0,1.0,0.509493670886076,47.38535690307617,0.009924366138875484,0.0015795119106769562,8.926808834075928
3500.0,333,5,-4.0116400718688965,-105.12355429818282,-70.0653509351323,0.0,0.482374906539917,100.0,1.0,0.8709677419354839,57.663089752197266,0.012076929211616516,0.0019221029942855239,7.335715461522341
3500.0,333,6,13.426155090332031,-89.78519627505791,-64.47083830206826,0.0,4.524174690246582,100.0,1.0,0.22522522522522526,-25.569950103759766,-0.005355358123779297,-0.0008523316937498748,16.54285565018654
3500.0,333,7,20.030681610107422,-88.76598440153089,-66.23297438943746,2.73046875,6.6683030128479,59.05301926533373,0.0,0.21921921921921927,34.26188659667969,0.007175792474299669,0.0011420629452914,12.346080504357815
3500.0,333,8,13.30518627166748,-84.42790186016123,-67.60485752681109,0.0,4.485759735107422,100.0,1.0,0.21621621621621623,45.538795471191406,0.009537624195218086,0.0015179598703980446,9.288783185184002
3500.0,334,0,3.3487112522125244,-101.65994454007988,-75.91743423234321,0.490234375,1.6608725786209106,70.48332416884978,0.0,0.22981366459627328,-5.8337578773498535,-0.0012218194315209985,-0.00019445859652478248,72.50901311635971
3500.0,334,1,-30.0,-220.0,-71.97293649662709,0.0,0.0014419741928577423,100.0,,0.09876543209876543,0.0,0.0,0.0,1000000000000.0
3500.0,334,2,3.540083885192871,-95.9199200428693,-66.67868514798903,1.17578125,1.704641580581665,31.024723121044893,0.0,0.16167664670658688,-22.52685546875,-0.0047180140390992165,-0.0007508951821364462,18.77758838236332
3500.0,334,3,26.569128036499023,-82.62632170543529,-57.70838301690991,5.5546875,8.829249382019043,37.08765876165826,0.0,0.10778443113772451,30.350788116455078,0.006356654688715935,0.0010116929188370705,13.937035575509071
3500.0,334,4,1.8044354915618896,-99.40415922347103,-69.03985705486613,0.490234375,1.3306204080581665,63.15745857863244,0.0,0.5078864353312302,46.05671691894531,0.009646096266806126,0.0015352239133790135,9.184327907860279
3500.0,334,5,-2.8049983978271484,-105.09783721031621,-70.01595999023962,0.490234375,0.6080557703971863,19.376741597275615,0.0,0.864,57.64891815185547,0.012073962017893791,0.0019216305809095502,7.337518502026796
3500.0,334,6,21.992473602294922,-89.8207513334119,-64.51494824955495,2.5703125,7.31483268737793,64.86163648780116,0.0,0.22455089820359286,-25.3779296875,-0.005315141752362251,-0.0008459310047328472,16.66802726686001
3500.0,334,7,13.643257141113281,-88.78786447727836,-66.16007799412611,0.0,4.593233585357666,100.0,1.0,0.22155688622754488,44.153846740722656,0.009247560054063797,0.0014717949088662863,9.580139070749283
3500.0,334,8,23.83388328552246,-84.26815276229715,-67.55248625903204,1.6953125,7.923399448394775,78.60372292168788,0.0,0.21556886227544914,43.63269805908203,0.009138411842286587,0.0014544232981279492,9.694564156234264
3500.0,335,0,-30.0,-220.0,-75.91973580000443,0.0,0.0014419741928577423,100.0,,0.22981366459627328,0.0,0.0,0.0,1000000000000.0
3500.0,335,1,-30.0,-220.0,-71.9769365098453,0.0,0.0014419741928577423,100.0,,0.09876543209876543,0.0,0.0,0.0,1000000000000.0
3500.0,335,2,7.149046421051025,-93.12406242613933,-66.70308140731987,0.740234375,2.6292078495025635,71.84572626542061,0.0,0.16119402985074627,-23.6353702545166,-0.004950180649757385,-0.0007878456963226199,17.896905541419983
3500.0,335,3,24.050140380859375,-82.50142172248324,-57.59369067223261,5.5546875,7.994949817657471,30.522547024222224,0.0,0.10746268656716418,27.280261993408203,0.0057135652750730515,0.0009093420812860131,15.50571620464325
3500.0,335,4,2.3552939891815186,-101.10107376457981,-68.98589278649443,0.490234375,1.4436086416244507,66.04104735419473,0.0,0.5062893081761006,46.74162292480469,0.009789543226361275,0.0015580541221424937,9.049749933183193
3500.0,335,5,-3.1535706520080566,-105.07203533684618,-69.96626078214595,0.490234375,0.5692718029022217,13.883952709282033,0.0,0.8571428571428572,57.640220642089844,0.012072140350937843,0.0019213407067582011,7.338625844568014
3500.0,335,6,7.86570405960083,-89.85720528311504,-64.55985751085161,0.0,2.8313605785369873,100.0,1.0,0.22686567164179106,-29.57917022705078,-0.006195046938955784,-0.0009859723504632711,14.300604350864887
3500.0,335,7,16.62827491760254,-88.85867114096187,-66.08667006457581,2.5703125,5.554815769195557,53.72821337741269,0.0,0.22089552238805965,45.113311767578125,0.00944850966334343,0.001503777108155191,9.376389905810356
3500.0,335,8,20.46084976196289,-84.21865361417419,-67.50001242022529,4.5234375,6.809864044189453,33.575215736360505,0.0,0.21492537313432836,42.20071792602539,0.008838498033583164,0.0014066905714571476,10.023525916039944
3500.0,336,0,-30.0,-220.0,-75.92210632114455,0.0,0.0014419741928577423,100.0,,0.22981366459627328,0.0,0.0,0.0,1000000000000.0
3500.0,336,1,-30.0,-220.0,-71.9811251549948,0.0,0.0014419741928577423,100.0,,0.09876543209876543,0.0,0.0,0.0,1000000000000.0
3500.0,336,2,5.043591499328613,-96.00972344158404,-66.72806526594871,1.328125,2.0683882236480713,35.78937528190183,0.0,0.1607142857142857,-24.812286376953125,-0.005196672864258289,-0.0008270762045867741,17.048006877303123
3500.0,336,3,16.693130493164062,-82.38186689042558,-57.483406943760585,0.0,5.5759053230285645,100.0,1.0,0.11011904761904767,9.512823104858398,0.001992361154407263,0.0003170941199641675,44.4662943482399
3500.0,336,4,2.8673059940338135,-100.27955866964183,-68.93159392597303,0.490234375,1.553469181060791,68.44260697433072,0.0,0.5047021943573669,47.55970764160156,0.009960882365703583,0.0015853235963732004,8.894083090126514
3500.0,336,5,1.7786446809768677,-104.44165171866716,-69.91624870622998,0.490234375,1.3254653215408325,63.01416815416112,0.0,0.8503937007874016,57.73539733886719,0.012092073448002338,0.0019245132571086287,7.326527964323759
3500.0,336,6,19.13085174560547,-89.89454315300797,-64.60552856392897,1.02734375,6.372647762298584,83.87885556647427,0.0,0.22619047619047616,-26.42061996459961,-0.005533521994948387,-0.0008806873229332268,16.0102229565382
3500.0,336,7,19.665048599243164,-89.70702415497641,-66.01274501400027,3.322265625,6.548088073730469,49.26357758796463,0.0,0.22023809523809523,32.7886848449707,0.006867246702313423,0.001092956168577075,12.900792062282562
3500.0,336,8,21.286165237426758,-84.16933762857583,-67.44743967004852,3.609375,7.081800937652588,49.03309155712582,0.0,0.2142857142857143,41.85833740234375,0.008766790851950645,0.0013952779117971659,10.105513967573643
3500.0,337,0,-30.0,-220.0,-75.92454518064834,0.0,0.0014419741928577423,100.0,,0.22981366459627328,0.0,0.0,0.0,1000000000000.0
3500.0,337,1,-30.0,-220.0,-71.9855005526902,0.0,0.0014419741928577423,100.0,,0.09876543209876543,0.0,0.0,0.0,1000000000000.0
3500.0,337,2,0.3184815049171448,-93.16232896510199,-66.75361944590497,0.0,1.0538681745529175,100.0,1.0,0.16320474777448069,-21.463449478149414,-0.004495294764637947,-0.0007154483464546502,19.707923755049706
3500.0,337,3,24.67243766784668,-82.2680261474217,-57.37796806373402,3.609375,8.20091724395752,55.98815482915149,0.0,0.10979228486646886,26.98006248474121,0.005650691222399473,0.0008993354276753962,15.678243711590767
3500.0,337,4,0.8624939322471619,-100.22664680053985,-68.8769560931094,0.490234375,1.1503580808639526,57.3841933955191,0.0,0.503125,46.76759719848633,0.009794983081519604,0.0015589199028909206,9.044723585247993
3500.0,337,5,-1.4981122016906738,-104.41754628048156,-69.86591945454803,0.490234375,0.7725220918655396,36.54105427378157,0.0,0.84375,57.745296478271484,0.012094147503376007,0.0019248432945460081,7.32527207583189
3500.0,337,6,14.081908226013184,-89.9327014201537,-64.65192022314307,3.90234375,4.733197212219238,17.553746969898153,0.0,0.2255192878338279,-27.1495361328125,-0.005686185788363218,-0.0009049845393747091,15.580376610159874
3500.0,337,7,17.552392959594727,-88.98788634077526,-65.93829681149643,4.212890625,5.855906009674072,28.057407034193826,0.0,0.21958456973293772,27.422794342041016,0.005743416957557201,0.0009140931651927531,15.425124205648899
3500.0,337,8,21.111225128173828,-84.12010064437573,-67.39477157855768,3.90234375,7.024125099182129,44.44370373679166,0.0,0.21364985163204753,44.425079345703125,0.009304367005825043,0.0014808359555900097,9.521649219095707
3500.0,338,0,-30.0,-220.0,-75.92705302304532,0.0,0.0014419741928577423,100.0,,0.22981366459627328,0.0,0.0,0.0,1000000000000.0
3500.0,338,1,-30.0,-220.0,-71.99006409047124,0.0,0.0014419741928577423,100.0,,0.09876543209876543,0.0,0.0,0.0,1000000000000.0
3500.0,338,2,10.24460506439209,-93.1806394995055,-66.77973981927481,0.490234375,3.53348708152771,86.12604592322306,0.0,0.16272189349112431,-25.721019744873047,-0.0053869979456067085,-0.0008573673549108207,16.445692628622055
3500.0,338,3,26.665647506713867,-82.16084398274415,-57.27793629908174,5.5546875,8.86124324798584,37.31480623486348,0.0,0.10946745562130178,24.811634063720703,0.0051965368911623955,0.0008270544931292534,17.04845391213894
3500.0,338,4,1.2607567310333252,-101.43581210220923,-68.82197741784734,0.490234375,1.2245519161224365,59.96622368185621,0.0,0.5015576323987538,45.62535095214844,0.009555751457810402,0.0015208449913188815,9.271161630749702
3500.0,338,5,-1.4060877561569214,-104.39339358328496,-69.81527005310346,0.490234375,0.7852753400802612,37.57165799324677,0.0,0.8372093023255813,57.731292724609375,0.012091213837265968,0.001924376469105482,7.327049039304256
3500.0,338,6,12.874979972839355,-90.05849708982345,-64.69901464437663,2.5703125,4.349538326263428,40.906084572702525,0.0,0.2248520710059172,-27.91617202758789,-0.005846749991178513,-0.0009305390994995832,15.152507461607456
3500.0,338,7,21.095420837402344,-88.67294167185915,-65.86332801032137,3.609375,7.018915176391602,48.576455060458976,0.0,0.21893491124260356,35.242393493652344,0.007381150498986244,0.00117474643047899,12.002590112388134
3500.0,338,8,14.872817039489746,-83.60366467401839,-67.34201770054793,3.90234375,4.98687219619751,21.747668749651595,0.0,0.21301775147928992,47.95601272583008,0.010043883696198463,0.0015985338250175118,8.82058311253786
3500.0,339,0,-30.0,-220.0,-75.92962979818049,0.0,0.0014419741928577423,100.0,,0.22981366459627328,0.0,0.0,0.0,1000000000000.0
3500.0,339,1,-30.0,-220.0,-71.99481530487026,0.0,0.0014419741928577423,100.0,,0.09876543209876543,0.0,0.0,0.0,1000000000000.0
3500.0,339,2,7.593493461608887,-93.19869867362009,-66.80641485609466,1.9140625,2.753986358642578,30.498475637205814,0.0,0.16224188790560468,-27.381141662597656,-0.005734693259000778,-0.0009127047378569841,15.448588877916336
3500.0,339,3,26.130237579345703,-82.00842924316709,-57.18381596145691,5.5546875,8.68379020690918,36.03383582919285,0.0,0.10914454277286134,24.21248435974121,0.005071050953119993,0.0008070828043855727,17.470326274633408
3500.0,339,4,0.8363727331161499,-101.98430255056843,-68.76665396721798,0.490234375,1.1455965042114258,57.207064337416604,0.0,0.5,45.487300872802734,0.009526838548481464,0.0015162433264777064,9.299298748373985
3500.0,339,5,-1.805457592010498,-104.36929559143196,-69.76429611101946,0.0,0.7310647964477539,100.0,1.0,0.8384615384615385,57.730445861816406,0.012091036885976791,0.0019243481801822782,7.3271566070616245
3500.0,339,6,16.426687240600586,-90.09993449903175,-64.74678165771743,2.16015625,5.489307403564453,60.64792712105513,0.0,0.22418879056047203,-28.38983726501465,-0.005945953540503979,-0.0009463279275223613,14.899698086082935
3500.0,339,7,15.357928276062012,-88.50091749372655,-65.7878359342425,0.0,5.1432061195373535,100.0,1.0,0.22123893805309736,42.28886032104492,0.008856957778334618,0.0014096286613494158,10.00263448804617
3500.0,339,8,13.88941478729248,-83.59908821946838,-67.28918412587561,2.16015625,4.671708583831787,53.7608947296919,0.0,0.21238938053097345,45.856327056884766,0.009604127146303654,0.0015285442350432277,9.224463254213333
3500.0,340,0,-30.0,-220.0,-75.93227486326263,0.0,0.0014419741928577423,100.0,,0.22981366459627328,0.0,0.0,0.0,1000000000000.0
3500.0,340,1,-30.0,-220.0,-71.9997521932538,0.0,0.0014419741928577423,100.0,,0.09876543209876543,0.0,0.0,0.0,1000000000000.0
3500.0,340,2,16.32356834411621,-93.80557371489544,-66.833626902968,1.328125,5.4558234214782715,75.65674514370298,0.0,0.16176470588235292,-30.090499877929688,-0.006302139721810818,-0.0010030167177319527,14.057593420147896
3500.0,340,3,20.06585693359375,-81.91720635008474,-57.09605609685741,5.5546875,6.679873943328857,16.844426300178505,0.0,0.10882352941176465,15.6170072555542,0.0032708183862268925,0.0005205668858252466,27.08585560321808
3500.0,340,4,0.8537015914916992,-100.96013628562471,-68.7109811188127,0.490234375,1.1487538814544678,57.324681734324045,0.0,0.4984520123839009,45.455013275146484,0.009520076215267181,0.0015151671832427382,9.305904619395733
3500.0,340,5,1.0376338958740234,-104.34510871071137,-69.71299300616788,0.490234375,1.1826173067092896,58.54665983503071,0.0,0.83206106870229,57.707176208496094,0.012086162343621254,0.0019235725048929453,7.330111227929592
3500.0,340,6,10.4504976272583,-90.1421793669182,-64.79518124295159,3.029296875,3.596102476119995,15.761664326416758,0.0,0.22352941176470587,-29.708271026611328,-0.006222086027264595,-0.0009902757592499256,14.238459058105946
3500.0,340,7,18.426542282104492,-88.3956651452188,-65.71181488972094,2.73046875,6.141744136810303,55.542453590095974,0.0,0.22058823529411764,40.62643051147461,0.008508780039846897,0.0013542143860831857,10.411941446363926
3500.0,340,8,14.748329162597656,-83.55753183618036,-67.2362750976696,1.9140625,4.946840286254883,61.30737219638267,0.0,0.21176470588235297,45.544185638427734,0.00953875295817852,0.0015181394992396235,9.287684224545956
3500.0,341,0,9.825033187866211,-99.62871696130834,-75.93498839438834,0.490234375,3.406690835952759,85.6096605589719,0.0,0.22910216718266252,-6.0331268310546875,-0.0012635751627385616,-0.00020110422337893397,70.11289894580841
3500.0,341,1,-30.0,-220.0,-72.00487486680692,0.0,0.0014419741928577423,100.0,,0.09876543209876543,0.0,0.0,0.0,1000000000000.0
3500.0,341,2,13.115671157836914,-93.20573978334649,-66.86136677396571,3.609375,4.425673484802246,18.444616115612988,0.0,0.16129032258064513,-31.364227294921875,-0.00656890869140625,-0.0010454742005094886,13.486702926456928
3500.0,341,3,24.80577278137207,-81.83340450475292,-57.015177386087736,4.81640625,8.245061874389648,41.584352872348326,0.0,0.10850439882697949,21.395450592041016,0.004481052979826927,0.0007131816819310188,19.770558923482895
3500.0,341,4,0.7717768549919128,-100.90548135246135,-68.65495584239974,0.490234375,1.1338770389556885,56.7647674167994,0.0,0.49691358024691357,45.27235794067383,0.009481821209192276,0.0015090786619111896,9.343449957668781
3500.0,341,5,-0.5255050659179688,-104.32101216944572,-69.66135690929747,0.490234375,0.9153542518615723,46.443207752298996,0.0,0.8257575757575757,57.701393127441406,0.012084951624274254,0.0019233798375353217,7.330845575779676
3500.0,341,6,19.02789878845215,-90.18522521120548,-64.84418848597147,1.6953125,6.338865756988525,73.25527050117857,0.0,0.22287390029325516,-29.469783782958984,-0.006172137334942818,-0.0009823261061683297,14.353685081005096
3500.0,341,7,14.358107566833496,-88.53784017750223,-65.63526500683702,3.609375,4.8216023445129395,25.141586922705763,0.0,0.21994134897360706,44.93238830566406,0.00941061694175005,0.0014977463288232684,9.414144791662693
3500.0,341,8,12.052579879760742,-83.5853622626006,-67.1832989071403,2.16015625,4.0910210609436035,47.197625780451126,0.0,0.2111436950146628,45.453697204589844,0.009519800543785095,0.0015151232946664095,9.306173771619797
3500.0,342,0,-30.0,-220.0,-75.93776989790135,0.0,0.0014419741928577423,100.0,,0.22910216718266252,0.0,0.0,0.0,1000000000000.0
3500.0,342,1,-30.0,-220.0,-72.0101816877871,0.0,0.0014419741928577423,100.0,,0.09876543209876543,0.0,0.0,0.0,1000000000000.0
3500.0,342,2,13.849247932434082,-93.56614586819411,-66.88961842598732,2.73046875,4.658891677856445,41.39231090137112,0.0,0.16081871345029242,-28.62860870361328,-0.0059959618374705315,-0.0009542869520373642,14.775429852306843
3500.0,342,3,27.229400634765625,-81.75682510553895,-56.941621168335956,5.5546875,9.048139572143555,38.60961741680933,0.0,0.10818713450292394,20.084941864013672,0.004206580109894276,0.0006694980547763407,21.060554310679436
3500.0,342,4,5.746399879455566,-100.49772327620275,-68.59857395225043,0.490234375,2.2495241165161133,78.20719629539973,0.0,0.4953846153846154,47.053226470947266,0.00985480472445488,0.0015684409299865365,8.989819325506687
3500.0,342,5,-0.6547971963882446,-104.29678801774935,-69.60938340037583,0.490234375,0.8953360915184021,45.24577087374969,0.0,0.8195488721804511,57.68146514892578,0.012080778367817402,0.0019227155717089772,7.333378307521343
3500.0,342,6,15.164083480834961,-91.12046054087152,-64.89376743631236,3.90234375,5.080674648284912,23.19241006079148,0.0,0.2222222222222222,-31.04212188720703,-0.006501447409391403,-0.001034737448208034,13.626646250486374
3500.0,342,7,14.920842170715332,-84.12219408592436,-65.55818240329077,2.5703125,5.002325534820557,48.617648289612916,0.0,0.2192982456140351,50.651580810546875,0.01060844212770462,0.0016883860807865858,8.35117045789957
3500.0,342,8,14.553938865661621,-83.43106439009784,-67.13026131339169,1.4765625,4.884405136108398,69.76986022137311,0.0,0.21052631578947367,46.41394805908203,0.00972091406583786,0.0015471315709874034,9.11363959312439
3500.0,343,0,8.290274620056152,-99.66082154377375,-75.94061908564744,0.490234375,2.953396797180176,83.40099862409065,0.0,0.22839506172839508,-6.330291748046875,-0.0013258132385089993,-0.0002110097266267985,66.82156771421432
3500.0,343,1,-30.0,-220.0,-72.01567151088202,0.0,0.0014419741928577423,100.0,,0.09876543209876543,0.0,0.0,0.0,1000000000000.0
3500.0,343,2,12.251749992370605,-93.58227666017825,-66.91836799588452,2.73046875,4.153384208679199,34.259182083511,0.0,0.16034985422740522,-28.362178802490234,-0.005940161179751158,-0.0009454059763811529,14.914228580892086
3500.0,343,3,26.424463272094727,-81.68688742051515,-56.875820441632335,5.5546875,8.781299591064453,36.74412947199458,0.0,0.10787172011661805,14.795398712158203,0.0030987411737442017,0.0004931799485348165,28.589969500899315
3500.0,343,4,3.40283465385437,-101.3277415643649,-68.54183072502843,0.490234375,1.6731901168823242,70.70061733848515,0.0,0.49386503067484666,47.252593994140625,0.009896560572087765,0.001575086498633027,8.951889351010323
3500.0,343,5,-0.09215892106294632,-104.27254333110783,-69.55706739665897,0.490234375,0.9847739338874817,50.21858742089601,0.0,0.8134328358208955,57.668617248535156,0.012078086845576763,0.001922287279739976,7.335012312978506
3500.0,343,6,-7.5763468742370605,-111.44624868920661,-64.94388655996029,0.0,0.2323281317949295,100.0,1.0,0.22448979591836737,-31.483549118041992,-0.0065938993357121944,-0.0010494516463950276,13.435588218271732
3500.0,343,7,15.707352638244629,-84.07420831147175,-65.48056343310813,2.73046875,5.256122589111328,48.05165397670738,0.0,0.21865889212827994,50.09080123901367,0.010490993037819862,0.0016696933889761567,8.44466406852007
3500.0,343,8,16.664396286010742,-83.73448306802479,-67.07716836277274,2.16015625,5.566560745239258,61.19405951246556,0.0,0.20991253644314867,42.21741485595703,0.008841995149850845,0.0014072471531108022,10.01956220716238
3500.0,344,0,-30.0,-220.0,-75.94353661785837,0.0,0.0014419741928577423,100.0,,0.22839506172839508,0.0,0.0,0.0,1000000000000.0
3500.0,344,1,-30.0,-220.0,-72.02134566677515,0.0,0.0014419741928577423,100.0,,0.09876543209876543,0.0,0.0,0.0,1000000000000.0
3500.0,344,2,5.966065406799316,-98.65854101674786,-66.94761116693451,0.0,2.3074536323547363,100.0,1.0,0.16279069767441856,-33.31166076660156,-0.006976778153330088,-0.0011103886645287275,12.69825641065836
3500.0,344,3,27.069766998291016,-81.69475667580292,-56.818284536701775,5.5546875,8.99521255493164,38.248401957387514,0.0,0.10755813953488369,8.033679962158203,0.001682570087723434,0.0002677893207874149,52.65333130955696
3500.0,344,4,2.8876523971557617,-100.71915261248513,-68.48472446692223,0.490234375,1.5579290390014648,68.53294580642712,0.0,0.4923547400611621,43.659690856933594,0.009144064970314503,0.0014553230721503496,9.688571095466614
3500.0,344,5,1.0720186233520508,-104.24833054612157,-69.50440572799081,0.490234375,1.189018726348877,58.769835652179836,0.0,0.8074074074074074,57.670249938964844,0.012078428640961647,0.001922341645695269,7.334804628044367
3500.0,344,6,-7.552430629730225,-111.43327768776109,-64.99453081869947,0.0,0.23351258039474487,100.0,1.0,0.2267441860465116,-32.02189254760742,-0.006706649903208017,-0.0010673964861780405,13.209712691605091
3500.0,344,7,16.15730857849121,-84.0271106471123,-65.40241351022664,3.029296875,5.401875019073486,43.921381662777236,0.0,0.21802325581395354,49.53205490112305,0.010373969562351704,0.0016510685672983527,8.539924398064613
3500.0,344,8,17.682790756225586,-83.68080246074771,-67.02403218407511,2.73046875,5.898486137390137,53.70899097835073,0.0,0.2093023255813954,43.502838134765625,0.009111214429140091,0.0014500946272164583,9.723504073917866
3500.0,345,0,-30.0,-220.0,-75.9465220128876,0.0,0.0014419741928577423,100.0,,0.22839506172839508,0.0,0.0,0.0,1000000000000.0
3500.0,345,1,-30.0,-220.0,-72.02720249247287,0.0,0.0014419741928577423,100.0,,0.09876543209876543,0.0,0.0,0.0,1000000000000.0
3500.0,345,2,7.117157936096191,-98.70781453754795,-66.97733212008947,1.02734375,2.6203322410583496,60.793378263167995,0.0,0.16231884057971013,-33.61984634399414,-0.007041324395686388,-0.0011206615017727017,12.58185412734747
3500.0,345,3,26.52423858642578,-81.63535022815373,-56.76936296968632,5.5546875,8.814369201660156,36.98145184395278,0.0,0.10724637681159421,5.604225158691406,0.0011737463064491749,0.00018680750508792698,75.47876983880997
3500.0,345,4,4.5776143074035645,-99.2822570612958,-68.42725056375676,0.490234375,1.95203697681427,74.88600980294626,0.0,0.49085365853658536,49.181941986083984,0.010300641879439354,0.0016393980477005243,8.600718341767788
3500.0,345,5,1.5062824487686157,-104.22412652876949,-69.45139343016771,0.490234375,1.2717736959457397,61.45270368755009,0.0,0.8014705882352942,57.68296432495117,0.012081092223525047,0.001922765513882041,7.333187852054834
3500.0,345,6,-6.868474960327148,-111.42092368411372,-65.04566649322396,0.0,0.2698246240615845,100.0,1.0,0.22898550724637678,-32.47868728637695,-0.00680232048034668,-0.0010826229117810726,13.023925945162773
3500.0,345,7,17.373703002929688,-83.98028277941654,-65.32372933106987,3.029296875,5.797592639923096,47.74905614892971,0.0,0.21739130434782605,51.12342071533203,0.010707264766097069,0.0017041140235960484,8.274094201624393
3500.0,345,8,23.436721801757812,-83.65493302212613,-66.97085926904248,3.029296875,7.792034149169922,61.12315709855163,0.0,0.20869565217391306,42.5050048828125,0.008902227506041527,0.001416833489201963,9.95176937431097
3500.0,346,0,-5.094629287719727,-109.32698017251954,-75.94957459511659,0.0,0.38891899585723877,100.0,1.0,0.23076923076923073,-8.12601089477539,-0.0017019077204167843,-0.00027086702175438404,52.05506458878517
3500.0,346,1,-30.0,-220.0,-72.03323981256031,0.0,0.0014419741928577423,100.0,,0.09876543209876543,0.0,0.0,0.0,1000000000000.0
3500.0,346,2,7.425484657287598,-98.75687646611526,-67.00751327230599,1.17578125,2.7065861225128174,56.558513316088586,0.0,0.161849710982659,-33.97315216064453,-0.007115320768207312,-0.00113243842497468,12.451008893549442
3500.0,346,3,28.510326385498047,-81.62848783815056,-56.72933582410522,5.5546875,9.472956657409668,41.36268431403442,0.0,0.10693641618497107,7.903728485107422,0.0016553531168028712,0.0002634576230775565,53.51904779672623
3500.0,346,4,8.163479804992676,-99.22296102759071,-68.36940395342077,0.490234375,2.9167840480804443,83.19264069883313,0.0,0.4893617021276596,45.18925476074219,0.009464415721595287,0.0015063085593283176,9.360632859170437
3500.0,346,5,0.5604593753814697,-104.19987150390028,-69.39802525565516,0.490234375,1.0960915088653564,55.274320525712575,0.0,0.7956204379562044,57.67295837402344,0.012078996747732162,0.0019224319839850068,7.334460038691759
3500.0,346,6,-8.268660545349121,-111.40915425940057,-65.0972576923224,0.0,0.20035621523857117,100.0,1.0,0.23121387283236994,-33.001094818115234,-0.006911733187735081,-0.0011000365484505892,12.817757204174995
3500.0,346,7,20.162628173828125,-83.92404600320813,-65.24450635663703,3.322265625,6.711710453033447,50.50046261309653,0.0,0.2167630057803468,49.399253845214844,0.010346155613660812,0.0016466417582705617,8.56288243085146
3500.0,346,8,14.49946403503418,-83.6075515746665,-66.9176554704066,0.0,4.8669257164001465,100.0,1.0,0.2109826589595376,41.62300491333008,0.008717501536011696,0.0013874334981665015,10.162649676203728
3500.0,347,0,-30.0,-220.0,-75.95269466042004,0.0,0.0014419741928577423,100.0,,0.23076923076923073,0.0,0.0,0.0,1000000000000.0
3500.0,347,1,-30.0,-220.0,-72.03945794716942,0.0,0.0014419741928577423,100.0,,0.09876543209876543,0.0,0.0,0.0,1000000000000.0
3500.0,347,2,8.727907180786133,-98.80593310482148,-67.03814675892228,1.326171875,3.0808098316192627,56.95378983184533,0.0,0.16138328530259372,-34.33122253417969,-0.007190314587205648,-0.00114437413867563,12.321146205067635
3500.0,347,3,28.713951110839844,-82.31930504270295,-56.69853320270513,5.5546875,9.540507316589355,41.77786027854806,0.0,0.10662824207492794,3.312699794769287,0.0006938102887943387,0.0001104233306250535,127.69041955471039
3500.0,347,4,7.935701847076416,-99.55900482326976,-68.3111814279294,0.490234375,2.8513686656951904,82.80705049129533,0.0,0.4878787878787879,46.35808563232422,0.00970921479165554,0.0015452695079147816,9.124621748924255
3500.0,347,5,1.2451972961425781,-104.17558585038542,-69.34429678563157,0.490234375,1.2215971946716309,59.86939253476458,0.0,0.7898550724637681,57.648155212402344,0.012073801830410957,0.001921605202369392,7.337615825235844
3500.0,347,6,-6.5671186447143555,-111.39786325668408,-65.14928520476874,0.0,0.2873999774456024,100.0,1.0,0.2334293948126801,-33.52774429321289,-0.007022034376859665,-0.0011175915133208036,12.616417370736599
3500.0,347,7,19.883434295654297,-83.87782077503532,-65.16474759844849,4.5234375,6.619877815246582,31.668867217128426,0.0,0.21613832853025938,48.21940612792969,0.010099049657583237,0.0016073135193437338,8.772402070462704
3500.0,347,8,26.04637336730957,-83.56038628921395,-66.86443161313905,2.16015625,8.655999183654785,75.04440326104644,0.0,0.21037463976945248,41.40568542480469,0.008671986870467663,0.0013801895547658205,10.215988382697105
3500.0,348,0,-30.0,-220.0,-75.95588238659232,0.0,0.0014419741928577423,100.0,,0.23076923076923073,0.0,0.0,0.0,1000000000000.0
3500.0,348,1,-30.0,-220.0,-72.0458569198446,0.0,0.0014419741928577423,100.0,,0.09876543209876543,0.0,0.0,0.0,1000000000000.0
3500.0,348,2,8.284749031066895,-99.36356374898497,-67.06922352420193,1.4765625,2.951798439025879,49.97752961454647,0.0,0.16091954022988508,-34.62468719482422,-0.007251777686178684,-0.0011541562853381038,12.216717004776001
3500.0,348,3,28.497987747192383,-82.29444339039942,-56.67721913443803,5.5546875,9.468864440917969,41.33734267018934,0.0,0.10632183908045978,1.2256373167037964,0.0002566968905739486,4.0854578401194885e-05,345.12656927108765
3500.0,348,4,5.185450077056885,-100.24867582913969,-68.25258047016479,0.490234375,2.1044158935546875,76.70449189718305,0.0,0.48640483383685795,48.12742614746094,0.010079785250127316,0.0016042476054280996,8.789167739450932
3500.0,348,5,0.8597264289855957,-103.68385299742131,-69.290204216628,0.490234375,1.149852991104126,57.365473778586164,0.0,0.7841726618705036,57.62769317626953,0.012069516815245152,0.001920923124998808,7.3402212001383305
3500.0,348,6,-6.389193534851074,-111.38760924264858,-65.20172828743526,0.0,0.2982565462589264,100.0,1.0,0.23563218390804597,-33.954837799072266,-0.0071114846505224705,-0.0011318279430270195,12.457724660634995
3500.0,348,7,18.778854370117188,-83.84108381612091,-65.08445737306053,4.5234375,6.2571868896484375,27.70812859236571,0.0,0.2155172413793104,47.814979553222656,0.010014346800744534,0.0015938326250761747,8.846600539982319
3500.0,348,8,21.018978118896484,-83.62963310281438,-66.81119941883264,5.33203125,6.99371862411499,23.75971158441145,0.0,0.20977011494252873,42.73918914794922,0.008951274678111076,0.0014246396021917462,9.89723950624466
3500.0,349,0,-30.0,-220.0,-75.95913720587815,0.0,0.0014419741928577423,100.0,,0.23076923076923073,0.0,0.0,0.0,1000000000000.0
3500.0,349,1,-30.0,-220.0,-72.05243478134119,0.0,0.0014419741928577423,100.0,,0.09876543209876543,0.0,0.0,0.0,1000000000000.0
3500.0,349,2,8.579168319702148,-99.39495495726598,-67.10072731902807,1.4765625,3.0373287200927734,51.3861476292596,0.0,0.16045845272206305,-34.92317199707031,-0.007314292248338461,-0.0011641057208180428,12.112301774322987
3500.0,349,3,27.59943199157715,-82.28083584066266,-56.66550332006578,5.5546875,9.17083740234375,39.43096735549566,0.0,0.10601719197707737,-0.6779189109802246,-0.00014198300777934492,-2.259729808429256e-05,623.9684224128723
3500.0,349,4,6.034662246704102,-99.72234561525434,-68.19359574317608,0.490234375,2.3256664276123047,78.92069261612424,0.0,0.4849397590361446,46.09321975708008,0.009653741493821144,0.0015364406863227487,9.177055209875107
3500.0,349,5,0.561682403087616,-103.65992136470089,-69.23574178970401,0.490234375,1.0963077545166016,55.28314262301641,0.0,0.7785714285714286,57.631072998046875,0.012070223689079285,0.0019210358150303364,7.339790463447571
3500.0,349,6,-6.504802227020264,-111.37783646816558,-65.25455506340019,0.0,0.29116111993789673,100.0,1.0,0.23782234957020054,-34.387516021728516,-0.00720210513100028,-0.0011462505208328366,12.300975620746613
3500.0,349,7,20.972143173217773,-84.01589953320837,-65.00363271239286,3.90234375,6.978283405303955,44.07874367736395,0.0,0.21489971346704873,48.87687683105469,0.010236749425530434,0.0016292292857542634,8.65439884364605
3500.0,349,8,22.034774780273438,-83.46692099495228,-66.75796600759288,3.90234375,7.32879638671875,46.753279200499684,0.0,0.20916905444126077,42.39861297607422,0.008879944682121277,0.001413287129253149,9.97674185782671
3500.0,350,0,-30.0,-220.0,-75.96245868882697,0.0,0.0014419741928577423,100.0,,0.23076923076923073,0.0,0.0,0.0,1000000000000.0
3500.0,350,1,-30.0,-220.0,-72.0591899483283,0.0,0.0014419741928577423,100.0,,0.09876543209876543,0.0,0.0,0.0,1000000000000.0
3500.0,350,2,-30.0,-220.0,-67.13264343308433,0.0,0.0014419741928577423,100.0,,0.16045845272206305,0.0,0.0,0.0,1000000000000.0
3500.0,350,3,24.774242401123047,-82.27843719059302,-56.66344472804826,5.5546875,8.234622955322266,32.544725725300495,0.0,0.10571428571428576,-2.8019492626190186,-0.0005868389271199703,-9.339831012766808e-05,150.9663313627243
3500.0,350,4,2.1703011989593506,-98.51164879607012,-68.13422283181822,0.490234375,1.405053734779358,65.10920807758404,0.0,0.48348348348348347,43.64447784423828,0.009140878915786743,0.0014548159670084715,9.69194807112217
3500.0,350,5,-0.589851438999176,-103.63596208355828,-69.18090439415488,0.490234375,0.9053518176078796,45.851505959827065,0.0,0.7730496453900709,57.60578918457031,0.012064928188920021,0.0019201929681003094,7.343011908233166
3500.0,350,6,-6.121363162994385,-111.36833646946366,-65.30773682600653,0.0,0.31529533863067627,100.0,1.0,0.24,-34.857765197753906,-0.007300593890249729,-0.001161925494670868,12.135029770433903
3500.0,350,7,20.962923049926758,-83.51271673915024,-64.92227321161826,4.81640625,6.975244045257568,30.949996605858555,0.0,0.2142857142857143,49.576866149902344,0.010383354499936104,0.0016525621758773923,8.5322055965662
3500.0,350,8,25.232290267944336,-83.42040237501648,-66.70474025848551,4.212890625,8.386303901672363,49.7646320191201,0.0,0.20857142857142852,39.25775909423828,0.008222125470638275,0.0013085920363664627,10.774940252304077
3500.0,351,0,-30.0,-220.0,-75.96584730683338,0.0,0.0014419741928577423,100.0,,0.23076923076923073,0.0,0.0,0.0,1000000000000.0
3500.0,351,1,-30.0,-220.0,-72.0661231327812,0.0,0.0014419741928577423,100.0,,0.09876543209876543,0.0,0.0,0.0,1000000000000.0
3500.0,351,2,1.5100635290145874,-103.69447574727131,-67.16496590287102,0.490234375,1.2725096940994263,61.47499879386411,0.0,0.16000000000000003,-26.981246948242188,-0.005650939419865608,-0.0008993748924694955,15.6775563955307
3500.0,351,3,23.765079498291016,-82.28740796741965,-56.67112845607055,5.5546875,7.900639533996582,29.69319159419832,0.0,0.10541310541310545,-4.873783111572266,-0.0010207627201452851,-0.00016245944425463676,86.79089695215225
3500.0,351,4,2.597090005874634,-98.44485664304906,-68.07445884555086,0.490234375,1.4949182271957397,67.20660929262921,0.0,0.48203592814371254,48.05136489868164,0.010063854977488518,0.0016017121961340308,8.803079836070538
3500.0,351,5,-2.1292312145233154,-103.61206556918427,-69.12568743731694,0.490234375,0.6892622709274292,28.875495485866274,0.0,0.7676056338028169,57.65150451660156,0.012074504047632217,0.001921716844663024,7.33718927949667
3500.0,351,6,-6.187286853790283,-111.35956307701716,-65.36125952263424,0.0,0.3110223114490509,100.0,1.0,0.24216524216524216,-35.301109313964844,-0.00739344721660018,-0.0011767036048695445,11.982626281678677
3500.0,351,7,17.354646682739258,-83.47506401992072,-64.84038585206389,4.81640625,5.791376113891602,16.834856599159053,0.0,0.2136752136752137,46.55921936035156,0.009751340374350548,0.0015519739827141166,9.08520445227623
3500.0,351,8,12.823286056518555,-83.37419094994146,-66.65153569115469,0.0,4.333212375640869,100.0,1.0,0.21082621082621078,42.798492431640625,0.008963695727288723,0.0014266164507716894,9.883525781333447
3500.0,352,0,-30.0,-220.0,-75.96930202763772,0.0,0.0014419741928577423,100.0,,0.23076923076923073,0.0,0.0,0.0,1000000000000.0
3500.0,352,1,-6.590600490570068,-111.02161863409202,-72.07323116731479,0.0,0.28599414229393005,100.0,1.0,0.10245901639344257,-7.906565189361572,-0.001655947184190154,-0.0002635521814227104,53.499843925237656
3500.0,352,2,1.0627657175064087,-103.7436685015045,-67.1976745210614,0.490234375,1.1872938871383667,58.7099385998213,0.0,0.15954415954415957,-27.38690757751465,-0.005735900718718767,-0.0009128969395533204,15.445336699485779
3500.0,352,3,19.430381774902344,-82.3075825540131,-56.68840246915742,5.5546875,6.47098970413208,14.160155494405613,0.0,0.10511363636363635,-6.854670524597168,-0.0014356388710439205,-0.00022848902153782547,61.709750443696976
3500.0,352,4,-1.1433196067810059,-98.37787618507323,-68.01429768400176,0.490234375,0.8225610852241516,40.401462723414774,0.0,0.4805970149253731,47.45889663696289,0.009939768351614475,0.001581963268108666,8.912975899875164
3500.0,352,5,-6.90913724899292,-103.58805105557278,-69.07008468892442,0.0,0.2675293982028961,100.0,1.0,0.7692307692307692,57.67938232421875,0.012080341577529907,0.0019226460717618465,7.333643268793821
3500.0,352,6,-6.3859429359436035,-111.35083388184097,-65.41508676384132,0.0,0.2984582185745239,100.0,1.0,0.24431818181818177,-35.7080192565918,-0.007478670682758093,-0.0011902672704309225,11.846078559756279
3500.0,352,7,17.165475845336914,-83.50055627226611,-64.75796588362772,3.90234375,5.729694843292236,31.892642510124592,0.0,0.21306818181818177,49.277305603027344,0.010320615023374557,0.0016425768844783306,8.58407374471426
3500.0,352,8,20.205528259277344,-83.03427676425355,-66.59835858139502,1.4765625,6.725825786590576,78.04637606070834,0.0,0.2102272727272727,38.95930480957031,0.008159617893397808,0.0012986435322090983,10.857483372092247
3500.0,353,0,-30.0,-220.0,-75.97282344383407,0.0,0.0014419741928577423,100.0,,0.23076923076923073,0.0,0.0,0.0,1000000000000.0
3500.0,353,1,-6.35283899307251,-110.94671987653905,-72.0805150665031,0.0,0.300519734621048,100.0,1.0,0.10612244897959189,-8.110461235046387,-0.0016986511182039976,-0.00027034871163778007,52.154865115880966
3500.0,353,2,5.201483726501465,-102.01588895336178,-67.23076466426103,0.490234375,2.1085052490234375,76.74967253569542,0.0,0.15909090909090906,-29.769412994384766,-0.006234891712665558,-0.000992313725873828,14.20921552926302
3500.0,353,3,18.922557830810547,-82.33890106459626,-56.71522698882917,5.115234375,6.304309368133545,18.861304604497587,0.0,0.10481586402266285,-8.930679321289062,-0.0018704371759667993,-0.000297689315630123,47.364819794893265
3500.0,353,4,4.47368860244751,-98.34098549423138,-67.95373738899588,0.490234375,1.9265155792236328,74.553313750125,0.0,0.47916666666666663,43.46044158935547,0.009102333337068558,0.0014486813452094793,9.732989594340324
3500.0,353,5,-8.21302604675293,-103.56404557366245,-69.01409209966567,0.0,0.20276601612567902,100.0,1.0,0.7708333333333334,57.681129455566406,0.012080707587301731,0.00192270427942276,7.3334211483597755
3500.0,353,6,-5.45746374130249,-110.17557207103442,-65.46920762964956,0.0,0.3613329529762268,100.0,1.0,0.2464589235127479,-35.65275955200195,-0.007467096671462059,-0.0011884253472089767,11.864439584314823
3500.0,353,7,15.159472465515137,-83.5028675009169,-64.67502394887194,3.609375,5.079187870025635,28.93795046841251,0.0,0.21246458923512745,49.02079772949219,0.010266892611980438,0.0016340266447514296,8.62899050116539
3500.0,353,8,12.71457576751709,-82.99673734034198,-66.54522475912603,3.322265625,4.29891300201416,22.718472705927606,0.0,0.20963172804532582,40.01312255859375,0.008380329236388206,0.0013337708078324795,10.57153195142746
3500.0,354,0,-30.0,-220.0,-75.97641113543091,0.0,0.0014419741928577423,100.0,,0.23076923076923073,0.0,0.0,0.0,1000000000000.0
3500.0,354,1,-30.0,-220.0,-72.0879732108258,0.0,0.0014419741928577423,100.0,,0.10612244897959189,0.0,0.0,0.0,1000000000000.0
3500.0,354,2,-0.4867180585861206,-98.66998483762319,-67.26422222077463,0.0,0.9214217066764832,100.0,1.0,0.16147308781869685,-40.059547424316406,-0.008390052244067192,-0.001335318316705525,10.559280402958393
3500.0,354,3,17.349014282226562,-82.38108756615799,-56.75137947559767,4.81640625,5.789539337158203,16.808471805562785,0.0,0.10451977401129942,-10.858707427978516,-0.002274242229759693,-0.0003619569179136306,38.95491361618042
3500.0,354,4,-7.543914318084717,-98.27692584934722,-67.89277306921338,0.0,0.23393568396568298,100.0,1.0,0.48071216617210677,46.22065353393555,0.009680431336164474,0.0015406884485855699,9.151753038167953
3500.0,354,5,-15.821194648742676,-103.54017949967073,-68.95770381761692,0.0,0.0372762568295002,100.0,1.0,0.7724137931034483,57.70873260498047,0.012086489237844944,0.00192362442612648,7.329913321882486
3500.0,354,6,-6.575247764587402,-110.1623730486858,-65.52359654778206,0.0,0.28691262006759644,100.0,1.0,0.24858757062146897,-35.904335021972656,-0.007519787177443504,-0.0011968112085014582,11.781306937336922
3500.0,354,7,6.92064905166626,-84.62807950869481,-64.59156176633996,0.0,2.5658726692199707,100.0,1.0,0.21468926553672318,48.105560302734375,0.010075205005705357,0.0016035187290981412,8.793162181973457
3500.0,354,8,15.231918334960938,-82.95660882121622,-66.49214450851132,1.4765625,5.102547645568848,71.06224963362614,0.0,0.20903954802259883,37.757484436035156,0.007907908409833908,0.0012585828080773354,11.20307669043541
3500.0,355,0,-30.0,-220.0,-75.98006493064983,0.0,0.0014419741928577423,100.0,,0.23076923076923073,0.0,0.0,0.0,1000000000000.0
3500.0,355,1,-9.490778923034668,-102.00390647289282,-72.09560461507647,0.0,0.1537279337644577,100.0,1.0,0.1097560975609756,-8.791255950927734,-0.0018412363715469837,-0.0002930418704636395,48.115991055965424
3500.0,355,2,2.6553080081939697,-102.05654163571063,-67.29803558043093,0.490234375,1.5074256658554077,67.47870318886933,0.0,0.1610169491525424,-30.277128219604492,-0.006341227330267429,-0.0010092376032844186,13.970942236483097
3500.0,355,3,16.786428451538086,-82.43383062573028,-56.79660373302221,4.5234375,5.606254577636719,19.314447152579607,0.0,0.10422535211267603,-12.826578140258789,-0.002686392283067107,-0.0004275526152923703,32.978396862745285
3500.0,355,4,-2.687591314315796,-98.21280475134174,-67.83140066199545,0.490234375,0.6215885281562805,21.13201051922492,0.0,0.47928994082840237,47.01552963256836,0.009846909902989864,0.0015671843430027366,8.997027762234211
3500.0,355,5,-4.671435356140137,-103.51617193117548,-68.90091441703288,0.0,0.42339539527893066,100.0,1.0,0.773972602739726,57.73497009277344,0.0120919831097126,0.0019244990544393659,7.326582446694374
3500.0,355,6,-4.220757484436035,-110.1501936467489,-65.5782324388978,0.0,0.4629700779914856,100.0,1.0,0.2507042253521127,-36.085777282714844,-0.00755778793245554,-0.001202859217301011,11.722070164978504
3500.0,355,7,9.6488618850708,-84.51514168218534,-64.50758447159006,1.02734375,3.3537886142730713,69.36766540300647,0.0,0.21408450704225357,47.79750442504883,0.01001068577170372,0.0015932501992210746,8.849835023283958
3500.0,355,8,16.72551918029785,-82.91660378873276,-66.43913020271857,2.16015625,5.586439609527588,61.332147110014645,0.0,0.20845070422535217,38.76084518432617,0.008118052035570145,0.0012920282315462828,10.91307494789362
3500.0,356,0,-30.0,-220.0,-75.9837847046062,0.0,0.0014419741928577423,100.0,,0.23076923076923073,0.0,0.0,0.0,1000000000000.0
3500.0,356,1,-9.435450553894043,-101.94612615608185,-72.10340840274631,0.0,0.15559636056423187,100.0,1.0,0.11336032388663964,-9.005138397216797,-0.00188603182323277,-0.00030017129029147327,46.97318375110626
3500.0,356,2,0.15154823660850525,-103.95266959360534,-67.33219371080608,0.490234375,1.0253912210464478,52.19050398152439,0.0,0.16056338028169015,-29.049345016479492,-0.006084080785512924,-0.0009683115058578551,14.561430551111698
3500.0,356,3,15.914108276367188,-82.49674948956907,-56.85059180989473,4.212890625,5.323049545288086,20.855693918362796,0.0,0.1039325842696629,-14.841069221496582,-0.00310830632224679,-0.0004947023116983473,28.50198931992054
3500.0,356,4,-7.117961883544922,-98.74512373963606,-67.76961621357279,0.0,0.2560199201107025,100.0,1.0,0.4808259587020649,43.882286071777344,0.00919068418443203,0.0014627429191023111,9.639425203204155
3500.0,356,5,-10.872025489807129,-103.4923281770489,-68.84371842871363,0.0,0.11344485729932785,100.0,1.0,0.7755102040816326,57.74974822998047,0.012095078825950623,0.0019249916076660156,7.324707228690386
3500.0,356,6,-9.949688911437988,-110.13859699228891,-65.63309560927068,0.0,0.13903090357780457,100.0,1.0,0.2528089887640449,-37.63263702392578,-0.007881760597229004,-0.001254421193152666,11.240243911743164
3500.0,356,7,15.009634971618652,-84.78423383676109,-64.42309855217428,1.4765625,5.030910968780518,70.65019617395623,0.0,0.2134831460674157,47.92359924316406,0.010037095285952091,0.001597453374415636,8.826549164950848
3500.0,356,8,13.542510986328125,-82.8767280696148,-66.38619497842771,2.5703125,4.561169147491455,43.64794602248819,0.0,0.2078651685393258,39.043922424316406,0.008177340030670166,0.0013014640426263213,10.833952575922012
3500.0,357,0,-30.0,-220.0,-75.98756981650615,0.0,0.0014419741928577423,100.0,,0.23076923076923073,0.0,0.0,0.0,1000000000000.0
3500.0,357,1,-9.446160316467285,-101.89155051240006,-72.11138235650787,0.0,0.1552330106496811,100.0,1.0,0.11693548387096775,-9.209888458251953,-0.0019289146875962615,-0.0003069962840527296,45.928895473480225
3500.0,357,2,-5.34119176864624,-102.10136034941159,-67.36668103828188,0.0,0.3699800372123718,100.0,1.0,0.1629213483146067,-27.051132202148438,-0.005665576085448265,-0.0009017044212669134,15.637053176760674
3500.0,357,3,16.819129943847656,-82.56934490359946,-56.912929764939946,3.90234375,5.61689567565918,30.52490244903766,0.0,0.10364145658263302,-16.711456298828125,-0.0035000392235815525,-0.0005570485373027623,25.31197853386402
3500.0,357,4,-5.083187103271484,-98.39296437362503,-67.70741407898046,0.0,0.38981810212135315,100.0,1.0,0.48235294117647054,45.39729309082031,0.009507986716926098,0.0015132430708035827,9.317736141383648
3500.0,357,5,-6.33571195602417,-103.46836005256739,-68.78610928487619,0.0,0.30159124732017517,100.0,1.0,0.777027027027027,57.82270431518555,0.012110359966754913,0.0019274235237389803,7.315465714782476
3500.0,357,6,-3.218729257583618,-110.11339563881597,-65.68815979158606,0.490234375,0.5622501373291016,12.808491727757222,0.0,0.25210084033613445,-36.709964752197266,-0.007688517216593027,-0.00122366554569453,11.522756889462471
3500.0,357,7,16.796735763549805,-84.75071053699354,-64.33810576994892,2.73046875,5.609609127044678,51.32515139359632,0.0,0.21288515406162467,47.171974182128906,0.009879675693809986,0.0015723991673439741,8.967189118266106
3500.0,357,8,19.503185272216797,-82.78878175499572,-66.33334909636335,1.6953125,6.494904041290283,73.89780527591586,0.0,0.20728291316526615,37.598236083984375,0.007874556817114353,0.0012532745022326708,11.250527575612068
3500.0,358,0,-30.0,-220.0,-75.99142071278126,0.0,0.0014419741928577423,100.0,,0.23076923076923073,0.0,0.0,0.0,1000000000000.0
3500.0,358,1,-5.9192986488342285,-101.38283918758923,-72.11952704572775,0.0,0.3287214934825897,100.0,1.0,0.12048192771084343,-8.987571716308594,-0.0018823526334017515,-0.0002995857212226838,47.064993530511856
3500.0,358,2,-1.287477970123291,-101.77854899388736,-67.40149207252259,0.490234375,0.8019456267356873,38.86937484833045,0.0,0.16246498599439774,-30.780479431152344,-0.006446648854762316,-0.0010260159615427256,13.74247670173645
3500.0,358,3,16.2917423248291,-82.65118885730197,-56.98327955985814,4.5234375,5.445492267608643,16.932441041066028,0.0,0.1033519553072626,-18.521610260009766,-0.0038791571278125048,-0.000617387006059289,22.838188335299492
3500.0,358,4,0.3761574327945709,-98.32523078232273,-67.64479188296113,0.490234375,1.063830852508545,53.91801489456592,0.0,0.4809384164222874,46.61430740356445,0.009762877598404884,0.0015538103180006146,9.074467234313488
3500.0,358,5,-7.33976936340332,-103.44446779940515,-68.72808216605773,0.0,0.2442919760942459,100.0,1.0,0.7785234899328859,57.78303527832031,0.012102050706744194,0.0019261011620983481,7.32048787176609
3500.0,358,6,-11.275917053222656,-110.10823021597639,-65.74341483816383,0.0,0.10372354090213776,100.0,1.0,0.25418994413407825,-40.872108459472656,-0.008560234680771828,-0.0013624036218971014,10.349356569349766
3500.0,358,7,18.010997772216797,-84.68966195176058,-64.25262037977177,3.322265625,6.005753040313721,44.681947414433544,0.0,0.2122905027932961,47.17475891113281,0.009880258701741695,0.0015724919503554702,8.966660127043724
3500.0,358,8,11.736207962036133,-82.64563120213644,-66.28061015704094,3.322265625,3.992307424545288,16.78332173083098,0.0,0.2067039106145251,39.93520736694336,0.008364010602235794,0.0013311735820025206,10.592157952487469
3500.0,359,0,-30.0,-220.0,-75.99533649731498,0.0,0.0014419741928577423,100.0,,0.23076923076923073,0.0,0.0,0.0,1000000000000.0
3500.0,359,1,-4.046754837036133,-101.33289311435126,-72.12783958107795,0.490234375,0.479069322347641,0.0,0.0,0.12,-9.174108505249023,-0.001921420800499618,-0.00030580360908061266,46.10802233219147
3500.0,359,2,3.2571582794189453,-100.5736685054168,-67.4366093181475,0.490234375,1.6401467323303223,70.110334317255,0.0,0.16201117318435754,-30.780332565307617,-0.0064466181211173534,-0.0010260110720992088,13.742541894316673
3500.0,359,3,7.778337478637695,-92.2673151105912,-57.061126278684924,0.0,2.806450843811035,100.0,1.0,0.1058495821727019,-20.169031143188477,-0.004224192351102829,-0.0006723010446876287,20.97274735569954
3500.0,359,4,-3.9022748470306396,-99.98362042629964,-67.5817432480441,0.490234375,0.4927935302257538,0.519315914026186,0.0,0.47953216374269003,45.03291320800781,0.009431671351194382,0.001501097111031413,9.39313042908907
3500.0,359,5,-7.648524761199951,-103.88499852399485,-68.66962990427079,0.0,0.22878693044185638,100.0,1.0,0.78,57.746070861816406,0.012094308622181416,0.0019248690223321319,7.325173821300268
3500.0,359,6,2.0524544715881348,-105.89368401905878,-65.7988324563735,0.490234375,1.3808133602142334,64.49669527213004,0.0,0.2534818941504178,-36.575042724609375,-0.007660259027034044,-0.00121916807256639,11.565263383090496
3500.0,359,7,17.89095115661621,-84.74306807215937,-64.16664347301693,3.90234375,5.966504096984863,34.59580875890078,0.0,0.21169916434540392,46.88923645019531,0.00982045941054821,0.001562974532134831,9.021260775625706
3500.0,359,8,20.034677505493164,-82.60497143700209,-66.22798786066826,1.4765625,6.669617652893066,77.86136212231725,0.0,0.20612813370473537,36.17896270751953,0.007577304262667894,0.0012059654109179974,11.691877618432045
3500.0,360,0,-30.0,-220.0,-75.99931708364676,0.0,0.0014419741928577423,100.0,,0.23076923076923073,0.0,0.0,0.0,1000000000000.0
3500.0,360,1,-9.024001121520996,-101.74513314232586,-72.1363191387936,0.0,0.17017976939678192,100.0,1.0,0.12350597609561753,-9.812395095825195,-0.0020551031921058893,-0.000327079847920686,43.1087426841259
3500.0,360,2,3.1455461978912354,-102.17476093202195,-67.47202282976431,0.490234375,1.6150692701339722,69.64623226597988,0.0,0.1615598885793872,-32.29319763183594,-0.006763472221791744,-0.0010764399776235223,13.098734430968761
3500.0,360,3,10.057805061340332,-92.25629933707886,-57.14601578033125,1.6953125,3.4768989086151123,51.24067323903697,0.0,0.10555555555555551,-21.85052490234375,-0.004576363600790501,-0.0007283508311957121,19.3588025867939
3500.0,360,4,-0.972525417804718,-98.47780078475739,-67.51826391828433,0.490234375,0.8474913835525513,42.15464788031069,0.0,0.47813411078717205,43.17868423461914,0.009043322876095772,0.0014392895391210914,9.796500205993652
3500.0,360,5,-8.056687355041504,-103.86118644287586,-68.61074632160195,0.0,0.20968294143676758,100.0,1.0,0.7814569536423841,57.76068115234375,0.012097368948161602,0.0019253561040386558,7.323320955038071
3500.0,360,6,3.136619806289673,-100.80705409456618,-65.85439649143602,0.490234375,1.6130727529525757,69.60866308710052,0.0,0.25277777777777777,-37.361083984375,-0.007824886590242386,-0.0012453694362193346,11.321941390633583
3500.0,360,7,22.43864631652832,-84.74261898678067,-64.08018532399532,3.90234375,7.462162017822266,47.704917948982725,0.0,0.21111111111111114,46.39504623413086,0.009716955944895744,0.001546501531265676,9.117352776229382
3500.0,360,8,11.436931610107422,-82.56376694648289,-66.17549720098368,0.0,3.8993430137634277,100.0,1.0,0.20833333333333337,46.308189392089844,0.009698765352368355,0.0015436062822118402,9.134453721344471
3500.0,361,0,-30.0,-220.0,-76.00336332500879,0.0,0.0014419741928577423,100.0,,0.23076923076923073,0.0,0.0,0.0,1000000000000.0
3500.0,361,1,4.7265448570251465,-97.81236677027728,-72.14496731227386,0.490234375,1.9888856410980225,75.35130402322419,0.0,0.12301587301587302,-9.487625122070312,-0.001987083349376917,-0.00031625418341718614,44.58439350128174
3500.0,361,2,1.5045771598815918,-100.64125796106518,-67.50773106884125,0.490234375,1.2714418172836304,61.44264186249904,0.0,0.1611111111111111,-35.66520309448242,-0.0074697029776871204,-0.0011888401350006461,11.860299855470657
3500.0,361,3,14.367424011230469,-89.43152883694853,-57.23757306347484,2.16015625,4.824588298797607,55.22610187198029,0.0,0.10526315789473684,-12.779891967773438,-0.002676614560186863,-0.0004259964043740183,33.09887275099754
3500.0,361,4,0.0014162490842863917,-98.41092196449297,-67.45435374814761,0.490234375,1.0002353191375732,50.98809593899446,0.0,0.4767441860465116,44.09150695800781,0.009234503842890263,0.0014697168953716755,9.59368422627449
3500.0,361,5,-6.087449073791504,-103.83700265436568,-68.55142774547252,0.0,0.317514032125473,100.0,1.0,0.7828947368421053,57.750770568847656,0.012095293961465359,0.001925025717355311,7.324577774852514
3500.0,361,6,-3.198627233505249,-100.97328318951058,-65.91010388832132,0.0,0.5644088387489319,100.0,1.0,0.2548476454293629,-38.74729919433594,-0.00811521615833044,-0.001291576656512916,10.91689057648182
3500.0,361,7,19.916412353515625,-84.71418514751232,-63.993270369285426,5.115234375,6.6307220458984375,22.855545148900823,0.0,0.21052631578947367,46.399696350097656,0.009717930108308792,0.0015466565964743495,9.116439148783684
3500.0,361,8,21.051250457763672,-82.52310541498917,-66.12316111518231,1.17578125,7.0043559074401855,83.21357073316251,0.0,0.20775623268698062,37.3712043762207,0.007827007211744785,0.001245706807821989,11.318875476717949
3500.0,362,0,-30.0,-220.0,-76.0074741336725,0.0,0.0014419741928577423,100.0,,0.23076923076923073,0.0,0.0,0.0,1000000000000.0
3500.0,362,1,4.314793586730957,-95.92725906536364,-72.1537806865056,0.490234375,1.8878055810928345,74.03152210641271,0.0,0.12252964426877466,-9.971972465515137,-0.0020885250996798277,-0.0003323990968056023,42.418889701366425
3500.0,362,2,-3.516223430633545,-100.45871707291829,-67.54371545797397,0.0,0.5310875177383423,100.0,1.0,0.1634349030470914,-37.303016662597656,-0.007812726311385632,-0.00124343391507864,11.339565739035606
3500.0,362,3,16.139314651489258,-89.46620275443752,-57.33521096690933,3.322265625,5.396039009094238,38.43140089608683,0.0,0.10497237569060769,-13.21207046508789,-0.0027671295683830976,-0.00044040236389264464,32.01618045568466
3500.0,362,4,2.6941006183624268,-98.11365312117172,-67.39000527516778,0.490234375,1.515792965888977,67.65822338326468,0.0,0.47536231884057967,47.96678924560547,0.010046141222119331,0.001598892966285348,8.81860125809908
3500.0,362,5,-4.70547342300415,-104.18869425247563,-68.4916659060099,0.0,0.4205280542373657,100.0,1.0,0.7843137254901961,57.64773941040039,0.012073714286088943,0.0019215913489460945,7.337668444961309
3500.0,362,6,1.4539539813995361,-101.01508746529846,-65.96592600366189,0.490234375,1.2616151571273804,61.14232044292862,0.0,0.2541436464088398,-38.364768981933594,-0.008035099133849144,-0.001278825686313212,11.025740765035152
3500.0,362,7,20.495729446411133,-84.65645300356876,-63.90590026542455,4.5234375,6.821347713470459,33.68704118297122,0.0,0.2099447513812155,45.83415985107422,0.009599484503269196,0.0015278053469955921,9.228924289345741
3500.0,362,8,20.740806579589844,-82.4789721222256,-66.07098911451241,3.609375,6.902060508728027,47.70583370812599,0.0,0.20718232044198892,36.690284729003906,0.007684396114200354,0.0012230095453560352,11.528938077390194
3500.0,363,0,-30.0,-220.0,-76.01164905163435,0.0,0.0014419741928577423,100.0,,0.23076923076923073,0.0,0.0,0.0,1000000000000.0
3500.0,363,1,3.168787956237793,-94.901426946219,-72.16275745381651,0.490234375,1.6202741861343384,69.74373972039851,0.0,0.1220472440944882,-10.080272674560547,-0.0021112074609845877,-0.0003360091068316251,41.96315258741379
3500.0,363,2,-2.197068452835083,-100.50579923327172,-67.57996330459932,0.490234375,0.6807442307472229,27.985526302310138,0.0,0.1629834254143646,-39.15920639038086,-0.008201485499739647,-0.0013053069123998284,10.802057571709156
3500.0,363,3,16.66301918029785,-89.51699003829597,-57.4384067028393,3.90234375,5.566112518310547,29.891037287466517,0.0,0.10468319559228645,-12.800033569335938,-0.00268083275295794,-0.0004266678006388247,33.04678946733475
3500.0,363,4,2.6509294509887695,-97.5200017206277,-67.32521282693003,0.490234375,1.5064830780029297,67.4583550151868,0.0,0.47398843930635837,50.49916076660156,0.0105765201151371,0.001683305366896093,8.376376703381538
3500.0,363,5,-5.526242256164551,-103.88576082501565,-68.431453373581,0.0,0.35630205273628235,100.0,1.0,0.7857142857142857,57.664207458496094,0.01207716390490532,0.0019221402471885085,7.335572969168425
3500.0,363,6,1.0920602083206177,-101.05684518501106,-66.02184364424335,0.490234375,1.1927599906921387,58.899160030047184,0.0,0.2534435261707989,-39.06713104248047,-0.008182200603187084,-0.0013022377388551831,10.827516205608845
3500.0,363,7,18.13159942626953,-84.60832808939352,-63.81808460659229,4.5234375,6.045201301574707,25.173087307751107,0.0,0.209366391184573,45.56229019165039,0.009542543441057205,0.0015187429962679744,9.283993393182755
3500.0,363,8,22.749347686767578,-82.46319645704855,-66.01899513133343,3.609375,7.564810276031494,52.28730307439407,0.0,0.20661157024793386,37.415504455566406,0.007836285047233105,0.0012471835361793637,11.305473744869232
3500.0,364,0,-30.0,-220.0,-76.01588826525267,0.0,0.0014419741928577423,100.0,,0.23076923076923073,0.0,0.0,0.0,1000000000000.0
3500.0,364,1,3.897373676300049,-98.93767589538035,-72.17189747102745,0.490234375,1.7879443168640137,72.58111618040475,0.0,0.1215686274509804,-10.109119415283203,-0.002117249183356762,-0.00033697063918225467,41.84340685606003
3500.0,364,2,2.6198570728302,-100.55285617647806,-67.6164677038887,0.490234375,1.499802589416504,67.31340654700931,0.0,0.16253443526170797,-36.36745834350586,-0.0076167830266058445,-0.0012122485786676407,11.63127738982439
3500.0,364,3,16.526058197021484,-89.57974338896378,-57.546707292026134,4.212890625,5.521590709686279,23.701504756418935,0.0,0.10439560439560436,-14.359179496765137,-0.0030073795933276415,-0.00047863932559266686,29.458507895469666
3500.0,364,4,2.89347243309021,-97.17744519033931,-67.25997413503035,0.490234375,1.5592060089111328,68.55871692398404,0.0,0.4726224783861671,46.839622497558594,0.009810068644583225,0.0015613207360729575,9.03081614524126
3500.0,364,5,-3.654282569885254,-102.4527325838466,-68.37078486952157,0.490234375,0.5171181559562683,5.1987694971865945,0.0,0.7806451612903226,57.479637145996094,0.012038507498800755,0.0019159879302605987,7.359127979725599
3500.0,364,6,-1.5002431869506836,-101.54786205385204,-66.07784665892952,0.490234375,0.7722286581993103,36.516940961096566,0.0,0.25274725274725274,-40.68640899658203,-0.00852134171873331,-0.0013562137028202415,10.396592319011688
3500.0,364,7,18.920757293701172,-84.58404999858831,-63.729844509544286,3.90234375,6.3037190437316895,38.094579994322174,0.0,0.20879120879120883,45.46566390991211,0.009522306732833385,0.0015155221335589886,9.303724393248558
3500.0,364,8,20.75238609313965,-82.42174480399575,-65.96719934312793,4.212890625,6.905875205993652,38.99555813948671,0.0,0.2060439560439561,38.60624694824219,0.008085673674941063,0.0012868748744949698,10.956776328384876
3500.0,365,0,-30.0,-220.0,-76.02019142026784,0.0,0.0014419741928577423,100.0,,0.23076923076923073,0.0,0.0,0.0,1000000000000.0
3500.0,365,1,4.599817752838135,-98.91075695642036,-72.18119917884464,0.490234375,1.957509994506836,74.95622620698256,0.0,0.12109375,-10.18679428100586,-0.002133517060428858,-0.00033955980325117707,41.52435064315796
3500.0,365,2,3.049093246459961,-100.4384471228737,-67.65321723382473,0.490234375,1.5935664176940918,69.23665248233742,0.0,0.16208791208791207,-33.07780456542969,-0.006927799433469772,-0.001102593494579196,12.788031250238419
3500.0,365,3,17.60895538330078,-89.43843594817339,-57.65961182629203,3.90234375,5.874373435974121,33.570042958072655,0.0,0.1041095890410959,-30.101665496826172,-0.006304478272795677,-0.0010033888975158334,14.052378945052624
3500.0,365,4,3.779468059539795,-96.65285991904967,-67.19428390659846,0.490234375,1.7602289915084839,72.14939775648858,0.0,0.47126436781609193,47.1514892578125,0.009875385090708733,0.0015717162750661373,8.971084840595722
3500.0,365,5,-4.404176235198975,-102.41506388501195,-68.30965289305857,0.490234375,0.44649872183799744,0.0,0.0,0.7756410256410257,57.54560089111328,0.012052321806550026,0.001918186666443944,7.35069252550602
3500.0,365,6,5.428183555603027,-101.59700530694298,-66.13391843643376,0.490234375,2.1666972637176514,77.37411759320504,0.0,0.2520547945205479,-39.597774505615234,-0.008293339051306248,-0.0013199258828535676,10.682418942451477
3500.0,365,7,19.077335357666016,-84.59353051195855,-63.64119401065756,4.212890625,6.355085849761963,33.70836012926877,0.0,0.2082191780821918,44.84160614013672,0.00939160492271185,0.001494720228947699,9.433203376829624
3500.0,365,8,18.50452995300293,-82.46653738047398,-65.91561753441903,3.609375,6.167287349700928,41.47548516326176,0.0,0.20547945205479456,30.83104133605957,0.006457238458096981,0.001027701422572136,13.719938695430756
3500.0,366,0,-30.0,-220.0,-76.02455801792044,0.0,0.0014419741928577423,100.0,,0.23076923076923073,0.0,0.0,0.0,1000000000000.0
3500.0,366,1,2.6756606101989746,-98.88557147959155,-72.19066066057735,0.490234375,1.511812448501587,67.57306929931094,0.0,0.12062256809338523,-10.409072875976562,-0.0021800710819661617,-0.0003469690855126828,40.63762724399567
3500.0,366,2,1.8085827827453613,-101.98504581748222,-67.69019948952783,0.490234375,1.331450343132019,63.180423698956446,0.0,0.16164383561643836,-36.17546081542969,-0.007576571777462959,-0.0012058487627655268,11.693009175360203
3500.0,366,3,17.091629028320312,-89.49707213147228,-57.77662448424261,4.5234375,5.705628871917725,20.719738322558946,0.0,0.10382513661202186,-11.545917510986328,-0.0024181711487472057,-0.0003848639316856861,36.63632646203041
3500.0,366,4,4.049982070922852,-97.31089570347015,-67.12813706325275,0.490234375,1.824141502380371,73.12520030050958,0.0,0.46991404011461313,42.38410949707031,0.008876907639205456,0.0014128036564216018,9.980155155062675
3500.0,366,5,-7.857240200042725,-102.38308801085975,-68.24805013911984,0.0,0.21882538497447968,100.0,1.0,0.7770700636942676,57.615421295166016,0.012066945433616638,0.001920514041557908,7.3417844250798225
3500.0,366,6,-1.9115098714828491,-101.64611528272404,-66.19004125548007,0.490234375,0.7171623110771179,31.642479334460717,0.0,0.2513661202185792,-42.718589782714844,-0.008946960791945457,-0.001423952984623611,9.902012534439564
3500.0,366,7,19.33708953857422,-84.57329081486338,-63.5521481106796,4.5234375,6.440350532531738,29.764110242896813,0.0,0.20765027322404372,44.936065673828125,0.009411387145519257,0.0014978689141571522,9.413374587893486
3500.0,366,8,20.61896324157715,-82.44778206718728,-65.8642657216738,3.029296875,6.8619279861450195,55.85356067396101,0.0,0.20491803278688525,35.31634521484375,0.007396637927740812,0.0011772115249186754,11.97745744138956
3500.0,367,0,-1.9514409303665161,-107.14755403680981,-76.02898849192079,0.490234375,0.7119808793067932,31.145008349478786,0.0,0.23006134969325154,-11.444396018981934,-0.0023969088215380907,-0.0003814798837993294,36.96132078766823
3500.0,367,1,4.746065616607666,-96.00550020700213,-72.20028235344455,0.490234375,1.9937394857406616,75.41131233512782,0.0,0.12015503875968991,-10.586508750915527,-0.002217233180999756,-0.00035288362414576113,39.95651751756668
3500.0,367,2,0.3582957088947296,-104.17780998907298,-67.72741014248837,0.490234375,1.0607386827468872,53.78368084677653,0.0,0.16120218579234968,-33.09718322753906,-0.006931857671588659,-0.0011032394832000136,12.780544348061085
3500.0,367,3,17.606773376464844,-89.05469547495896,-57.89734633922999,4.5234375,5.873661518096924,22.987773707028303,0.0,0.10354223433242504,-8.85497760772705,-0.0018545822240412235,-0.00029516592621803284,47.76974394917488
3500.0,367,4,3.947354316711426,-97.44236235445804,-67.06153132055948,0.490234375,1.7997593879699707,72.76111583154695,0.0,0.4685714285714285,47.21577453613281,0.009888850152492523,0.0015738591318950057,8.95887054502964
3500.0,367,5,-7.0408477783203125,-102.35371851828262,-68.18597054797132,0.0,0.26021644473075867,100.0,1.0,0.7784810126582279,57.49919891357422,0.012042604386806488,0.0019166399724781513,7.356624584645033
3500.0,367,6,3.7830913066864014,-101.43633641686472,-66.24620966431235,0.490234375,1.7610774040222168,72.16281499720978,0.0,0.2506811989100818,-40.703392028808594,-0.008524898439645767,-0.001356779714114964,10.39225421845913
3500.0,367,7,22.025508880615234,-84.55517241724883,-63.462734948128706,4.5234375,7.3257365226745605,38.252795660899174,0.0,0.20708446866485009,43.94849395751953,0.009204551577568054,0.0014649498043581843,9.624903090298176
3500.0,367,8,12.487992286682129,-82.40590573114591,-65.81316665387503,0.0,4.227563381195068,100.0,1.0,0.20708446866485009,39.46099853515625,0.00826469250023365,0.0013153665931895375,10.719445534050465
3500.0,368,0,-2.1339845657348633,-107.11678156681381,-76.03348253667761,0.490234375,0.6886627078056335,28.81357311156123,0.0,0.22935779816513757,-11.60490608215332,-0.002430525841191411,-0.0003868302155751735,36.4501029253006
3500.0,368,1,11.856792449951172,-91.20750873348555,-72.21006282618214,0.6015625,4.029880046844482,85.07244649946736,0.0,0.11969111969111967,-11.465585708618164,-0.0024013465736061335,-0.00038218620466068387,36.89301386475563
3500.0,368,2,5.598390579223633,-99.20195168830425,-67.76483874866068,0.490234375,2.210836172103882,77.82583887554718,0.0,0.1607629427792916,-22.839143753051758,-0.004783418960869312,-0.0007613048073835671,18.520833924412727
3500.0,368,3,18.36394691467285,-89.12001461411081,-58.021335091495295,4.5234375,6.121246337890625,26.10267173859937,0.0,0.1032608695652174,-22.50283432006836,-0.004712983034551144,-0.0007500944775529206,18.797632306814194
3500.0,368,4,4.015957832336426,-97.37819440410739,-66.99446298946984,0.490234375,1.8160399198532104,73.00530843839461,0.0,0.4672364672364673,49.47688293457031,0.01036241464316845,0.0016492294380441308,8.549447171390057
3500.0,368,5,-5.233111381530762,-102.32581547537306,-68.12340744132834,0.0,0.37818026542663574,100.0,1.0,0.779874213836478,57.360107421875,0.01201347354799509,0.0019120036158710718,7.374463137239218
3500.0,368,6,2.4598228931427,-101.48622104749805,-66.30240936584653,0.490234375,1.4656633138656616,66.55204709279272,0.0,0.25,-40.309165954589844,-0.008442331105470657,-0.0013436388690024614,10.493891313672066
3500.0,368,7,24.02037239074707,-84.56249359682084,-63.37297724532494,5.33203125,7.985099792480469,33.225239651717956,0.0,0.2065217391304348,44.24457550048828,0.009266562759876251,0.0014748191460967064,9.560493752360344
3500.0,368,8,24.164701461791992,-82.3915976558275,-65.76233957650467,1.328125,8.032859802246094,83.46634906252642,0.0,0.2065217391304348,35.80622863769531,0.007499238941818476,0.0011935409856960177,11.813587509095669
3500.0,369,0,-30.0,-220.0,-76.03803972942976,0.0,0.0014419741928577423,100.0,,0.22935779816513757,0.0,0.0,0.0,1000000000000.0
3500.0,369,1,14.308911323547363,-91.34719311223108,-72.2200003112413,1.6953125,4.805840969085693,64.7239159409278,0.0,0.11923076923076925,-11.687649726867676,-0.002447855658829212,-0.00038958832737989724,36.19205206632614
3500.0,369,2,4.342345714569092,-98.78792438875438,-67.80247412530522,0.740234375,1.8944907188415527,60.92699913290469,0.0,0.16032608695652173,-23.068212509155273,-0.004831395111978054,-0.0007689404301345348,18.33692193031311
3500.0,369,3,17.430925369262695,-88.88781975393938,-58.148157125229815,4.81640625,5.8162617683410645,17.190689796381818,0.0,0.10298102981029811,-25.496631622314453,-0.0053400020115077496,-0.0008498877286911011,16.590427607297897
3500.0,369,4,5.621161460876465,-96.7006994813856,-66.92692621091058,0.490234375,2.2167699337005615,77.88519378816962,0.0,0.46590909090909094,49.61107635498047,0.010390520095825195,0.001653702580370009,8.52632150053978
3500.0,369,5,-3.2063136100769043,-102.29867368343143,-68.06035223064248,0.0,0.5635825991630554,100.0,1.0,0.78125,57.250335693359375,0.011990481987595558,0.0019083445658907294,7.388602942228317
3500.0,369,6,-3.3021862506866455,-101.53639993924472,-66.35862530814137,0.0,0.5533602833747864,100.0,1.0,0.2520325203252033,-43.131385803222656,-0.009033417329192162,-0.0014377129264175892,9.807243943214417
3500.0,369,7,25.132917404174805,-84.52570205846634,-63.28289489418719,5.5546875,8.353392601013184,33.503813775899005,0.0,0.20596205962059622,43.307167053222656,0.009070232510566711,0.0014435722259804606,9.767436422407627
3500.0,369,8,16.909460067749023,-82.44420634632993,-65.71180164365904,4.5234375,5.646297931671143,19.88666636545706,0.0,0.20596205962059622,35.31300735473633,0.007395939435809851,0.0011771002318710089,11.978588998317719
3500.0,370,0,1.9289777278900146,-103.05111582122669,-76.04265982687244,0.490234375,1.355684757232666,63.83861569700715,0.0,0.22865853658536583,-10.331799507141113,-0.0021638870239257812,-0.0003443933092057705,40.94156250357628
3500.0,370,1,14.403554916381836,-91.2697377228493,-72.23009352071318,2.5703125,4.8361687660217285,46.85229932299572,0.0,0.11877394636015326,-11.75369644165039,-0.002461688593029976,-0.00039178988663479686,35.98867729306221
3500.0,370,2,4.932745933532715,-98.80663456102593,-67.84030681048307,0.6015625,2.040431261062622,70.51787475130544,0.0,0.15989159891598914,-22.946537017822266,-0.004805911798030138,-0.0007648845785297453,18.434153869748116
3500.0,370,3,17.35991668701172,-88.95642366846401,-58.27742293355392,4.5234375,5.79309606552124,21.916753168963744,0.0,0.10270270270270265,-24.484081268310547,-0.00512793380767107,-0.0008161360747180879,17.27653108537197
3500.0,370,4,3.4090840816497803,-96.63758161565619,-66.85891729471359,0.490234375,1.6746153831481934,70.72555406254637,0.0,0.46458923512747874,51.876583099365234,0.01086500659584999,0.0017292194534093142,8.15396849066019
3500.0,370,5,-0.379660964012146,-102.27224509182574,-67.99679780717955,0.490234375,0.9383174777030945,47.75389069805629,0.0,0.7763975155279503,57.22172164916992,0.011984489858150482,0.0019073907751590014,7.392297964543104
3500.0,370,6,4.422995090484619,-101.58665375646918,-66.41484521972264,0.490234375,1.914124608039856,74.3885861484211,0.0,0.25135135135135134,-41.30595016479492,-0.008651098236441612,-0.001376864966005087,10.240655392408371
3500.0,370,7,26.232507705688477,-84.5144360412273,-63.19251505592801,5.5546875,8.717681884765625,36.282516689362566,0.0,0.20540540540540542,43.46623229980469,0.009103547781705856,0.0014488744782283902,9.731692261993885
3500.0,370,8,23.215654373168945,-82.3998405285222,-65.66157337612654,2.5703125,7.718937397003174,66.70121329137989,0.0,0.20540540540540542,32.98862838745117,0.0069091226905584335,0.001099620945751667,12.82260101288557
3500.0,371,0,1.8592876195907593,-103.067557905148,-76.0473430758754,0.490234375,1.3416244983673096,63.4596434697942,0.0,0.2279635258358662,-10.47740650177002,-0.0021943829488009214,-0.00034924689680337906,40.372587740421295
3500.0,371,1,6.610428810119629,-89.96718386590044,-72.24034238730425,0.0,2.4807491302490234,100.0,1.0,0.12213740458015265,-11.616456985473633,-0.0024329451844096184,-0.00038721523014828563,36.413855850696564
3500.0,371,2,2.538459539413452,-97.19743007550257,-67.87833151230858,0.740234375,1.48238205909729,50.064534951888696,0.0,0.1594594594594595,-23.902530670166016,-0.005006134510040283,-0.0007967510027810931,17.696870490908623
3500.0,371,3,16.9489803314209,-88.90464502844844,-58.4088025194177,4.5234375,5.659164905548096,20.068816238852815,0.0,0.10242587601078168,-22.34276580810547,-0.00467945821583271,-0.0007447588723152876,18.93230341374874
3500.0,371,4,2.3216238021850586,-95.6705813159202,-66.79043389772909,0.490234375,1.436545968055725,65.87409063815052,0.0,0.46327683615819204,48.4713134765625,0.010151809081435204,0.0016157104400917888,8.726811036467552
3500.0,371,5,0.7054645419120789,-102.24614694705005,-67.9327374375154,0.490234375,1.121928334236145,56.30430571719434,0.0,0.7716049382716049,57.22746276855469,0.01198569219559431,0.0019075821619480848,7.391556166112423
3500.0,371,6,-9.28974437713623,-114.07099040313739,-66.47106310903638,0.0,0.16062013804912567,100.0,1.0,0.25336927223719674,-46.095394134521484,-0.009654196910560131,-0.0015365132130682468,9.17662214487791
3500.0,371,7,21.719484329223633,-84.50589648415934,-63.10187342657776,5.5546875,7.224733829498291,23.115679676385593,0.0,0.20485175202156336,42.62797927856445,0.008927983231842518,0.001420932705514133,9.923060424625874
3500.0,371,8,22.832170486450195,-82.35474725967563,-65.61167904501485,4.212890625,7.592178821563721,44.51012385226862,0.0,0.20485175202156336,33.81949996948242,0.007083139847964048,0.001127316732890904,12.507577426731586
3500.0,372,0,1.8931348323822021,-103.08399111449766,-76.05208849280564,0.490234375,1.3484421968460083,63.64439082767856,0.0,0.2272727272727273,-10.623842239379883,-0.0022250523325055838,-0.0003541280748322606,39.816103875637054
3500.0,372,1,5.952118396759033,-89.99631566487089,-72.25074372211861,0.740234375,2.303757905960083,67.86839567278619,0.0,0.12167300380228141,-11.89614486694336,-0.0024915230460464954,-0.00039653817657381296,35.557739436626434
3500.0,372,2,3.8004403114318848,-97.21462278211175,-67.91653314690888,0.490234375,1.7651426792144775,72.22692642511122,0.0,0.15902964959568733,-23.14603614807129,-0.004847694654017687,-0.0007715345709584653,18.275268375873566
3500.0,372,3,17.018447875976562,-88.95138182370212,-58.541897275234945,4.5234375,5.681788921356201,20.387090006147414,0.0,0.10215053763440862,-21.056995391845703,-0.004410166759043932,-0.0007018998730927706,20.08833736181259
3500.0,372,4,0.441344290971756,-95.58010350137089,-66.72146862852986,0.490234375,1.075167179107666,54.403893224598846,0.0,0.46197183098591554,48.00975799560547,0.010055141523480415,0.0016003253404051065,8.810709230601788
3500.0,372,5,2.28938889503479,-102.22034326720889,-67.8681612711431,0.490234375,1.4298030138015747,65.71315277224379,0.0,0.7668711656441718,57.231231689453125,0.01198648102581501,0.001907707774080336,7.391069550067186
3500.0,372,6,-9.516742706298828,-114.139224405497,-66.52725903660317,0.0,0.15285849571228027,100.0,1.0,0.2553763440860215,-46.30009460449219,-0.00969706941395998,-0.0015433365479111671,9.136050939559937
3500.0,372,7,25.610666275024414,-84.49985377576034,-63.01098943912121,5.33203125,8.511637687683105,37.35598899239101,0.0,0.20430107526881724,42.61558532714844,0.008925387635827065,0.0014205195475369692,9.925946593284607
3500.0,372,8,20.923702239990234,-82.30855467373041,-65.5621337089081,4.212890625,6.962319374084473,39.49012680053931,0.0,0.20430107526881724,31.02071762084961,0.006496964022517204,0.0010340239387005568,13.636048883199692
3500.0,373,0,1.8260153532028198,-103.10068240843992,-76.05689573489813,0.490234375,1.3349429368972778,63.27675427539845,0.0,0.22658610271903323,-10.768310546875,-0.0022553098388016224,-0.00035894368193112314,39.281927049160004
3500.0,373,1,7.680191516876221,-90.16893179068418,-72.2612959626787,0.6015625,2.7785537242889404,78.34979778359528,0.0,0.12121212121212122,-12.097248077392578,-0.002533641643822193,-0.0004032416036352515,34.96662899851799
3500.0,373,2,6.071088790893555,-95.41807571797736,-67.95490213361562,0.6015625,2.3353612422943115,74.24113712664806,0.0,0.15860215053763438,-21.72246551513672,-0.004549542907625437,-0.000724082172382623,19.47292871773243
3500.0,373,3,15.838706970214844,-91.21223394127435,-58.676386394511724,4.5234375,5.298632621765137,14.630097557261779,0.0,0.10187667560321712,-32.562049865722656,-0.006819779984652996,-0.0010854016290977597,12.99058273434639
3500.0,373,4,2.275132656097412,-95.76630544728619,-66.65201687484682,0.490234375,1.42682683467865,65.64163477410273,0.0,0.4606741573033708,45.0179443359375,0.009428536519408226,0.0015005981549620628,9.396253153681755
3500.0,373,5,2.9110119342803955,-102.19475755639556,-67.80306090335836,0.490234375,1.5630578994750977,68.63619862292822,0.0,0.7621951219512195,57.185462951660156,0.011976895853877068,0.0019061821512877941,7.396984845399857
3500.0,373,6,-9.447408676147461,-114.2081024362474,-66.58342131254821,0.0,0.15519070625305176,100.0,1.0,0.25737265415549593,-46.495059967041016,-0.009737903252243996,-0.001549835316836834,9.097740985453129
3500.0,373,7,15.954617500305176,-93.02180123396867,-62.919894711876594,0.0,5.336171627044678,100.0,1.0,0.20643431635388743,42.662654876708984,0.00893524568527937,0.0014220884768292308,9.914995171129704
3500.0,373,8,27.628198623657227,-82.2610384272414,-65.51295811329618,3.609375,9.180377960205078,60.68380827406183,0.0,0.20375335120643434,31.88510513305664,0.006678001023828983,0.001062836847268045,13.266382738947868
3500.0,374,0,2.1573569774627686,-103.11752835133777,-76.06176508263046,0.490234375,1.402379035949707,65.04266233072946,0.0,0.22590361445783136,-10.917540550231934,-0.002286564325913787,-0.0003639180213212967,38.74498978257179
3500.0,374,1,2.8560502529144287,-90.19914883205635,-72.27199911552637,0.876953125,1.551005244255066,43.45904836568152,0.0,0.12075471698113205,-12.105398178100586,-0.0025353487581014633,-0.00040351328789256513,34.94308888912201
3500.0,374,2,9.112589836120605,-95.4429060942588,-67.99343403398402,1.02734375,3.1940717697143555,67.83592154249324,0.0,0.1581769436997319,-23.173952102661133,-0.0048535410314798355,-0.000772465078625828,18.253253772854805
3500.0,374,3,15.273553848266602,-91.92125939732746,-58.8120171444729,4.212890625,5.115978240966797,17.652295874427626,0.0,0.10160427807486627,-35.00730514526367,-0.007331913337111473,-0.0011669101659208536,12.083192355930805
3500.0,374,4,5.7723307609558105,-95.4782089361356,-66.5820769088491,0.490234375,2.256330966949463,78.27294035401233,0.0,0.4593837535014006,44.57285690307617,0.009335317648947239,0.0014857619535177946,9.49008110910654
3500.0,374,5,4.437073230743408,-102.16950249420051,-67.73742939449707,0.490234375,1.9175617694854736,74.43449369917604,0.0,0.7575757575757576,57.13841247558594,0.011967041529715061,0.0019046138040721416,7.403076160699129
3500.0,374,6,-9.471271514892578,-114.27754002785571,-66.63954579183837,0.0,0.15438424050807953,100.0,1.0,0.2593582887700535,-46.70245361328125,-0.009781339205801487,-0.0015567485243082047,9.05734021216631
3500.0,374,7,11.638263702392578,-93.08304582771954,-62.82863398412961,0.0,3.9618372917175293,100.0,1.0,0.20855614973262027,42.030967712402344,0.008802944794297218,0.0014010323211550713,10.06400864571333
3500.0,374,8,21.298376083374023,-82.212262145809,-65.46417881630401,5.5546875,7.085826873779297,21.608478460646452,0.0,0.20320855614973266,33.065757751464844,0.006925276480615139,0.0011021919781342149,12.79269065707922
3500.0,375,0,2.016711473464966,-103.13452613765827,-76.06669640523535,0.490234375,1.3735108375549316,64.30793543116883,0.0,0.22522522522522526,-11.072254180908203,-0.0023189675994217396,-0.00036907513276673853,38.20360451936722
3500.0,375,1,3.6137349605560303,-90.22949339678215,-72.28285213862304,0.490234375,1.721645712852478,71.52524637674938,0.0,0.12030075187969924,-12.358994483947754,-0.0025884618517011404,-0.00041196649544872344,34.22608599066734
3500.0,375,2,10.641857147216797,-95.46809086629467,-68.03212125820986,1.4765625,3.6545190811157227,59.596256929401335,0.0,0.15775401069518713,-24.558895111083984,-0.0051436033099889755,-0.0008186298655346036,17.22390204668045
3500.0,375,3,14.11950397491455,-91.79498810104961,-58.94852873379658,3.90234375,4.745218753814697,17.762616383851793,0.0,0.10133333333333339,-38.885536193847656,-0.008144168183207512,-0.0012961846077814698,10.878080502152443
3500.0,375,4,3.1918060779571533,-95.64081263988635,-66.51164528292301,0.490234375,1.6254379749298096,69.8398596217632,0.0,0.45810055865921784,46.52190399169922,0.00974352564662695,0.0015507302014157176,9.092491120100021
3500.0,375,5,2.5096280574798584,-102.14449798539952,-67.67125854732048,0.490234375,1.476239562034607,66.79167882993589,0.0,0.7530120481927711,57.130950927734375,0.011965478770434856,0.0019043650245293975,7.40404287353158
3500.0,375,6,-9.261582374572754,-114.34760735347015,-66.69562394396453,0.0,0.16160865128040314,100.0,1.0,0.2613333333333333,-46.92645263671875,-0.009828253649175167,-0.0015642150538042188,9.014105424284935
3500.0,375,7,7.24218225479126,-93.08073586490801,-62.73724855228429,1.9140625,2.6551907062530518,27.912428455992753,0.0,0.20799999999999996,41.53814697265625,0.008699729107320309,0.0013846049550920725,10.183410719037056
3500.0,375,8,29.511781692504883,-82.16212290047076,-65.4158195761321,3.90234375,9.805215835571289,60.20134777815797,0.0,0.20266666666666666,29.580707550048828,0.006195369176566601,0.000986023573204875,14.299861155450344
3500.0,376,0,2.0738770961761475,-103.15156104049353,-76.07168901286265,0.490234375,1.3852014541625977,64.6091639936688,0.0,0.22455089820359286,-11.208236694335938,-0.0023474476765841246,-0.00037360787973739207,37.74010390043259
3500.0,376,1,15.831549644470215,-92.3562525530808,-72.29385257992175,0.490234375,5.296315670013428,90.7438603447374,0.0,0.11985018726591756,-13.056410789489746,-0.002734528388828039,-0.0004352137038949877,32.39787742495537
3500.0,376,2,6.593326568603516,-97.10524589784882,-68.0709520594281,1.9140625,2.4760870933532715,22.69809470199785,0.0,0.15733333333333333,-28.733442306518555,-0.006017918232828379,-0.0009577814489603043,14.721522107720375
3500.0,376,3,14.58882999420166,-91.99598061813674,-59.085647077407096,3.90234375,4.895604610443115,20.288829255621042,0.0,0.10106382978723405,-40.4581298828125,-0.00847353134304285,-0.0013486043317243457,10.455253534018993
3500.0,376,4,3.787660837173462,-93.32255756265397,-66.44071609294909,0.490234375,1.7621476650238037,72.17972223721799,0.0,0.4568245125348189,47.502315521240234,0.00994886178523302,0.0015834105433896184,8.904829621315002
3500.0,376,5,3.6260128021240234,-102.11954149561679,-67.60453850747217,0.490234375,1.7244889736175537,71.57219428480259,0.0,0.7485029940119761,57.18952178955078,0.011977746151387691,0.001906317425891757,7.396460045129061
3500.0,376,6,-30.0,-220.0,-66.75164152593379,0.0,0.0014419741928577423,100.0,,0.2613333333333333,0.0,0.0,0.0,1000000000000.0
3500.0,376,7,11.72182846069336,-93.07995224254165,-62.64577322528291,1.17578125,3.9878318309783936,70.51577649623384,0.0,0.20744680851063835,41.27873992919922,0.008645398542284966,0.0013759579742327332,10.247405618429184
3500.0,376,8,25.942384719848633,-82.11027240712599,-65.36789994414099,5.5546875,8.621541976928711,35.57199495328827,0.0,0.2021276595744681,30.339641571044922,0.006354319863021374,0.0010113214375451207,13.942155987024307
3500.0,377,0,2.04343843460083,-103.16881588090823,-76.07674319943408,0.490234375,1.3789693117141724,64.44921791692389,0.0,0.22388059701492535,-11.357155799865723,-0.0023786372039467096,-0.000378571858163923,37.245240062475204
3500.0,377,1,6.231257915496826,-99.65550400144824,-72.305000459795,0.0,2.3781802654266357,100.0,1.0,0.12313432835820892,-12.691603660583496,-0.0026581233832985163,-0.00042305345414206386,33.32912176847458
3500.0,377,2,6.429823875427246,-96.92352181326692,-68.10992256442799,1.17578125,2.4316866397857666,51.64750133662012,0.0,0.15691489361702127,-31.635986328125,-0.006625826004892588,-0.0010545329423621297,13.370849192142487
3500.0,377,3,15.835745811462402,-91.10541557471267,-59.22318448901736,3.90234375,5.297674179077148,26.338547481608508,0.0,0.10079575596816981,-40.857505798339844,-0.00855717621743679,-0.001361916889436543,10.353054851293564
3500.0,377,4,4.630293846130371,-94.73571688790815,-66.36928809793565,0.490234375,1.9650341272354126,75.05211903420191,0.0,0.4555555555555556,35.9342041015625,0.0075260428711771965,0.0011978067923337221,11.771515011787415
3500.0,377,5,2.4942471981048584,-102.0949079858452,-67.53726187221616,0.490234375,1.4729688167572021,66.71793934651855,0.0,0.7440476190476191,57.115203857421875,0.011962180957198143,0.0019038401078432798,7.406084332615137
3500.0,377,6,-9.40010929107666,-114.48909598248076,-66.80759561380961,0.0,0.1568010449409485,100.0,1.0,0.26329787234042556,-47.27727508544922,-0.00990172941237688,-0.001575909205712378,8.947215974330902
3500.0,377,7,4.126427173614502,-93.08172909025544,-62.554263099312536,0.0,1.8424094915390015,100.0,1.0,0.20954907161803715,40.48780822753906,0.008479746989905834,0.001349593629129231,10.447589680552483
3500.0,377,8,28.45094871520996,-82.05672150299735,-65.32044846184286,5.33203125,9.45326042175293,43.59584934600505,0.0,0.2015915119363395,31.34375,0.006564619950950146,0.0010447916574776173,13.495514169335365
3500.0,378,0,1.9770022630691528,-103.18611160154714,-76.08185825178495,0.490234375,1.3654252290725708,64.09657851913437,0.0,0.2232142857142857,-11.50835132598877,-0.002410303568467498,-0.0003836117102764547,36.755915731191635
3500.0,378,1,4.774770259857178,-98.563645490769,-72.31629326464733,0.6015625,2.0008864402770996,69.93520032467757,0.0,0.12267657992565051,-13.339462280273438,-0.002793810795992613,-0.0004446487582754344,31.710423529148102
3500.0,378,2,5.0237956047058105,-96.57129940472159,-68.1490212911127,1.02734375,2.063382625579834,50.210700755934454,0.0,0.156498673740053,-28.45620346069336,-0.005959853529930115,-0.0009485401096753776,14.864948578178883
3500.0,378,3,14.998727798461914,-91.06795904302905,-59.36090984912636,4.5234375,5.027398586273193,10.024291442679889,0.0,0.10052910052910058,-41.90452575683594,-0.008776463568210602,-0.001396817504428327,10.094375349581242
3500.0,378,4,0.8464555740356445,-94.87613080395661,-66.29735550296502,0.490234375,1.1474330425262451,57.27555710608823,0.0,0.45429362880886426,38.645198822021484,0.008093832060694695,0.0012881732545793056,10.945732705295086
3500.0,378,5,-2.2773334980010986,-101.72975393082409,-67.46941834601216,0.490234375,0.6707723736763,26.914942499320006,0.0,0.7396449704142012,57.32112121582031,0.012005308642983437,0.0019107040716335177,7.379478774964809
3500.0,378,6,-9.49428939819336,-114.56076462378547,-66.86347268506984,0.0,0.15361008048057556,100.0,1.0,0.26525198938992045,-47.478248596191406,-0.009943821467459202,-0.001582608325406909,8.909342810511589
3500.0,378,7,6.973076820373535,-93.08602585507245,-62.46275910421445,0.490234375,2.580362319946289,81.00133569574817,0.0,0.20899470899470896,40.07646942138672,0.008393596857786179,0.0013358823489397764,10.554822161793709
3500.0,378,8,30.0,-82.00111184784099,-65.2734855310204,5.5546875,9.967226028442383,44.270477220550674,0.0,0.20105820105820105,28.43020248413086,0.005954408086836338,0.0009476733976043761,14.87854402512312
3500.0,379,0,1.9571280479431152,-103.20359708795579,-76.08703429900555,0.490234375,1.36138916015625,63.99013674064111,0.0,0.2225519287833828,-11.646403312683105,-0.0024392171762883663,-0.00038821346242912114,36.32022812962532
3500.0,379,1,5.520076274871826,-99.27725079808798,-72.32773059271112,0.490234375,2.1904799938201904,77.61977391334068,0.0,0.12222222222222223,-13.314004898071289,-0.0027884787414222956,-0.0004438001778908074,31.771056354045868
3500.0,379,2,3.4872167110443115,-99.00463037885841,-68.1882434340906,0.876953125,1.6924902200698853,48.18563117228592,0.0,0.15608465608465605,-25.50492286682129,-0.00534173846244812,-0.0008501640986651182,16.585033386945724
3500.0,379,3,13.04981803894043,-92.88222157369445,-59.498663859337476,0.0,4.404822826385498,100.0,1.0,0.1029023746701847,-40.41272735595703,-0.008464022539556026,-0.0013470909325405955,10.466999374330044
3500.0,379,4,3.6279773712158203,-94.64188926004994,-66.22491668132952,0.490234375,1.724943995475769,71.5796932372413,0.0,0.4530386740331491,46.468868255615234,0.00973241776227951,0.0015489623183384538,9.102868847548962
3500.0,379,5,-0.8586978316307068,-101.60210318897481,-67.400999770413,0.490234375,0.8644120693206787,43.286958569971866,0.0,0.7352941176470589,57.44700241088867,0.012031672522425652,0.0019149001454934478,7.363308686763048
3500.0,379,6,-9.52933406829834,-114.63259202092374,-66.91926875122599,0.0,0.15243856608867645,100.0,1.0,0.2671957671957672,-47.63161849975586,-0.00997594278305769,-0.001587720587849617,8.880656212568283
3500.0,379,7,15.96760082244873,-87.06737477516984,-62.37132095521063,0.876953125,5.3403778076171875,83.57881864183527,0.0,0.20844327176781008,39.142391204833984,0.008197963237762451,0.0013047463726252317,10.806698352098465
3500.0,379,8,24.380817413330078,-81.94336636195905,-65.22703946857263,5.5546875,8.104384422302246,31.460710517208447,0.0,0.20052770448548818,29.306766510009766,0.006137995049357414,0.0009768921881914139,14.433527365326881
3500.0,380,0,-1.5731862783432007,-106.41548713708244,-76.0922702656721,0.490234375,0.7622345089912415,35.68457355088957,0.0,0.22189349112426038,-11.782490730285645,-0.0024677191395312548,-0.0003927497018594295,35.90073063969612
3500.0,380,1,4.0528788566589355,-98.84853112115002,-72.33930901296311,0.6015625,1.8248320817947388,67.03463809073557,0.0,0.12177121771217714,-13.547886848449707,-0.002837462816387415,-0.00045159622095525265,31.22258186340332
3500.0,380,2,16.89632225036621,-89.83936984534358,-68.22757527622002,0.6015625,5.6420207023620605,89.33781827939495,0.0,0.15567282321899734,-26.172054290771484,-0.005481462925672531,-0.0008724018116481602,16.16227813065052
3500.0,380,3,14.85445785522461,-92.95290377041343,-59.636234379574894,3.322265625,4.980966091156006,33.30077811814709,0.0,0.10263157894736841,-42.267005920410156,-0.008852381259202957,-0.0014089002506807446,10.007806122303009
3500.0,380,4,2.843881368637085,-94.93899691091377,-66.15196333554697,0.490234375,1.5483434200286865,68.33813683330554,0.0,0.45179063360881544,41.33987045288086,0.008658202365040779,0.001377995708025992,10.23225300014019
3500.0,380,5,-6.603265762329102,-101.57800045043987,-67.33199361222319,0.0,0.28523850440979004,100.0,1.0,0.736842105263158,57.56925964355469,0.012057277373969555,0.0019189753802493215,7.347671315073967
3500.0,380,6,-12.988512992858887,-112.54591602040858,-66.97496752726225,0.0,0.07073479890823364,100.0,1.0,0.2691292875989446,-46.801170349121094,-0.009802013635635376,-0.001560039003379643,9.038235992193222
3500.0,380,7,15.48848819732666,-86.99039134264498,-62.27998777844097,2.73046875,5.185367584228516,47.34281214113306,0.0,0.20789473684210524,38.69648742675781,0.00810457393527031,0.001289882929995656,10.931224562227726
3500.0,380,8,30.0,-81.88289973341347,-65.18112746653861,4.81640625,9.967226028442383,51.67756569123698,0.0,0.19999999999999996,26.848838806152344,0.00562320789322257,0.0008949612965807319,15.75487107038498
3500.0,381,0,-1.4470356702804565,-106.38306060989144,-76.0975665320829,0.490234375,0.7795810699462891,37.11566456664016,0.0,0.22123893805309736,-11.927372932434082,-0.0024980632588267326,-0.0003975791041739285,35.46464070677757
3500.0,381,1,-5.161586284637451,-110.12297289277615,-72.35102875815682,0.0,0.3836939334869385,100.0,1.0,0.125,-16.47182846069336,-0.00344985187985003,-0.0005490609328262508,25.680210441350937
3500.0,381,2,13.757820129394531,-89.3169488877165,-68.26701430326037,3.609375,4.629734039306641,22.039258208867906,0.0,0.15526315789473688,-26.990781784057617,-0.005652936175465584,-0.000899692764505744,15.672016888856888
3500.0,381,3,14.059809684753418,-91.68357937138015,-59.773513068265174,3.90234375,4.726133346557617,17.430519542103962,0.0,0.10236220472440949,-46.37529754638672,-0.009712819941341877,-0.0015458433190360665,9.121235460042953
3500.0,381,4,4.883275985717773,-94.79803089455841,-66.07849601712164,0.490234375,2.0280096530914307,75.82682240921767,0.0,0.4505494505494505,34.798770904541016,0.007288238033652306,0.0011599590070545673,12.155601754784584
3500.0,381,5,-3.5756819248199463,-101.65791898616197,-67.26239254033447,0.490234375,0.5250334143638611,6.627966603996849,0.0,0.7325581395348837,57.635520935058594,0.0120711550116539,0.001921184011735022,7.339224219322205
3500.0,381,6,-6.802290439605713,-111.61918903932752,-67.03056846119924,0.0,0.2735987603664398,100.0,1.0,0.2710526315789473,-42.30842590332031,-0.008861057460308075,-0.001410280936397612,9.998008608818054
3500.0,381,7,13.128898620605469,-86.52885818046718,-62.1888329227635,2.73046875,4.429862976074219,38.36223005661083,0.0,0.20734908136482944,34.29846954345703,0.007183454465121031,0.0011432822793722153,12.332911603152752
3500.0,381,8,26.593603134155273,-81.84268529300238,-65.1357816840692,5.5546875,8.837360382080078,37.14540021177031,0.0,0.19947506561679795,26.894975662231445,0.005632870830595493,0.0008964992011897266,15.727844089269638
3500.0,382,0,-1.4475206136703491,-106.3518708376993,-76.10292326739108,0.490234375,0.779513955116272,37.11025033196784,0.0,0.22058823529411764,-12.07701587677002,-0.0025294043589383364,-0.0004025672096759081,35.025209188461304
3500.0,382,1,-5.112353801727295,-110.07128165745513,-72.36288951259363,0.0,0.3875298798084259,100.0,1.0,0.1282051282051282,-16.70591926574707,-0.0034988794941455126,-0.0005568639608100057,25.320367887616158
3500.0,382,2,16.916391372680664,-89.35804099243987,-68.30655647671998,2.73046875,5.64855432510376,51.660750824949474,0.0,0.1548556430446194,-26.026500701904297,-0.005450977943837643,-0.00086755002848804,16.2526648491621
3500.0,382,3,13.24708366394043,-91.99700277570578,-59.91039046644264,3.609375,4.467325210571289,19.20500904078064,0.0,0.10209424083769636,-48.925086975097656,-0.010246846824884415,-0.0016308362828567624,8.64587165415287
3500.0,382,4,5.470843315124512,-94.56328281954825,-66.00451389645332,0.490234375,2.1777243614196777,77.48868572694792,0.0,0.4493150684931507,48.98554992675781,0.010259509086608887,0.0016328516649082303,8.635199628770351
3500.0,382,5,-4.098304748535156,-101.63431407544336,-67.19218790569735,0.0,0.4742512106895447,100.0,1.0,0.7341040462427746,57.44965362548828,0.012032227590680122,0.0019149885047227144,7.3629687540233135
3500.0,382,6,-5.159580230712891,-112.65172347981513,-67.08606891044454,0.0,0.3838496208190918,100.0,1.0,0.27296587926509186,-45.70941162109375,-0.009573357179760933,-0.0015236471081152558,9.254111908376217
3500.0,382,7,12.344279289245605,-86.4818686005211,-62.09792939437484,2.16015625,4.182412147521973,48.35142559348519,0.0,0.2068062827225131,38.04164505004883,0.007967423647642136,0.001268054824322462,11.119392700493336
3500.0,382,8,27.417253494262695,-81.77654752899102,-65.09103239579346,5.5546875,9.110426902770996,39.02933902789445,0.0,0.19895287958115182,27.400121688842773,0.005738668143749237,0.0009133373969234526,15.437887981534004
3500.0,383,0,-0.968750536441803,-104.56251279519405,-76.10833983870454,0.490234375,0.8480485677719116,42.192653389180435,0.0,0.21994134897360706,-12.033655166625977,-0.002520322799682617,-0.0004011218552477658,35.151414573192596
3500.0,383,1,-5.067481517791748,-110.02174472745426,-72.3748889538434,0.0,0.3910551369190216,100.0,1.0,0.13138686131386856,-16.929553985595703,-0.003545717801898718,-0.0005643184995278716,24.985892698168755
3500.0,383,2,14.519830703735352,-89.54385258864411,-68.34619199699932,3.90234375,4.873459815979004,19.92662508050087,0.0,0.15445026178010468,-26.29191017150879,-0.005506564863026142,-0.0008763970108702779,16.08859933912754
3500.0,383,3,13.853529930114746,-91.93520579727148,-60.04672803645527,3.322265625,4.660257339477539,28.71068305913641,0.0,0.10182767624020883,-42.96025848388672,-0.00899757631123066,-0.0014320085756480694,9.846309199929237
3500.0,383,4,3.199291467666626,-94.51949630995175,-65.9300118110181,0.490234375,1.6271190643310547,69.87102015170927,0.0,0.4480874316939891,43.257606506347656,0.009059851989150047,0.0014419201761484146,9.778627194464207
3500.0,383,5,-3.791593313217163,-101.61097323268258,-67.12136811870181,0.0,0.5035290122032166,100.0,1.0,0.735632183908046,57.03717803955078,0.01194583810865879,0.0019012392731383443,7.416215725243092
3500.0,383,6,-3.281343460083008,-107.50239765690824,-67.14145837061486,0.0,0.555569589138031,100.0,1.0,0.274869109947644,-43.9980354309082,-0.00921492651104927,-0.0014666011556982994,9.61406622081995
3500.0,383,7,14.227665901184082,-86.48807041614404,-62.00733776809778,2.16015625,4.779825687408447,54.80679858910911,0.0,0.20626631853785904,38.459632873535156,0.008054966107010841,0.0012819877592846751,10.998545214533806
3500.0,383,8,28.43359375,-81.7071699620409,-65.04690254544258,5.5546875,9.447503089904785,41.20470300840111,0.0,0.19843342036553524,25.685211181640625,0.00537949800491333,0.0008561736904084682,16.468621790409088
3500.0,384,0,0.43042537569999695,-104.54916176272053,-76.1138153806975,0.490234375,1.0732628107070923,54.32298873031654,0.0,0.2192982456140351,-12.076162338256836,-0.00252922554500401,-0.0004025387461297214,35.02768650650978
3500.0,384,1,-5.042923927307129,-109.97460138902488,-72.38702419024028,0.0,0.392996221780777,100.0,1.0,0.13454545454545452,-17.149051666259766,-0.0035916892811656,-0.0005716350860893726,24.666087701916695
3500.0,384,2,11.99603271484375,-89.58373437691422,-68.38590967143983,3.029296875,4.07334566116333,25.631234690383586,0.0,0.15404699738903394,-27.224021911621094,-0.005701785907149315,-0.0009074673871509731,15.537749044597149
3500.0,384,3,14.096541404724121,-92.29067031545725,-60.18239224812943,3.609375,4.737875461578369,23.818702511914957,0.0,0.1015625,-51.52220916748047,-0.010790785774588585,-0.0017174070235341787,8.21005180478096
3500.0,384,4,4.988995552062988,-94.65438409156461,-65.85498348013886,0.490234375,2.0545969009399414,76.13963231543246,0.0,0.446866485013624,43.99293899536133,0.009213859215378761,0.001466431305743754,9.615179151296616
3500.0,384,5,0.6081383228302002,-101.58770795868992,-67.04992062431467,0.490234375,1.104542851448059,55.61653634738559,0.0,0.7314285714285714,57.057716369628906,0.011950140818953514,0.0019019239116460085,7.413546089082956
3500.0,384,6,1.5662212371826172,-104.82859514301492,-67.19672459004242,0.490234375,1.283471941947937,61.8040442507869,0.0,0.27415143603133163,-45.045719146728516,-0.009434353560209274,-0.0015015240060165524,9.390459395945072
3500.0,384,7,17.3863582611084,-85.80139789148586,-61.91711748544794,2.5703125,5.80172061920166,55.69740998052944,0.0,0.20572916666666663,36.71971893310547,0.007690560072660446,0.0012239906936883926,11.519696563482285
3500.0,384,8,18.807777404785156,-81.63403167092525,-65.00341318101033,5.5546875,6.266668796539307,11.361399806744055,0.0,0.19791666666666663,28.106338500976562,0.0058865780010819435,0.0009368779719807208,15.04998654127121
3500.0,385,0,1.8200066089630127,-100.96377830182284,-76.11935062100918,0.490234375,1.3337385654449463,63.24359303230811,0.0,0.21865889212827994,-11.871386528015137,-0.0024863374419510365,-0.00039571287925355136,35.63189506530762
3500.0,385,1,-0.48601651191711426,-104.31233785952355,-72.39929629534981,0.490234375,0.9215316772460938,46.80222209343721,0.0,0.1340579710144928,-9.846442222595215,-0.0020622340962290764,-0.00032821475178934634,42.959678918123245
3500.0,385,2,12.07282829284668,-89.47909976095718,-68.42571005079692,2.5703125,4.097353458404541,37.268958460790245,0.0,0.15364583333333337,-26.928451538085938,-0.005639881826937199,-0.0008976150420494378,15.70829376578331
3500.0,385,3,3.941033124923706,-95.88177612088428,-60.31734150089726,0.0,1.7982629537582397,100.0,1.0,0.10389610389610393,-60.28052520751953,-0.012625124305486679,-0.0020093508064746857,7.017191965132952
3500.0,385,4,3.5560221672058105,-94.59429583030732,-65.77943230610005,0.490234375,1.7083138227462769,71.3030259152325,0.0,0.44565217391304346,49.906227111816406,0.010452335700392723,0.001663540955632925,8.4758959710598
3500.0,385,5,-5.4648590087890625,-101.56465475161926,-66.97783826247783,0.0,0.36078906059265137,100.0,1.0,0.7329545454545454,57.05270004272461,0.011949090287089348,0.001901756739243865,7.414198014885187
3500.0,385,6,-2.1755123138427734,-107.01268775977233,-67.25187146231585,0.490234375,0.6834419965744019,28.26979063955848,0.0,0.2734375,-46.96364212036133,-0.009836042299866676,-0.0015654547605663538,9.006967768073082
3500.0,385,7,17.69310188293457,-85.43831484905078,-61.82736778059177,3.322265625,5.901854038238525,43.708102513637094,0.0,0.20519480519480515,30.99881362915039,0.0064923763275146484,0.0010332937818020582,13.645683415234089
3500.0,385,8,25.898605346679688,-81.55721298535198,-64.96060164833249,3.322265625,8.607035636901855,61.4005824402992,0.0,0.19740259740259736,24.40984344482422,0.005112385842949152,0.0008136614342220128,17.329074442386627
3500.0,386,0,3.7239041328430176,-101.63872937617995,-76.12494472868576,0.490234375,1.7472443580627441,71.9424262131516,0.0,0.21802325581395354,-12.274832725524902,-0.002570834942162037,-0.0004091610899195075,34.46075692772865
3500.0,386,1,-4.671087741851807,-109.88658627561227,-72.41170245989369,0.0,0.4234248101711273,100.0,1.0,0.13718411552346566,-17.593740463256836,-0.0036848243325948715,-0.0005864580161869526,24.0426417440176
3500.0,386,2,10.989998817443848,-89.51879560866517,-68.4655825604708,2.5703125,3.761317014694214,31.66456084508048,0.0,0.1532467532467533,-27.805519104003906,-0.005823574494570494,-0.0009268506546504796,15.212807804346085
3500.0,386,3,2.1982109546661377,-95.91377818276752,-60.451467199474955,1.02734375,1.410831332206726,27.18167462349316,0.0,0.10362694300518138,-61.89257049560547,-0.012962749227881432,-0.0020630857907235622,6.834423169493675
3500.0,386,4,7.055157661437988,-94.1792565676044,-65.70335252880527,0.490234375,2.6031055450439453,81.16732623718013,0.0,0.4444444444444444,46.599300384521484,0.009759735316038132,0.0015533100813627243,9.077389724552631
3500.0,386,5,0.24668137729167938,-101.88082306200583,-66.90510796177142,0.490234375,1.0415546894073486,52.93244032351805,0.0,0.728813559322034,56.958526611328125,0.011929365806281567,0.0018986176000908017,7.426456082612276
3500.0,386,6,-4.521669387817383,-107.04976515267046,-67.30688773840137,0.490234375,0.4362124502658844,0.0,0.0,0.2727272727272727,-39.97764587402344,-0.008372899144887924,-0.0013325882609933615,10.580913163721561
3500.0,386,7,15.537361145019531,-85.75325366161827,-61.738157721146564,3.609375,5.201159477233887,30.604415884598858,0.0,0.2046632124352331,27.069591522216797,0.005669442005455494,0.0009023197344504297,15.626391395926476
3500.0,386,8,24.62380599975586,-81.48017835756035,-64.91848990881738,5.5546875,8.184818267822266,32.134259818111566,0.0,0.1968911917098446,24.703125,0.005173810757696629,0.0008234375272877514,17.12333969771862
3500.0,387,0,-1.5118534564971924,-106.21442973907114,-76.13059775198646,0.490234375,0.7706313729286194,36.38535982035492,0.0,0.21739130434782605,-12.792427062988281,-0.0026792397256940603,-0.00042641424806788564,33.066440373659134
3500.0,387,1,-1.6261333227157593,-106.55701503194112,-72.42424205960322,0.490234375,0.755041778087616,35.07188751307579,0.0,0.13669064748201443,-17.68788719177246,-0.003704542526975274,-0.0005895962240174413,23.914670571684837
3500.0,387,2,12.866135597229004,-89.4965601895193,-68.50552313436998,2.40625,4.346743583679199,44.64246731657251,0.0,0.15284974093264247,-25.22219467163086,-0.005282524041831493,-0.0008407398127019405,16.770943999290466
3500.0,387,3,3.3530466556549072,-95.63637836709198,-60.584713640819466,0.740234375,1.6618573665618896,55.4574062796121,0.0,0.10335917312661502,-51.00563049316406,-0.010682594031095505,-0.0017001876840367913,8.29320214688778
3500.0,387,4,7.08953857421875,-94.00924969170399,-65.62674394108626,0.490234375,2.6126530170440674,81.23614686673369,0.0,0.44324324324324327,45.7100830078125,0.0095734978094697,0.0015236694598570466,9.253975935280323
3500.0,387,5,0.23452657461166382,-101.8581130716205,-66.83171952665299,0.490234375,1.0394798517227173,52.83849184882799,0.0,0.7247191011235955,57.08097839355469,0.011955011636018753,0.0019026993541046977,7.410524878650904
3500.0,387,6,-0.4946455955505371,-107.08684581202043,-67.36177110639514,0.490234375,0.9201792478561401,46.724034894053304,0.0,0.272020725388601,-46.00322723388672,-0.009634893387556076,-0.0015334408963099122,9.195007383823395
3500.0,387,7,18.61020851135254,-85.51464582091158,-61.6495809674865,3.029296875,6.201910495758057,51.15542417014951,0.0,0.2041343669250646,28.944168090820312,0.006062052678316832,0.000964805600233376,14.614343643188477
3500.0,387,8,22.472902297973633,-81.39461407085193,-64.87710908701807,5.115234375,7.473477840423584,31.5548331817884,0.0,0.19638242894056845,24.028297424316406,0.005032475106418133,0.0008009432349354029,17.604243010282516
3500.0,388,0,-1.1667277812957764,-106.19051265613608,-76.13630902288293,0.490234375,0.8191871643066406,40.155998975529116,0.0,0.2167630057803468,-12.929444313049316,-0.002707936568185687,-0.0004309814830776304,32.71602466702461
3500.0,388,1,1.2124289274215698,-105.97503005539436,-72.43691269814465,0.490234375,1.215389609336853,59.664426021587914,0.0,0.1362007168458781,-17.429580688476562,-0.003650443162769079,-0.0005809860303997993,24.269087240099907
3500.0,388,2,9.465136528015137,-89.69838370617555,-68.5455228132793,0.0,3.2988414764404297,100.0,1.0,0.15503875968992253,-28.846012115478516,-0.006041495129466057,-0.00096153374761343,14.664072543382645
3500.0,388,3,6.343705177307129,-95.84132413730981,-60.717001908633826,1.02734375,2.408424139022827,57.343736372912055,0.0,0.1030927835051546,-49.726688385009766,-0.010414733551442623,-0.001657556276768446,8.50649829953909
3500.0,388,4,3.176912784576416,-94.14092148355878,-65.54960229284285,0.490234375,1.6220958232879639,69.77771793985005,0.0,0.4420485175202157,37.03849792480469,0.007757325191050768,0.001234616618603468,11.42054982483387
3500.0,388,5,-5.356846332550049,-101.68183182870855,-66.75765994897903,0.0,0.3688054084777832,100.0,1.0,0.7262569832402235,57.076663970947266,0.011954108253121376,0.0019025554647669196,7.411085069179535
3500.0,388,6,-11.712623596191406,-107.19320986829196,-67.41651269224351,0.0,0.09411721676588058,100.0,1.0,0.2739018087855297,-46.57252502441406,-0.009754126891493797,-0.0015524175250902772,9.082608856260777
3500.0,388,7,14.309882164001465,-84.99146596138263,-61.561719381578044,3.90234375,4.806151866912842,18.805234248525505,0.0,0.20360824742268047,21.264629364013672,0.00445365346968174,0.0007088209968060255,19.892187789082527
3500.0,388,8,28.74569320678711,-81.27624362230073,-64.83648331502368,4.5234375,9.551037788391113,52.63930893983009,0.0,0.19587628865979378,23.164411544799805,0.004851543344557285,0.0007721470319665968,18.2607714086771
3500.0,389,0,-1.117952823638916,-106.16766214718703,-76.1420785093969,0.490234375,0.8262290358543396,40.66604370868103,0.0,0.21613832853025938,-13.075258255004883,-0.002738475799560547,-0.00043584193917922676,32.35117718577385
3500.0,389,1,-4.659204006195068,-109.76976058255033,-72.44971355421953,0.0,0.4244299530982971,100.0,1.0,0.13928571428571423,-18.25026512145996,-0.00382232666015625,-0.0006083421758376062,23.177746683359146
3500.0,389,2,14.315093994140625,-89.67223876051204,-68.58557730904356,1.6953125,4.807821750640869,64.73844938668911,0.0,0.15463917525773196,-30.368587493896484,-0.006360381841659546,-0.0010122862877324224,13.928866945207119
3500.0,389,3,2.5406911373138428,-95.87457504913175,-60.848290253304185,0.0,1.4828583002090454,100.0,1.0,0.1053984575835476,-58.33367919921875,-0.012217378243803978,-0.0019444560166448355,7.251385599374771
3500.0,389,4,7.508675575256348,-94.07072109317946,-65.4719275940079,0.490234375,2.7300221920013428,82.04284285906792,0.0,0.4408602150537635,48.15800857543945,0.010086189955472946,0.0016052669379860163,8.783586323261261
3500.0,389,5,0.8451406359672546,-101.66442363581316,-66.68291826529207,0.490234375,1.147193193435669,57.26662450534398,0.0,0.7222222222222222,56.985782623291016,0.01193507481366396,0.0018995261052623391,7.422904018312693
3500.0,389,6,-5.278387546539307,-107.2364488555518,-67.47110998967452,0.0,0.37472593784332275,100.0,1.0,0.2757731958762887,-47.24720001220703,-0.009895430877804756,-0.0015749066369608045,8.95291194319725
3500.0,389,7,15.893917083740234,-84.88656405413523,-61.474674713687364,2.73046875,5.316511154174805,48.64171877348753,0.0,0.20308483290488433,16.973873138427734,0.003554999828338623,0.0005657957517541945,24.92065355181694
3500.0,389,8,15.128952980041504,-81.18079251745067,-64.79664347643177,0.0,5.069350719451904,100.0,1.0,0.19794344473007708,26.484169006347656,0.005546831525862217,0.0008828056161291897,15.971805900335312
3500.0,390,0,-1.345534324645996,-106.14579767785861,-76.14790619038563,0.490234375,0.7937530875205994,38.23842921590179,0.0,0.2155172413793104,-13.219417572021484,-0.002768668346107006,-0.0004406472435221076,31.99838474392891
3500.0,390,1,-4.682844161987305,-109.73478976766717,-72.4626438315263,0.0,0.4224325120449066,100.0,1.0,0.14234875444839856,-18.471729278564453,-0.0038687100168317556,-0.0006157243042252958,22.89986051619053
3500.0,390,2,9.571910858154297,-89.70881222099877,-68.62568252344008,2.73046875,3.330746650695801,18.022322429428883,0.0,0.1542416452442159,-25.774494171142578,-0.005398198030889034,-0.0008591497899033129,16.411572694778442
3500.0,390,3,4.417158603668213,-95.66730888880245,-60.978543808452045,0.740234375,1.9127005338668823,61.29899260792919,0.0,0.10512820512820509,-50.61089324951172,-0.010599921457469463,-0.001687029842287302,8.357884362339973
3500.0,390,4,5.741312503814697,-94.03753505571186,-65.39372052753947,0.490234375,2.248189687728882,78.19426102362233,0.0,0.4396782841823056,40.114707946777344,0.008401605300605297,0.0013371569802984595,10.544761084020138
3500.0,390,5,-5.58395528793335,-101.64729479530216,-66.60748344218189,0.0,0.3521282970905304,100.0,1.0,0.7237569060773481,57.53968811035156,0.012051084078848362,0.001917989575304091,7.351447828114033
3500.0,390,6,-5.906275749206543,-108.03606644956855,-67.52556075968215,0.0,0.32960399985313416,100.0,1.0,0.27763496143958866,-46.792083740234375,-0.009800111874938011,-0.0015597360907122493,9.039990603923798
3500.0,390,7,21.926742553710938,-84.82313988485703,-61.388554723235984,3.322265625,7.293134689331055,54.44667119805069,0.0,0.2025641025641025,19.700878143310547,0.004126142710447311,0.0006566959200426936,21.47112414240837
3500.0,390,8,20.758329391479492,-81.07982081631874,-64.75762097238459,2.16015625,6.907833099365234,68.7288876420813,0.0,0.1974358974358974,21.372901916503906,0.004476330243051052,0.0007124300464056432,19.791416823863983
3500.0,391,0,-1.1639585494995117,-106.12488717055491,-76.15379127856139,0.490234375,0.8195857405662537,40.185101968551095,0.0,0.21489971346704873,-13.360987663269043,-0.002798318862915039,-0.00044536625500768423,31.659334897994995
3500.0,391,1,-4.5616278648376465,-109.70144568355337,-72.47570084349283,0.0,0.432760626077652,100.0,1.0,0.14539007092198586,-18.6882266998291,-0.003914053086191416,-0.0006229408900253475,22.63457141816616
3500.0,391,2,7.856088161468506,-89.80732328854003,-68.66582926576942,1.6953125,2.828615427017212,40.06564187526492,0.0,0.15384615384615385,-28.72568130493164,-0.006016292609274387,-0.0009575227159075439,14.725499786436558
3500.0,391,3,3.3176653385162354,-96.00925453312868,-61.107702958405405,1.02734375,1.6538288593292236,37.880891108849056,0.0,0.1048593350383632,-54.76735305786133,-0.011470448225736618,-0.001825578510761261,7.723579648882151
3500.0,391,4,5.114781379699707,-94.40239723789682,-65.31497655076544,0.490234375,2.0864334106445312,76.50371334647296,0.0,0.4385026737967914,41.548301696777344,0.008701855316758156,0.0013849433744326234,10.180921293795109
3500.0,391,5,-6.0754170417785645,-101.63039670778964,-66.53134071692932,0.0,0.3183044195175171,100.0,1.0,0.7252747252747253,57.68844985961914,0.012082241475582123,0.001922948402352631,7.332490291446447
3500.0,391,6,-4.59767484664917,-107.69468684375065,-67.57985600588202,0.0,0.4296668767929077,100.0,1.0,0.2794871794871795,-42.060340881347656,-0.008809098042547703,-0.0014020113740116358,10.056979954242706
3500.0,391,7,15.174881935119629,-84.7269301830668,-61.30345156107888,0.0,5.084156036376953,100.0,1.0,0.20460358056265981,28.020851135253906,0.005868673324584961,0.000934028357733041,15.095901675522327
3500.0,391,8,22.66727638244629,-80.95772018496375,-64.71943872096821,3.90234375,7.537692070007324,48.22893116677546,0.0,0.19693094629156005,21.52904510498047,0.0045090327039361,0.0007176348590292037,19.647875800728798
3500.0,392,0,-1.0140994787216187,-106.10513539291306,-76.15973366930518,0.490234375,0.8413723111152649,41.733954335842206,0.0,0.2142857142857143,-13.505767822265625,-0.0028286415617913008,-0.0004501922521740198,31.319953501224518
3500.0,392,1,-4.563443660736084,-109.6697693207621,-72.48888359265925,0.490234375,0.43260428309440613,0.0,0.0,0.14487632508833925,-18.909584045410156,-0.003960414323955774,-0.0006303194677457213,22.369610145688057
3500.0,392,2,11.191048622131348,-89.8432543635535,-68.70601323237449,1.4765625,3.8232829570770264,61.37972217654378,0.0,0.15345268542199486,-28.050655364990234,-0.0058749159798026085,-0.0009350218460895121,15.079861506819725
3500.0,392,3,4.968582630157471,-96.04464005267297,-61.235743148683966,0.876953125,2.0494508743286133,57.2103368768337,0.0,0.10459183673469385,-54.343841552734375,-0.01138174720108509,-0.0018114614067599177,7.783771026879549
3500.0,392,4,7.507389068603516,-93.69450782744805,-65.23569641195687,0.490234375,2.72965931892395,82.04045568612372,0.0,0.43733333333333335,42.162872314453125,0.008830571547150612,0.001405429095029831,10.032523423433304
3500.0,392,5,2.9389591217041016,-101.28543105630186,-66.4544780009207,0.490234375,1.5692064762115479,68.75909050646113,0.0,0.7213114754098361,57.19495391845703,0.011978883296251297,0.001906498451717198,7.395757362246513
3500.0,392,6,-4.219634532928467,-107.72879645735684,-67.63399330751619,0.0,0.4630724787712097,100.0,1.0,0.28132992327365725,-49.16215515136719,-0.010296497493982315,-0.0016387385549023747,8.604179136455059
3500.0,392,7,16.53362464904785,-84.63682352983136,-61.21948019730302,2.73046875,5.524048805236816,50.57124137984612,0.0,0.20408163265306123,28.72666358947754,0.006016498431563377,0.0009575554868206382,14.72499594092369
3500.0,392,8,11.992890357971191,-80.87032059217877,-64.68212730946516,0.0,4.07236385345459,100.0,1.0,0.19897959183673475,19.225162506103516,0.004026508890092373,0.0006408387562260032,22.002415731549263
3500.0,393,0,3.519483804702759,-103.99325885594065,-76.16573331725621,0.490234375,1.6999012231826782,71.16100816245383,0.0,0.2136752136752137,-13.645837783813477,-0.002857977757230401,-0.0004548612632788718,30.998464673757553
3500.0,393,1,-0.6858005523681641,-103.98321494553451,-72.50219122741387,0.490234375,0.8905832767486572,44.953561581602074,0.0,0.14436619718309862,-12.612874984741211,-0.002641634549945593,-0.0004204291617497802,33.537160605192184
3500.0,393,2,5.470437526702881,-89.83124633109183,-68.74623063948158,0.0,2.177619218826294,100.0,1.0,0.15561224489795922,-29.458799362182617,-0.0061698369681835175,-0.000981959979981184,14.359037391841412
3500.0,393,3,3.359142780303955,-95.82961210061833,-61.36264688501003,1.17578125,1.6632428169250488,29.30790152614352,0.0,0.10432569974554706,-57.322288513183594,-0.012005551718175411,-0.001910742954351008,7.379328832030296
3500.0,393,4,3.0957531929016113,-93.90105547497765,-65.15588200484208,0.490234375,1.6039490699768066,69.43578919204157,0.0,0.43617021276595747,43.126243591308594,0.009032338857650757,0.0014375414466485381,9.808412753045559
3500.0,393,5,-0.38290366530418396,-101.26881841546157,-66.37688334345253,0.490234375,0.9378023743629456,47.725193665347774,0.0,0.7173913043478262,57.00664520263672,0.011939444579184055,0.0019002215703949332,7.420187816023827
3500.0,393,6,-5.130001544952393,-104.37623780593343,-67.68797093707795,0.0,0.3861510157585144,100.0,1.0,0.28316326530612246,-54.65760803222656,-0.011447463184595108,-0.0018219202756881714,7.73908756673336
3500.0,393,7,20.737960815429688,-84.51025482990899,-61.13676281738063,3.029296875,6.901123523712158,56.10429425598048,0.0,0.20356234096692116,24.205181121826172,0.005069521255791187,0.0008068393799476326,17.47559756040573
3500.0,393,8,19.8793888092041,-80.34386684847861,-64.64571824092624,1.328125,6.6185479164123535,79.9332872289618,0.0,0.1984732824427481,41.25511932373047,0.008640452288091183,0.0013751706574112177,10.253272950649261
3500.0,394,0,3.5582733154296875,-103.97489163613456,-76.17178989921626,0.490234375,1.708832859992981,71.31174227290937,0.0,0.21306818181818177,-13.783943176269531,-0.0028869023080915213,-0.0004594647907651961,30.687881633639336
3500.0,394,1,-3.499074935913086,-104.21668295641454,-72.51562221249961,0.490234375,0.5328442454338074,7.996683983913,0.0,0.14385964912280702,-17.662818908691406,-0.0036992919631302357,-0.0005887606530450284,23.948611691594124
3500.0,394,2,11.288464546203613,-89.86635381540384,-68.78647597338492,0.876953125,3.853381395339966,77.24198476536657,0.0,0.15521628498727735,-28.73203468322754,-0.006017623469233513,-0.0009577344753779471,14.722242951393127
3500.0,394,3,2.2026429176330566,-95.86609628336515,-61.48839052563189,0.876953125,1.411750078201294,37.88184335592012,0.0,0.10406091370558379,-55.76488494873047,-0.011679369956254959,-0.0018588295206427574,7.585418876260519
3500.0,394,4,3.2903261184692383,-94.38593777647002,-65.07553353128776,0.490234375,1.6476391553878784,70.24625365348327,0.0,0.4350132625994695,33.43315887451172,0.007002224214375019,0.0011144386371597648,12.652110308408737
3500.0,394,5,1.602726697921753,-101.25261210860555,-66.29854311436317,0.490234375,1.290629267692566,62.015864100427635,0.0,0.7135135135135136,56.992088317871094,0.01193639449775219,0.0018997363513335586,7.422083057463169
3500.0,394,6,-0.9708307981491089,-105.13637740850994,-67.74178489044016,0.490234375,0.847741425037384,42.17170937725717,0.0,0.2824427480916031,-45.47224426269531,-0.009523684158921242,-0.0015157414600253105,9.302377700805664
3500.0,394,7,17.939260482788086,-84.39769921668413,-61.05541847790772,4.5234375,5.982296943664551,24.38627599737474,0.0,0.20304568527918787,25.564090728759766,0.005354130640625954,0.0008521363488398492,16.546647995710373
3500.0,394,8,22.867172241210938,-80.22312110149124,-64.61023974767994,3.322265625,7.60374641418457,56.30751679458419,0.0,0.19796954314720816,45.322418212890625,0.009492306038737297,0.001510747242718935,9.333129972219467
3500.0,395,0,12.98436450958252,-95.06199040598652,-76.17790227737893,0.490234375,4.384113788604736,88.81793679091483,0.0,0.21246458923512745,-13.915093421936035,-0.0029143705032765865,-0.0004638364480342716,30.398646369576454
3500.0,395,1,-1.0978710651397705,-105.67541934847813,-72.52917302218299,0.490234375,0.8291414380073547,40.87445729667518,0.0,0.14335664335664333,-17.79315948486328,-0.0037265908904373646,-0.0005931053310632706,23.773182183504105
3500.0,395,2,8.086195945739746,-90.0481218994505,-68.82673854800333,2.16015625,2.8945372104644775,25.37127378461421,0.0,0.15482233502538068,-29.499794006347656,-0.0061784228309988976,-0.0009833264630287886,14.339083805680275
3500.0,395,3,2.679558038711548,-95.53977587967734,-61.61292646049025,0.740234375,1.512653112411499,51.06383817107248,0.0,0.10379746835443038,-54.84849548339844,-0.011487443000078201,-0.0018282831879332662,7.712153252214193
3500.0,395,4,7.740807056427002,-94.3167180446129,-64.99464476580576,0.490234375,2.7957725524902344,82.46515530874137,0.0,0.43386243386243384,41.6837158203125,0.008730217814445496,0.001389457262121141,10.147848166525364
3500.0,395,5,3.670673370361328,-101.23649296911594,-66.21943905447193,0.490234375,1.734851598739624,71.74199941043044,0.0,0.7096774193548387,57.14073944091797,0.011967528611421585,0.0019046913366764784,7.402774412184954
3500.0,395,6,2.197640895843506,-105.18512459574409,-67.79542441465054,0.490234375,1.4107131958007812,65.24918201238475,0.0,0.2817258883248731,-47.29153060913086,-0.009904715232551098,-0.0015763844130560756,8.944518864154816
3500.0,395,7,19.06525230407715,-84.32267250747233,-60.97554554141039,3.609375,6.351120948791504,43.16948096088778,0.0,0.20253164556962022,21.432395935058594,0.004488790407776833,0.0007144131814129651,19.736478105187416
3500.0,395,8,16.018573760986328,-80.05893236198808,-64.57571006717058,4.212890625,5.356895446777344,21.355742951182034,0.0,0.1974683544303798,37.28375244140625,0.007808690890669823,0.0012427917681634426,11.345424689352512
3500.0,396,0,12.821581840515137,-95.08285899067964,-76.18407117420794,0.490234375,4.332674503326416,88.68517875913314,0.0,0.211864406779661,-14.061212539672852,-0.0029449735302478075,-0.0004687070904765278,30.08275479078293
3500.0,396,1,-4.447800159454346,-109.55947895480946,-72.54284469279773,0.0,0.4426555931568146,100.0,1.0,0.14634146341463417,-19.75301170349121,-0.004137061070650816,-0.0006584337097592652,21.414456889033318
3500.0,396,2,5.0958404541015625,-90.08350459625801,-68.86702012376796,1.328125,2.0816256999969482,36.197703554392746,0.0,0.1544303797468355,-30.92498779296875,-0.006476914510130882,-0.0010308329947292805,13.678259216248989
3500.0,396,3,-0.44554463028907776,-95.99439931582032,-61.736278326573895,0.0,0.927893877029419,100.0,1.0,0.10606060606060608,-55.690799713134766,-0.011663854122161865,-0.0018563600024208426,7.595509756356478
3500.0,396,4,4.674163818359375,-93.71905200292375,-64.91322539008569,0.490234375,1.975888729095459,75.18917093957896,0.0,0.43271767810026385,37.449615478515625,0.00784342922270298,0.0012483205646276474,11.295176111161709
3500.0,396,5,-0.22619402408599854,-101.22073092494587,-66.1395620055442,0.490234375,0.9629191756248474,49.08873066299856,0.0,0.7058823529411764,57.23603057861328,0.011987486854195595,0.0019078677287325263,7.39044975489378
3500.0,396,6,2.6822168827056885,-105.64563669590059,-67.84889512554183,0.490234375,1.5132269859313965,67.60338141219052,0.0,0.28101265822784816,-45.806663513183594,-0.009593725204467773,-0.0015268888091668487,9.234464727342129
3500.0,396,7,17.178565979003906,-84.45629799466217,-60.89730257122517,3.90234375,5.7339606285095215,31.94331104058574,0.0,0.202020202020202,15.432398796081543,0.0032321540638804436,0.0005144132883287966,27.40986831486225
3500.0,396,8,24.12424659729004,-79.92401388781343,-64.5421695532576,2.40625,8.019472122192383,69.99490785258602,0.0,0.19696969696969702,45.6256103515625,0.00955580547451973,0.0015208537224680185,9.271109476685524
3500.0,397,0,11.587600708007812,-95.10370023647893,-76.19029600001251,0.490234375,3.9460933208465576,87.57671613060509,0.0,0.21126760563380287,-14.201961517333984,-0.0029744519852101803,-0.00047339871525764465,29.784617945551872
3500.0,397,1,0.19745849072933197,-102.57070881902395,-72.55663504788967,0.490234375,1.0331698656082153,52.55045744956909,0.0,0.14583333333333337,-14.325596809387207,-0.0030003460124135017,-0.0004775199049618095,29.527565464377403
3500.0,397,2,8.311448097229004,-90.11871064153894,-68.90731392842821,0.876953125,2.959524154663086,70.36844170985208,0.0,0.1540404040404041,-29.416515350341797,-0.0061609805561602116,-0.0009805505396798253,14.37967736274004
3500.0,397,3,-2.124163866043091,-96.03035095335744,-61.858425725090235,0.490234375,0.6899019479751587,28.94144212248958,0.0,0.10579345088161207,-54.880096435546875,-0.011494060978293419,-0.0018293365137651563,7.707712706178427
3500.0,397,4,7.458837032318115,-93.63420299624045,-64.83127501324151,0.490234375,2.7159736156463623,81.94995812272163,0.0,0.43157894736842106,39.436561584472656,0.008259573951363564,0.0013145520351827145,10.726087726652622
3500.0,397,5,-5.815292835235596,-102.33477374207622,-66.05889589499445,0.0,0.3358287215232849,100.0,1.0,0.7074468085106382,56.59447479248047,0.011853119358420372,0.001886482466943562,7.47422780841589
3500.0,397,6,3.5343246459960938,-105.69245375350916,-67.90219142828096,0.490234375,1.7033156156539917,71.2188175523904,0.0,0.2803030303030303,-47.18292236328125,-0.009881967678666115,-0.0015727641293779016,8.965108543634415
3500.0,397,7,19.186677932739258,-84.26418546884162,-60.82081304941631,3.322265625,6.390971660614014,48.016267299786264,0.0,0.20151133501259444,23.318267822265625,0.004883766174316406,0.0007772755925543606,18.140284344553947
3500.0,397,8,24.501739501953125,-79.81565391492323,-64.5096427727549,4.81640625,8.1444091796875,40.86242299794661,0.0,0.19647355163727964,43.000953674316406,0.00900609977543354,0.0014333651633933187,9.83699131757021
3500.0,398,0,12.804990768432617,-95.12465607693011,-76.1965767792633,0.490234375,4.327436923980713,88.67148421544076,0.0,0.2106741573033708,-14.335668563842773,-0.003002455458045006,-0.00047785561764612794,29.506821185350418
3500.0,398,1,2.557779312133789,-100.58202327445721,-72.57054341269654,0.490234375,1.4865063428878784,67.02103712200731,0.0,0.1453287197231834,-17.481739044189453,-0.0036613671109080315,-0.0005827246350236237,24.196678772568703
3500.0,398,2,3.4523370265960693,-90.15387774473467,-68.94761733323895,0.0,1.6844983100891113,100.0,1.0,0.1561712846347607,-31.78508758544922,-0.006657053250819445,-0.0010595029452815652,13.308127410709858
3500.0,398,3,-2.108085870742798,-96.06620221093053,-61.979372426096404,0.490234375,0.6919344067573547,29.150166516880006,0.0,0.10552763819095479,-53.88059616088867,-0.011284725740551949,-0.0017960198456421494,7.850692607462406
3500.0,398,4,6.701598167419434,-93.67641084745371,-64.74879902634194,0.490234375,2.505655527114868,80.4348854144177,0.0,0.43044619422572183,38.094085693359375,0.007978406734764576,0.0012698029167950153,11.10408641397953
3500.0,398,5,-5.404640197753906,-102.32222648569524,-65.97742739951741,0.0,0.3652391731739044,100.0,1.0,0.7089947089947091,56.364219665527344,0.011804895475506783,0.001878807321190834,7.504761219024658
3500.0,398,6,3.919904947280884,-105.73923637628684,-67.95531314731795,0.490234375,1.793265700340271,72.66247969238589,0.0,0.2795969773299748,-46.216094970703125,-0.009679477661848068,-0.0015405365265905857,9.152655489742756
3500.0,398,7,17.705520629882812,-84.0703518977355,-60.746222982821514,3.90234375,5.905910968780518,33.92477857136109,0.0,0.20100502512562812,25.452014923095703,0.005330657586455345,0.000848400522954762,16.61950908601284
3500.0,398,8,22.98918914794922,-79.663897338623,-64.4781613831941,4.81640625,7.644074440002441,36.99163596844222,0.0,0.1959798994974874,41.080718994140625,0.008603924885392189,0.0013693573419004679,10.29680110514164
3500.0,399,0,11.637093544006348,-95.14563099245082,-76.20291299837416,0.490234375,3.9614737033843994,87.62494940756065,0.0,0.2100840336134454,-14.47370719909668,-0.0030313662718981504,-0.0004824569041375071,29.225409030914307
3500.0,399,1,2.390245199203491,-99.96377546105256,-72.58456780499799,0.490234375,1.4509615898132324,66.21313903539632,0.0,0.1448275862068965,-19.018634796142578,-0.003983253613114357,-0.0006339544779621065,22.241344675421715
3500.0,399,2,8.318531036376953,-90.18891487667153,-68.98792438012167,0.490234375,2.9615752696990967,83.44683722829002,0.0,0.15577889447236182,-29.913990020751953,-0.006265171803534031,-0.0009971329709514976,14.140540733933449
3500.0,399,3,-1.5982412099838257,-96.1018460050941,-62.099107162275665,0.490234375,0.758824348449707,35.39553969221488,0.0,0.10526315789473684,-53.54155349731445,-0.011213717050850391,-0.0017847184790298343,7.900405675172806
3500.0,399,4,8.635811805725098,-93.62002844773379,-64.6657989214252,0.490234375,3.053865909576416,83.94708904989226,0.0,0.4293193717277487,44.026206970214844,0.009220827370882034,0.0014675402780994773,9.60791390389204
3500.0,399,5,-2.5013041496276855,-102.31001472012942,-65.8951400018486,0.0,0.6435538530349731,100.0,1.0,0.7105263157894737,56.26239013671875,0.011783568188548088,0.001875412999652326,7.518344093114138
3500.0,399,6,3.8787152767181396,-105.78607159827664,-68.00825577303863,0.490234375,1.7835439443588257,72.51346811215036,0.0,0.2788944723618091,-46.38290786743164,-0.009714413434267044,-0.0015460969880223274,9.119738824665546
3500.0,399,7,15.156184196472168,-84.01860770790867,-60.67366466369223,3.90234375,5.078128337860107,23.15389666491918,0.0,0.20050125313283207,12.835794448852539,0.0026883226819336414,0.00042785980622284114,32.95471891760826
3500.0,399,8,19.305816650390625,-79.50356500475138,-64.4477501754416,4.5234375,6.430082321166992,29.65195040957044,0.0,0.19548872180451127,37.021705627441406,0.007753808982670307,0.001234056893736124,11.425729840993881
3500.0,400,0,18.282970428466797,-93.07087911119027,-76.20930474715416,0.490234375,6.094737529754639,91.9564317149563,0.0,0.2094972067039106,-14.617724418640137,-0.0030615292489528656,-0.00048725749365985394,28.93747389316559
3500.0,400,1,1.5559617280960083,-102.38331379552575,-72.59870771283556,0.490234375,1.28146493434906,61.744222423922814,0.0,0.14432989690721654,-22.960147857666016,-0.004808762110769749,-0.0007653382490389049,18.423225730657578
3500.0,400,2,13.997614860534668,-91.43748213357084,-69.02823309454217,1.326171875,4.706258296966553,71.8210988152777,0.0,0.15538847117794485,-31.479022979736328,-0.006592951249331236,-0.00104930077213794,13.437519781291485
3500.0,400,3,0.738053023815155,-95.79594218988541,-62.2176404384969,0.490234375,1.127789855003357,56.53140761773028,0.0,0.10499999999999998,-55.71620559692383,-0.011669175699353218,-0.0018572069238871336,7.592046167701483
3500.0,400,4,8.746959686279297,-93.85272931322919,-64.5822824308919,0.490234375,3.0863919258117676,84.11626304164008,0.0,0.42819843342036557,34.38064956665039,0.007200666703283787,0.0011460216483101249,12.303432449698448
3500.0,400,5,0.34563082456588745,-102.2983959022168,-65.81202015682256,0.490234375,1.0585498809814453,53.68811769687469,0.0,0.7068062827225131,56.51068115234375,0.011835569515824318,0.0018836894305422902,7.485310547053814
3500.0,400,6,3.6322405338287354,-105.83292269380996,-68.06101995644389,0.490234375,1.725932002067566,71.59596238943784,0.0,0.27819548872180455,-48.96915054321289,-0.01025607530027628,-0.001632304978556931,8.638091385364532
3500.0,400,7,20.699382781982422,-83.86348726646841,-60.60329292122515,3.029296875,6.888415336608887,56.023312663790406,0.0,0.19999999999999996,20.402240753173828,0.004273035563528538,0.0006800746778026223,20.733017474412918
3500.0,400,8,27.85550880432129,-79.23721479874233,-64.41844105810438,3.322265625,9.255762100219727,64.10597432143237,0.0,0.19499999999999995,37.273868560791016,0.007806621491909027,0.0012424623128026724,11.34843286126852
3500.0,401,0,3.674024820327759,-103.2640501252038,-76.2157508781973,1.17578125,1.7356305122375488,32.25624683883896,0.0,0.2089136490250696,-14.767437934875488,-0.0030928850173950195,-0.0004922479274682701,28.644103556871414
3500.0,401,1,1.392425537109375,-102.44512917045736,-72.61295962879686,0.490234375,1.249735951423645,60.77296372553368,0.0,0.14383561643835618,-20.96790313720703,-0.004391507711261511,-0.0006989301182329655,20.17369121313095
3500.0,401,2,15.215229988098145,-91.47558714763784,-69.06853385978948,2.5703125,5.097166061401367,49.57369508786728,0.0,0.15500000000000003,-31.72433853149414,-0.006644329987466335,-0.0010574780171737075,13.333611190319061
3500.0,401,3,0.9023745059967041,-95.83157646071484,-62.3349471506994,0.490234375,1.157652735710144,57.65272608289796,0.0,0.10473815461346636,-55.80276107788086,-0.011687302961945534,-0.0018600920448079705,7.580270059406757
3500.0,401,4,7.606246471405029,-93.5935403781909,-64.49824644695329,0.490234375,2.7575955390930176,82.22239744552098,0.0,0.42708333333333337,41.56707000732422,0.008705787360668182,0.0013855689903721213,10.176325216889381
3500.0,401,5,-0.05161826312541962,-102.72375130305251,-65.72804673081316,0.490234375,0.9914518594741821,50.553890205017474,0.0,0.703125,56.49754333496094,0.01183281745761633,0.0018832514761015773,7.48705118894577
3500.0,401,6,3.3110485076904297,-105.87973951554291,-68.11359648967468,0.490234375,1.652329444885254,70.33071240620272,0.0,0.27749999999999997,-46.67417907714844,-0.009775416925549507,-0.0015558060258626938,9.06282663345337
3500.0,401,7,16.83445167541504,-83.80643922111267,-60.535222727510835,4.5234375,5.62188196182251,19.5387322124852,0.0,0.19950124688279303,10.985634803771973,0.0023008259013295174,0.00036618782905861735,38.50483149290085
3500.0,401,8,27.4183406829834,-79.0618161799752,-64.39024977763896,5.5546875,9.110787391662598,39.031751469876596,0.0,0.19451371571072318,27.88895606994629,0.005841049365699291,0.0009296318748965859,15.167294070124626
3500.0,402,0,3.9532530307769775,-103.27102697442037,-76.22225160151538,0.490234375,1.8011560440063477,72.78223746180471,0.0,0.20833333333333337,-14.906111717224121,-0.0031219287775456905,-0.0004968703724443913,28.377622365951538
3500.0,402,1,2.000441312789917,-102.50181759036502,-72.62732334272482,0.490234375,1.3701945543289185,64.22154989222662,0.0,0.14334470989761094,-22.31769561767578,-0.004674207419157028,-0.0007439231849275529,18.95356923341751
3500.0,402,2,18.688148498535156,-91.51357200492035,-69.10882575965518,3.029296875,6.227452278137207,51.35575931051307,0.0,0.15461346633416462,-30.585880279541016,-0.006405892316251993,-0.0010195292998105288,13.8299111276865
3500.0,402,3,0.817272961139679,-95.86705682246458,-62.45104612954877,0.490234375,1.1421231031417847,57.076923349904284,0.0,0.10447761194029848,-56.25987243652344,-0.011783041059970856,-0.0018753290642052889,7.518680766224861
3500.0,402,4,4.4908857345581055,-93.73318871713977,-64.4137013804652,0.490234375,1.9307276010513306,74.60882753563709,0.0,0.425974025974026,44.893577575683594,0.00940248928964138,0.0014964526053518057,9.422283619642258
3500.0,402,5,1.7883468866348267,-102.71394360798254,-65.64320594301151,0.490234375,1.3274030685424805,63.06816018300388,0.0,0.6994818652849741,56.36310577392578,0.011804662644863129,0.0018787701847031713,7.504909299314022
3500.0,402,6,2.9427547454833984,-105.92658314177271,-68.16598739068664,0.490234375,1.570042610168457,68.7757280073182,0.0,0.2768079800498753,-48.16640090942383,-0.01008794829249382,-0.0016055466840043664,8.782055228948593
3500.0,402,7,19.5534610748291,-83.72067698686364,-60.46961616072248,3.322265625,6.511420726776123,48.97786881842466,0.0,0.1990049751243781,18.183361053466797,0.003808314213529229,0.0006061120657250285,23.263026028871536
3500.0,402,8,27.892879486083984,-78.87753848377002,-64.36320865893867,5.5546875,9.268156051635742,40.066961874043436,0.0,0.19402985074626866,35.33226013183594,0.007399970665574074,0.0011777420295402408,11.972062289714813
3500.0,403,0,2.475231170654297,-101.04813663836148,-76.2288065042718,0.490234375,1.4689304828643799,66.62644143349421,0.0,0.20775623268698062,-15.516533851623535,-0.0032497753854840994,-0.0005172177916392684,27.261244133114815
3500.0,403,1,1.1306103467941284,-103.80210979763748,-72.64179713915306,0.490234375,1.1999778747558594,59.14638216977623,0.0,0.1428571428571429,-24.04298973083496,-0.005035552196204662,-0.0008014329941943288,17.593486234545708
3500.0,403,2,14.68663501739502,-91.57823177623187,-69.14910409446341,3.90234375,4.92701530456543,20.797003687322768,0.0,0.154228855721393,-32.41783905029297,-0.006789576727896929,-0.001080594607628882,13.04837130010128
3500.0,403,3,4.1119818687438965,-93.5824558557431,-62.56593889621883,0.490234375,1.8389506340026855,73.34162397100627,0.0,0.1042183622828784,-46.19386291503906,-0.009674820117652416,-0.0015397954266518354,9.157060645520687
3500.0,403,4,12.136301040649414,-91.40373450866088,-64.32865270906535,0.490234375,4.117215633392334,88.09306048913264,0.0,0.4248704663212435,47.843017578125,0.010020218789577484,0.0015947673236951232,8.841415867209435
3500.0,403,5,-0.3516975939273834,-102.70473333493237,-65.55747995701637,0.490234375,0.942766547203064,48.000448631276306,0.0,0.6958762886597938,56.647315979003906,0.011864185333251953,0.0018882438307628036,7.467255927622318
3500.0,403,6,2.482980489730835,-100.18507573610931,-68.21818978771194,0.490234375,1.4705754518508911,66.66377271679718,0.0,0.27611940298507465,-54.82377624511719,-0.01148226484656334,-0.0018274592002853751,7.7156308107078075
3500.0,403,7,20.163209915161133,-83.7230966940983,-60.4066149055687,4.5234375,6.711901664733887,32.605724488376495,0.0,0.19851116625310172,13.943313598632812,0.00292028090916574,0.0004647771129384637,30.337121337652206
3500.0,403,8,24.136333465576172,-78.67965838856858,-64.33734151554295,5.5546875,8.02347183227539,30.769527006306742,0.0,0.19354838709677424,23.813583374023438,0.00498750526458025,0.0007937861373648047,17.76297204196453
3500.0,404,0,2.8655996322631836,-101.06804021095323,-76.23541569075203,0.490234375,1.5530953407287598,68.4350109008783,0.0,0.20718232044198892,-15.804410934448242,-0.003310068277642131,-0.0005268137319944799,26.764679700136185
3500.0,404,1,1.4807878732681274,-102.6326484688083,-72.65638055352974,0.490234375,1.2668182849884033,61.30191829331799,0.0,0.14237288135593218,-21.533206939697266,-0.00450990442186594,-0.0007177735678851604,19.644077867269516
3500.0,404,2,18.55402183532715,-91.61615954925878,-69.18936745888763,2.73046875,6.18350076675415,55.84267144138675,0.0,0.15384615384615385,-31.302270889282227,-0.0065559325739741325,-0.0010434089927002788,13.513396494090557
3500.0,404,3,4.7529144287109375,-93.62721001777479,-62.67964301348619,1.02734375,1.9954437017440796,48.51552318403824,0.0,0.10396039603960394,-48.06848907470703,-0.010067441500723362,-0.0016022829804569483,8.799944072961807
3500.0,404,4,9.898317337036133,-91.37304497675743,-64.2431122182657,1.02734375,3.4287571907043457,70.03743068231203,0.0,0.42377260981912146,46.31972885131836,0.009701181203126907,0.0015439910348504782,9.13217756897211
3500.0,404,5,-2.3238396644592285,-103.91742162444162,-65.47085375777145,0.490234375,0.6650471687316895,26.285773694078674,0.0,0.6923076923076923,57.360862731933594,0.0120136309415102,0.0019120287615805864,7.374366279691458
3500.0,404,6,2.634876251220703,-100.20103746701722,-68.27020500376341,0.490234375,1.5030295848846436,67.38358446632805,0.0,0.2754342431761787,-54.197731018066406,-0.01135114673525095,-0.001806591055355966,7.804755121469498
3500.0,404,7,17.174335479736328,-83.68520538371364,-60.34637928656951,4.5234375,5.732582092285156,21.092495019171366,0.0,0.19801980198019797,12.595800399780273,0.0026380582712590694,0.0004198600072413683,33.582624047994614
3500.0,404,8,28.555208206176758,-78.73785895416265,-64.31267824579743,5.115234375,9.487845420837402,46.08644905021517,0.0,0.19306930693069302,11.219568252563477,0.0023498209193348885,0.00037398561835289,37.701986730098724
3500.0,405,0,3.46555757522583,-101.08808653715582,-76.24207821708784,0.490234375,1.6875252723693848,70.94950914058418,0.0,0.20661157024793386,-16.06496810913086,-0.003364638891071081,-0.0005354989552870393,26.330584660172462
3500.0,405,1,1.3452764749526978,-102.69738888067336,-72.6710706030848,0.490234375,1.2406805753707886,60.486656700215605,0.0,0.14189189189189189,-22.99305534362793,-0.0048156543634831905,-0.0007664351724088192,18.396859988570213
3500.0,405,2,16.13595199584961,-91.20751072322192,-69.22960819026511,3.90234375,5.394948482513428,27.66670965165631,0.0,0.1534653465346535,-32.65020751953125,-0.006838243454694748,-0.001088340301066637,12.955507263541222
3500.0,405,3,5.319752216339111,-93.67188048470668,-62.79214842106397,1.17578125,2.138777494430542,45.025545992428896,0.0,0.10370370370370374,-49.128658294677734,-0.010289482772350311,-0.0016376220155507326,8.610045537352562
3500.0,405,4,3.8885693550109863,-91.1196965970475,-64.15708188994455,0.740234375,1.7858670949935913,58.55042197288167,0.0,0.4226804123711341,45.937461853027344,0.009621119126677513,0.001531248795799911,9.20817069709301
3500.0,405,5,-3.1910502910614014,-103.90868476944686,-65.38330512932049,0.490234375,0.5652241706848145,13.2672662589709,0.0,0.6887755102040816,57.19784164428711,0.011979488655924797,0.0019065947271883488,7.395383901894093
3500.0,405,6,2.854891061782837,-99.87885314069841,-68.32202637014475,0.490234375,1.5507513284683228,68.38729936899655,0.0,0.2747524752475248,-49.1530876159668,-0.010294599458575249,-0.0016384362243115902,8.605767041444778
3500.0,405,7,18.5140323638916,-83.62182840800214,-60.289030420359516,3.90234375,6.1703996658325195,36.757034206252015,0.0,0.19753086419753085,10.401704788208008,0.0021785281132906675,0.0003467235073912889,40.66641256213188
3500.0,405,8,30.0,-78.52751053973522,-64.28923418676713,5.5546875,9.967226028442383,44.270477220550674,0.0,0.19259259259259254,13.605011940002441,0.0028494270518422127,0.00045350039727054536,31.091483309864998
3500.0,406,0,4.286960601806641,-101.10828842076637,-76.24879433666604,0.490234375,1.8810638189315796,73.93845067529676,0.0,0.2060439560439561,-16.222942352294922,-0.0033977250568568707,-0.000540764769539237,26.074185967445374
3500.0,406,1,0.8150733113288879,-102.76165649313364,-72.68586719022974,0.490234375,1.141723394393921,57.06189630455643,0.0,0.14141414141414144,-22.229679107666016,-0.004655772820115089,-0.0007409892859868705,19.028615206480026
3500.0,406,2,17.71037483215332,-91.24689553794794,-69.26982602521718,3.322265625,5.907496452331543,43.761868469869604,0.0,0.15308641975308646,-31.53727149963379,-0.006605151109397411,-0.0010512423468753695,13.412701897323132
3500.0,406,3,6.034058570861816,-93.67636429964955,-62.9034790500098,1.326171875,2.3255059719085693,42.972759863024756,0.0,0.10344827586206895,-51.27610397338867,-0.010739242658019066,-0.0017092034686356783,8.249456994235516
3500.0,406,4,8.940463066101074,-91.29107158053534,-64.07057731625443,0.490234375,3.143251895904541,84.4035924820806,0.0,0.4215938303341902,46.726295471191406,0.009786332026124,0.0015575431752949953,9.052718989551067
3500.0,406,5,-3.122591495513916,-103.90039226382483,-65.29481905701756,0.0,0.5726351737976074,100.0,1.0,0.6903553299492386,56.928733825683594,0.011923126876354218,0.0018976244609802961,7.430342957377434
3500.0,406,6,-0.18104420602321625,-104.93044349939214,-68.37365662662228,0.490234375,0.9702426195144653,49.47301168388933,0.0,0.274074074074074,-48.75209045410156,-0.010210614651441574,-0.0016250696498900652,8.676551282405853
3500.0,406,7,19.950061798095703,-83.45871368583983,-60.234731379581746,4.212890625,6.641787528991699,36.56992780015103,0.0,0.19704433497536944,8.809313774108887,0.0018450184725224972,0.00029364379588514566,48.017360270023346
3500.0,406,8,30.0,-78.29044991533637,-64.26703959429386,5.5546875,9.967226028442383,44.270477220550674,0.0,0.1921182266009852,10.705338478088379,0.0022421209141612053,0.00035684462636709213,39.5129956305027
3500.0,407,0,4.590436935424805,-101.12871752230882,-76.25556325948972,0.490234375,1.9551966190338135,74.9265945824796,0.0,0.20547945205479456,-16.292770385742188,-0.0034123496152460575,-0.0005430923774838448,25.962436571717262
3500.0,407,1,1.506536841392517,-102.82559866321577,-72.70076771920505,0.490234375,1.2718231678009033,61.45420311475696,0.0,0.14093959731543626,-23.531295776367188,-0.00492838304489851,-0.0007843765197321773,17.9760605096817
3500.0,407,2,16.502779006958008,-91.28613930655794,-69.31001454245168,3.90234375,5.514026165008545,29.228777063774547,0.0,0.15270935960591137,-31.528839111328125,-0.006603384856134653,-0.0010509613202884793,13.416288420557976
3500.0,407,3,8.188339233398438,-95.97430854801424,-63.01363212107599,1.4765625,2.9239516258239746,49.50113103926943,0.0,0.10319410319410316,-57.69715881347656,-0.01208406500518322,-0.0019232386257499456,7.331383880227804
3500.0,407,4,9.49028205871582,-91.1518037238186,-63.98360422245037,0.6015625,3.3063480854034424,81.80583276589292,0.0,0.42051282051282046,44.175025939941406,0.00925199594348669,0.0014725008513778448,9.575546719133854
3500.0,407,5,-3.992810010910034,-103.89239246718165,-65.20537317373899,0.0,0.48415544629096985,100.0,1.0,0.6919191919191919,57.04365539550781,0.01194719597697258,0.0019014552235603333,7.415373343974352
3500.0,407,6,-1.416281819343567,-106.56530237630292,-68.4250906754348,0.490234375,0.7838547825813293,37.45852090286438,0.0,0.2733990147783252,-48.09612274169922,-0.010073229670524597,-0.001603204058483243,8.79488792270422
3500.0,407,7,17.368667602539062,-83.34875358623881,-60.18360361072798,4.5234375,5.795949935913086,21.955200613937254,0.0,0.19656019656019652,10.346960067749023,0.0021670623682439327,0.0003448986681178212,40.88157415390015
3500.0,407,8,30.0,-77.98898280638596,-64.24611000691297,5.5546875,9.967226028442383,44.270477220550674,0.0,0.19164619164619168,10.58291244506836,0.0022164799738675356,0.00035276374546810985,39.970092475414276
3500.0,408,0,0.9743047952651978,-103.19394262430903,-76.2623853861542,0.490234375,1.1708858013153076,58.13132463906402,0.0,0.20491803278688525,-17.195363998413086,-0.0036013885401189327,-0.0005731788114644587,24.599654600024223
3500.0,408,1,0.617654025554657,-102.88912974400334,-72.71577244942351,0.490234375,1.1062346696853638,55.6844141271189,0.0,0.14046822742474918,-22.676435470581055,-0.004749341867864132,-0.0007558811921626329,18.65372620522976
3500.0,408,2,12.42605972290039,-91.32558349116275,-69.35017451948774,3.322265625,4.208095073699951,21.05060444656468,0.0,0.15233415233415237,-32.95232391357422,-0.006901519373059273,-0.001098410808481276,12.836727313697338
3500.0,408,3,8.949310302734375,-93.71523499992456,-63.12263626002787,1.9140625,3.1458585262298584,39.15611639745603,0.0,0.1029411764705882,-53.811283111572266,-0.011270209215581417,-0.001793709467165172,7.860804907977581
3500.0,408,4,14.491796493530273,-91.73276710502533,-63.896182865580634,0.740234375,4.864465713500977,84.7828226449303,0.0,0.4194373401534527,44.25025939941406,0.00926775299012661,0.0014750086702406406,9.559266269207
3500.0,408,5,-5.081954002380371,-103.88470654083696,-65.11495276766539,0.0,0.3899151086807251,100.0,1.0,0.6934673366834171,57.401893615722656,0.012022225186228752,0.001913396525196731,7.369094993919134
3500.0,408,6,0.8588343858718872,-105.93212247475181,-68.4763325008472,0.490234375,1.1496901512145996,57.35943510674699,0.0,0.2727272727272727,-48.7668342590332,-0.010213701985776424,-0.0016255611553788185,8.673927746713161
3500.0,408,7,17.341407775878906,-83.22866761231091,-60.13581015308176,3.90234375,5.787057876586914,32.56774282856281,0.0,0.196078431372549,7.340227127075195,0.0015373334754258394,0.0002446742437314242,57.62764438986778
3500.0,408,8,29.421449661254883,-77.73527149762808,-64.22647598872013,5.5546875,9.77524185180664,43.17595836287781,0.0,0.19117647058823528,12.449779510498047,0.00260747573338449,0.0004149926535319537,33.97650644183159
3500.0,409,0,0.35225287079811096,-104.24593263429864,-76.26925973904795,0.490234375,1.0596939325332642,53.73811626645212,0.0,0.20435967302452318,-17.07490348815918,-0.0035761594772338867,-0.000569163472391665,24.77320097386837
3500.0,409,1,1.6867066621780396,-100.00366629134089,-72.73087835058186,0.490234375,1.3071882724761963,62.497033876279126,0.0,0.14,-21.420818328857422,-0.0044863661751151085,-0.0007140272646211088,19.74714547395706
3500.0,409,2,15.47441577911377,-91.74968029987973,-69.39029870122124,2.40625,5.180821895599365,53.55466664384102,0.0,0.1519607843137255,-32.68171691894531,-0.0068448432721197605,-0.0010893906001001596,12.943016365170479
3500.0,409,3,8.783958435058594,-93.31395779923263,-63.230486078091666,2.16015625,3.0972416400909424,30.255482102566177,0.0,0.10268948655256727,-56.61970520019531,-0.01185840368270874,-0.0018873235676437616,7.470897398889065
3500.0,409,4,10.169022560119629,-91.5121279046237,-63.80831916573166,1.4765625,3.5105648040771484,57.93946038867793,0.0,0.41836734693877553,43.74211120605469,0.009161327034235,0.0014580703573301435,9.670315310359001
3500.0,409,5,-4.3355817794799805,-103.87723080188269,-65.02353278578133,0.0,0.45259928703308105,100.0,1.0,0.6950000000000001,56.90699768066406,0.011918573640286922,0.0018968998920172453,7.433180697262287
3500.0,409,6,3.2411458492279053,-105.63436625810499,-68.52737592879433,0.490234375,1.6365363597869873,70.0443945489968,0.0,0.2720588235294118,-49.070068359375,-0.010277211666107178,-0.0016356689156964421,8.620326407253742
3500.0,409,7,20.943641662597656,-83.1083035819465,-60.09145558667866,3.90234375,6.968890190124512,44.00336863493788,0.0,0.19559902200489,8.638766288757324,0.0018092991085723042,0.00028795888647437096,48.96532744169235
3500.0,409,8,27.41793441772461,-77.5610870437241,-64.20814830345188,5.5546875,9.110652923583984,39.0308516130491,0.0,0.19070904645476772,7.642463684082031,0.0016006340738385916,0.0002547487965784967,55.34864589571953
3500.0,410,0,-0.5884039998054504,-104.26136393602073,-76.27618634442021,0.490234375,0.9055759310722351,45.8649067207932,0.0,0.20380434782608692,-17.234533309936523,-0.003609592327848077,-0.0005744844675064087,24.543745443224907
3500.0,410,1,0.8806626796722412,-100.03327498126843,-72.74608479846239,0.490234375,1.1536777019500732,57.506817183746215,0.0,0.13953488372093026,-23.8072452545166,-0.004986178129911423,-0.0007935748435556889,17.76770129799843
3500.0,410,2,18.16209602355957,-91.78867679988517,-69.43038586677841,3.322265625,6.055178642272949,45.133482903273816,0.0,0.15158924205378976,-32.5215950012207,-0.0068113068118691444,-0.0010840531904250383,13.006742112338543
3500.0,410,3,9.35253620147705,-94.74324558596074,-63.33720202536125,2.16015625,3.265282154083252,33.84472924342193,0.0,0.10243902439024388,-58.1196403503418,-0.012172549962997437,-0.00193732138723135,7.278090808540583
3500.0,410,4,12.884594917297363,-91.48148036673928,-63.72003222090072,0.876953125,4.352575302124023,79.85208608402355,0.0,0.41730279898218825,43.92070388793945,0.009198730811476707,0.0014640234876424074,9.630993008613586
3500.0,410,5,-5.084027290344238,-103.87012833763451,-64.93109490484161,0.0,0.38975203037261963,100.0,1.0,0.6965174129353233,56.56122589111328,0.011846154928207397,0.0018853741930797696,7.478621788322926
3500.0,410,6,1.690447449684143,-100.10753294708707,-68.57822236894577,0.490234375,1.3079289197921753,62.518270864605064,0.0,0.2713936430317848,-53.03047180175781,-0.011106675490736961,-0.0017676823772490025,7.976545952260494
3500.0,410,7,21.769960403442383,-83.05324175286674,-60.050677902871406,5.115234375,7.241390705108643,29.36116026178074,0.0,0.19512195121951215,6.567937850952148,0.0013755857944488525,0.0002189312654081732,64.40377980470657
3500.0,410,8,26.2039852142334,-77.3437992265576,-64.19115037714067,5.5546875,8.708229064941406,36.21335108922775,0.0,0.19024390243902434,8.191570281982422,0.001715638441964984,0.0002730523410718888,51.63845047354698
3500.0,411,0,0.04274413734674454,-102.94480069842379,-76.28316466342243,0.490234375,1.0071171522140503,51.32300408921972,0.0,0.2032520325203252,-16.586984634399414,-0.0034739701077342033,-0.0005528994952328503,25.501923635601997
3500.0,411,1,0.5188053250312805,-103.7801611846717,-72.76138982800283,0.490234375,1.0887436866760254,54.97247139069953,0.0,0.13907284768211925,-23.159255981445312,-0.004850463476032019,-0.0007719752029515803,18.264835700392723
3500.0,411,2,15.757524490356445,-91.82765652734176,-69.47043161338841,3.90234375,5.272356033325195,25.984821105890855,0.0,0.15121951219512197,-33.36745834350586,-0.006988463923335075,-0.0011122486321255565,12.677022255957127
3500.0,411,3,11.6306791305542,-95.05188908987759,-63.442791422704296,2.40625,3.959479808807373,39.22812803218255,0.0,0.1021897810218978,-57.829200744628906,-0.012111719697713852,-0.0019276400562375784,7.314643822610378
3500.0,411,4,7.489865779876709,-91.49330997568194,-63.63133589810307,1.326171875,2.724717140197754,51.328089971799805,0.0,0.41624365482233505,39.33555221557617,0.008238418959081173,0.0013111850712448359,10.7536306604743
3500.0,411,5,-6.515980243682861,-103.86333258415931,-64.83761593767761,0.0,0.29048317670822144,100.0,1.0,0.698019801980198,56.91813659667969,0.011920907534658909,0.0018972712568938732,7.431726437062025
3500.0,411,6,-1.914961814880371,-106.08791078799678,-68.62886921019685,0.490234375,0.7167132496833801,31.599649480936886,0.0,0.2707317073170732,-49.45006561279297,-0.010356797836720943,-0.0016483354847878218,8.554084226489067
3500.0,411,7,16.80741310119629,-82.78972171270036,-60.01358538838405,0.0,5.6130828857421875,100.0,1.0,0.1970802919708029,5.563162803649902,0.001165146240964532,0.00018543876649346203,76.03588700294495
3500.0,411,8,30.0,-77.17918197957694,-64.17549661703984,5.5546875,9.967226028442383,44.270477220550674,0.0,0.1897810218978102,7.477297782897949,0.0015660417266190052,0.00024924325407482684,56.57124146819115
3500.0,412,0,0.6648523211479187,-102.94524273648051,-76.29019483769665,0.490234375,1.1146517992019653,56.01905677172161,0.0,0.20270270270270274,-16.913387298583984,-0.0035423312801867723,-0.0005637795547954738,25.009775534272194
3500.0,412,1,1.9317395687103271,-102.19674202899228,-72.77679309712795,0.490234375,1.3562437295913696,63.85351951837555,0.0,0.13861386138613863,-22.86483383178711,-0.0047888001427054405,-0.000762161158490926,18.50002631545067
3500.0,412,2,14.351056098937988,-91.86659905206776,-69.51043554879773,3.322265625,4.819343090057373,31.06393209784014,0.0,0.15085158150851585,-34.38361358642578,-0.007201286964118481,-0.001146120484918356,12.302371673285961
3500.0,412,3,11.983048439025879,-95.07800330590717,-63.54727777940712,2.73046875,4.069289207458496,32.90059735750918,0.0,0.10194174757281549,-57.08563232421875,-0.01195598766207695,-0.0019028544193133712,7.409920915961266
3500.0,412,4,12.141217231750488,-91.13810221920973,-63.54225448209391,0.490234375,4.118754863739014,88.09751026175508,0.0,0.4151898734177215,44.20123291015625,0.0092574842274189,0.0014733744319528341,9.569869376718998
3500.0,412,5,-3.979224443435669,-103.85679605962167,-64.74307758009863,0.0,0.48544347286224365,100.0,1.0,0.6995073891625616,56.09147644042969,0.011747771874070168,0.0018697158666327596,7.541252765804529
3500.0,412,6,-5.809154987335205,-106.91489318935389,-68.67931882512113,0.0,0.33625248074531555,100.0,1.0,0.2725060827250608,-51.30982208251953,-0.0107463039457798,-0.0017103274585679173,8.244035765528679
3500.0,412,7,14.576517105102539,-82.4949814013668,-59.980306303908755,3.322265625,4.891652584075928,32.08296035137167,0.0,0.19660194174757284,8.300671577453613,0.0017384886741638184,0.0002766890684142709,50.95973238348961
3500.0,412,8,30.0,-76.93552823027751,-64.16120981085447,5.5546875,9.967226028442383,44.270477220550674,0.0,0.1893203883495146,6.708332538604736,0.0014049899764358997,0.00022361108858603984,63.05591017007828
3500.0,413,0,1.664243221282959,-102.94628979938503,-76.29727676935514,0.490234375,1.3027461767196655,62.36915649720673,0.0,0.2021563342318059,-17.215465545654297,-0.0036055988166481256,-0.0005738488398492336,24.570930749177933
3500.0,413,1,1.777011752128601,-102.22509026285735,-72.79229369320026,0.490234375,1.3251392841339111,63.00506815625732,0.0,0.13815789473684215,-23.03990936279297,-0.0048254672437906265,-0.0007679970003664494,18.35944689810276
3500.0,413,2,15.14660930633545,-91.96326771688162,-69.55039595600479,3.029296875,5.0750412940979,40.30990686670927,0.0,0.15048543689320393,-33.97935104370117,-0.007116618566215038,-0.0011326450621709228,12.448737397789955
3500.0,413,3,12.1604642868042,-95.08149784418995,-63.65067870729874,3.029296875,4.124781131744385,26.55860327505669,0.0,0.10169491525423724,-57.936561584472656,-0.012134205549955368,-0.0019312187796458602,7.301089353859425
3500.0,413,4,7.592191696166992,-91.17210431875054,-63.45281107934294,1.17578125,2.753618001937866,57.30049523308822,0.0,0.41414141414141414,43.77825164794922,0.0091688958927989,0.0014592750230804086,9.662332013249397
3500.0,413,5,-4.316705703735352,-103.84752895342699,-64.64745896108278,0.0,0.4542904496192932,100.0,1.0,0.7009803921568627,56.44965362548828,0.011822788044810295,0.0018816551892086864,7.493403274565935
3500.0,413,6,-8.243059158325195,-106.19182854532234,-68.72957188319944,0.0,0.2014618068933487,100.0,1.0,0.27427184466019416,-50.16749954223633,-0.01050705648958683,-0.001672249985858798,8.43175407499075
3500.0,413,7,14.536911964416504,-82.33682315499406,-59.95094980076463,3.029296875,4.878941059112549,37.91077124528716,0.0,0.19612590799031482,5.130170822143555,0.001074460451491177,0.00017100569675676525,82.4533998966217
3500.0,413,8,30.0,-76.69960941724642,-64.1483079568377,5.5546875,9.967226028442383,44.270477220550674,0.0,0.18886198547215494,5.890882968902588,0.0012337836669757962,0.0001963627728400752,71.80587202310562
3500.0,414,0,2.269197702407837,-102.94781422122269,-76.30440917240323,0.490234375,1.4255889654159546,65.6118006737685,0.0,0.2016129032258065,-17.253887176513672,-0.003613645676523447,-0.0005751295830123127,24.516215547919273
3500.0,414,1,2.0058414936065674,-101.51652974643662,-72.80788790963791,0.490234375,1.3712947368621826,64.25025475400265,0.0,0.13770491803278684,-22.579286575317383,-0.00472899479791522,-0.0007526428671553731,18.733983859419823
3500.0,414,2,17.914470672607422,-92.00077971628959,-69.59030456346991,3.322265625,5.974192142486572,44.389709173009464,0.0,0.15012106537530268,-33.38172912597656,-0.006991453468799591,-0.0011127243051305413,12.67160288989544
3500.0,414,3,12.33762264251709,-91.24334006410922,-63.75298672431476,3.029296875,4.180322170257568,27.53436812710176,0.0,0.10144927536231885,-56.05567932128906,-0.011740274727344513,-0.0018685226095840335,7.546068634837866
3500.0,414,4,9.595695495605469,-91.27592868751589,-63.36301524256951,0.490234375,3.337864398956299,85.31293316908592,0.0,0.4130982367758187,43.22624969482422,0.009053284302353859,0.0014408749993890524,9.785721078515053
3500.0,414,5,-1.3251235485076904,-103.83593707608034,-64.55072892865209,0.490234375,0.7966262102127075,38.46117931908086,0.0,0.697560975609756,56.35795593261719,0.011803582310676575,0.0018785985885187984,7.505595218390226
3500.0,414,6,-4.2723236083984375,-105.7501631877311,-68.7796208965161,0.490234375,0.45828795433044434,0.0,0.0,0.27360774818401934,-50.6700439453125,-0.010612308979034424,-0.001689001452177763,8.348127827048302
3500.0,414,7,15.91576862335205,-81.97470293554174,-59.92556580530228,3.029296875,5.323586940765381,43.09669572965642,0.0,0.19565217391304346,8.58676815032959,0.0017984085716307163,0.0002862256078515202,49.26184192299843
3500.0,414,8,30.0,-76.43958845704609,-64.13679112435904,5.5546875,9.967226028442383,44.270477220550674,0.0,0.18840579710144922,5.640752792358398,0.0011813966557383537,0.0001880250929389149,74.98998939990997
3500.0,415,0,1.563117504119873,-102.95017639158789,-76.31159246146925,0.490234375,1.2828645706176758,61.785960402354775,0.0,0.20107238605898126,-17.226125717163086,-0.0036078314296901226,-0.0005742041976191103,24.55572597682476
3500.0,415,1,1.9643410444259644,-101.55323918649054,-72.82357606316904,0.490234375,1.3628532886505127,64.02882253852677,0.0,0.13725490196078427,-22.741308212280273,-0.004762928932905197,-0.0007580436067655683,18.60051415860653
3500.0,415,2,15.457463264465332,-92.03828757222416,-69.63016278092715,4.212890625,5.175345420837402,18.596918999112354,0.0,0.1497584541062802,-33.863128662109375,-0.007092277519404888,-0.001128770993091166,12.491462752223015
3500.0,415,3,14.506839752197266,-91.3004787910156,-63.85423166255209,3.322265625,4.86929178237915,31.77107116434228,0.0,0.10120481927710845,-56.04203796386719,-0.011737417429685593,-0.0018680680077522993,7.547905668616295
3500.0,415,4,12.042581558227539,-91.46524617289518,-63.27290069469736,0.876953125,4.087894916534424,78.5475619382249,0.0,0.4120603015075377,42.630393981933594,0.008928488940000534,0.0014210131485015154,9.922497905790806
3500.0,415,5,-2.0940873622894287,-103.82472648950329,-64.45286946342955,0.490234375,0.6937078237533569,29.331289310310638,0.0,0.6941747572815534,56.341766357421875,0.011800192296504974,0.0018780588870868087,7.507752161473036
3500.0,415,6,0.4747526943683624,-103.94385431537435,-68.82947037571608,0.490234375,1.0810086727142334,54.65028289096859,0.0,0.27294685990338163,-55.061119079589844,-0.011531973257660866,-0.0018353706691414118,7.682372350245714
3500.0,415,7,15.781964302062988,-81.64533471718697,-59.90426354195112,3.322265625,5.280264854431152,37.08145866562008,0.0,0.1951807228915663,-3.5526199340820312,-0.000744059041608125,-0.00011842066305689514,119.06705796718597
3500.0,415,8,30.0,-76.04110706619485,-64.12668180348763,5.5546875,9.967226028442383,44.270477220550674,0.0,0.1879518072289157,1.6136839389801025,0.0003379691916052252,5.378946661949158e-05,262.1331214904785
3500.0,416,0,-0.1584421992301941,-102.95264671646183,-76.3188258032033,0.490234375,0.97392338514328,49.663969211717976,0.0,0.2005347593582888,-16.73272132873535,-0.003504493273794651,-0.0005577573901973665,25.279808789491653
3500.0,416,1,-1.6578550338745117,-105.77388315385645,-72.8393555368887,0.490234375,0.7507572174072266,34.70134370561948,0.0,0.1368078175895765,-26.817909240722656,-0.0056167300790548325,-0.0008939303224906325,15.773041173815727
3500.0,416,2,13.187438011169434,-92.07583299498512,-69.66996514378154,3.322265625,4.448412895202637,25.315709146898733,0.0,0.14939759036144573,-35.03068542480469,-0.007336809299886227,-0.001167689566500485,12.07512803375721
3500.0,416,3,14.434828758239746,-91.62128722791866,-63.95441699306778,3.90234375,4.846195220947266,19.47613391362255,0.0,0.10096153846153844,-56.057212829589844,-0.01174059510231018,-0.0018685738323256373,7.5458623468875885
3500.0,416,4,14.189934730529785,-90.90278231578216,-63.182486705280255,1.326171875,4.767749786376953,72.18453286308535,0.0,0.41102756892230574,41.8878173828125,0.008772963657975197,0.001396260573528707,10.098401457071304
3500.0,416,5,-0.4620124101638794,-103.85714740167322,-64.35385145116521,0.490234375,0.9253013134002686,47.018947460638316,0.0,0.6908212560386473,56.51347351074219,0.011836154386401176,0.00188378244638443,7.484940811991692
3500.0,416,6,-0.712715744972229,-103.97572604299762,-68.87911628253376,0.490234375,0.8864718079566956,44.69825542111903,0.0,0.272289156626506,-55.58392333984375,-0.011641470715403557,-0.0018527974607422948,7.61011429131031
3500.0,416,7,17.392147064208984,-81.46976997177848,-59.88708842169902,3.322265625,5.803610324859619,42.75519135443745,0.0,0.19471153846153844,-9.136878967285156,-0.0019136234186589718,-0.00030456262174993753,46.2958961725235
3500.0,416,8,30.0,-75.85928177378517,-64.11798348410218,5.5546875,9.967226028442383,44.270477220550674,0.0,0.1875,2.0551106929779053,0.000430421408964321,6.850369391031563e-05,205.82833886146545
3500.0,417,0,-1.0544159412384033,-102.95588655987564,-76.3261097053815,0.490234375,0.8354694247245789,41.32228415640574,0.0,0.19999999999999996,-17.395313262939453,-0.0036432663910090923,-0.0005798437632620335,24.316895753145218
3500.0,417,1,-30.0,-220.0,-72.85522687032167,0.0,0.0014419741928577423,100.0,,0.1368078175895765,0.0,0.0,0.0,1000000000000.0
3500.0,417,2,15.645349502563477,-92.5326367432249,-69.70971366733215,2.73046875,5.2360687255859375,47.852694586348285,0.0,0.14903846153846156,-34.67100143432617,-0.0072614774107933044,-0.0011557000689208508,12.200397439301014
3500.0,417,3,14.820191383361816,-91.67594674627767,-64.05357371496234,3.90234375,4.969944953918457,21.481147453690152,0.0,0.1007194244604317,-56.22296142578125,-0.011775309219956398,-0.0018740987870842218,7.523616775870323
3500.0,417,4,17.77393341064453,-90.6890422277778,-63.091813628946184,1.6953125,5.9282612800598145,71.40287143378244,0.0,0.41000000000000003,43.94584655761719,0.009203997440636158,0.0014648615615442395,9.625483304262161
3500.0,417,5,-0.33117297291755676,-103.84108285830465,-64.25365686042028,0.490234375,0.9460418224334717,48.18047538966231,0.0,0.6875,56.407386779785156,0.011813934892416,0.001880246214568615,7.4990177527070045
3500.0,417,6,0.7731077671051025,-104.50239521976826,-68.92856377576399,0.490234375,1.134117603302002,56.7739382959338,0.0,0.2716346153846154,-55.32295227050781,-0.011586811393499374,-0.001844098442234099,7.646013051271439
3500.0,417,7,18.454565048217773,-81.02947874890091,-59.87413010222208,3.90234375,6.150921821594238,36.55676558430776,0.0,0.19424460431654678,-7.164402484893799,-0.0015005090972408652,-0.00023881341621745378,59.041909873485565
3500.0,417,8,30.0,-75.8618321505462,-64.1107172453467,5.5546875,9.967226028442383,44.270477220550674,0.0,0.18705035971223016,1.3453919887542725,0.0002817782515194267,4.484640157897957e-05,314.40651416778564
3500.0,418,0,-0.47243940830230713,-102.95962956489788,-76.33344319169586,0.490234375,0.923662543296814,46.92494801724727,0.0,0.19946808510638303,-17.7463321685791,-0.003716783132404089,-0.000591544434428215,23.835912346839905
3500.0,418,1,-30.0,-220.0,-72.87118712996539,0.0,0.0014419741928577423,100.0,,0.1368078175895765,0.0,0.0,0.0,1000000000000.0
3500.0,418,2,15.217991828918457,-92.50514561372117,-69.74940231399665,3.609375,5.098056316375732,29.200958639743966,0.0,0.14868105515587526,-34.7584228515625,-0.007279787212610245,-0.0011586140608415008,12.169712223112583
3500.0,418,3,14.816583633422852,-91.70834600965267,-64.15170295273543,3.90234375,4.968785285949707,21.462821888587058,0.0,0.1004784688995215,-56.40329360961914,-0.011813078075647354,-0.0018801097758114338,7.499562110751867
3500.0,418,4,10.92209529876709,-90.69981964491198,-63.00090356083617,2.56640625,3.7404356002807617,31.387503375078495,0.0,0.40897755610972564,41.675331115722656,0.00872846134006977,0.0013891777489334345,10.149889625608921
3500.0,418,5,-0.05987558141350746,-103.77359418753086,-64.15225394624052,0.490234375,0.9900891184806824,50.485833461913266,0.0,0.6842105263157895,56.49460983276367,0.011832203716039658,0.0018831536872312427,7.487440016120672
3500.0,418,6,0.8181701898574829,-104.53094169026996,-68.97780805752433,0.490234375,1.1422860622406006,57.083046777406835,0.0,0.2709832134292566,-54.491432189941406,-0.011412658728659153,-0.001816381118260324,7.762688212096691
3500.0,418,7,16.04584503173828,-80.50447792439746,-59.865402503575226,4.212890625,5.365734100341797,21.485288942446125,0.0,0.19377990430622005,-7.30492639541626,-0.0015299401711672544,-0.000243497546762228,57.9061284661293
3500.0,418,8,30.0,-75.72366891984908,-64.10488163402084,5.5546875,9.967226028442383,44.270477220550674,0.0,0.1866028708133971,2.2914767265319824,0.0004799257731065154,7.638255920028314e-05,184.59711968898773
3500.0,419,0,0.27299991250038147,-102.96371118966796,-76.34082604117998,0.490234375,1.0460566282272339,53.13500610088321,0.0,0.19893899204244037,-18.014183044433594,-0.0037728820461779833,-0.00060047279112041,23.481497541069984
3500.0,419,1,-9.038909912109375,-111.33988360042008,-72.88723516131176,0.0,0.16962958872318268,100.0,1.0,0.13961038961038963,-22.551939010620117,-0.004723267164081335,-0.0007517313351854682,18.756702542304993
3500.0,419,2,15.58694076538086,-92.54197847743747,-69.78902929402301,3.322265625,5.217184066772461,36.32071281212676,0.0,0.14832535885167464,-34.8555793762207,-0.007300135679543018,-0.0011618526186794043,12.135790660977364
3500.0,419,3,14.92702865600586,-91.74128999817322,-64.24882120359791,3.90234375,5.004316329956055,22.02044210034444,0.0,0.10023866348448685,-56.43157196044922,-0.011819001287221909,-0.0018810523906722665,7.495804224163294
3500.0,419,4,5.871273040771484,-90.59479692893497,-62.909791419101886,1.17578125,2.282381296157837,48.48445121858861,0.0,0.40796019900497515,38.63390350341797,0.008091466501355171,0.0012877967674285173,10.948932729661465
3500.0,419,5,-1.1017595529556274,-104.36999971380015,-64.04961655064537,0.490234375,0.8285768628120422,40.834170370600035,0.0,0.680952380952381,55.98329544067383,0.011725114658474922,0.0018661099020391703,7.555825635790825
3500.0,419,6,-0.27307578921318054,-104.55925863115002,-69.02684953805229,0.490234375,0.9553559422492981,48.68568317628422,0.0,0.2703349282296651,-54.6202392578125,-0.01143963634967804,-0.0018206746317446232,7.744382135570049
3500.0,419,7,15.264043807983398,-80.12389150264522,-59.860937417140015,3.322265625,5.112910270690918,35.02202367906888,0.0,0.19331742243436756,-6.374041557312012,-0.0013349761720746756,-0.00021246806136332452,66.36291742324829
3500.0,419,8,30.0,-75.60896840819584,-64.10048419580914,5.5546875,9.967226028442383,44.270477220550674,0.0,0.18615751789976132,1.8889613151550293,0.00039562315214425325,6.296538049355149e-05,223.93259406089783
3500.0,420,0,-0.17251308262348175,-102.96840845295733,-76.34825792994367,0.490234375,0.9716307520866394,49.54519770528154,0.0,0.19841269841269837,-17.946269989013672,-0.0037586581893265247,-0.0005982089787721634,23.570358753204346
3500.0,420,1,-30.0,-220.0,-72.9033695758882,0.0,0.0014419741928577423,100.0,,0.13961038961038963,0.0,0.0,0.0,1000000000000.0
3500.0,420,2,15.305597305297852,-92.64522744374742,-69.82859234394707,3.609375,5.126316547393799,29.591257843119468,0.0,0.14797136038186154,-35.24474334716797,-0.007381641771644354,-0.0011748247779905796,12.00179010629654
3500.0,420,3,15.115775108337402,-91.79057170213193,-64.34494290940191,4.212890625,5.065103530883789,16.82518236177277,0.0,0.09999999999999998,-56.57701873779297,-0.011849462985992432,-0.001885900623165071,7.476534228771925
3500.0,420,4,5.7170586585998535,-91.23991178439361,-62.818513246093495,0.490234375,2.2418322563171387,78.13242388592657,0.0,0.4069478908188585,36.659385681152344,0.007677923887968063,0.0012219795025885105,11.538655497133732
3500.0,420,5,-1.9193115234375,-104.34056344350965,-63.945716674164274,0.490234375,0.7161477208137512,31.545634964396484,0.0,0.6777251184834123,56.294349670410156,0.011790262535214424,0.0018764783162623644,7.514075841754675
3500.0,420,6,-1.4774335622787476,-104.58713008473778,-69.07568801210135,0.490234375,0.7753741145133972,36.77447237097189,0.0,0.2696897374701671,-54.76591110229492,-0.011470146477222443,-0.0018255304312333465,7.723782677203417
3500.0,420,7,15.422697067260742,-80.0878334724928,-59.860748203900314,3.322265625,5.164117336273193,35.66634124162656,0.0,0.19285714285714284,-6.013348579406738,-0.0012594328727573156,-0.0002004449488595128,70.3435018658638
3500.0,420,8,30.0,-75.53382593812785,-64.09752936810656,5.5546875,9.967226028442383,44.270477220550674,0.0,0.18571428571428572,1.5853800773620605,0.0003320412361063063,5.2846004109596834e-05,266.8130099773407
3500.0,421,0,-2.145143985748291,-102.97347029021256,-76.35573911165739,0.490234375,0.6872567534446716,28.667943597084367,0.0,0.1978891820580475,-17.360736846923828,-0.0036360244266688824,-0.0005786912515759468,24.365326389670372
3500.0,421,1,-30.0,-220.0,-72.91959033780117,0.0,0.0014419741928577423,100.0,,0.13961038961038963,0.0,0.0,0.0,1000000000000.0
3500.0,421,2,15.063467979431152,-92.50689436320192,-69.8680923249753,3.609375,5.0482497215271,28.502447400558438,0.0,0.14761904761904765,-36.57212829589844,-0.0076596494764089584,-0.0012190709821879864,11.566185392439365
3500.0,421,3,14.754145622253418,-92.36396538363556,-64.44009305828617,4.212890625,4.9487104415893555,14.868920404100983,0.0,0.0997624703087886,-57.0296745300293,-0.011944267898797989,-0.00190098921302706,7.417191285640001
3500.0,421,4,5.421099662780762,-91.10971576878237,-62.727118119523475,0.490234375,2.1648683547973633,77.35500295370676,0.0,0.40594059405940597,41.057640075683594,0.008599091321229935,0.0013685880694538355,10.302589274942875
3500.0,421,5,-3.861786365509033,-108.21635739936909,-63.84053216969962,0.0,0.4966981112957001,100.0,1.0,0.679245283018868,55.211368560791016,0.011563442647457123,0.0018403789727017283,7.661465555429459
3500.0,421,6,0.5040972828865051,-103.60085809306634,-69.12432704355246,0.490234375,1.086156964302063,54.865236691180066,0.0,0.2690476190476191,-56.98236846923828,-0.01193436048924923,-0.0018994122510775924,7.423349190503359
3500.0,421,7,18.918027877807617,-80.38104171938937,-59.864860467205766,3.322265625,6.302824020385742,47.28925297208802,0.0,0.19239904988123513,-3.7415432929992676,-0.0007836270378902555,-0.0001247181062353775,113.05495351552963
3500.0,421,8,26.955284118652344,-75.48832365464429,-64.09602881524611,5.5546875,8.957256317138672,37.98673049724223,0.0,0.18527315914489306,0.5779789686203003,0.00012105162022635341,1.9265966329840012e-05,731.8605780601501
3500.0,422,0,-0.5928482413291931,-99.52890359727917,-76.36326832942476,0.490234375,0.9048879146575928,45.82374600665283,0.0,0.19736842105263153,-17.051773071289062,-0.0035713152028620243,-0.0005683924537152052,24.806804955005646
3500.0,422,1,-30.0,-220.0,-72.9358939041222,0.0,0.0014419741928577423,100.0,,0.13961038961038963,0.0,0.0,0.0,1000000000000.0
3500.0,422,2,15.873802185058594,-92.54420260341304,-69.90752220611913,3.322265625,5.309996128082275,37.43374675115162,0.0,0.14726840855106893,-36.59490966796875,-0.0076644206419587135,-0.0012198303593322635,11.558985337615013
3500.0,422,3,15.365886688232422,-92.3537479065871,-64.53426890470999,4.212890625,5.145774841308594,18.129130113111536,0.0,0.09952606635071093,-57.22406005859375,-0.01198497973382473,-0.0019074686570093036,7.3919957503676414
3500.0,422,4,7.506796360015869,-91.16632015209265,-62.63563276226959,0.490234375,2.7294921875,82.03935599284436,0.0,0.4049382716049382,38.65431594848633,0.008095741271972656,0.0012884772149845958,10.943151079118252
3500.0,422,5,-7.048092365264893,-108.16066202471839,-63.734023546461366,0.0,0.25981950759887695,100.0,1.0,0.6807511737089202,55.28889465332031,0.011579679325222969,0.0018429631600156426,7.650722749531269
3500.0,422,6,1.2939825057983398,-103.54811887287431,-69.17276055015286,0.490234375,1.2308763265609741,60.17192268457239,0.0,0.2684085510688836,-52.648067474365234,-0.011026585474610329,-0.001754935598000884,8.034483529627323
3500.0,422,7,15.331476211547852,-82.67548130839737,-59.87321847394674,4.5234375,5.134668350219727,11.903998633009483,0.0,0.19194312796208535,2.691943883895874,0.0005637994036078453,8.973146032076329e-05,157.1355164051056
3500.0,422,8,30.0,-75.51940447985609,-64.09597002144741,5.5546875,9.967226028442383,44.270477220550674,0.0,0.18483412322274884,-1.21323823928833,-0.00025410004309378564,-4.044127490487881e-05,348.6537039279938
3500.0,423,0,-0.7247543931007385,-99.54261374357014,-76.3708460867388,0.490234375,0.8846373558044434,44.58357746443951,0.0,0.19685039370078738,-17.265735626220703,-0.00361612718552351,-0.0005755245219916105,24.49939027428627
3500.0,423,1,-30.0,-220.0,-72.95228083536367,0.0,0.0014419741928577423,100.0,,0.13961038961038963,0.0,0.0,0.0,1000000000000.0
3500.0,423,2,15.127150535583496,-92.58153480971828,-69.94688430547959,3.90234375,5.068769454956055,23.012009429933077,0.0,0.14691943127962082,-36.68063735961914,-0.007682375144213438,-0.0012226878898218274,11.531969532370567
3500.0,423,3,14.823348045349121,-92.19404143287451,-64.62749973917843,0.0,4.9709601402282715,100.0,1.0,0.10165484633569744,-57.241981506347656,-0.01198873296380043,-0.0019080661004409194,7.389681413769722
3500.0,423,4,15.47815990447998,-93.58252160561025,-62.54411741756503,0.6015625,5.182031154632568,88.3913762374388,0.0,0.40394088669950734,42.34965896606445,0.008869691751897335,0.0014116553356871009,9.988274425268173
3500.0,423,5,-7.661013603210449,-108.11567837833886,-63.62617027543768,0.0,0.22817924618721008,100.0,1.0,0.6822429906542056,55.303672790527344,0.011582775041460991,0.0018434558296576142,7.648678496479988
3500.0,423,6,0.5393078923225403,-104.98886664043346,-69.2209937942161,0.490234375,1.0923563241958618,55.12138629664766,0.0,0.2677725118483413,-50.76313018798828,-0.010631805285811424,-0.001692104386165738,8.332819677889347
3500.0,423,7,19.366384506225586,-82.57351924761109,-59.88583158870431,3.322265625,6.4499711990356445,48.49177581604206,0.0,0.19148936170212771,-4.461840629577637,-0.0009344856953248382,-0.00014872802421450615,94.80392932891846
3500.0,423,8,30.0,-75.55066996597535,-64.09736538514152,5.5546875,9.967226028442383,44.270477220550674,0.0,0.18439716312056742,-1.7908031940460205,-0.000375064933905378,-5.969344056211412e-05,236.20685935020447
3500.0,424,0,0.28822943568229675,-99.55651398377718,-76.37847156325225,0.490234375,1.0486680269241333,53.25170955789363,0.0,0.19633507853403143,-18.006656646728516,-0.0037713050842285156,-0.0006002219161018729,23.49131368100643
3500.0,424,1,-30.0,-220.0,-72.96874862302808,0.0,0.0014419741928577423,100.0,,0.13961038961038963,0.0,0.0,0.0,1000000000000.0
3500.0,424,2,15.135421752929688,-92.61894251336129,-69.98617408858371,3.609375,5.071435451507568,28.82932190476656,0.0,0.14657210401891252,-36.95930480957031,-0.0077407388016581535,-0.0012319767847657204,11.445020325481892
3500.0,424,3,13.80747127532959,-91.40351437453019,-64.71979090861623,3.90234375,4.645565032958984,15.998512079500282,0.0,0.10141509433962259,-58.496002197265625,-0.012251375243067741,-0.0019498667679727077,7.231263443827629
3500.0,424,4,5.7710862159729,-93.26739731433184,-62.452612116029,0.0,2.2560040950775146,100.0,1.0,0.4054054054054054,44.24317169189453,0.009266268461942673,0.0014747724635526538,9.560797363519669
3500.0,424,5,8.06132698059082,-97.38433046433062,-63.51693540806171,0.490234375,2.8873891830444336,83.02153454481318,0.0,0.6790697674418604,55.17877197265625,0.011556614190340042,0.0018392924685031176,7.66599178314209
3500.0,424,6,-0.7022044658660889,-105.04778308028568,-69.2690236788824,0.490234375,0.8880758285522461,44.79814006432456,0.0,0.2671394799054374,-50.92835235595703,-0.010666409507393837,-0.0016976117622107267,8.305786177515984
3500.0,424,7,21.5791015625,-82.36967004766129,-59.90263554063529,4.81640625,7.178416728973389,32.904337657632595,0.0,0.1910377358490566,7.399397850036621,0.0015497262356802821,0.00024664661032147706,57.16681480407715
3500.0,424,8,25.461727142333984,-75.53897128703045,-64.10020550021116,5.5546875,8.462299346923828,34.35959575196059,0.0,0.1839622641509434,-3.9171652793884277,-0.0008204091573134065,-0.00013057218166068196,107.98625648021698
3500.0,425,0,-1.3612111806869507,-99.5706601792622,-76.38614512569872,0.490234375,0.7915517091751099,38.066664588358734,0.0,0.19582245430809397,-17.899520874023438,-0.003748866729438305,-0.000596650701481849,23.63191731274128
3500.0,425,1,-11.152825355529785,-111.3719291764254,-72.98529751327513,0.0,0.106597900390625,100.0,1.0,0.14239482200647247,-23.54800796508789,-0.004931883420795202,-0.00078493362525478,17.96330325305462
3500.0,425,2,14.644790649414062,-92.65641550440037,-70.02539322465401,3.609375,4.913573741912842,26.542773354310555,0.0,0.14622641509433965,-37.15083312988281,-0.007780852727591991,-0.0012383611174300313,11.386016383767128
3500.0,425,3,12.69190788269043,-91.70395099579594,-64.81116817941754,3.609375,4.29176664352417,15.900017410169031,0.0,0.10117647058823531,-54.818504333496094,-0.011481160297989845,-0.0018272835295647383,7.716372609138489
3500.0,425,4,-1.2748080492019653,-93.6566064007832,-62.36118209798783,0.490234375,0.8037418127059937,39.00598833479797,0.0,0.40441176470588236,45.047218322753906,0.009434668347239494,0.0015015739481896162,9.390147402882576
3500.0,425,5,9.622476577758789,-97.26851606760664,-63.4062953938812,0.490234375,3.3458828926086426,85.34813109917947,0.0,0.6759259259259259,55.08159255981445,0.011536262929439545,0.0018360530957579613,7.679516449570656
3500.0,425,6,-10.401300430297852,-104.5964245030359,-69.31685458209782,0.0,0.1258808672428131,100.0,1.0,0.2688679245283019,-52.253456115722656,-0.010943938046693802,-0.0017417819472029805,8.095158264040947
3500.0,425,7,17.239253997802734,-82.37326661284618,-59.92360596906636,0.0,5.753745079040527,100.0,1.0,0.19294117647058828,-8.491283416748047,-0.0017784102819859982,-0.0002830427838489413,49.815792590379715
3500.0,425,8,28.80414581298828,-75.63226273452477,-64.104497292145,5.5546875,9.570428848266602,41.9598892790884,0.0,0.18352941176470583,-6.276788711547852,-0.001314607565291226,-0.00020922628755215555,67.39114969968796
3500.0,426,0,-4.7606892585754395,-99.58503362464114,-76.39386576460404,0.0,0.4159122705459595,100.0,1.0,0.19791666666666663,-16.78982162475586,-0.003516451921314001,-0.000559660722501576,25.19383653998375
3500.0,426,1,-12.169650077819824,-111.37635182129858,-73.00192458578329,0.0,0.08498746901750565,100.0,1.0,0.14516129032258063,-23.715246200561523,-0.004966909531503916,-0.0007905082311481237,17.83662661910057
3500.0,426,2,13.527624130249023,-92.69390398730079,-70.06453639625255,3.322265625,4.556433200836182,27.086265098974593,0.0,0.14588235294117646,-37.33909225463867,-0.007820282131433487,-0.0012446363689377904,11.32860966026783
3500.0,426,3,12.691515922546387,-91.9137543724546,-64.90163391728194,3.322265625,4.291642665863037,22.587552513953256,0.0,0.10093896713615025,-54.834495544433594,-0.011484511196613312,-0.0018278165953233838,7.714122533798218
3500.0,426,4,9.699880599975586,-93.3970054243005,-62.26987144979538,0.490234375,3.3690876960754395,85.44904676802977,0.0,0.4034229828850856,38.714210510253906,0.008108285255730152,0.0012904737377539277,10.926220566034317
3500.0,426,5,6.26859712600708,-97.09952240212844,-63.29420947997311,0.490234375,2.3882064819335938,79.47269724336878,0.0,0.6728110599078341,55.005218505859375,0.01152026653289795,0.0018335073255002499,7.690179627388716
3500.0,426,6,-9.131736755371094,-104.6550957620103,-69.36448240488755,0.0,0.16624122858047485,100.0,1.0,0.2705882352941177,-52.00090789794922,-0.01089104451239109,-0.0017333636060357094,8.134473115205765
3500.0,426,7,14.006129264831543,-82.33287709015785,-59.94864543730861,3.90234375,4.70897912979126,17.129729343842225,0.0,0.19248826291079812,-17.771169662475586,-0.0037219850346446037,-0.0005923723219893873,23.80259893834591
3500.0,426,8,30.0,-75.76126184898487,-64.11022561389393,5.5546875,9.967226028442383,44.270477220550674,0.0,0.18309859154929575,-4.86790657043457,-0.0010195320937782526,-0.00016226356092374772,86.89567446708679
3500.0,427,0,-3.608821153640747,-99.59963599990874,-76.4016339110756,0.0,0.5216839909553528,100.0,1.0,0.19999999999999996,-18.132471084594727,-0.003797655925154686,-0.0006044157198630273,23.32831546664238
3500.0,427,1,-12.0535249710083,-111.38084772966141,-73.01863024491476,0.0,0.08722230046987534,100.0,1.0,0.14790996784565913,-23.876686096191406,-0.005000721663236618,-0.0007958895293995738,17.716025933623314
3500.0,427,2,12.840617179870605,-92.73158252583244,-70.10360568774219,3.322265625,4.338684558868408,23.426891724377974,0.0,0.14553990610328638,-37.50251007080078,-0.007854508236050606,-0.0012500836746767163,11.279244907200336
3500.0,427,3,12.292427062988281,-91.96985885475691,-64.9912142160423,3.322265625,4.166140556335449,20.255555949790715,0.0,0.10070257611241218,-57.195762634277344,-0.011979052796959877,-0.0019065254600718617,7.395653054118156
3500.0,427,4,19.1976375579834,-93.50903291008629,-62.17875501108574,0.876953125,6.394567966461182,86.28596756497821,0.0,0.4024390243902439,37.73172378540039,0.007902514189481735,0.0012577241286635399,11.210725642740726
3500.0,427,5,7.4538116455078125,-96.67317458090483,-63.18065374798607,0.490234375,2.7145583629608154,81.94054761580838,0.0,0.6697247706422018,54.92682647705078,0.011503848247230053,0.0018308942671865225,7.701155263930559
3500.0,427,6,-0.014189250767230988,-104.71366606248407,-69.41191193918658,0.490234375,0.9976451396942139,50.86084665833578,0.0,0.2699530516431925,-50.70543670654297,-0.010619722306728363,-0.0016901812050491571,8.342300541698933
3500.0,427,7,13.893231391906738,-82.34753205432234,-59.977707770192424,2.73046875,4.672926902770996,41.56834021133818,0.0,0.1920374707259953,-5.071681022644043,-0.0010622104164212942,-0.00016905603115446866,83.4043025970459
3500.0,427,8,30.0,-76.0222406670244,-64.1173952368318,5.5546875,9.967226028442383,44.270477220550674,0.0,0.18266978922716626,-5.087922096252441,-0.0010656118392944336,-0.0001695974060567096,83.13806354999542
3500.0,428,0,-3.566840410232544,-100.69303218613581,-76.40944872863349,0.0,0.5259300470352173,100.0,1.0,0.20207253886010368,-17.30813980102539,-0.003625008277595043,-0.0005769379786215723,24.439368396997452
3500.0,428,1,-30.0,-220.0,-73.03541198813497,0.0,0.0014419741928577423,100.0,,0.14790996784565913,0.0,0.0,0.0,1000000000000.0
3500.0,428,2,12.856619834899902,-92.74026940675775,-70.14259683470563,3.029296875,4.343738555908203,30.26060763073194,0.0,0.14519906323185017,-37.671051025390625,-0.007889807224273682,-0.0012557017616927624,11.228782124817371
3500.0,428,3,10.762983322143555,-92.01021043204605,-65.07991425398103,0.0,3.6916017532348633,100.0,1.0,0.10280373831775702,-59.061744689941406,-0.01236986368894577,-0.001968724885955453,7.161996327340603
3500.0,428,4,7.156181812286377,-93.70413640818528,-62.087887359123314,0.0,2.631195306777954,100.0,1.0,0.4038929440389294,36.44527053833008,0.0076330797746777534,0.0012148423120379448,11.606444604694843
3500.0,428,5,10.036585807800293,-96.56448768617642,-63.065587197864794,0.490234375,3.470484733581543,85.87418148662832,0.0,0.6666666666666667,54.67711639404297,0.011451547965407372,0.0018225705716758966,7.736326195299625
3500.0,428,6,-0.8517253994941711,-104.77214332504556,-69.45914029903821,0.490234375,0.8654564023017883,43.355393328172156,0.0,0.26932084309133486,-51.217002868652344,-0.010726863518357277,-0.001707233488559723,8.25897604227066
3500.0,428,7,12.29228687286377,-82.42529733079854,-60.01067975454401,2.73046875,4.166097164154053,34.459791924837745,0.0,0.19158878504672894,-10.132566452026367,-0.0021221598144620657,-0.00033775222254917026,41.746582835912704
3500.0,428,8,30.0,-76.20450795524577,-64.12599029793574,5.5546875,9.967226028442383,44.270477220550674,0.0,0.18224299065420557,-5.750036239624023,-0.0012042848393321037,-0.00019166787387803197,73.56475293636322
3500.0,429,0,-3.350302219390869,-100.70649616927224,-76.41730944083666,0.0,0.548287570476532,100.0,1.0,0.2041343669250646,-17.151897430419922,-0.0035922853276133537,-0.0005717299063690007,24.661995470523834
3500.0,429,1,-30.0,-220.0,-73.05226747174055,0.0,0.0014419741928577423,100.0,,0.14790996784565913,0.0,0.0,0.0,1000000000000.0
3500.0,429,2,12.597426414489746,-92.77794170483557,-70.18150602006537,3.029296875,4.261999130249023,28.923099643546813,0.0,0.1448598130841121,-37.470985412597656,-0.007847905158996582,-0.0012490329099819064,11.288734152913094
3500.0,429,3,9.068289756774902,-92.05076678343158,-65.16774072380001,2.56640625,3.180971145629883,19.32003993416259,0.0,0.10256410256410253,-57.4242057800293,-0.012026898562908173,-0.0019141401862725616,7.366231642663479
3500.0,429,4,13.41121768951416,-93.74557846711753,-61.99732792881445,0.490234375,4.519428253173828,89.15273464833243,0.0,0.40291262135922334,35.22180938720703,0.007376839406788349,0.0011740602785721421,12.009604834020138
3500.0,429,5,7.626532077789307,-96.50022967194087,-62.94896828257852,0.490234375,2.7633399963378906,82.2593536933681,0.0,0.6636363636363636,54.62718200683594,0.011441091075539589,0.0018209060654044151,7.743397727608681
3500.0,429,6,-3.640781879425049,-104.83060669377734,-69.50616512596766,0.490234375,0.5184706449508667,5.446069170134504,0.0,0.26869158878504673,-51.36549377441406,-0.010757964104413986,-0.0017121831187978387,8.235100656747818
3500.0,429,7,11.657179832458496,-82.46362768240458,-60.047441682458945,2.5703125,3.9677188396453857,35.21938917855073,0.0,0.1911421911421911,-5.209674835205078,-0.0010911118006333709,-0.0001736558333504945,81.19508624076843
3500.0,429,8,30.0,-76.4064252367952,-64.1359945145933,5.5546875,9.967226028442383,44.270477220550674,0.0,0.18181818181818177,-6.59760046005249,-0.001381798181682825,-0.00021992002439219505,64.11422044038773
3500.0,430,0,-4.648563861846924,-102.82005219021232,-76.42521634123096,0.0,0.42533165216445923,100.0,1.0,0.20618556701030932,-15.99740219116211,-0.0033504883758723736,-0.0005332467262633145,26.441793888807297
3500.0,430,1,-30.0,-220.0,-73.069196807597,0.0,0.0014419741928577423,100.0,,0.14790996784565913,0.0,0.0,0.0,1000000000000.0
3500.0,430,2,12.629727363586426,-92.79769482773192,-70.22033479788462,3.029296875,4.272171974182129,29.09234709401105,0.0,0.1445221445221445,-37.68743133544922,-0.00789323728531599,-0.0012562477495521307,11.223901063203812
3500.0,430,3,9.632767677307129,-92.09168897768029,-65.25471675536141,2.16015625,3.348966121673584,35.49781719139931,0.0,0.10232558139534886,-58.51443862915039,-0.012255235575139523,-0.0019504813244566321,7.228984963148832
3500.0,430,4,8.380976676940918,-94.78135171279166,-61.90716252808883,1.328125,2.97967267036438,55.42715100187211,0.0,0.4019370460048426,39.139442443847656,0.008197345770895481,0.0013046481180936098,10.807512328028679
3500.0,430,5,5.751380443572998,-96.38592175642691,-62.83076941581088,0.490234375,2.250830888748169,78.21984861454204,0.0,0.6606334841628959,54.584232330322266,0.011432094499468803,0.0018194743897765875,7.7494909055531025
3500.0,430,6,-5.73741340637207,-104.88883070312171,-69.55299045838044,0.0,0.34123969078063965,100.0,1.0,0.27039627039627034,-51.08582305908203,-0.01069938950240612,-0.0017028608126565814,8.280184119939804
3500.0,430,7,19.846263885498047,-82.50479165646428,-60.08791121392061,2.40625,6.607656002044678,63.583909343110356,0.0,0.19069767441860463,-5.7913408279418945,-0.0012129356618970633,-0.0001930447033373639,73.04008305072784
3500.0,430,8,25.705541610717773,-76.62418294786691,-64.14740625962253,5.5546875,8.543069839477539,34.980193251707014,0.0,0.1813953488372093,-7.755834579467773,-0.0016243783757090569,-0.00025852781254798174,54.53958734869957
3500.0,431,0,-4.273398399353027,-102.84480824756571,-76.43316930307128,0.0,0.45819082856178284,100.0,1.0,0.20822622107969146,-16.930278778076172,-0.00354586960747838,-0.0005643426557071507,24.984821677207947
3500.0,431,1,-30.0,-220.0,-73.08619914107862,0.0,0.0014419741928577423,100.0,,0.14790996784565913,0.0,0.0,0.0,1000000000000.0
3500.0,431,2,11.235126495361328,-92.83511852954605,-70.25908265151172,3.029296875,3.8368961811065674,21.048244935145842,0.0,0.14418604651162792,-37.29078674316406,-0.007810164708644152,-0.001243026228621602,11.343284510076046
3500.0,431,3,9.7272367477417,-91.90899927572698,-65.34085815282722,2.40625,3.377298355102539,28.75222301978283,0.0,0.10208816705336432,-59.232933044433594,-0.012405716814100742,-0.001974431099370122,7.141297683119774
3500.0,431,4,14.496742248535156,-97.16244094662756,-61.817471663824655,0.6015625,4.866052150726318,87.63756570282114,0.0,0.40096618357487923,33.984745025634766,0.007117748260498047,0.0011328248074278235,12.446761131286621
3500.0,431,5,5.070228099822998,-96.26965909175001,-62.71095516552047,0.490234375,2.075131893157959,76.3757486154793,0.0,0.6576576576576576,54.78773880004883,0.011474717408418655,0.0018262580269947648,7.720705587416887
3500.0,431,6,-4.326757907867432,-104.94686398442268,-69.59961780910234,0.0,0.4533892273902893,100.0,1.0,0.27209302325581397,-51.256690979003906,-0.010735176503658295,-0.0017085564322769642,8.25258158147335
3500.0,431,7,15.688131332397461,-82.5274412618637,-60.131976985661936,0.0,5.249905586242676,100.0,1.0,0.19257540603248258,-10.127281188964844,-0.002121052937582135,-0.00033757605706341565,41.76836833357811
3500.0,431,8,28.16925811767578,-76.81976090662994,-64.1602153577526,5.5546875,9.359822273254395,40.653921219503616,0.0,0.18097447795823662,-9.937200546264648,-0.002081242622807622,-0.00033124000765383244,42.56732016801834
3500.0,432,0,-5.781723499298096,-104.59661786077842,-76.4411670885876,0.0,0.3381516933441162,100.0,1.0,0.2102564102564103,-14.55026912689209,-0.0030474013183265924,-0.0004850089899264276,29.07162718474865
3500.0,432,1,-14.096565246582031,-108.82073983881799,-73.10327111333814,0.0,0.05510580912232399,100.0,1.0,0.15064102564102566,-21.44963836669922,-0.004492402076721191,-0.0007149879820644855,19.720612093806267
3500.0,432,2,9.639185905456543,-92.87259198764059,-70.29774374817904,2.73046875,3.350889205932617,18.515099061890417,0.0,0.14385150812064962,-38.51414489746094,-0.008066384121775627,-0.0012838048860430717,10.982978157699108
3500.0,432,3,7.0763139724731445,-91.50803862633587,-65.42616460314389,0.0,2.6089792251586914,100.0,1.0,0.10416666666666663,-59.105560302734375,-0.012379040010273457,-0.0019701854325830936,7.156687323004007
3500.0,432,4,-5.005037784576416,-97.30873943010744,-61.728318005239665,0.0,0.396007239818573,100.0,1.0,0.40240963855421685,34.630767822265625,0.007253050804138184,0.0011543589644134045,12.214572168886662
3500.0,432,5,5.630470275878906,-96.15151295178393,-62.58947411182373,0.490234375,2.2191975116729736,77.90938515290468,0.0,0.6547085201793722,54.327735900878906,0.011378375813364983,0.001810924499295652,7.786078378558159
3500.0,432,6,-1.397544264793396,-105.0048420726242,-69.64604232823137,0.490234375,0.7864672541618347,37.66626996791371,0.0,0.271461716937355,-51.26026153564453,-0.010735923424363136,-0.0017086754087358713,8.252006024122238
3500.0,432,7,14.305784225463867,-82.28596154183481,-60.1794759143387,3.322265625,4.804839611053467,30.855847563419726,0.0,0.19212962962962965,-11.196542739868164,-0.0023449985310435295,-0.00037321809213608503,37.77952119708061
3500.0,432,8,30.0,-77.05578811535084,-64.17439444579485,5.5546875,9.967226028442383,44.270477220550674,0.0,0.18055555555555558,-9.958260536193848,-0.002085653366521001,-0.0003319420211482793,42.47729852795601
3500.0,433,0,-2.390669584274292,-104.61768427332478,-76.4492101650645,0.490234375,0.6568876504898071,25.370133745936986,0.0,0.2097186700767263,-14.660690307617188,-0.003070527920499444,-0.0004886896931566298,28.852665796875954
3500.0,433,1,-30.0,-220.0,-73.12041324742668,0.0,0.0014419741928577423,100.0,,0.15064102564102566,0.0,0.0,0.0,1000000000000.0
3500.0,433,2,9.110394477844238,-92.91010889512377,-70.33632060015822,2.40625,3.1934220790863037,24.64979760243682,0.0,0.1435185185185185,-37.97564697265625,-0.007953600957989693,-0.0012658549239858985,11.138717643916607
3500.0,433,3,8.383101463317871,-91.54804759565283,-65.51066065205742,1.4765625,2.9802889823913574,50.45572732295177,0.0,0.10392609699769051,-53.164520263671875,-0.011134752072393894,-0.0017721507465466857,7.956434041261673
3500.0,433,4,4.41513729095459,-97.22673395684829,-61.63980560227211,0.490234375,1.9122073650360107,74.36290728904457,0.0,0.4014423076923077,37.91070556640625,0.007939999923110008,0.0012636901810765266,11.157798580825329
3500.0,433,5,8.298819541931152,-96.031365891761,-62.46629900020566,0.490234375,2.955869197845459,83.41488265592628,0.0,0.6517857142857143,54.04692459106445,0.01131956186145544,0.0018015641253441572,7.826532237231731
3500.0,433,6,-2.810312509536743,-105.57567881523013,-69.69226907301893,0.490234375,0.6074488759040833,19.296191918970894,0.0,0.27083333333333337,-51.567955017089844,-0.010800367221236229,-0.001718931831419468,8.202768862247467
3500.0,433,7,11.299121856689453,-82.34662824778613,-60.23031063109658,2.73046875,3.856677532196045,29.201528330909387,0.0,0.19168591224018472,-15.928945541381836,-0.0033361506648361683,-0.0005309648695401847,26.55543014407158
3500.0,433,8,30.0,-77.29661082931807,-64.18994016262758,5.5546875,9.967226028442383,44.270477220550674,0.0,0.18013856812933027,-10.041516304016113,-0.002103090286254883,-0.00033471721690148115,42.12511330842972
3500.0,434,0,-2.2354464530944824,-104.63888180293549,-76.45729859945138,0.490234375,0.6759618520736694,27.47602938004673,0.0,0.2091836734693877,-14.768007278442383,-0.0030930042266845703,-0.0004922669031657279,28.64299900829792
3500.0,434,1,-30.0,-220.0,-73.13762515495068,0.0,0.0014419741928577423,100.0,,0.15064102564102566,0.0,0.0,0.0,1000000000000.0
3500.0,434,2,9.840006828308105,-92.94775035646751,-70.37481376233382,2.40625,3.41119647026062,29.460234232238193,0.0,0.14318706697459582,-37.817970275878906,-0.007920577190816402,-0.001260599005036056,11.185158975422382
3500.0,434,3,13.116840362548828,-91.5883473906735,-65.59436420647447,1.9140625,4.426043510437012,56.754548492655644,0.0,0.10368663594470051,-53.804237365722656,-0.011268734000623226,-0.0017934745410457253,7.861834019422531
3500.0,434,4,2.0526442527770996,-97.25736806141832,-61.552035372748236,0.490234375,1.3808523416519165,64.49769752980745,0.0,0.4004796163069544,32.693763732910156,0.0068473657593131065,0.0010897921165451407,12.938247993588448
3500.0,434,5,10.186619758605957,-95.9240243591731,-62.341396411633,0.490234375,3.5158984661102295,86.0566401525706,0.0,0.6488888888888888,53.89624786376953,0.011288003996014595,0.0017965416191145778,7.8484127297997475
3500.0,434,6,-9.764039993286133,-105.63366842536476,-69.73830071556021,0.0,0.14480796456336975,100.0,1.0,0.2725173210161663,-52.240821838378906,-0.010941293090581894,-0.0017413607565686107,8.097115904092789
3500.0,434,7,19.009092330932617,-82.49746603123225,-60.2843606364877,2.16015625,6.332695484161377,65.8888342980846,0.0,0.1912442396313364,-6.406769275665283,-0.0013418307062238455,-0.0002135589747922495,66.02391600608826
3500.0,434,8,26.350830078125,-77.53936978515779,-64.20684169531495,5.5546875,8.756896018981934,36.56784906479018,0.0,0.17972350230414746,-10.023561477661133,-0.002099329838529229,-0.0003341187257319689,42.200569063425064
3500.0,435,0,-3.033825397491455,-104.6600569716979,-76.46543150987131,0.490234375,0.5823622345924377,15.81968302888198,0.0,0.20865139949109412,-14.88577651977539,-0.003117669839411974,-0.0004961925442330539,28.416387736797333
3500.0,435,1,-30.0,-220.0,-73.15490431380204,0.0,0.0014419741928577423,100.0,,0.15064102564102566,0.0,0.0,0.0,1000000000000.0
3500.0,435,2,10.10133171081543,-92.98547633713953,-70.41321932697451,2.5703125,3.490065574645996,26.353461130577415,0.0,0.1428571428571429,-37.66870880126953,-0.007889315485954285,-0.0012556236470118165,11.229479685425758
3500.0,435,3,11.2738676071167,-91.60917635782675,-65.67727971750581,3.029296875,3.8488683700561523,21.29383019259231,0.0,0.10344827586206895,-53.359336853027344,-0.011175554245710373,-0.0017786446260288358,7.927385158836842
3500.0,435,4,15.961763381958008,-96.58525354616594,-61.46509123747311,0.490234375,5.338486671447754,90.8169785714375,0.0,0.3995215311004785,30.90877914428711,0.006473519839346409,0.0010302925948053598,13.685432262718678
3500.0,435,5,9.265229225158691,-95.79910003915245,-62.21471673069156,0.490234375,3.239323139190674,84.86614783598026,0.0,0.6460176991150443,53.94105529785156,0.011297388933598995,0.0017980352276936173,7.841893471777439
3500.0,435,6,-7.867858409881592,-105.69154049025312,-69.78413460638825,0.0,0.21832947432994843,100.0,1.0,0.27419354838709675,-52.20176696777344,-0.010933112353086472,-0.00174005888402462,8.103174157440662
3500.0,435,7,17.300113677978516,-82.5456576457848,-60.34146236757667,4.212890625,5.773589611053467,27.031692433863462,0.0,0.19080459770114944,-10.630594253540039,-0.0022264665458351374,-0.00035435313475318253,39.790816605091095
3500.0,435,8,27.911840438842773,-77.78129843070096,-64.22507287802853,5.5546875,9.274444580078125,40.107599414290654,0.0,0.17931034482758623,-13.671296119689941,-0.0028633098118007183,-0.0004557098727673292,30.940739437937737
3500.0,436,0,-7.546663761138916,-104.68145246622704,-76.47360827783409,0.0,0.2337990403175354,100.0,1.0,0.21065989847715738,-14.991954803466797,-0.0031399077270179987,-0.0004997318610548973,28.215134516358376
3500.0,436,1,-30.0,-220.0,-73.17224881488409,0.0,0.0014419741928577423,100.0,,0.15064102564102566,0.0,0.0,0.0,1000000000000.0
3500.0,436,2,9.332385063171387,-93.02322724522534,-70.45153475349517,2.5703125,3.2592854499816895,21.138772916792547,0.0,0.14252873563218393,-38.366180419921875,-0.008035394363105297,-0.00127887271810323,11.025335639715195
3500.0,436,3,1.6525657176971436,-92.0602314263864,-65.75941556189463,0.0,1.300440788269043,100.0,1.0,0.10550458715596334,-52.58135986328125,-0.011012613773345947,-0.0017527120653539896,8.044675923883915
3500.0,436,4,10.416110038757324,-99.94251868503886,-61.379067325565664,1.9140625,3.585627317428589,46.618476195327005,0.0,0.3985680190930787,31.980911254882812,0.006698066834360361,0.0010660303523764014,13.226640410721302
3500.0,436,5,6.644472599029541,-95.59871217903091,-62.08621298148758,0.490234375,2.4900383949279785,80.31217606931,0.0,0.6431718061674009,55.31953811645508,0.011586098000407219,0.0018439845880493522,7.646484766155481
3500.0,436,6,-3.2413744926452637,-105.74881219692557,-69.82976970022948,0.490234375,0.5598264932632446,12.431015520110556,0.0,0.27356321839080455,-51.78385543823242,-0.010845585726201534,-0.0017261285101994872,8.168568834662437
3500.0,436,7,15.35352611541748,-82.62436083776132,-60.401461061303735,3.90234375,5.141785144805908,24.105273944749683,0.0,0.19036697247706424,-7.883435249328613,-0.0016511029098182917,-0.0002627811918500811,53.65681275725365
3500.0,436,8,30.0,-78.0184580859955,-64.24461038309886,0.0,9.967226028442383,100.0,1.0,0.18119266055045868,-13.372475624084473,-0.002800724934786558,-0.00044574920320883393,31.632140278816223
3500.0,437,0,-30.0,-220.0,-76.48182930370703,0.0,0.0014419741928577423,100.0,,0.21065989847715738,0.0,0.0,0.0,1000000000000.0
3500.0,437,1,-30.0,-220.0,-73.18965904227974,0.0,0.0014419741928577423,100.0,,0.15064102564102566,0.0,0.0,0.0,1000000000000.0
3500.0,437,2,-6.821403980255127,-105.88589857738866,-70.48976231667801,0.0,0.27250391244888306,100.0,1.0,0.14449541284403666,-48.360252380371094,-0.010128547437489033,-0.0016120084328576922,8.746853098273277
3500.0,437,3,6.731011867523193,-92.10103922208019,-65.84079341269464,0.6015625,2.5137107372283936,76.06874605376113,0.0,0.10526315789473684,-53.65999984741211,-0.011238524690270424,-0.0017886667046695948,7.882966659963131
3500.0,437,4,5.5341668128967285,-99.25498453335152,-61.29408634443891,0.876953125,2.19413685798645,60.03197695677124,0.0,0.39761904761904765,34.47651672363281,0.007220745086669922,0.0011492172488942742,12.269221246242523
3500.0,437,5,12.683645248413086,-95.56947355176538,-61.95585407755426,0.490234375,4.2891621589660645,88.57039307839611,0.0,0.6403508771929824,54.779273986816406,0.011472944170236588,0.0018259758362546563,7.72189861163497
3500.0,437,6,-4.186642169952393,-105.80525916994391,-69.8752106018517,0.0,0.46608996391296387,100.0,1.0,0.27522935779816515,-51.89556884765625,-0.010868983343243599,-0.0017298522870987654,8.150985464453697
3500.0,437,7,14.442906379699707,-83.01781700460113,-60.464239564580154,3.322265625,4.848785400390625,31.482518802907766,0.0,0.18993135011441653,-17.075210571289062,-0.003576223971322179,-0.0005691737169399858,24.772755801677704
3500.0,437,8,30.0,-78.25263405383473,-64.26544439068255,5.5546875,9.967226028442383,44.270477220550674,0.0,0.18077803203661325,-11.81855583190918,-0.0024752726312726736,-0.0003939518646802753,35.79117730259895
3500.0,438,0,-30.0,-220.0,-76.4900939035964,0.0,0.0014419741928577423,100.0,,0.21065989847715738,0.0,0.0,0.0,1000000000000.0
3500.0,438,1,-30.0,-220.0,-73.20713296110581,0.0,0.0014419741928577423,100.0,,0.15064102564102566,0.0,0.0,0.0,1000000000000.0
3500.0,438,2,-4.924516201019287,-105.90732478365013,-70.52789925616057,0.0,0.40247341990470886,100.0,1.0,0.14645308924485123,-49.69842529296875,-0.010408813133835793,-0.0016566142439842224,8.511336520314217
3500.0,438,3,5.155044078826904,-92.11338992292738,-65.92142038304189,1.328125,2.096670150756836,36.65551066673095,0.0,0.10502283105022836,-55.32525634765625,-0.0115872947499156,-0.0018441752763465047,7.64569453895092
3500.0,438,4,-1.7188220024108887,-99.62608646285494,-61.21025223680764,0.490234375,0.7425747513771057,33.9818147478271,0.0,0.39667458432304037,30.67595672607422,0.006424757651984692,0.001022531883791089,13.789300806820393
3500.0,438,5,12.503671646118164,-95.60279472876519,-61.82359191267854,0.490234375,4.232494831085205,88.41736624461973,0.0,0.6375545851528384,54.76258087158203,0.011469447985291481,0.0018254193710163236,7.72425252944231
3500.0,438,6,-16.30310821533203,-105.85895988457365,-69.92045593489203,0.0,0.033406104892492294,100.0,1.0,0.2768878718535469,-54.91869354248047,-0.011502144858241081,-0.0018306231359019876,7.702295668423176
3500.0,438,7,19.89022445678711,-83.33303467664109,-60.52963850039182,3.029296875,6.622110843658447,54.254814718165655,0.0,0.1894977168949772,-9.21037769317627,-0.0019290170166641474,-0.0003070125821977854,45.92645540833473
3500.0,438,8,22.577796936035156,-78.48069451026076,-64.28754889380696,5.5546875,7.508128643035889,26.01768344563181,0.0,0.18036529680365299,-12.563304901123047,-0.002631252631545067,-0.0004187768208794296,33.66948664188385
3500.0,439,0,-30.0,-220.0,-76.49840173225189,0.0,0.0014419741928577423,100.0,,0.21065989847715738,0.0,0.0,0.0,1000000000000.0
3500.0,439,1,-30.0,-220.0,-73.2246692948492,0.0,0.0014419741928577423,100.0,,0.15064102564102566,0.0,0.0,0.0,1000000000000.0
3500.0,439,2,-8.108022689819336,-105.92864100856873,-70.56594445811801,0.0,0.20738784968852997,100.0,1.0,0.14840182648401823,-48.517059326171875,-0.010161389596760273,-0.0016172353643923998,8.718582801520824
3500.0,439,3,6.490035057067871,-92.17072466343488,-66.00130765328845,1.17578125,2.448002338409424,51.969766059784185,0.0,0.10478359908883828,-53.76729202270508,-0.011260995641350746,-0.00179224309977144,7.8672366216778755
3500.0,439,4,1.4776355028152466,-99.66890868780418,-61.12767780727965,0.490234375,1.26620614528656,61.283209939795924,0.0,0.39573459715639814,29.79405975341797,0.0062400540336966515,0.0009931353852152824,14.197461307048798
3500.0,439,5,10.30584716796875,-95.3076399727587,-61.689379524222666,0.490234375,3.5520856380462646,86.1986893066677,0.0,0.6347826086956522,55.01515579223633,0.01152234710752964,0.0018338385270908475,7.688790559768677
3500.0,439,6,-5.934991836547852,-105.89416604199832,-69.96550624270958,0.0,0.32766082882881165,100.0,1.0,0.27853881278538817,-52.14311218261719,-0.010920828208327293,-0.0017381038051098585,8.112289011478424
3500.0,439,7,14.53099250793457,-84.18500672836564,-60.5975085838053,0.0,4.877041339874268,100.0,1.0,0.19134396355353078,-8.338924407958984,-0.0017465001437813044,-0.00027796413633041084,50.725966691970825
3500.0,439,8,28.929691314697266,-78.70338262188949,-64.31090057831216,5.33203125,9.612079620361328,44.527808126920576,0.0,0.17995444191343968,-14.869632720947266,-0.0031142886728048325,-0.0004956544144079089,28.447240591049194
3500.0,440,0,-30.0,-220.0,-76.50675206015586,0.0,0.0014419741928577423,100.0,,0.21065989847715738,0.0,0.0,0.0,1000000000000.0
3500.0,440,1,-30.0,-220.0,-73.24226593710117,0.0,0.0014419741928577423,100.0,,0.15064102564102566,0.0,0.0,0.0,1000000000000.0
3500.0,440,2,-7.7483015060424805,-105.94998130221809,-70.60389512071637,0.0,0.22397363185882568,100.0,1.0,0.1503416856492027,-48.76543045043945,-0.01021340861916542,-0.001625514356419444,8.674177341163158
3500.0,440,3,4.09527063369751,-92.21162430351734,-66.0804618549598,0.0,1.8349531888961792,100.0,1.0,0.10681818181818181,-54.89728546142578,-0.011497660540044308,-0.0018299095099791884,7.705299183726311
3500.0,440,4,-0.6252829432487488,-99.71551477165649,-61.04647430642929,0.490234375,0.8998777866363525,45.52211619397296,0.0,0.3947990543735225,29.075054168701172,0.006089465692639351,0.0009691684972494841,14.548554085195065
3500.0,440,5,12.809779167175293,-95.18035156180196,-61.55316551800907,0.490234375,4.328948974609375,88.67544113189192,0.0,0.6320346320346321,54.636104583740234,0.011442959308624268,0.001821203506551683,7.74213345721364
3500.0,440,6,-0.06348476558923721,-97.06632366525481,-70.01036005627537,0.490234375,0.9894939064979553,50.45604911958969,0.0,0.2779043280182233,-52.87921905517578,-0.011074998416006565,-0.0017626406624913216,7.999361492693424
3500.0,440,7,10.492398262023926,-84.172003040911,-60.66769047844929,2.73046875,3.6088759899139404,24.340189088483687,0.0,0.19090909090909092,-5.32347297668457,-0.001114945625886321,-0.00017744909564498812,79.45940643548965
3500.0,440,8,28.86661148071289,-78.92895329823409,-64.33547105017416,5.5546875,9.591153144836426,42.085300733723884,0.0,0.17954545454545456,-14.807901382446289,-0.0031013598199933767,-0.0004935967153869569,28.56583148241043
3500.0,441,0,-30.0,-220.0,-76.51514573406968,0.0,0.0014419741928577423,100.0,,0.21065989847715738,0.0,0.0,0.0,1000000000000.0
3500.0,441,1,-30.0,-220.0,-73.25992428747305,0.0,0.0014419741928577423,100.0,,0.15064102564102566,0.0,0.0,0.0,1000000000000.0
3500.0,441,2,-5.221665382385254,-105.97158526937038,-70.64175562775785,0.0,0.379057914018631,100.0,1.0,0.15227272727272723,-49.766258239746094,-0.010423021391034126,-0.0016588752623647451,8.499735035002232
3500.0,441,3,10.446602821350098,-92.25266788834071,-66.15890869407588,0.740234375,3.5949158668518066,79.4088539922285,0.0,0.10657596371882083,-53.87118911743164,-0.011282755061984062,-0.0017957063391804695,7.85206351429224
3500.0,441,4,13.245209693908691,-90.5198019019855,-60.96679722160433,0.490234375,4.466731071472168,89.02476179658548,0.0,0.3938679245283019,35.82273864746094,0.007502696942538023,0.0011940912809222937,11.808142997324467
3500.0,441,5,10.61260986328125,-95.16192958418307,-61.414927491364004,0.490234375,3.6455774307250977,86.55262755172112,0.0,0.6293103448275862,54.72031784057617,0.011460596695542336,0.0018240106292068958,7.730218581855297
3500.0,441,6,2.930321455001831,-97.11608532489615,-70.05502429278295,0.490234375,1.5673048496246338,68.72118559976317,0.0,0.2772727272727272,-52.8619384765625,-0.01107137929648161,-0.0017620646394789219,8.001976646482944
3500.0,441,7,17.333810806274414,-84.18799043688134,-60.74008310944031,1.9140625,5.784579753875732,66.91094977612579,0.0,0.19047619047619047,-11.918389320373535,-0.002496181521564722,-0.00039727965486235917,35.491373389959335
3500.0,441,8,27.017786026000977,-79.12824294690397,-64.3612531113872,5.5546875,8.977978706359863,38.129865511207505,0.0,0.17913832199546487,-15.12234878540039,-0.0031672175973653793,-0.0005040782853029668,27.971845120191574
3500.0,442,0,-30.0,-220.0,-76.5235810294532,0.0,0.0014419741928577423,100.0,,0.21065989847715738,0.0,0.0,0.0,1000000000000.0
3500.0,442,1,-30.0,-220.0,-73.27764003873807,0.0,0.0014419741928577423,100.0,,0.15064102564102566,0.0,0.0,0.0,1000000000000.0
3500.0,442,2,-5.91172981262207,-105.99299919309104,-70.6795187822654,0.0,0.32923415303230286,100.0,1.0,0.1541950113378685,-49.36684799194336,-0.010339368134737015,-0.0016455616569146514,8.568503893911839
3500.0,442,3,7.554628372192383,-92.3071803877337,-66.23664196368861,2.16015625,2.74299693107605,21.24831692201009,0.0,0.10633484162895923,-56.20836639404297,-0.01177225261926651,-0.001873612287454307,7.525570224970579
3500.0,442,4,17.67190170288086,-90.79655918535296,-60.88873615715443,1.328125,5.894930362701416,77.47004768023464,0.0,0.39294117647058824,33.147186279296875,0.006942330859601498,0.0011049062013626099,12.761264108121395
3500.0,442,5,12.611289978027344,-94.74164530464292,-61.27458914101756,0.490234375,4.2663655281066895,88.50932083127077,0.0,0.6266094420600858,54.131629943847656,0.01133730262517929,0.0018043876625597477,7.814285345375538
3500.0,442,6,6.526559829711914,-97.16562103003227,-70.09949228378649,0.490234375,2.4579193592071533,80.05490403240348,0.0,0.27664399092970526,-52.586090087890625,-0.011013605631887913,-0.0017528696916997433,8.043952286243439
3500.0,442,7,16.52661895751953,-84.37041975606492,-60.814491021196325,3.609375,5.521772384643555,34.633759804407525,0.0,0.19004524886877827,-8.059765815734863,-0.001688033458776772,-0.00026865885592997074,52.48291417956352
3500.0,442,8,30.0,-79.32378858452537,-64.3882013095135,5.5546875,9.967226028442383,44.270477220550674,0.0,0.17873303167420818,-16.091459274291992,-0.00337018771097064,-0.0005363819655030966,26.28723718225956
3500.0,443,0,-30.0,-220.0,-76.5320587300637,0.0,0.0014419741928577423,100.0,,0.21065989847715738,0.0,0.0,0.0,1000000000000.0
3500.0,443,1,-5.338519096374512,-107.36872721299177,-73.2954144722431,0.0,0.37018099427223206,100.0,1.0,0.15335463258785942,-31.917421340942383,-0.006684769410640001,-0.0010639140382409096,13.25295027345419
3500.0,443,2,-4.756176948547363,-106.01456060484628,-70.71718872312152,0.0,0.41628777980804443,100.0,1.0,0.15610859728506787,-48.060054779052734,-0.010065674781799316,-0.0016020018374547362,8.80148820579052
3500.0,443,3,7.030229091644287,-92.41053717026514,-66.3136861377414,1.4765625,2.596190929412842,43.12581238645875,0.0,0.10609480812641081,-58.53681564331055,-0.012259922921657562,-0.0019512271974235773,7.226221729069948
3500.0,443,4,17.809354782104492,-90.92521220474225,-60.8124570778611,2.5703125,5.939835548400879,56.72754777374301,0.0,0.392018779342723,32.71288299560547,0.006851369980722666,0.0010904294904321432,12.93068565428257
3500.0,443,5,11.657114028930664,-94.71040136886963,-61.132130439783175,0.490234375,3.967698097229004,87.64436297856497,0.0,0.6239316239316239,54.28799819946289,0.01137005165219307,0.001809599925763905,7.791777607053518
3500.0,443,6,5.4026031494140625,-97.34539529253698,-70.14377058132763,0.490234375,2.1600966453552246,77.30497956866269,0.0,0.27601809954751133,-52.88822555541992,-0.011076884344220161,-0.0017629408976063132,7.997999899089336
3500.0,443,7,13.319731712341309,-84.31611515017019,-60.890816995791134,3.322265625,4.490375995635986,26.013642772258383,0.0,0.18961625282167038,-9.558849334716797,-0.0020020008087158203,-0.0003186283283866942,44.2521907389164
3500.0,443,8,27.154783248901367,-79.5104601166649,-64.41630694122097,5.5546875,9.023399353027344,38.4412981994817,0.0,0.17832957110609482,-18.77003288269043,-0.003931186627596617,-0.0006256677443161607,22.53592200577259
3500.0,444,0,-2.2328152656555176,-104.8535389649521,-76.54057843616368,0.490234375,0.676288902759552,27.51110169047116,0.0,0.21012658227848102,-15.879569053649902,-0.003325809258967638,-0.0005293189897201955,26.638003066182137
3500.0,444,1,-3.6475977897644043,-107.4239644156372,-73.31324623380799,0.0,0.5177874565124512,100.0,1.0,0.1560509554140127,-32.09206008911133,-0.006721345242112875,-0.0010697353864088655,13.180830515921116
3500.0,444,2,-3.368225574493408,-106.6185493927832,-70.75476428472332,0.0,0.5464076399803162,100.0,1.0,0.15801354401805867,-48.57806396484375,-0.010174166411161423,-0.0016192687908187509,8.707634173333645
3500.0,444,3,9.311577796936035,-92.3923629893678,-66.39005057814643,1.328125,3.25309681892395,59.17351760716076,0.0,0.10585585585585588,-57.023956298828125,-0.011943070217967033,-0.0019007985247299075,7.417934946715832
3500.0,444,4,17.16327476501465,-91.06140943455968,-60.738092459907094,2.5703125,5.728976726531982,55.13487621451849,0.0,0.3911007025761124,31.259784698486328,0.006547033786773682,0.001041992800310254,13.531763106584549
3500.0,444,5,16.20168685913086,-94.57765029136499,-60.98750180265974,0.490234375,5.4162702560424805,90.94885683643487,0.0,0.6212765957446809,54.010498046875,0.01131193246692419,0.0018003499135375023,7.831810973584652
3500.0,444,6,5.486602306365967,-97.39438340317051,-70.18785950551909,0.490234375,2.1818039417266846,77.53077782910103,0.0,0.27539503386004516,-52.959632873535156,-0.011091839522123337,-0.0017653211252763867,7.987215183675289
3500.0,444,7,14.024008750915527,-84.58139545541289,-60.96891910446656,2.56640625,4.714691638946533,45.56576661769874,0.0,0.18918918918918914,-6.111207962036133,-0.0012799284886568785,-0.00020370693528093398,69.21708583831787
3500.0,444,8,24.934505462646484,-79.50268315784392,-64.44554199686482,5.5546875,8.287687301635742,32.97662788382869,0.0,0.1779279279279279,-22.81753921508789,-0.00477889459580183,-0.0007605846622027457,18.538370728492737
3500.0,445,0,-5.2819600105285645,-104.87519330936875,-76.54913894695915,0.0,0.3744544982910156,100.0,1.0,0.21212121212121215,-15.989577293395996,-0.0033488492481410503,-0.0005329858977347612,26.454733684659004
3500.0,445,1,-30.0,-220.0,-73.33113222539839,0.0,0.0014419741928577423,100.0,,0.1560509554140127,0.0,0.0,0.0,1000000000000.0
3500.0,445,2,-7.767175674438477,-106.63854411092017,-70.7922408597136,0.0,0.22307375073432922,100.0,1.0,0.15990990990990994,-48.68289566040039,-0.010196122340857983,-0.00162276322953403,8.688883855938911
3500.0,445,3,10.027131080627441,-92.46324866412499,-66.46573558572359,1.9140625,3.467627763748169,44.80196173273557,0.0,0.10561797752808988,-55.99285888671875,-0.011727117002010345,-0.0018664286471903324,7.554534822702408
3500.0,445,4,12.43350601196289,-91.2036091101186,-60.66575513590517,2.40625,4.21043586730957,42.850334838669056,0.0,0.3901869158878505,33.84609603881836,0.0070887100882828236,0.001128203235566616,12.49774917960167
3500.0,445,5,11.494549751281738,-94.34836509213197,-60.840635200703076,0.490234375,3.917208433151245,87.48510876135266,0.0,0.6186440677966102,54.23760223388672,0.011359496973454952,0.0018079200526699424,7.799017708748579
3500.0,445,6,1.7039697170257568,-97.4431591154832,-70.23175535239267,0.490234375,1.3106082677841187,62.594896808574795,0.0,0.27477477477477474,-53.025447845458984,-0.01110562402755022,-0.0017675149720162153,7.977302186191082
3500.0,445,7,15.298982620239258,-84.6354914388343,-61.04863286177455,2.73046875,5.124182224273682,46.714058351290866,0.0,0.18876404494382026,-9.461984634399414,-0.0019817135762423277,-0.00031539949122816324,44.70520839095116
3500.0,445,8,28.837596893310547,-79.66430735587232,-64.47586705172648,5.5546875,9.581526756286621,42.02711487127597,0.0,0.17752808988764046,-19.639278411865234,-0.004113241098821163,-0.000654642644803971,21.538469940423965
3500.0,446,0,-1.4522675275802612,-104.8970692224117,-76.55774079658224,0.490234375,0.7788558602333069,37.05711158761136,0.0,0.21158690176322414,-16.09947967529297,-0.003371867351233959,-0.0005366493132896721,26.274140924215317
3500.0,446,1,-30.0,-220.0,-73.34907319038825,0.0,0.0014419741928577423,100.0,,0.1560509554140127,0.0,0.0,0.0,1000000000000.0
3500.0,446,2,-3.541863203048706,-107.4013792114013,-70.82962150546757,0.0,0.5284698009490967,100.0,1.0,0.16179775280898878,-48.787109375,-0.010217948816716671,-0.0016262369463220239,8.6703235283494
3500.0,446,3,13.070144653320312,-92.45561854542316,-66.54076150525725,2.16015625,4.411257266998291,51.03082592437615,0.0,0.10538116591928248,-56.202720642089844,-0.011771070770919323,-0.001873424043878913,7.52632599323988
3500.0,446,4,13.56731128692627,-91.35113389968053,-60.59561505976989,1.328125,4.569059371948242,70.93220087806193,0.0,0.3892773892773893,31.45001983642578,0.006586877163499594,0.001048334059305489,13.449911959469318
3500.0,446,5,13.785706520080566,-94.21178397115096,-60.6915081147512,0.490234375,4.638624668121338,89.43147139346915,0.0,0.6160337552742616,53.942039489746094,0.011297594755887985,0.0017980680568143725,7.841750048100948
3500.0,446,6,5.8331990242004395,-97.36157921580748,-70.27546329870914,0.490234375,2.2723424434661865,78.42603449098957,0.0,0.2741573033707865,-53.09199142456055,-0.011119561269879341,-0.001769733033142984,7.96730350703001
3500.0,446,7,20.015371322631836,-84.78345272321818,-61.1298607914002,3.322265625,6.663267612457275,50.14059440162847,0.0,0.18834080717488788,-10.286737442016602,-0.0021544494666159153,-0.00034289126051589847,41.12090915441513
3500.0,446,8,18.479963302612305,-79.8196956383844,-64.50726790239838,5.5546875,6.159240245819092,9.815378548181553,0.0,0.17713004484304928,-33.08103942871094,-0.006928476504981518,-0.0011027012951672077,12.786781415343285
3500.0,447,0,-4.323113441467285,-104.91898829098133,-76.56638381170197,0.490234375,0.45371586084365845,0.0,0.0,0.21105527638190957,-16.209590911865234,-0.0033949289936572313,-0.0005403197137638927,26.095662266016006
3500.0,447,1,-30.0,-220.0,-73.36706830468155,0.0,0.0014419741928577423,100.0,,0.1560509554140127,0.0,0.0,0.0,1000000000000.0
3500.0,447,2,-6.75991678237915,-107.43217075895038,-70.86690616752435,0.0,0.2760402262210846,100.0,1.0,0.16367713004484308,-48.8908576965332,-0.010239677503705025,-0.0016296952962875366,8.651924319565296
3500.0,447,3,13.102437019348145,-92.43459776402509,-66.61513981275516,2.73046875,4.421482086181641,38.24539607355929,0.0,0.10514541387024612,-56.137969970703125,-0.011757509782910347,-0.0018712657038122416,7.535007316619158
3500.0,447,4,14.812555313110352,-91.50226419886985,-60.52782000542935,1.4765625,4.967489242553711,70.27547664620766,0.0,0.3883720930232558,29.502845764160156,0.006179061718285084,0.0009834282100200653,14.337600208818913
3500.0,447,5,10.902364730834961,-94.32331168365165,-60.54007867530149,0.490234375,3.73437237739563,86.87237571787387,0.0,0.6134453781512605,53.83885955810547,0.011275985278189182,0.0017946286825463176,7.856778800487518
3500.0,447,6,2.16107439994812,-97.4100291506877,-70.31898486740442,0.490234375,1.4031468629837036,65.06179161049846,0.0,0.273542600896861,-53.32902908325195,-0.011169206351041794,-0.0017776343738660216,7.931889966130257
3500.0,447,7,18.809967041015625,-84.82297291308083,-61.212481263601646,4.5234375,6.267387390136719,27.82578739079149,0.0,0.18791946308724827,-12.689875602722168,-0.0026577613316476345,-0.00042299585766159,33.333659172058105
3500.0,447,8,25.043380737304688,-79.96698782086955,-64.53971855895308,4.5234375,8.32374095916748,45.656195667429536,0.0,0.1767337807606264,-26.046459197998047,-0.005455157719552517,-0.0008682153420522809,16.240211203694344
3500.0,448,0,-3.9212443828582764,-104.94078022284515,-76.57506707993068,0.0,0.49097293615341187,100.0,1.0,0.21303258145363413,-16.319494247436523,-0.00341794709675014,-0.0005439831293188035,25.919921696186066
3500.0,448,1,-30.0,-220.0,-73.3851151381885,0.0,0.0014419741928577423,100.0,,0.1560509554140127,0.0,0.0,0.0,1000000000000.0
3500.0,448,2,-5.856675148010254,-107.46286745791174,-70.90409165723418,0.0,0.33298468589782715,100.0,1.0,0.16554809843400442,-48.992897033691406,-0.010261048562824726,-0.0016330966027453542,8.633905090391636
3500.0,448,3,12.557050704956055,-92.47573792761024,-66.68887374261737,2.73046875,4.249289035797119,35.74292718151627,0.0,0.1049107142857143,-56.278594970703125,-0.011786961928009987,-0.001875953166745603,7.516179233789444
3500.0,448,4,0.15576937794685364,-103.79462642347407,-60.462495673040586,0.0,1.0261048078536987,100.0,1.0,0.38979118329466356,20.727294921875,0.004341114778071642,0.0006909098592586815,20.407874137163162
3500.0,448,5,11.845245361328125,-94.02402865314707,-60.3862857296209,0.490234375,4.026279926300049,87.82413582826814,0.0,0.610878661087866,53.75079345703125,0.011257540434598923,0.0017916931537911296,7.8696515411138535
3500.0,448,6,6.3598456382751465,-97.45825775276352,-70.36231792740958,0.490234375,2.4127774238586426,79.68174063001672,0.0,0.27293064876957496,-53.005218505859375,-0.011101387441158295,-0.0017668406944721937,7.9803466796875
3500.0,448,7,15.724297523498535,-84.95071432551481,-61.296352734603005,4.5234375,5.261604309082031,14.029310562329533,0.0,0.1875,-12.14189624786377,-0.002542993053793907,-0.0004047298862133175,34.83805060386658
3500.0,448,8,21.491621017456055,-80.09183108443112,-64.57318230982281,5.5546875,7.149559497833252,22.3072763897775,0.0,0.1763392857142857,-28.844717025756836,-0.006041223648935556,-0.0009614905575290322,14.664730988442898
3500.0,449,0,-2.256546974182129,-104.9626890656986,-76.58379035700786,0.490234375,0.6733437180519104,27.194037479353728,0.0,0.21250000000000002,-16.42763900756836,-0.0034405968617647886,-0.0005475879879668355,25.749288499355316
3500.0,449,1,-3.914149045944214,-107.74482313916604,-73.40321274593516,0.0,0.4916532337665558,100.0,1.0,0.15873015873015872,-32.932586669921875,-0.006897384766489267,-0.001097752945497632,12.844420969486237
3500.0,449,2,-4.015468597412109,-107.4937076471463,-70.9411777258836,0.0,0.4820135831832886,100.0,1.0,0.1674107142857143,-49.08846664428711,-0.010281064547598362,-0.0016362821916118264,8.617095649242401
3500.0,449,3,12.616045951843262,-92.4941403733066,-66.76197405224246,2.73046875,4.267862796783447,36.02257429508119,0.0,0.10467706013363032,-56.38556671142578,-0.011809365823864937,-0.001879518968053162,7.501919753849506
3500.0,449,4,15.533805847167969,-92.15709942828906,-60.39979189040605,0.490234375,5.200009822845459,90.57243367413982,0.0,0.38888888888888884,20.115062713623047,0.004212888889014721,0.0006705020787194371,21.029017865657806
3500.0,449,5,13.738981246948242,-93.87974979733227,-60.23009016050803,0.490234375,4.623729228973389,89.39742466042185,0.0,0.6083333333333334,53.41404724121094,0.011187011376023293,0.0017804682720452547,7.919264957308769
3500.0,449,6,5.099867820739746,-97.50627269039647,-70.40546372672125,0.490234375,2.0826475620269775,76.46100166257273,0.0,0.2723214285714286,-53.37275314331055,-0.011178363114595413,-0.001779091777279973,7.9253921285271645
3500.0,449,7,13.513274192810059,-85.04446168204083,-61.38136305411864,3.322265625,4.551869869232178,27.013167765263702,0.0,0.1870824053452116,-12.038079261779785,-0.0025212494656443596,-0.00040126932435669005,35.13849526643753
3500.0,449,8,22.718711853027344,-80.26138514352525,-64.60763245757137,5.33203125,7.554686546325684,29.420880438867446,0.0,0.17594654788418707,-18.59218978881836,-0.003893938846886158,-0.0006197396432980895,22.751489654183388
3500.0,450,0,-4.505653381347656,-104.9846322084354,-76.59255345520234,0.0,0.43760254979133606,100.0,1.0,0.21446384039900246,-16.538061141967773,-0.00346372346393764,-0.0005512686911970377,25.57736448943615
3500.0,450,1,-5.900502681732178,-107.7980945015009,-73.4213603034946,0.0,0.32999587059020996,100.0,1.0,0.1613924050632911,-33.100650787353516,-0.006932584103196859,-0.0011033550836145878,12.779205106198788
3500.0,450,2,-6.338994026184082,-107.52481700652636,-70.97816438733167,0.0,0.30138570070266724,100.0,1.0,0.16926503340757237,-49.19117736816406,-0.01030257623642683,-0.0016397059662267566,8.599103428423405
3500.0,450,3,9.363399505615234,-92.5355128277223,-66.83445162262277,2.73046875,3.2685158252716064,16.461510484713525,0.0,0.10444444444444445,-56.939414978027344,-0.011925363913178444,-0.0018979805754497647,7.428948767483234
3500.0,450,4,1.4067271947860718,-91.677004353212,-60.33985650732924,0.0,1.252490758895874,100.0,1.0,0.39030023094688227,19.831504821777344,0.004153501242399216,0.0006610501441173255,21.329697221517563
3500.0,450,5,14.912879943847656,-93.74031358423167,-60.071452355819794,0.490234375,4.999763011932373,90.19484775918353,0.0,0.6058091286307055,53.39516067504883,0.011183056980371475,0.0017798386979848146,7.922066375613213
3500.0,450,6,1.875322699546814,-97.48453405332194,-70.4484237892988,0.490234375,1.3448517322540283,63.54732917818781,0.0,0.2717149220489977,-53.54728698730469,-0.01121491752564907,-0.001784909632988274,7.899560034275055
3500.0,450,7,9.198705673217773,-84.82070684890661,-61.46740420232723,2.73046875,3.21958065032959,15.191789038722147,0.0,0.18666666666666665,-24.282085418701172,-0.005085628479719162,-0.0008094028453342617,17.420250922441483
3500.0,450,8,24.56777000427246,-80.34708420372213,-64.64304185299173,5.5546875,8.166268348693848,31.980100789996158,0.0,0.17555555555555558,-25.433347702026367,-0.005326747894287109,-0.000847778283059597,16.631707549095154
3500.0,451,0,-0.7362369894981384,-105.00671288198033,-76.60135634791622,0.490234375,0.8828901052474976,44.473907671377255,0.0,0.2139303482587065,-16.64423942565918,-0.0034859615843743086,-0.0005548080080188811,25.414198637008667
3500.0,451,1,-3.28840970993042,-107.8511147654004,-73.43955735035857,0.0,0.5548197627067566,100.0,1.0,0.16403785488958988,-33.25862121582031,-0.0069656698033213615,-0.0011086206650361419,12.718507088720798
3500.0,451,2,-3.156168222427368,-107.55586113677515,-71.01505234536178,0.0,0.5689904689788818,100.0,1.0,0.1711111111111111,-49.27971267700195,-0.010321118868887424,-0.0016426570946350694,8.583653718233109
3500.0,451,3,8.793752670288086,-92.54046942665225,-66.90631889429633,2.16015625,3.1001152992248535,30.320131946701434,0.0,0.10421286031042132,-59.1518440246582,-0.012388734146952629,-0.001971728168427944,7.1510872803628445
3500.0,451,4,5.177213191986084,-91.26881841546157,-60.2828450354329,0.490234375,2.102316379547119,76.68122744181795,0.0,0.3894009216589862,17.03702735900879,0.0035682267043739557,0.000567900890018791,24.82827566564083
3500.0,451,5,30.0,-85.20585006914415,-59.91034461262919,0.490234375,9.967226028442383,95.08153649168713,0.0,0.6033057851239669,48.236541748046875,0.010102637112140656,0.0016078847693279386,8.76928586512804
3500.0,451,6,8.988914489746094,-97.53200621452955,-70.49120039845246,0.490234375,3.15753436088562,84.47413966185628,0.0,0.2711111111111111,-53.21379852294922,-0.011145072057843208,-0.001773793250322342,7.94906634837389
3500.0,451,7,15.343555450439453,-84.89891248330366,-61.55437934972959,1.6953125,5.138566970825195,67.00806840457015,0.0,0.1862527716186253,-14.585529327392578,-0.003054786240682006,-0.00048618431901559234,29.001347720623016
3500.0,451,8,18.868194580078125,-80.48262406737123,-64.67938609575032,5.5546875,6.28648042678833,11.640741354573692,0.0,0.17516629711751663,-30.440418243408203,-0.006375426426529884,-0.001014680601656437,13.89599870890379
3500.0,452,0,-1.5743070840835571,-105.02879697193094,-76.61019861208828,0.490234375,0.7620816826820374,35.67167586620238,0.0,0.21339950372208438,-16.760766983032227,-0.003510366892442107,-0.0005586922634392977,25.23750811815262
3500.0,452,1,-3.356325626373291,-107.90367291455722,-73.4578025703508,0.490234375,0.5476551651954651,10.484844085232147,0.0,0.16352201257861632,-33.43698501586914,-0.007003025617450476,-0.001114566228352487,12.65066210180521
3500.0,452,2,-1.756441593170166,-106.52468439273618,-71.05184065743072,0.490234375,0.7375599145889282,33.53294216467454,0.0,0.1707317073170732,-49.35192108154297,-0.010336242616176605,-0.001645064097829163,8.571094833314419
3500.0,452,3,9.045209884643555,-92.62886215220762,-66.97758388430492,1.9140625,3.1741514205932617,39.698450187916556,0.0,0.10398230088495575,-56.80693817138672,-0.0118976179510355,-0.0018935645930469036,7.446273695677519
3500.0,452,4,17.390626907348633,-90.61518581761554,-60.22889717194408,0.490234375,5.8031134605407715,91.55221798895663,0.0,0.3885057471264368,16.47074317932129,0.00344962440431118,0.0005490247858688235,25.68190172314644
3500.0,452,5,19.613428115844727,-84.99730100612209,-59.74672990706741,3.609375,6.531124114990234,44.73577692826625,0.0,0.6008230452674896,49.62034606933594,0.010392460972070694,0.0016540115466341376,8.524728938937187
3500.0,452,6,5.36129093170166,-97.5792608530958,-70.53379391244957,0.490234375,2.1494548320770264,77.19261797530844,0.0,0.270509977827051,-53.64166259765625,-0.01123468391597271,-0.0017880554078146815,7.885661907494068
3500.0,452,7,15.294448852539062,-85.07499457229783,-61.642183398581594,3.322265625,5.122719764709473,35.146449979810335,0.0,0.18584070796460173,-16.786108016967773,-0.003515674266964197,-0.000559536914806813,25.19940957427025
3500.0,452,8,26.323667526245117,-80.59408819296553,-64.71663495625916,4.5234375,8.747892379760742,48.29111626401013,0.0,0.1747787610619469,-25.809524536132812,-0.005405534524470568,-0.000860317493788898,16.38929918408394
3500.0,453,0,-0.3716578483581543,-105.05083725264795,-76.619079511505,0.490234375,0.939589262008667,47.824608600574024,0.0,0.21287128712871284,-16.861148834228516,-0.0035313910339027643,-0.0005620382726192474,25.087259709835052
3500.0,453,1,-3.344834089279175,-107.95581129819905,-73.47609397822215,0.490234375,0.5488620400428772,10.681676043454779,0.0,0.1630094043887147,-33.58207321166992,-0.007033413276076317,-0.0011194024700671434,12.596006505191326
3500.0,453,2,0.8350095152854919,-102.12651960200816,-71.08852713578577,0.490234375,1.1453484296798706,57.197795684146314,0.0,0.17035398230088494,-37.43547821044922,-0.007840468548238277,-0.001247849315404892,11.299441568553448
3500.0,453,3,11.577274322509766,-92.6698254186183,-67.04825127769854,1.9140625,3.9428858757019043,51.45529035482767,0.0,0.10375275938189843,-54.278282165527344,-0.01136801764369011,-0.0018092760583385825,7.793172262609005
3500.0,453,4,14.96298599243164,-90.39163468491631,-60.17813616264957,2.16015625,5.015890598297119,56.9337447125867,0.0,0.3876146788990825,15.16529655456543,0.0031762123107910156,0.0005055099027231336,27.89263054728508
3500.0,453,5,20.952062606811523,-84.83596876917133,-59.58056077291997,1.17578125,6.971664905548096,83.13485708321544,0.0,0.5983606557377049,52.30596160888672,0.010954935103654861,0.0017435320187360048,8.087032474577427
3500.0,453,6,7.505873680114746,-97.62628561040616,-70.5762032404078,0.490234375,2.729231834411621,82.03764265025559,0.0,0.26991150442477874,-53.420928955078125,-0.011188453063368797,-0.0017806976102292538,7.918245159089565
3500.0,453,7,15.039350509643555,-85.06121237506528,-61.73070604586256,3.322265625,5.040481090545654,34.08832281443297,0.0,0.1854304635761589,-18.885143280029297,-0.0039552953094244,-0.0006295047933235765,22.398559376597404
3500.0,453,8,18.116209030151367,-80.6994384453936,-64.75475344561602,0.0,6.04016637802124,100.0,1.0,0.17660044150110377,-25.85842514038086,-0.005415775813162327,-0.0008619475411251187,16.358304768800735
3500.0,454,0,-1.1480954885482788,-105.07303084231378,-76.62799937283009,0.490234375,0.8218718767166138,40.351484350761446,0.0,0.2123456790123457,-16.96836280822754,-0.003553845686838031,-0.0005656121065840125,24.92874674499035
3500.0,454,1,-3.3258166313171387,-108.00760434069241,-73.49443190454028,0.0,0.5508641004562378,100.0,1.0,0.16562500000000002,-33.739994049072266,-0.007066488265991211,-0.0011246665380895138,12.537050060927868
3500.0,454,2,1.9084004163742065,-102.15547932883725,-71.12511401563916,0.490234375,1.3515238761901855,63.727287128517254,0.0,0.16997792494481234,-40.06084442138672,-0.00839032419025898,-0.0013353615067899227,10.55893860757351
3500.0,454,3,13.214786529541016,-92.71075892537007,-67.11833649504527,2.73046875,4.457083225250244,38.73866356070349,0.0,0.1035242290748899,-55.6009521484375,-0.011645035818219185,-0.001853365101851523,7.607783656567335
3500.0,454,4,17.91122817993164,-90.47236109781822,-60.1307225801791,1.4765625,5.9731316566467285,75.27992709892935,0.0,0.38672768878718533,14.070344924926758,0.002946886233985424,0.00046901151654310524,30.06322868168354
3500.0,454,5,30.0,-84.75128554675908,-59.411837250438076,1.328125,9.967226028442383,86.67507894162252,0.0,0.5959183673469388,50.26081085205078,0.010526599362492561,0.00167536037042737,8.416100405156612
3500.0,454,6,7.321793556213379,-97.7431640400437,-70.61843233760169,0.490234375,2.677471160888672,81.69039569272941,0.0,0.26931567328918327,-53.49864959716797,-0.011204730719327927,-0.0017832883168011904,7.906741462647915
3500.0,454,7,12.394912719726562,-84.6370080391211,-61.819875889708925,0.0,4.198310852050781,100.0,1.0,0.18722466960352424,-24.871562957763672,-0.005209088325500488,-0.0008290521218441427,17.0073751360178
3500.0,454,8,28.843765258789062,-80.85382993764799,-64.79372205052532,4.212890625,9.583573341369629,56.0405031094809,0.0,0.17621145374449343,-23.759845733642578,-0.004976251162588596,-0.0007919948548078537,17.803145572543144
3500.0,455,0,-30.0,-220.0,-76.63695725630129,0.0,0.0014419741928577423,100.0,,0.2123456790123457,0.0,0.0,0.0,1000000000000.0
3500.0,455,1,-3.5636041164398193,-108.0589992137107,-73.5128139452562,0.490234375,0.5262585878372192,6.8453444123865115,0.0,0.1651090342679128,-33.90226364135742,-0.007100474089384079,-0.0011300754267722368,12.477043084800243
3500.0,455,2,1.4090067148208618,-102.53843812500163,-71.16159834656663,0.490234375,1.2529302835464478,60.87297262762454,0.0,0.16960352422907488,-39.50640869140625,-0.008274203166365623,-0.0013168803416192532,10.707124136388302
3500.0,455,3,11.820343017578125,-93.09128545354645,-67.18784191028163,3.029296875,4.018516540527344,24.616538355657237,0.0,0.10329670329670326,-56.55179214477539,-0.011844180524349213,-0.001885059755295515,7.479869294911623
3500.0,455,4,7.5632781982421875,-90.13180991511479,-60.08676234574193,0.0,2.745441198348999,100.0,1.0,0.3881278538812786,12.660867691040039,0.002651686081662774,0.0004220289411023259,33.41003134846687
3500.0,455,5,21.14126205444336,-84.56290849445111,-59.240513801402386,3.90234375,7.0340256690979,44.52190063587772,0.0,0.5934959349593496,48.12042236328125,0.010078317485749722,0.0016040140762925148,8.790446445345879
3500.0,455,6,5.820352554321289,-97.78991047285552,-70.66047919130283,0.490234375,2.2689592838287354,78.39386636446123,0.0,0.2687224669603524,-53.76647186279297,-0.011260824277997017,-0.0017922157421708107,7.867356762290001
3500.0,455,7,15.682241439819336,-84.76702571059782,-61.90958629014883,2.5703125,5.248000144958496,51.02301011806989,0.0,0.18681318681318682,-21.790800094604492,-0.004563854541629553,-0.0007263600127771497,19.411861896514893
3500.0,455,8,18.730085372924805,-80.9510542913828,-64.83350298791358,0.0,6.241198539733887,100.0,1.0,0.17802197802197806,-28.250232696533203,-0.005916714668273926,-0.0009416744578629732,14.973328448832035
3500.0,456,0,-30.0,-220.0,-76.64595277309365,0.0,0.0014419741928577423,100.0,,0.2123456790123457,0.0,0.0,0.0,1000000000000.0
3500.0,456,1,-3.3960835933685303,-108.11005304747741,-73.53123890747001,0.0,0.5434964299201965,100.0,1.0,0.16770186335403725,-34.05604553222656,-0.007132682017982006,-0.0011352015426382422,12.42070272564888
3500.0,456,2,-2.8752083778381348,-107.71327748384671,-71.19797949756354,0.490234375,0.6000769138336182,18.304743325632078,0.0,0.16923076923076918,-49.73759078979492,-0.01041701715439558,-0.0016579197254031897,8.504633791744709
3500.0,456,3,10.384861946105957,-93.136257500776,-67.25677553068971,2.73046875,3.5761144161224365,23.64705285462779,0.0,0.10307017543859653,-57.89312744140625,-0.012125108391046524,-0.0019297709222882986,7.3065669275820255
3500.0,456,4,18.168203353881836,-89.71849647706975,-60.04637794264809,0.490234375,6.0571770668029785,91.9065536702438,0.0,0.3872437357630979,13.725110054016113,0.002874580444768071,0.00045750368735753,30.819425359368324
3500.0,456,5,25.6451358795166,-84.25454371628098,-59.06657545284201,1.4765625,8.52305793762207,82.67567214952007,0.0,0.5910931174089069,49.85541534423828,0.010441694408655167,0.001661847229115665,8.484534919261932
3500.0,456,6,7.873560905456543,-97.76605516613114,-70.70234442528448,0.490234375,2.833604097366333,82.69926361782001,0.0,0.2681318681318682,-53.522499084472656,-0.011209726333618164,-0.0017840833170339465,7.9032182693481445
3500.0,456,7,17.76960563659668,-84.7785181372993,-61.99975395075946,3.322265625,5.926847457885742,43.94548453276479,0.0,0.1864035087719298,-17.316341400146484,-0.0036267261020839214,-0.0005772113800048828,24.42779392004013
3500.0,456,8,28.516435623168945,-81.04107651534144,-64.87406698616145,3.90234375,9.474983215332031,58.81424102487711,0.0,0.17763157894736847,-23.996109008789062,-0.005025733727961779,-0.0007998702931217849,17.627857625484467
3500.0,457,0,-30.0,-220.0,-76.65498668419974,0.0,0.0014419741928577423,100.0,,0.2123456790123457,0.0,0.0,0.0,1000000000000.0
3500.0,457,1,-4.280649662017822,-108.46940748021254,-73.54970805969407,0.490234375,0.4575357735157013,0.0,0.0,0.16718266253869973,-34.21210861206055,-0.007165367249399424,-0.0011404036777094007,12.364043854176998
3500.0,457,2,-3.464639186859131,-107.74503325010679,-71.23426147365507,0.0,0.5363865494728088,100.0,1.0,0.17105263157894735,-49.82514190673828,-0.010435353964567184,-0.0016608380246907473,8.489689789712429
3500.0,457,3,11.961698532104492,-93.10038213301124,-67.32515588840184,2.5703125,4.062620162963867,36.73264058915024,0.0,0.10284463894967177,-55.7970085144043,-0.011686098761856556,-0.0018599003087729216,7.581051904708147
3500.0,457,4,17.983203887939453,-89.6828055950491,-60.00972475897183,2.16015625,5.996664047241211,63.977367533307316,0.0,0.38636363636363635,11.45541763305664,0.002399217104539275,0.00038184726145118475,36.92575916647911
3500.0,457,5,19.287601470947266,-84.06199891349898,-58.890061234452325,2.5703125,6.42410135269165,59.989540032349296,0.0,0.5887096774193548,47.392333984375,0.009925827383995056,0.0015797445084899664,8.925494737923145
3500.0,457,6,6.513607501983643,-97.66306146314716,-70.74403392800062,0.490234375,2.4544007778167725,80.02631112934738,0.0,0.26754385964912286,-53.83643341064453,-0.011275475844740868,-0.0017945477738976479,7.857132703065872
3500.0,457,7,16.737760543823242,-84.89862387217714,-62.09033064458707,3.90234375,5.5904221534729,30.195902154262654,0.0,0.1859956236323851,-26.221691131591797,-0.005491858348250389,-0.0008740563644096255,16.131682321429253
3500.0,457,8,14.736001968383789,-81.10991586111183,-64.91539954382633,0.0,4.942878723144531,100.0,1.0,0.1794310722100656,-34.3858642578125,-0.007201758679002523,-0.0011461954563856125,12.301567010581493
3500.0,458,0,-30.0,-220.0,-76.66405735494402,0.0,0.0014419741928577423,100.0,,0.2123456790123457,0.0,0.0,0.0,1000000000000.0
3500.0,458,1,-4.135933876037598,-108.51127437895246,-73.5682175562169,0.0,0.4707600772380829,100.0,1.0,0.16975308641975306,-34.37318420410156,-0.007199103478342295,-0.0011457728687673807,12.30610441416502
3500.0,458,2,-3.1260671615600586,-107.77703527446809,-71.27043866388036,0.0,0.5722571015357971,100.0,1.0,0.17286652078774623,-49.919883728027344,-0.010455196723341942,-0.0016639961395412683,8.473577909171581
3500.0,458,3,8.786141395568848,-93.17522642012086,-67.39297872260775,0.0,3.097881555557251,100.0,1.0,0.10480349344978168,-56.94447708129883,-0.011926423758268356,-0.001898149261251092,7.428288459777832
3500.0,458,4,24.178348541259766,-88.46597720098666,-59.97686361348854,2.16015625,8.037375450134277,73.12361151470272,0.0,0.38548752834467115,11.764534950256348,0.002463958691805601,0.00039215118158608675,35.9555222094059
3500.0,458,5,30.0,-83.86599816307113,-58.71092455216517,1.17578125,9.967226028442383,88.203525768907,0.0,0.5863453815261044,48.49175262451172,0.010156089439988136,0.0016163918189704418,8.723133243620396
3500.0,458,6,8.067697525024414,-97.70840842766813,-70.78554258569567,0.490234375,2.8892197608947754,83.03229191371109,0.0,0.2669584245076586,-53.817283630371094,-0.011271465569734573,-0.0017939094686880708,7.859928533434868
3500.0,458,7,16.896957397460938,-85.2970502126336,-62.18120685656757,3.90234375,5.642227649688721,30.83682558935227,0.0,0.18558951965065507,-27.842918395996094,-0.005831407383084297,-0.0009280972881242633,15.192373655736446
3500.0,458,8,28.970739364624023,-81.18844598317449,-64.9574550346531,2.56640625,9.625699043273926,73.33797536716766,0.0,0.17903930131004364,-26.86655044555664,-0.0056269168853759766,-0.0008955516968853772,15.744484961032867
3500.0,459,0,-30.0,-220.0,-76.6731650757593,0.0,0.0014419741928577423,100.0,,0.2123456790123457,0.0,0.0,0.0,1000000000000.0
3500.0,459,1,-3.9493541717529297,-108.55272881363658,-73.5867676778432,0.0,0.48828551173210144,100.0,1.0,0.17230769230769227,-34.52919387817383,-0.007231777533888817,-0.00115097314119339,12.250503525137901
3500.0,459,2,-3.2662947177886963,-107.8091092461892,-71.30651322648416,0.0,0.5571691989898682,100.0,1.0,0.1746724890829694,-50.007904052734375,-0.01047363132238388,-0.0016669301548972726,8.458662778139114
3500.0,459,3,10.646345138549805,-93.28839555042741,-67.46025779566008,1.9140625,3.6558918952941895,47.64444478066342,0.0,0.10457516339869277,-55.77670669555664,-0.011681846342980862,-0.0018592235865071416,7.583810947835445
3500.0,459,4,9.282021522521973,-87.75725770327224,-59.94791567360938,0.0,3.244311571121216,100.0,1.0,0.3868778280542986,-2.666360855102539,-0.0005584413302130997,-8.887869626050815e-05,158.6432009935379
3500.0,459,5,27.976276397705078,-83.79283910800999,-58.529209412926065,3.90234375,9.295814514160156,58.02042151276119,0.0,0.5840000000000001,48.4104118347168,0.01013905368745327,0.0016136803897097707,8.73778946697712
3500.0,459,6,8.618549346923828,-97.75256992388107,-70.8268741288511,0.490234375,3.048823356628418,83.92053859289072,0.0,0.26637554585152834,-53.74148178100586,-0.011255590245127678,-0.001791382790543139,7.8710149973630905
3500.0,459,7,19.489240646362305,-85.36596541433178,-62.272330339441886,3.90234375,6.490322589874268,39.87442540855896,0.0,0.18518518518518523,-20.412410736083984,-0.004275165498256683,-0.0006804136792197824,20.722687244415283
3500.0,459,8,20.8309268951416,-81.26578335858068,-65.00021328764342,5.5546875,6.931750297546387,19.86601851532105,0.0,0.17864923747276684,-32.40019226074219,-0.006785880774259567,-0.0010800064774230123,13.055478222668171
3500.0,460,0,-30.0,-220.0,-76.68231015309672,0.0,0.0014419741928577423,100.0,,0.2123456790123457,0.0,0.0,0.0,1000000000000.0
3500.0,460,1,-4.030096530914307,-108.59395338745458,-73.6053587470324,0.0,0.4806351363658905,100.0,1.0,0.17484662576687116,-34.708900451660156,-0.007269415073096752,-0.0011569634079933167,12.187075801193714
3500.0,460,2,-2.9807627201080322,-107.84129797307128,-71.34248733966385,0.0,0.5882406234741211,100.0,1.0,0.17647058823529416,-50.12794876098633,-0.0104987733066082,-0.0016709316987544298,8.438406512141228
3500.0,460,3,7.989439487457275,-93.31531818315163,-67.52700673092136,2.40625,2.866759777069092,16.063772791590726,0.0,0.10434782608695647,-58.00535583496094,-0.012148614041507244,-0.0019335119286552072,7.292430382221937
3500.0,460,4,19.019515991210938,-87.80756458966383,-59.922998299182396,0.490234375,6.33611536026001,92.26285591208234,0.0,0.38600451467268626,8.164352416992188,0.0017099380493164062,0.00027214508736506104,51.810599863529205
3500.0,460,5,26.349485397338867,-83.53524637539496,-58.34498936213767,3.322265625,8.756449699401855,62.05921647415001,0.0,0.5816733067729083,48.07480239868164,0.010068763047456741,0.0016024934593588114,8.79878830164671
3500.0,460,6,8.852840423583984,-97.79758774042583,-70.8680322682581,0.490234375,3.1174683570861816,84.27459980834546,0.0,0.2657952069716776,-53.81635284423828,-0.011271270923316479,-0.0017938785022124648,7.860064506530762
3500.0,460,7,19.908418655395508,-85.42349313357326,-62.3636540229726,4.5234375,6.628093719482422,31.753567595099895,0.0,0.18478260869565222,-21.11294937133789,-0.004421886056661606,-0.0007037649629637599,20.035097375512123
3500.0,460,8,30.0,-81.31886633243508,-65.04365532204515,4.5234375,9.967226028442383,54.61688651293789,0.0,0.17826086956521736,-27.730308532714844,-0.005807822570204735,-0.0009243436506949365,15.254068188369274
3500.0,461,0,-30.0,-220.0,-76.69149169812167,0.0,0.0014419741928577423,100.0,,0.2123456790123457,0.0,0.0,0.0,1000000000000.0
3500.0,461,1,-3.9407222270965576,-108.63495230746514,-73.62398852754575,0.0,0.48910948634147644,100.0,1.0,0.17737003058103973,-34.83308410644531,-0.007295424584299326,-0.001161102787591517,12.143627740442753
3500.0,461,2,-3.267841100692749,-107.87375014313488,-71.37835848424693,0.0,0.5570046901702881,100.0,1.0,0.17826086956521736,-50.17410659790039,-0.010508440434932709,-0.0016724702436476946,8.430643938481808
3500.0,461,3,11.993597030639648,-93.35996163982942,-67.59322762370635,1.6953125,4.07258415222168,58.37256059951096,0.0,0.10412147505422997,-55.60346984863281,-0.011645563878118992,-0.0018534490372985601,7.607439067214727
3500.0,461,4,20.34813117980957,-84.45842369383138,-59.902160588198676,2.16015625,6.772757053375244,68.10521574927195,0.0,0.3851351351351351,5.667608261108398,0.0011870211455971003,0.00018892028310801834,74.63465631008148
3500.0,461,5,26.278038024902344,-83.38003399324627,-58.1582799210545,2.73046875,8.732770919799805,68.73307710603962,0.0,0.5793650793650793,47.21718978881836,0.009889145381748676,0.0015739063965156674,8.958602324128151
3500.0,461,6,7.520626068115234,-97.8432484528365,-70.90901535848255,0.490234375,2.7333943843841553,82.06499662834233,0.0,0.26521739130434785,-54.07295227050781,-0.011325012892484665,-0.0018024317687377334,7.822765037417412
3500.0,461,7,20.74619483947754,-85.44468716805727,-62.45509890756984,4.81640625,6.903835296630859,30.23578861519981,0.0,0.18438177874186557,-21.28033447265625,-0.004456942901015282,-0.0007093445165082812,19.877508282661438
3500.0,461,8,18.29419708251953,-81.38961141338672,-65.08774465435154,0.0,6.0984110832214355,100.0,1.0,0.18004338394793928,-30.10271453857422,-0.0063046980649232864,-0.0010034238221123815,14.051889069378376
3500.0,462,0,-30.0,-220.0,-76.70070895713064,0.0,0.0014419741928577423,100.0,,0.2123456790123457,0.0,0.0,0.0,1000000000000.0
3500.0,462,1,-3.995657444000244,-108.67561168831438,-73.64265511780827,0.0,0.48388582468032837,100.0,1.0,0.17987804878048785,-34.9915771484375,-0.007328618783503771,-0.001166385947726667,12.088623829185963
3500.0,462,2,-2.9931180477142334,-107.90621403100084,-71.41412474736615,0.0,0.58686763048172,100.0,1.0,0.18004338394793928,-50.266361236572266,-0.010527762584388256,-0.001675545354373753,8.415170945227146
3500.0,462,3,7.989032745361328,-93.27593651769646,-67.65892443984045,0.0,2.866643190383911,100.0,1.0,0.10606060606060608,-58.17927932739258,-0.012185039930045605,-0.0019393092952668667,7.270629983395338
3500.0,462,4,20.593645095825195,-83.35478627069945,-59.88545706235475,2.5703125,6.853590488433838,62.4968473920688,0.0,0.38426966292134834,3.250335693359375,0.0006807487225160003,0.00010834452405106276,130.14040887355804
3500.0,462,5,27.55472755432129,-83.16341938238553,-57.96914128206982,2.73046875,9.156013488769531,70.17841057847825,0.0,0.5770750988142292,46.36233139038086,0.009710104204714298,0.0015454110689461231,9.123786352574825
3500.0,462,6,6.726861000061035,-97.88778751253217,-70.94982242209753,0.490234375,2.512573480606079,80.48875470572322,0.0,0.26464208242950105,-54.31128692626953,-0.011374929919838905,-0.0018103762995451689,7.788436487317085
3500.0,462,7,18.95534324645996,-85.4610682805535,-62.546599459051464,5.115234375,6.315062999725342,18.99947197324121,0.0,0.18398268398268403,-22.951919555664062,-0.00480703916400671,-0.0007650639745406806,18.42983067035675
3500.0,462,8,30.0,-81.45719835122087,-65.13244966141416,3.322265625,9.967226028442383,66.66810188191164,0.0,0.17965367965367962,-27.679393768310547,-0.005797158926725388,-0.0009226464899256825,15.28212707489729
3500.0,463,0,-30.0,-220.0,-76.70996225770497,0.0,0.0014419741928577423,100.0,,0.2123456790123457,0.0,0.0,0.0,1000000000000.0
3500.0,463,1,0.30197015404701233,-106.20640833292916,-73.66135889183215,0.490234375,1.0510278940200806,53.356673234912854,0.0,0.1793313069908815,-36.709625244140625,-0.007688446901738644,-0.001223654136992991,11.522863991558552
3500.0,463,2,-3.2209246158599854,-107.93888250439326,-71.44978843654928,0.490234375,0.5620147585868835,12.771974844106659,0.0,0.17965367965367962,-50.36493682861328,-0.010548408143222332,-0.0016788312932476401,8.398700505495071
3500.0,463,3,12.105311393737793,-93.32092421053808,-67.72411012977469,1.4765625,4.107516288757324,64.0521815082877,0.0,0.10583153347732177,-56.02800369262695,-0.011734478175640106,-0.0018676001345738769,7.549796253442764
3500.0,463,4,27.26690101623535,-81.77071014345871,-59.87296262855015,2.56640625,9.060572624206543,71.67501043870561,0.0,0.3834080717488789,-2.382382392883301,-0.0004989650333300233,-7.941274816403165e-05,177.55337059497833
3500.0,463,5,24.24881362915039,-82.9496155198042,-57.777700453995124,3.322265625,8.06069564819336,58.7843807780459,0.0,0.5748031496062992,45.660736083984375,0.009563161991536617,0.001522024511359632,9.263977408409119
3500.0,463,6,7.4056220054626465,-98.0551545251359,-70.99045724966386,0.490234375,2.701000690460205,81.84989819767605,0.0,0.2640692640692641,-54.196258544921875,-0.011350838467478752,-0.0018065419280901551,7.804966997355223
3500.0,463,7,16.80466651916504,-85.65707316217505,-62.63811750712213,4.5234375,5.612189769744873,19.399776458278374,0.0,0.18358531317494597,-22.810791015625,-0.004777480848133564,-0.0007603596895933151,18.543856218457222
3500.0,463,8,20.046579360961914,-81.52213974210342,-65.17775107164073,5.5546875,6.673532962799072,16.76541449687837,0.0,0.17926565874730016,-31.698932647705078,-0.006639009341597557,-0.0010566310957074165,13.344298116862774
3500.0,464,0,-30.0,-220.0,-76.71925093503486,0.0,0.0014419741928577423,100.0,,0.2123456790123457,0.0,0.0,0.0,1000000000000.0
3500.0,464,1,-5.783464431762695,-106.23998162300839,-73.68009814252054,0.0,0.3380308747291565,100.0,1.0,0.18181818181818177,-35.227317810058594,-0.007377991918474436,-0.001174243981949985,12.007726356387138
3500.0,464,2,-3.040348768234253,-107.97160524703034,-71.48534802646009,0.490234375,0.5816428661346436,15.715569889493587,0.0,0.17926565874730016,-50.429718017578125,-0.01056197565048933,-0.0016809905646368861,8.387911133468151
3500.0,464,3,9.25536060333252,-93.33773181924633,-67.78878892885297,2.5703125,3.2363922595977783,20.580934144260976,0.0,0.1056034482758621,-57.58985137939453,-0.0120615903288126,-0.001919661764986813,7.345044054090977
3500.0,464,4,29.39647102355957,-81.0495433787232,-59.864704033461905,4.5234375,9.766953468322754,53.68630029137638,0.0,0.3825503355704698,0.8602545857429504,0.00018017130787484348,2.867515286197886e-05,491.7149245738983
3500.0,464,5,25.475852966308594,-82.7325065794033,-57.58406604805873,2.5703125,8.466978073120117,69.64309488222368,0.0,0.5725490196078431,44.98888397216797,0.009422450326383114,0.001499629463069141,9.402322582900524
3500.0,464,6,8.072019577026367,-98.17094783756808,-71.03091926248374,0.490234375,2.8904619216918945,83.03958369695292,0.0,0.2634989200863931,-54.10078811645508,-0.011330842971801758,-0.001803359598852694,7.818739861249924
3500.0,464,7,16.264976501464844,-85.65301197712714,-62.72959500893683,3.90234375,5.436805725097656,28.223594012458374,0.0,0.1831896551724138,-27.00318145751953,-0.005655533634126186,-0.0009001060388982296,15.664821490645409
3500.0,464,8,30.0,-81.58452987008508,-65.22361812198514,3.90234375,9.967226028442383,60.84824665494383,0.0,0.17887931034482762,-29.219703674316406,-0.006119760684669018,-0.0009739901288412511,14.4765330478549
3500.0,465,0,-30.0,-220.0,-76.72857473888459,0.0,0.0014419741928577423,100.0,,0.2123456790123457,0.0,0.0,0.0,1000000000000.0
3500.0,465,1,-3.894073247909546,-106.37785619224728,-73.69887205144491,0.0,0.49358227849006653,100.0,1.0,0.18429003021148038,-36.82136917114258,-0.007711849641054869,-0.0012273789616301656,11.48789469152689
3500.0,465,2,-3.1682868003845215,-108.00448459474444,-71.52080361869406,0.0,0.5676797032356262,100.0,1.0,0.18103448275862066,-50.511009216308594,-0.010579001158475876,-0.0016837003640830517,8.374412544071674
3500.0,465,3,7.7769694328308105,-93.43454607885965,-67.85296862534433,1.9140625,2.8060615062713623,31.78829132140558,0.0,0.10537634408602148,-57.535911560058594,-0.012050293385982513,-0.001917863730341196,7.351930253207684
3500.0,465,4,30.0,-80.20785071140318,-59.86071222768059,5.33203125,9.967226028442383,46.504361045043375,0.0,0.3816964285714286,-0.10481365025043488,-2.195212073274888e-05,-3.4937884265673347e-06,4035.734176635742
3500.0,465,5,19.99249839782715,-82.03071158023947,-57.38840632033294,2.73046875,6.655744552612305,58.975758032535644,0.0,0.5703125,40.74469757080078,0.008533550426363945,0.0013581565581262112,10.381719097495079
3500.0,465,6,7.923330307006836,-98.21516953045274,-71.07120970249267,0.490234375,2.8478288650512695,82.78567996075233,0.0,0.2629310344827587,-54.150569915771484,-0.011341269128024578,-0.0018050189828500152,7.811552379280329
3500.0,465,7,16.011566162109375,-85.7763388320595,-62.82098820461742,3.90234375,5.3546247482299805,27.121993912085905,0.0,0.18279569892473113,-17.26467514038086,-0.003615905065089464,-0.000575489189941436,24.50089529156685
3500.0,465,8,25.380451202392578,-81.92605253652486,-65.27002604285383,5.5546875,8.43537712097168,34.15009880008601,0.0,0.17849462365591395,-30.218671798706055,-0.006328984163701534,-0.0010072890436276793,13.997968286275864
3500.0,466,0,-30.0,-220.0,-76.73793311436862,0.0,0.0014419741928577423,100.0,,0.2123456790123457,0.0,0.0,0.0,1000000000000.0
3500.0,466,1,0.30569443106651306,-106.54407241824774,-73.71767916605035,0.490234375,1.0516680479049683,53.385065185103066,0.0,0.1837349397590361,-37.12126159667969,-0.0077746594324707985,-0.0012373754289001226,11.395087465643883
3500.0,466,2,-3.3774991035461426,-108.03738926141705,-71.55615418008823,0.490234375,0.545437216758728,10.120842520936147,0.0,0.1806451612903226,-50.59033203125,-0.010595615021884441,-0.001686344388872385,8.36128182709217
3500.0,466,3,10.840494155883789,-93.40759629712373,-67.91665424039289,1.4765625,3.715374231338501,60.25804109999295,0.0,0.1051502145922747,-56.12347412109375,-0.011754472739994526,-0.001870782463811338,7.536953315138817
3500.0,466,4,30.0,-79.8716778923598,-59.860989965300874,5.33203125,9.967226028442383,46.504361045043375,0.0,0.38084632516703787,0.4352927803993225,9.116750879911706e-05,1.4509759239444975e-05,971.7597365379333
3500.0,466,5,30.0,-81.82554630957338,-57.1909039710344,1.4765625,9.967226028442383,85.18582305862739,0.0,0.5680933852140078,42.628822326660156,0.00892815925180912,0.0014209607616066933,9.92286391556263
3500.0,466,6,7.615194320678711,-98.25921441767044,-71.1113285116675,0.490234375,2.760128974914551,82.2387149493557,0.0,0.26236559139784943,-54.19843292236328,-0.011351292952895164,-0.0018066144548356533,7.804654072970152
3500.0,466,7,21.89962387084961,-85.85068482903367,-62.91224872361625,3.90234375,7.284183502197266,46.427163060583766,0.0,0.18240343347639487,-20.98099136352539,-0.004394248127937317,-0.0006993663846515119,20.161107182502747
3500.0,466,8,29.807722091674805,-81.98475927841143,-65.31694635670995,5.5546875,9.90341854095459,43.91141324554597,0.0,0.17811158798283266,-31.12480926513672,-0.006518765352666378,-0.0010374936973676085,13.590444810688496
3500.0,467,0,-30.0,-220.0,-76.74732607594012,0.0,0.0014419741928577423,100.0,,0.2123456790123457,0.0,0.0,0.0,1000000000000.0
3500.0,467,1,-4.282483100891113,-109.04678663407702,-73.73651923250944,0.0,0.4573702812194824,100.0,1.0,0.1861861861861862,-35.73671340942383,-0.007484680041670799,-0.0011912237387150526,11.836566962301731
3500.0,467,2,-3.3304343223571777,-108.07050210837565,-71.59140084879046,0.0,0.5503774285316467,100.0,1.0,0.18240343347639487,-50.669189453125,-0.010612130165100098,-0.0016889730468392372,8.348268456757069
3500.0,467,3,9.179933547973633,-93.4914465164684,-67.9798553458095,2.40625,3.214015245437622,25.13258910592493,0.0,0.1049250535331906,-56.821510314941406,-0.011900669895112514,-0.0018940503941848874,7.44436401873827
3500.0,467,4,25.779420852661133,-79.95518938712934,-59.86554723457136,5.5546875,8.567545890808105,35.16594400784619,0.0,0.38,1.0699723958969116,0.00022409451776184142,3.566574741853401e-05,395.33731341362
3500.0,467,5,26.013904571533203,-81.61829130925673,-56.99182055319899,4.212890625,8.64523983001709,51.26924518192722,0.0,0.5658914728682171,41.71571350097656,0.00873691774904728,0.0013905237428843975,10.140064172446728
3500.0,467,6,7.570165634155273,-98.30307912774693,-71.15127806089066,0.490234375,2.7473883628845215,82.15634958556437,0.0,0.2618025751072961,-54.246707916259766,-0.011361404322087765,-0.001808223663829267,7.79770826920867
3500.0,467,7,20.11431312561035,-85.91067572572177,-63.003343988895104,5.5546875,6.69581413269043,17.042388126026374,0.0,0.1820128479657388,-21.640962600708008,-0.00453247269615531,-0.0007213654462248087,19.5462666451931
3500.0,467,8,26.55889892578125,-82.04149938339528,-65.36435780997569,5.5546875,8.825858116149902,37.06348519430859,0.0,0.1777301927194861,-30.510143280029297,-0.006390029564499855,-0.0010170048335567117,13.864241540431976
3500.0,468,0,-30.0,-220.0,-76.75675385143663,0.0,0.0014419741928577423,100.0,,0.2123456790123457,0.0,0.0,0.0,1000000000000.0
3500.0,468,1,-4.151869297027588,-109.07793485236547,-73.75539245044769,0.0,0.4692882001399994,100.0,1.0,0.18862275449101795,-35.88097381591797,-0.007514894008636475,-0.0011960325064137578,11.78897824138403
3500.0,468,2,-3.237898588180542,-108.10387393001065,-71.62654554046995,0.0,0.5601979494094849,100.0,1.0,0.18415417558886504,-50.74427032470703,-0.01062785554677248,-0.0016914757434278727,8.335916325449944
3500.0,468,3,6.820827007293701,-93.53271809077899,-68.04258306744757,1.9140625,2.5383667945861816,24.594723501650563,0.0,0.10470085470085466,-58.66822052001953,-0.01228744350373745,-0.0019556074403226376,7.210036274045706
3500.0,468,4,25.440834045410156,-80.3782169689299,-59.874391923639095,4.212890625,8.455378532409668,50.175020445839415,0.0,0.37915742793791574,-2.0639591217041016,-0.0004322745662648231,-6.879863940412179e-05,204.94592189788818
3500.0,468,5,26.435089111328125,-81.40922398301349,-56.79149762582272,3.029296875,8.784821510314941,65.51669409056214,0.0,0.5637065637065637,38.39594268798828,0.008041627705097198,0.0012798648094758391,11.016788892447948
3500.0,468,6,7.550289154052734,-98.34677770892137,-71.19106156555608,0.490234375,2.7417709827423096,82.1197912558813,0.0,0.26124197002141325,-54.29100036621094,-0.01137068122625351,-0.0018097000429406762,7.791346870362759
3500.0,468,7,19.004058837890625,-85.96150563123517,-63.094249485071906,5.115234375,6.331044673919678,19.203944396856464,0.0,0.18162393162393164,-28.279001235961914,-0.005922740325331688,-0.0009426333708688617,14.958095736801624
3500.0,468,8,28.947359085083008,-82.09669225451981,-65.41224264588743,5.5546875,9.617942810058594,42.246615417687636,0.0,0.1773504273504274,-32.20708465576172,-0.006745436228811741,-0.0010735695250332355,13.133756816387177
3500.0,469,0,-30.0,-220.0,-76.76621576385378,0.0,0.0014419741928577423,100.0,,0.2123456790123457,0.0,0.0,0.0,1000000000000.0
3500.0,469,1,-4.36826229095459,-109.10865369689779,-73.7742971345173,0.0,0.4496839642524719,100.0,1.0,0.19104477611940296,-36.016544342041016,-0.007543287705630064,-0.0012005515163764358,11.744602583348751
3500.0,469,2,-3.506735324859619,-108.13708446374727,-71.66158679502671,0.0,0.5320588946342468,100.0,1.0,0.1858974358974359,-50.8084831237793,-0.010641303844749928,-0.0016936161555349827,8.325381204485893
3500.0,469,3,7.017302513122559,-93.58934781580338,-68.10484093357731,1.4765625,2.5926077365875244,43.04720767579363,0.0,0.10447761194029848,-57.39788055419922,-0.012021385133266449,-0.001913262763991952,7.3696100153028965
3500.0,469,4,27.406497955322266,-81.02590618157268,-59.8874798414806,4.212890625,9.106861114501953,53.73937768424615,0.0,0.37831858407079644,-6.25771427154541,-0.0013106127735227346,-0.00020859048527199775,67.59656965732574
3500.0,469,5,26.34245491027832,-81.12953595572358,-56.59026682431962,3.029296875,8.754119873046875,65.39575743842708,0.0,0.5615384615384615,37.28059005737305,0.007808028720319271,0.0012426862958818674,11.34638674557209
3500.0,469,6,7.259457588195801,-98.39029895358902,-71.23067842099005,0.490234375,2.660020112991333,81.57027563040846,0.0,0.26068376068376065,-54.32421875,-0.011377638205885887,-0.0018108072690665722,7.786582224071026
3500.0,469,7,20.62261962890625,-86.01988390117812,-63.1849224566729,4.81640625,6.863131999969482,29.822036789888106,0.0,0.18123667377398722,-28.46320915222168,-0.005961320828646421,-0.0009487736388109624,14.861290343105793
3500.0,469,8,25.70179557800293,-82.1503596671395,-65.46057226586498,5.5546875,8.541828155517578,34.97074163904878,0.0,0.1769722814498934,-31.17303466796875,-0.006528865545988083,-0.0010391011601313949,13.569420203566551
3500.0,470,0,-30.0,-220.0,-76.77571115994914,0.0,0.0014419741928577423,100.0,,0.2123456790123457,0.0,0.0,0.0,1000000000000.0
3500.0,470,1,-4.638911247253418,-109.13922060148946,-73.7932316661481,0.0,0.4261510372161865,100.0,1.0,0.19345238095238093,-36.162254333496094,-0.007573805283755064,-0.0012054084800183773,11.69728022068739
3500.0,470,2,-4.163254737854004,-108.1706505685992,-71.69652329137,0.0,0.46823906898498535,100.0,1.0,0.1876332622601279,-50.88666915893555,-0.010657679289579391,-0.0016962223453447223,8.31258948892355
3500.0,470,3,7.89324426651001,-93.63011829919323,-68.16663271651575,1.4765625,2.8392274379730225,47.99421560063023,0.0,0.10425531914893615,-56.880184173583984,-0.011912958696484566,-0.00189600617159158,7.436684798449278
3500.0,470,4,30.0,-81.8637414621689,-59.90475482356545,4.81640625,9.967226028442383,51.67756569123698,0.0,0.3774834437086093,-7.535613059997559,-0.0015782552072778344,-0.0002511870989110321,56.1334565281868
3500.0,470,5,28.1832332611084,-80.91798949107108,-56.388524040988294,3.029296875,9.364458084106445,67.6511246268336,0.0,0.5593869731800767,38.52840805053711,0.008069371804594994,0.001284280326217413,10.978912003338337
3500.0,470,6,6.414927959442139,-98.43364450314483,-71.27012816562865,0.490234375,2.427656650543213,79.80627223827945,0.0,0.2601279317697228,-54.37255096435547,-0.011387760750949383,-0.0018124183407053351,7.779661100357771
3500.0,470,7,18.715465545654297,-86.07744764114307,-63.27532414961186,5.33203125,6.2364068031311035,14.50154843454159,0.0,0.18085106382978722,-27.625036239624023,-0.005785774439573288,-0.0009208345436491072,15.312197618186474
3500.0,470,8,26.959985733032227,-82.20255476977724,-65.50931916248791,5.5546875,8.958816528320312,37.99753033851394,0.0,0.17659574468085104,-32.95809555053711,-0.006902727298438549,-0.001098603243008256,12.834480032324791
3500.0,471,0,-30.0,-220.0,-76.78524050060136,0.0,0.0014419741928577423,100.0,,0.2123456790123457,0.0,0.0,0.0,1000000000000.0
3500.0,471,1,-4.262080669403076,-109.16974795668767,-73.81219674659934,0.0,0.45921483635902405,100.0,1.0,0.19584569732937684,-36.30524826049805,-0.007603753823786974,-0.0012101749889552593,11.651208624243736
3500.0,471,2,-3.2886366844177246,-108.20434460591036,-71.73135781586532,0.0,0.5547956824302673,100.0,1.0,0.18936170212765957,-50.961177825927734,-0.010673284530639648,-0.001698705949820578,8.300436660647392
3500.0,471,3,9.85628604888916,-93.58796510630683,-68.22797082629927,1.6953125,3.4160969257354736,50.37282205817374,0.0,0.10403397027600847,-56.902687072753906,-0.01191767118871212,-0.0018967562355101109,7.4337441474199295
3500.0,471,4,22.94692611694336,-82.75687996233611,-59.92619297633517,5.5546875,7.630105018615723,27.20037946466235,0.0,0.37665198237885467,-9.754984855651855,-0.002043079352006316,-0.00032516615465283394,43.36244612932205
3500.0,471,5,26.667802810668945,-80.71029859690114,-56.18683704471292,3.90234375,8.861956596374512,55.96521256269212,0.0,0.5572519083969465,37.43548583984375,0.007840469479560852,0.0012478495482355356,11.299439705908298
3500.0,471,6,7.130361557006836,-98.47682220789578,-71.30941492616088,0.490234375,2.6240057945251465,81.31732879466772,0.0,0.2595744680851064,-54.417564392089844,-0.011397188529372215,-0.0018139188177883625,7.773225661367178
3500.0,471,7,19.260103225708008,-86.11361123351608,-63.3654420560555,4.81640625,6.415073871612549,24.920486554127454,0.0,0.18046709129511673,-27.639537811279297,-0.005788811482489109,-0.0009213179582729936,15.30416402965784
3500.0,471,8,22.526811599731445,-82.2537024137171,-65.5584696419158,5.5546875,7.49128532409668,25.851342464121142,0.0,0.17622080679405516,-32.26782989501953,-0.006758159026503563,-0.0010755943367257714,13.109032064676285
3500.0,472,0,-30.0,-220.0,-76.79480256525599,0.0,0.0014419741928577423,100.0,,0.2123456790123457,0.0,0.0,0.0,1000000000000.0
3500.0,472,1,-4.39931058883667,-109.1998221635472,-73.8311895956811,0.490234375,0.4469291567802429,0.0,0.0,0.1952662721893491,-36.45264434814453,-0.007634623907506466,-0.0012150881811976433,11.604096740484238
3500.0,472,2,-3.471493721008301,-108.23815302117924,-71.76608700970635,0.0,0.5356799960136414,100.0,1.0,0.19108280254777066,-51.042057037353516,-0.010690223425626755,-0.0017014018958434463,8.287283591926098
3500.0,472,3,7.486784934997559,-95.94990263994788,-68.28885430454187,2.16015625,2.723848581314087,20.694701430214614,0.0,0.10381355932203384,-57.22593688964844,-0.011985372751951218,-0.0019075312884524465,7.391753140836954
3500.0,472,4,17.99785041809082,-93.74866982630144,-59.95168675980849,3.322265625,6.001453399658203,44.64231572323446,0.0,0.3758241758241758,-15.867589950561523,-0.003323300275951624,-0.0005289196851663291,26.658114045858383
3500.0,472,5,30.0,-80.49832278039312,-55.98569975896067,3.322265625,9.967226028442383,66.66810188191164,0.0,0.5551330798479088,34.580162048339844,0.0072424523532390594,0.0011526721064001322,12.232447043061256
3500.0,472,6,6.82842493057251,-98.51982633809727,-71.34853592164171,0.490234375,2.540456533432007,80.70290246856842,0.0,0.2590233545647559,-54.46961975097656,-0.011408090591430664,-0.001815653988160193,7.765796966850758
3500.0,472,7,20.174776077270508,-86.14101162276503,-63.45522960593354,5.115234375,6.715707302093506,23.831785024260753,0.0,0.18008474576271183,-21.258974075317383,-0.004452469293028116,-0.0007086324621923268,19.897479563951492
3500.0,472,8,27.236398696899414,-82.30360302927623,-65.60799012155007,5.115234375,9.050459861755371,43.480945132793714,0.0,0.17584745762711862,-33.295204162597656,-0.006973331794142723,-0.001109840115532279,12.704532593488693
3500.0,473,0,-30.0,-220.0,-76.8043975475483,0.0,0.0014419741928577423,100.0,,0.2123456790123457,0.0,0.0,0.0,1000000000000.0
3500.0,473,1,-4.299309253692627,-109.22992171798342,-73.85021037472124,0.0,0.45585381984710693,100.0,1.0,0.1976401179941003,-36.584716796875,-0.0076622855849564075,-0.0012194905430078506,11.562204919755459
3500.0,473,2,-3.4222755432128906,-108.27205983826434,-71.80071270033962,0.0,0.5407708883285522,100.0,1.0,0.19279661016949157,-51.103267669677734,-0.010703044012188911,-0.001703442307189107,8.277357555925846
3500.0,473,3,8.629281997680664,-95.80484802651108,-68.34929316762833,1.6953125,3.0519583225250244,44.45164970020329,0.0,0.10359408033826634,-56.798194885253906,-0.011895786970853806,-0.0018932732054963708,7.447419688105583
3500.0,473,4,17.662643432617188,-93.91384934536005,-59.98117625517845,2.16015625,5.891906261444092,63.33688700827105,0.0,0.375,-17.47540283203125,-0.003660039510577917,-0.0005825134576298296,24.20545183122158
3500.0,473,5,28.615598678588867,-80.2869007672962,-55.785829902890576,4.5234375,9.507880210876465,52.42433224152898,0.0,0.553030303030303,29.88507843017578,0.006259116344153881,0.0009961692849174142,14.154220931231976
3500.0,473,6,6.74268913269043,-98.56266023189691,-71.38749416455363,0.490234375,2.516911268234253,80.5223814924582,0.0,0.2584745762711864,-54.50107955932617,-0.011414679698646069,-0.00181670265737921,7.761314511299133
3500.0,473,7,22.4548397064209,-86.20377926600136,-63.544672800099825,5.33203125,7.467511177062988,28.59694316390543,0.0,0.17970401691331928,-23.271514892578125,-0.004873975180089474,-0.0007757171988487244,18.1767288595438
3500.0,473,8,21.661569595336914,-82.35257447200682,-65.65786465399765,5.5546875,7.205625057220459,22.911788278049837,0.0,0.17547568710359407,-33.423065185546875,-0.007000110577791929,-0.001114102196879685,12.65593059360981
3500.0,474,0,-30.0,-220.0,-76.81402505690161,0.0,0.0014419741928577423,100.0,,0.2123456790123457,0.0,0.0,0.0,1000000000000.0
3500.0,474,1,-4.357483386993408,-109.25959798518886,-73.8692580462091,0.0,0.45064377784729004,100.0,1.0,0.19999999999999996,-36.738914489746094,-0.007694580592215061,-0.0012246305122971535,11.513677425682545
3500.0,474,2,-3.422539472579956,-108.3061091314668,-71.83523459389306,0.490234375,0.5407435894012451,9.34069592154999,0.0,0.19238900634249467,-51.19356155395508,-0.010721954517066479,-0.0017064521089196205,8.262758143246174
3500.0,474,3,7.411141872406006,-95.84858899562687,-68.40929280405257,1.9140625,2.702552556991577,29.175752935932064,0.0,0.1033755274261603,-57.36344909667969,-0.012014172971248627,-0.0019121150253340602,7.37403379753232
3500.0,474,4,16.077932357788086,-94.01981243258929,-60.01456780388079,2.16015625,5.37613582611084,59.81953730579976,0.0,0.3741794310722101,-18.6844482421875,-0.00391326192766428,-0.0006228149286471307,22.63914979994297
3500.0,474,5,30.0,-80.07636317001814,-55.587995518075815,3.90234375,9.967226028442383,60.84824665494383,0.0,0.5509433962264151,20.59690284729004,0.004313805140554905,0.000686563435010612,20.53706906735897
3500.0,474,6,6.6160101890563965,-98.60532069588646,-71.42629027084591,0.490234375,2.4822709560394287,80.25056959204042,0.0,0.2579281183932347,-54.563899993896484,-0.011427836492657661,-0.001818796736188233,7.752378471195698
3500.0,474,7,22.893199920654297,-86.26859927921464,-63.633747728199204,5.5546875,7.612347602844238,27.030558905053482,0.0,0.17932489451476796,-27.39490509033203,-0.005737575702369213,-0.0009131635306403041,15.44082723557949
3500.0,474,8,27.30514144897461,-82.40070231482379,-65.70807110922988,4.81640625,9.07325267791748,46.916432056144664,0.0,0.17510548523206748,-33.59428405761719,-0.007035970687866211,-0.0011198094580322504,12.591428123414516
3500.0,475,0,-30.0,-220.0,-76.8236846758849,0.0,0.0014419741928577423,100.0,,0.2123456790123457,0.0,0.0,0.0,1000000000000.0
3500.0,475,1,-4.508756160736084,-109.28919658303874,-73.88833152562631,0.0,0.4373329281806946,100.0,1.0,0.20234604105571852,-36.8671875,-0.007721445988863707,-0.0012289062142372131,11.473617516458035
3500.0,475,2,-3.5421321392059326,-108.34015437360617,-71.86965232153902,0.0,0.5284423828125,100.0,1.0,0.19409282700421937,-51.250789642333984,-0.01073394063860178,-0.0017083596903830767,8.253531530499458
3500.0,475,3,8.223577499389648,-95.87842234949517,-68.46885828765087,1.6953125,2.9341201782226562,42.22075453545548,0.0,0.10315789473684212,-57.217063903808594,-0.011983513832092285,-0.0019072354771196842,7.392899598926306
3500.0,475,4,8.357512474060059,-99.32256624024373,-60.051755632817326,1.9140625,2.9728686809539795,35.61563912114052,0.0,0.3733624454148472,-27.66451644897461,-0.005794042721390724,-0.0009221505606546998,15.290345065295696
3500.0,475,5,23.021291732788086,-79.86924022773528,-55.39306341406325,4.5234375,7.654685020446777,40.90628826767868,0.0,0.5488721804511278,1.951416254043579,0.00040870363591238856,6.504720658995211e-05,216.7656421661377
3500.0,475,6,6.2162675857543945,-98.64781388592368,-71.46492475703336,0.490234375,2.374159812927246,79.35124786753255,0.0,0.2573839662447257,-54.59183883666992,-0.01143368799239397,-0.0018197279423475266,7.748411037027836
3500.0,475,7,21.59291648864746,-86.30540604997607,-63.72243173761873,5.5546875,7.182974338531494,22.66869909024881,0.0,0.17894736842105263,-27.481718063354492,-0.005755757912993431,-0.0009160572662949562,15.392051078379154
3500.0,475,8,19.981061935424805,-82.44807091026385,-65.75858747464511,5.5546875,6.65198278427124,16.495762539641856,0.0,0.1747368421052632,-33.893985748291016,-0.007098739966750145,-0.001129799522459507,12.480090372264385
3500.0,476,0,-30.0,-220.0,-76.8333759502539,0.0,0.0014419741928577423,100.0,,0.2123456790123457,0.0,0.0,0.0,1000000000000.0
3500.0,476,1,-4.451517581939697,-109.3183547986468,-73.90742966100939,0.0,0.4423294961452484,100.0,1.0,0.20467836257309946,-36.993858337402344,-0.007747975643724203,-0.001233128597959876,11.434330604970455
3500.0,476,2,-3.4945998191833496,-108.37435283937663,-71.90396540658719,0.490234375,0.5333034992218018,8.075912549729825,0.0,0.1936842105263158,-51.30625915527344,-0.010745557956397533,-0.0017102087149396539,8.244608528912067
3500.0,476,3,8.355743408203125,-96.12809135117703,-68.52799430948392,1.9140625,2.972355842590332,35.60453050157199,0.0,0.1029411764705882,-57.11178970336914,-0.011961465701460838,-0.001903726370073855,7.4065267108380795
3500.0,476,4,3.4502456188201904,-99.24624629814804,-60.092622206357106,0.490234375,1.684019684791565,70.88903535823707,0.0,0.37254901960784315,-28.653884887695312,-0.006001255940645933,-0.0009551295079290867,14.7623959928751
3500.0,476,5,27.527292251586914,-79.66408728057694,-55.20199999380122,2.5703125,9.146916389465332,71.89968301273339,0.0,0.5468164794007491,33.8523063659668,0.007090010680258274,0.0011284102220088243,12.495456263422966
3500.0,476,6,6.2250447273254395,-98.6901282533484,-71.50339800452325,0.490234375,2.376513719558716,79.37170019405445,0.0,0.25684210526315787,-54.6185417175293,-0.011439280584454536,-0.0018206180538982153,7.744622882455587
3500.0,476,7,20.784408569335938,-86.31237682904649,-63.81070310707845,0.0,6.916424751281738,100.0,1.0,0.18067226890756305,-28.559465408325195,-0.005981480702757835,-0.0009519822197034955,14.811201952397823
3500.0,476,8,27.05704689025879,-82.49470601381306,-65.80939171418888,4.5234375,8.990994453430176,49.68924156910972,0.0,0.1743697478991597,-34.49706268310547,-0.007225047796964645,-0.001149902120232582,12.26191408932209
3500.0,477,0,-30.0,-220.0,-76.84309948483994,0.0,0.0014419741928577423,100.0,,0.2123456790123457,0.0,0.0,0.0,1000000000000.0
3500.0,477,1,-4.438464641571045,-109.3475009267757,-73.92655347658719,0.0,0.443475604057312,100.0,1.0,0.20699708454810495,-37.12531280517578,-0.007775507401674986,-0.0012375104706734419,11.393843218684196
3500.0,477,2,-3.597484588623047,-108.40893821200208,-71.9381771115182,0.0,0.5228278040885925,100.0,1.0,0.19537815126050417,-51.368404388427734,-0.01075857412070036,-0.0017122802091762424,8.234634064137936
3500.0,477,3,8.627725601196289,-96.17232074549997,-68.58671318562182,1.9140625,3.051503896713257,37.27478106576836,0.0,0.10272536687631029,-57.422279357910156,-0.01202649436891079,-0.001914076041430235,7.366478908807039
3500.0,477,4,-1.681605339050293,-99.16781269252641,-60.137086290758084,0.490234375,0.7475614547729492,34.42219741667996,0.0,0.37173913043478257,-30.067214965820312,-0.006297263316810131,-0.0010022404603660107,14.068479649722576
3500.0,477,5,25.068204879760742,-79.46311872936853,-55.01602773346822,3.90234375,8.331961631774902,53.164165625559775,0.0,0.5447761194029851,13.29035758972168,0.002783526200801134,0.0004430119297467172,31.827587634325027
3500.0,477,6,5.972150802612305,-98.73228536422818,-71.54171453926129,0.490234375,2.3090670108795166,78.76915772949911,0.0,0.25630252100840334,-54.65248107910156,-0.011446389369666576,-0.0018217493779957294,7.739813532680273
3500.0,477,7,22.306583404541016,-86.465183191159,-63.898562345260636,5.33203125,7.418545246124268,28.12564899047212,0.0,0.18029350104821806,-24.245929718017578,-0.0050780558958649635,-0.0008081976557150483,17.446227371692657
3500.0,477,8,19.5701847076416,-82.5410033333252,-65.86047461724296,5.5546875,6.516915321350098,14.765080930202334,0.0,0.17400419287211744,-34.44337463378906,-0.007213803939521313,-0.0011481124674901366,12.281026691198349
3500.0,478,0,-30.0,-220.0,-76.85285353885746,0.0,0.0014419741928577423,100.0,,0.2123456790123457,0.0,0.0,0.0,1000000000000.0
3500.0,478,1,-4.664949417114258,-109.37616586083618,-73.94569920567692,0.0,0.42394375801086426,100.0,1.0,0.2093023255813954,-37.259639739990234,-0.00780364079400897,-0.0012419880367815495,11.35276723653078
3500.0,478,2,-3.635798215866089,-108.44322170259315,-71.97228245413751,0.490234375,0.5189706087112427,5.53716014527359,0.0,0.19496855345911945,-51.43427658081055,-0.010772369801998138,-0.0017144759185612202,8.22408776730299
3500.0,478,3,8.875198364257812,-96.2759123417064,-68.64501002743177,2.16015625,3.1240413188934326,30.853787466385064,0.0,0.10251046025104604,-58.06884765625,-0.01216191053390503,-0.001935628242790699,7.284456863999367
3500.0,478,4,4.629722595214844,-99.08896554880371,-60.18496232266051,0.490234375,1.9648929834365845,75.05032695762478,0.0,0.3709327548806941,-30.275279998779297,-0.006340839900076389,-0.0010091760195791721,13.971795327961445
3500.0,478,5,22.687816619873047,-79.26744167459445,-54.83617074961958,3.029296875,7.544478416442871,59.84749762955415,0.0,0.5427509293680297,24.547143936157227,0.005141141824424267,0.000818238127976656,17.232147976756096
3500.0,478,6,5.785036087036133,-98.77427192536425,-71.57986969263277,0.490234375,2.259669303894043,78.30503896498533,0.0,0.2557651991614256,-54.69108200073242,-0.011454474180936813,-0.0018230361165478826,7.734350860118866
3500.0,478,7,20.392797470092773,-86.58367942814553,-63.98596640687055,5.5546875,6.7874603271484375,18.162505086292747,0.0,0.17991631799163177,-31.912979125976562,-0.006683838553726673,-0.0010637659579515457,13.254795223474503
3500.0,478,8,26.093976974487305,-82.60828810923451,-65.91180054353734,4.5234375,8.671772956848145,47.83722403124246,0.0,0.17364016736401677,-35.191566467285156,-0.007370504550635815,-0.0011730522383004427,12.019925750792027
3500.0,479,0,-30.0,-220.0,-76.86263932191213,0.0,0.0014419741928577423,100.0,,0.2123456790123457,0.0,0.0,0.0,1000000000000.0
3500.0,479,1,-4.430620193481445,-109.40490115843261,-73.96486912303021,0.0,0.4441657066345215,100.0,1.0,0.2115942028985507,-37.398521423339844,-0.007832728326320648,-0.0012466174084693193,11.310608126223087
3500.0,479,2,-3.5018081665039062,-108.47788991551386,-72.00628680802073,0.0,0.5325639247894287,100.0,1.0,0.19665271966527198,-51.50661087036133,-0.010787519626319408,-0.0017168869962915778,8.212538436055183
3500.0,479,3,8.769514083862305,-96.30428013687367,-68.70290126967106,2.16015625,3.0930044651031494,30.159937550301585,0.0,0.10229645093945716,-57.485511779785156,-0.012039737775921822,-0.0019161837408319116,7.358375936746597
3500.0,479,4,8.076541900634766,-98.22428176313753,-60.23618294824654,0.490234375,2.891761541366577,83.04720607189738,0.0,0.3701298701298701,-31.602691650390625,-0.006618852261453867,-0.0010534230386838317,13.38493637740612
3500.0,479,5,30.0,-79.14548261329499,-54.66397591886397,2.5703125,9.967226028442383,74.21235865761065,0.0,0.5407407407407407,25.2086238861084,0.005279682110995054,0.000840287480968982,16.77997224032879
3500.0,479,6,5.712339401245117,-98.8160939939034,-71.61787029787187,0.490234375,2.240596294403076,78.12036125273497,0.0,0.2552301255230126,-54.736515045166016,-0.01146398950368166,-0.0018245505634695292,7.727930787950754
3500.0,479,7,20.617528915405273,-86.66980185312632,-64.07293054837051,5.115234375,6.861456394195557,25.449728437723095,0.0,0.17954070981210857,-28.819538116455078,-0.006035950500518084,-0.0009606512612663209,14.677543193101883
3500.0,479,8,25.908992767333984,-83.13541548920898,-65.9633685665452,5.5546875,8.610477447509766,35.48920447371394,0.0,0.17327766179540705,-36.17475128173828,-0.007576422765851021,-0.001205825014039874,11.693239212036133
3500.0,480,0,-30.0,-220.0,-76.8723790080943,0.0,0.0014419741928577423,100.0,,0.2123456790123457,0.0,0.0,0.0,1000000000000.0
3500.0,480,1,-4.563300132751465,-109.53198568683021,-73.98391796045851,0.490234375,0.4326166808605194,0.0,0.0,0.2109826589595376,-35.570926666259766,-0.00744995754212141,-0.0011856976198032498,11.891733855009079
3500.0,480,2,-3.547581672668457,-108.52097735767157,-72.03992331261665,0.490234375,0.5278874635696411,7.132787036658572,0.0,0.1962421711899791,-48.88645935058594,-0.01023875642567873,-0.0016295486129820347,8.652702905237675
3500.0,480,3,8.955621719360352,-95.99731256816727,-68.76004639534136,2.16015625,3.1477181911468506,31.373899478181645,0.0,0.1020833333333333,-56.56803894042969,-0.011847583577036858,-0.001885601319372654,7.477720733731985
3500.0,480,4,2.3894150257110596,-99.00080625191585,-60.29333090290904,0.6015625,1.4507865905761719,58.53542458225418,0.0,0.36933045356371486,-30.190288543701172,-0.006323039531707764,-0.0010063429363071918,14.011128805577755
3500.0,480,5,30.0,-78.98077771077303,-54.518035679267285,4.5234375,9.967226028442383,54.61688651293789,0.0,0.5387453874538746,28.858585357666016,0.006044127978384495,0.000961952842772007,14.657683670520782
3500.0,480,6,5.648815631866455,-98.85797375484356,-71.65541734041182,0.490234375,2.223985433578491,77.95694308072912,0.0,0.25469728601252606,-51.92454528808594,-0.010875051841139793,-0.0017308181850239635,8.146436884999275
3500.0,480,7,24.457809448242188,-86.70211634285272,-64.15960694430527,5.33203125,8.129868507385254,34.414299011646634,0.0,0.1791666666666667,-28.233518600463867,-0.005913214758038521,-0.0009411172941327095,14.982192777097225
3500.0,480,8,27.383398056030273,-83.1884927366338,-66.0152862593502,5.5546875,9.099201202392578,38.95411941721402,0.0,0.17291666666666672,-33.979827880859375,-0.007116719149053097,-0.0011326608946546912,12.448562309145927
3500.0,481,0,-30.0,-220.0,-76.8804366372953,0.0,0.0014419741928577423,100.0,,0.2123456790123457,0.0,0.0,0.0,1000000000000.0
3500.0,481,1,-4.626165866851807,-109.57069803492521,-73.99966414490206,0.0,0.42723503708839417,100.0,1.0,0.21325648414985587,-25.19196319580078,-0.00527619244530797,-0.0008397321216762066,16.791069880127907
3500.0,481,2,-3.5976908206939697,-108.57563437823671,-72.06759631157823,0.0,0.5228070616722107,100.0,1.0,0.19791666666666663,-34.58367919921875,-0.00724318902939558,-0.001152789336629212,12.23120279610157
3500.0,481,3,7.963989734649658,-96.09130841899582,-68.80712623932064,2.16015625,2.8594672679901123,24.45598961101766,0.0,0.10187110187110182,-36.74641799926758,-0.0076961517333984375,-0.0012248805724084377,11.51132583618164
3500.0,481,4,4.509256839752197,-99.12275650118164,-60.34966395937001,0.490234375,1.935232162475586,74.66792953808277,0.0,0.36853448275862066,-20.432355880737305,-0.004279342480003834,-0.000681078527122736,20.702458918094635
3500.0,481,5,30.0,-79.11485885809023,-54.442742542670096,4.5234375,9.967226028442383,54.61688651293789,0.0,0.5367647058823529,19.984617233276367,0.004185568541288376,0.0006661539082415402,21.166279911994934
3500.0,481,6,5.849470138549805,-98.89363604774323,-71.68627312044549,0.490234375,2.276630401611328,78.46666834225584,0.0,0.25416666666666665,-36.719871520996094,-0.007690592668950558,-0.0012239956995472312,11.519648134708405
3500.0,481,7,22.02812957763672,-86.81608258975756,-64.2325962448599,5.5546875,7.326602458953857,24.18467453203219,0.0,0.1787941787941788,-21.328157424926758,-0.004466959275305271,-0.0007109385915100574,19.83293704688549
3500.0,481,8,26.301055908203125,-83.3070465879645,-66.05944236455278,5.5546875,8.740399360656738,36.4481270157588,0.0,0.1725571725571725,-23.915700912475586,-0.005008893087506294,-0.0007971900631673634,17.687125131487846
3500.0,482,0,-30.0,-220.0,-76.88546856487007,0.0,0.0014419741928577423,100.0,,0.2123456790123457,0.0,0.0,0.0,1000000000000.0
3500.0,482,1,-4.67592716217041,-109.59246467409594,-74.00948196839055,0.0,0.4230160415172577,100.0,1.0,0.2155172413793104,-12.040303230285645,-0.002521715359762311,-0.00040134345181286335,35.13200581073761
3500.0,482,2,-1.9482767581939697,-107.0029849233901,-72.08480776146925,0.490234375,0.7123904824256897,31.1845979004728,0.0,0.19750519750519746,-16.181079864501953,-0.0033889575861394405,-0.0005393693572841585,26.141643524169922
3500.0,482,3,6.938791275024414,-95.98876638073733,-68.83629270157965,1.9140625,2.5708837509155273,25.5484617179452,0.0,0.10165975103734437,-17.895599365234375,-0.0037480457685887814,-0.0005965199670754373,23.63709732890129
3500.0,482,4,11.375205993652344,-98.37885054608199,-60.38455127050547,0.490234375,3.880221366882324,87.36581425007995,0.0,0.367741935483871,-9.389389038085938,-0.001966509036719799,-0.00031297962414100766,45.05085572600365
3500.0,482,5,30.0,-79.05416439498018,-54.39519889666386,4.5234375,9.967226028442383,54.61688651293789,0.0,0.5347985347985348,12.701202392578125,0.002660133643075824,0.0004233734216541052,33.30393508076668
3500.0,482,6,5.93144416809082,-98.91560179896453,-71.70545145671187,0.490234375,2.298283338546753,78.66954144522562,0.0,0.25363825363825365,-17.551774978637695,-0.0036760354414582253,-0.0005850591696798801,24.100126698613167
3500.0,482,7,23.794755935668945,-86.87845320374387,-64.27758567791196,5.5546875,7.91045618057251,29.780440303279875,0.0,0.17842323651452285,-8.474739074707031,-0.0017749450635164976,-0.0002824912953656167,49.91304129362106
3500.0,482,8,28.673015594482422,-83.37159543501076,-66.08682196195065,5.5546875,9.52692699432373,41.69486652611533,0.0,0.17219917012448138,-11.261067390441895,-0.0023585124872624874,-0.00037536892341449857,37.56304830312729
3500.0,483,0,-30.0,-220.0,-76.88729110033218,0.0,0.0014419741928577423,100.0,,0.2123456790123457,0.0,0.0,0.0,1000000000000.0
3500.0,483,1,-4.620588779449463,-109.59231517182383,-74.01302759745604,0.0,0.4277101457118988,100.0,1.0,0.2177650429799427,-1.3458836078643799,-0.00028188122087158263,-4.486278703552671e-05,314.29165601730347
3500.0,483,2,-2.6550514698028564,-107.00541679708891,-72.09102844860851,0.490234375,0.6253816485404968,21.61036766203499,0.0,0.19709543568464727,-1.857759714126587,-0.0003890882944688201,-6.192532600834966e-05,227.6936024427414
3500.0,483,3,8.307430267333984,-95.98761031401834,-68.84670185082965,1.6953125,2.9583616256713867,42.69421002189831,0.0,0.10144927536231885,-2.0903093814849854,-0.00043779340921901166,-6.967697845539078e-05,202.36238837242126
3500.0,483,4,-0.035132817924022675,-96.71853070482453,-60.393840212859864,0.0,0.9941763281822205,100.0,1.0,0.36909871244635195,0.23928947746753693,5.0116672355215997e-05,7.976315828273073e-06,1767.7334547042847
3500.0,483,5,30.0,-79.01309551561278,-54.36024040319959,4.5234375,9.967226028442383,54.61688651293789,0.0,0.5328467153284672,4.349433422088623,0.0009109432576224208,0.00014498110977001488,97.25404530763626
3500.0,483,6,5.801856994628906,-98.92292422299776,-71.71238287179563,0.490234375,2.264091968536377,78.34741778104923,0.0,0.25311203319502074,-1.9877402782440186,-0.00041631137719377875,-6.62580132484436e-05,212.80446648597717
3500.0,483,7,20.69182586669922,-86.87486932812263,-64.29289681421622,5.5546875,6.885925769805908,19.33274209320196,0.0,0.17805383022774324,-0.6488938331604004,-0.00013590400340035558,-2.162979399145115e-05,651.8785953521729
3500.0,483,8,30.0,-83.36719221095238,-66.09614176513219,5.5546875,9.967226028442383,44.270477220550674,0.0,0.17184265010351962,-0.8238139748573303,-0.000172539206687361,-2.7460466299089603e-05,513.4654641151428
3500.0,484,0,-30.0,-220.0,-76.8871138366694,0.0,0.0014419741928577423,100.0,,0.2123456790123457,0.0,0.0,0.0,1000000000000.0
3500.0,484,1,-4.660727500915527,-109.58423577612513,-74.01267479575796,0.0,0.4243009686470032,100.0,1.0,0.21999999999999997,2.377319812774658,0.0004979047225788236,7.92439968790859e-05,177.93147265911102
3500.0,484,2,-2.4059643745422363,-106.9965250475505,-72.09042371857373,0.490234375,0.6550313234329224,25.15863631822154,0.0,0.19668737060041408,3.1555473804473877,0.0006608963012695312,0.00010518491035327315,134.0496391057968
3500.0,484,3,8.672321319580078,-96.10856469412305,-68.8455701909528,2.16015625,3.064539670944214,29.511232291065916,0.0,0.10123966942148765,3.408005714416504,0.0007137710927054286,0.00011360018834238872,124.11951273679733
3500.0,484,4,2.5095927715301514,-96.66063800130797,-60.38936427321112,0.490234375,1.4762322902679443,66.79151524920108,0.0,0.3683083511777302,2.298255205154419,0.0004813454579561949,7.660850678803399e-05,184.05267596244812
3500.0,484,5,30.0,-78.9964528089325,-54.34446100404112,4.81640625,9.967226028442383,51.67756569123698,0.0,0.5309090909090909,0.43376874923706055,9.084831981454045e-05,1.4458958503382746e-05,975.1740097999573
3500.0,484,6,5.706209182739258,-98.92158510890056,-71.71171151187855,0.490234375,2.2389910221099854,78.10467437524551,0.0,0.2525879917184265,3.4391555786132812,0.0007202950655482709,0.000114638518425636,122.99530953168869
3500.0,484,7,21.176952362060547,-86.84843251206391,-64.29046197180705,5.33203125,7.045792102813721,24.323182231410634,0.0,0.1776859504132231,2.054229497909546,0.00043023686157539487,6.847432086942717e-05,205.916628241539
3500.0,484,8,30.0,-83.33936898671365,-66.0946284432855,5.5546875,9.967226028442383,44.270477220550674,0.0,0.17148760330578516,2.5903491973876953,0.0005425214767456055,8.634497498860583e-05,163.29844295978546
3500.0,485,0,-30.0,-220.0,-76.88640429655274,0.0,0.0014419741928577423,100.0,,0.2123456790123457,0.0,0.0,0.0,1000000000000.0
3500.0,485,1,-4.614380359649658,-109.57802852098109,-74.01128844177101,0.0,0.4282395541667938,100.0,1.0,0.2222222222222222,2.737301826477051,0.0005732991849072278,9.124339703703299e-05,154.53173220157623
3500.0,485,2,-2.0132510662078857,-106.9890912774963,-72.08800247984655,0.490234375,0.704017698764801,30.366185983659765,0.0,0.19628099173553715,3.626002550125122,0.0007594282506033778,0.00012086675269529223,116.65739119052887
3500.0,485,3,8.745790481567383,-96.09958560571927,-68.84142772373707,2.16015625,3.086049795150757,30.00254715933791,0.0,0.10103092783505152,4.110738754272461,0.000860951142385602,0.00013702463184017688,102.90121287107468
3500.0,485,4,5.369154453277588,-98.2434136729787,-60.38301754785745,0.490234375,2.1514787673950195,77.21407329557015,0.0,0.36752136752136755,2.60980486869812,0.0005465962458401918,8.699349564267322e-05,162.08109259605408
3500.0,485,5,30.0,-78.99679771619964,-54.34352129011363,4.81640625,9.967226028442383,51.67756569123698,0.0,0.5289855072463768,0.15833619236946106,3.316185757284984e-05,5.27787324244855e-06,2671.5307235717773
3500.0,485,6,5.608232498168945,-98.91825399432668,-71.70901558059423,0.490234375,2.21340012550354,77.85152492984189,0.0,0.2520661157024794,3.9712376594543457,0.0008317340980283916,0.0001323745964327827,106.51591420173645
3500.0,485,7,24.369352340698242,-86.82945397289114,-64.28378008561631,5.5546875,8.10058879852295,31.428595647111056,0.0,0.17731958762886602,2.3052921295166016,0.00048281930503435433,7.684306910960004e-05,183.4908425807953
3500.0,485,8,29.404605865478516,-83.31952412847109,-66.09053730450242,5.5546875,9.769652366638184,43.143447775394975,0.0,0.17113402061855665,2.832096576690674,0.0005931529449298978,9.440322173759341e-05,149.3593156337738
3500.0,486,0,-30.0,-220.0,-76.88576730314327,0.0,0.0014419741928577423,100.0,,0.2123456790123457,0.0,0.0,0.0,1000000000000.0
3500.0,486,1,-4.641454696655273,-109.57417229655499,-74.01004518238571,0.0,0.42593497037887573,100.0,1.0,0.22443181818181823,2.0137674808502197,0.00042176246643066406,6.712558388244361e-05,210.05403995513916
3500.0,486,2,-1.9728951454162598,-106.98399142177949,-72.08582789622358,0.490234375,0.7092090845108032,30.875903071919495,0.0,0.19587628865979378,2.7028403282165527,0.0005660816095769405,9.009467612486333e-05,156.50203824043274
3500.0,486,3,7.77837610244751,-96.09383803568976,-68.83772901298136,0.0,2.806462049484253,100.0,1.0,0.10288065843621397,2.8885879516601562,0.0006049844669178128,9.628626867197454e-05,146.438330411911
3500.0,486,4,7.457770347595215,-98.22703876152329,-60.378005698821916,0.490234375,2.7156734466552734,81.94796301433844,0.0,0.36673773987206826,2.0296010971069336,0.00042507867328822613,6.765336729586124e-05,208.41534435749054
3500.0,486,5,30.0,-79.00111256698281,-54.3464004434816,4.81640625,9.967226028442383,51.67756569123698,0.0,0.5270758122743682,-0.4779062867164612,-0.00010009245306719095,-1.5930208974168636e-05,885.1107954978943
3500.0,486,6,5.616238117218018,-98.91538464607464,-71.70659365992955,0.490234375,2.2154862880706787,77.8723805405759,0.0,0.2515463917525773,2.9214582443237305,0.0006118688033893704,9.73819405771792e-05,144.79070901870728
3500.0,486,7,22.476116180419922,-86.81749216820363,-64.27795670901114,5.5546875,7.474539279937744,25.685218955110432,0.0,0.17695473251028804,1.5288951396942139,0.0003202110528945923,5.0963171815965325e-05,276.6703963279724
3500.0,486,8,28.518280029296875,-83.30706175315387,-66.08697925668292,5.5546875,9.475595474243164,41.37901396171976,0.0,0.17078189300411528,2.1128053665161133,0.0004425048828125,7.042684592306614e-05,200.20775496959686
3500.0,487,0,-30.0,-220.0,-76.88536119275511,0.0,0.0014419741928577423,100.0,,0.2123456790123457,0.0,0.0,0.0,1000000000000.0
3500.0,487,1,-4.616271495819092,-109.57162320193416,-74.00925251655232,0.0,0.42807823419570923,100.0,1.0,0.22662889518413598,1.0899326801300049,0.0002282749628648162,3.63310900866054e-05,388.0973756313324
3500.0,487,2,-2.1672286987304688,-106.98083752058349,-72.08444105998257,0.490234375,0.6844809055328369,28.378663153740558,0.0,0.19547325102880664,1.4576761722564697,0.0003052949905395508,4.858920510741882e-05,290.18792510032654
3500.0,487,3,6.77229118347168,-96.09027554885445,-68.83537039979637,1.6953125,2.525031805038452,32.859756593276536,0.0,0.10266940451745377,1.6701364517211914,0.0003497925936244428,5.567121479543857e-05,253.27271223068237
3500.0,487,4,9.437907218933105,-98.2169549692078,-60.37483683419406,0.490234375,3.2907180786132812,85.10251065911467,0.0,0.3659574468085106,1.1241869926452637,0.00023544920259155333,3.747289883904159e-05,376.27193331718445
3500.0,487,5,30.0,-79.00402793589984,-54.34839181450056,4.81640625,9.967226028442383,51.67756569123698,0.0,0.525179856115108,-0.019455689936876297,-4.074790012964513e-06,-6.485229846475704e-07,21741.71257019043
3500.0,487,6,5.565906047821045,-98.91355798382125,-71.70504898523325,0.490234375,2.202382802963257,77.7407281631331,0.0,0.2510288065843621,1.5809818506240845,0.00033112007076852024,5.2699397201649845e-05,267.55526661872864
3500.0,487,7,21.417966842651367,-86.81001692412303,-64.27424780360153,5.5546875,7.125266075134277,22.04238492391569,0.0,0.1765913757700205,0.8362131118774414,0.00017513605416752398,2.7873771614395082e-05,505.8519244194031
3500.0,487,8,28.706666946411133,-83.29928412596027,-66.08471444139045,5.5546875,9.538090705871582,41.76310887271628,0.0,0.17043121149897333,1.1458160877227783,0.00023997915559448302,3.819386984105222e-05,369.1692054271698
3500.0,488,0,-30.0,-220.0,-76.88517869698038,0.0,0.0014419741928577423,100.0,,0.2123456790123457,0.0,0.0,0.0,1000000000000.0
3500.0,488,1,-4.649977684020996,-109.57029363621106,-74.00889597423959,0.0,0.42521169781684875,100.0,1.0,0.22881355932203384,0.3378356397151947,7.075613393681124e-05,1.1261187864874955e-05,1252.088189125061
3500.0,488,2,-2.264315128326416,-106.97911008912834,-72.08381773738176,0.490234375,0.6723818778991699,27.089888779912165,0.0,0.19507186858316217,0.44965410232543945,9.417533874511719e-05,1.4988469956733752e-05,940.7231211662292
3500.0,488,3,7.222875118255615,-96.04952036114653,-68.83430541370677,1.6953125,2.649797201156616,36.021047223538126,0.0,0.10245901639344257,0.5034677386283875,0.00010544603719608858,1.6782258171588182e-05,840.1730060577393
3500.0,488,4,9.978775978088379,-98.20987498567416,-60.37327217187916,0.740234375,3.453023910522461,78.56272084464082,0.0,0.36518046709129515,0.3905108869075775,8.178841380868107e-05,1.3017030141782016e-05,1083.1964015960693
3500.0,488,5,30.0,-79.00453830276842,-54.34853710336809,4.81640625,9.967226028442383,51.67756569123698,0.0,0.5232974910394266,0.056556034833192825,1.1845068002003245e-05,1.8852011862691143e-06,7479.308128356934
3500.0,488,6,5.5807037353515625,-98.91271037429041,-71.7043547947768,0.490234375,2.2062320709228516,77.7795644682593,0.0,0.2505133470225873,0.4887724816799164,0.00010236827074550092,1.6292417058139108e-05,865.4333353042603
3500.0,488,7,22.073318481445312,-86.80556610795193,-64.27254296713471,5.5546875,7.341520309448242,24.3387300468087,0.0,0.17622950819672134,0.2607761025428772,5.461682303575799e-05,8.692536539456341e-06,1622.0811605453491
3500.0,488,8,28.937725067138672,-83.29465595046241,-66.08367258494539,5.5546875,9.61474609375,42.22741353918033,0.0,0.17008196721311475,0.37193483114242554,7.78978574089706e-05,1.239782795892097e-05,1137.2960805892944
3500.0,489,0,-30.0,-220.0,-76.88516105427703,0.0,0.0014419741928577423,100.0,,0.2123456790123457,0.0,0.0,0.0,1000000000000.0
3500.0,489,1,-4.653443813323975,-109.56962540787546,-74.00886098093582,0.0,0.4249178171157837,100.0,1.0,0.23098591549295777,-0.1549728512763977,-3.245743937441148e-05,-5.165761649550404e-06,2729.5103073120117
3500.0,489,2,-2.2798330783843994,-106.97831780879372,-72.08375747420104,0.490234375,0.6704636216163635,26.881286442039055,0.0,0.194672131147541,-0.211916983127594,-4.438378891791217e-05,-7.063899374770699e-06,1996.0646629333496
3500.0,489,3,7.241666316986084,-96.0485193694093,-68.83419456877303,1.6953125,2.6550464630126953,36.14753927596732,0.0,0.10224948875255624,-0.2534414231777191,-5.308065010467544e-05,-8.448047083220445e-06,1669.0247058868408
3500.0,489,4,9.876862525939941,-98.20500670868823,-60.372886461272024,0.740234375,3.422292947769165,78.37022176951494,0.0,0.364406779661017,-0.060333337634801865,-1.2636184692382812e-05,-2.0111112917220453e-06,7011.049270629883
3500.0,489,5,30.0,-79.00323494957868,-54.34729581627141,4.81640625,9.967226028442383,51.67756569123698,0.0,0.5214285714285714,0.36205175518989563,7.582794933114201e-05,1.2068391697539482e-05,1168.3412790298462
3500.0,489,6,5.5780348777771,-98.91258903888406,-71.7042878368357,0.490234375,2.2055375576019287,77.77256735845253,0.0,0.25,-0.22767296433448792,-4.76837158203125e-05,-7.5890989137405995e-06,1857.9281568527222
3500.0,489,7,22.213102340698242,-86.80337867663289,-64.27231592062013,5.5546875,7.387674331665039,24.811418984842003,0.0,0.17586912065439675,-0.07669733464717865,-1.6063451766967773e-05,-2.5565777832525782e-06,5515.185356140137
3500.0,489,8,28.959611892700195,-83.29234676589267,-66.08353205723486,5.5546875,9.6220064163208,42.27100607022911,0.0,0.1697341513292433,-0.11569926142692566,-2.4231998395407572e-05,-3.856642251776066e-06,3656.0304164886475
3500.0,490,0,-30.0,-220.0,-76.88524393750095,0.0,0.0014419741928577423,100.0,,0.2123456790123457,0.0,0.0,0.0,1000000000000.0
3500.0,490,1,-4.646038055419922,-109.56934983028253,-74.009022050527,0.0,0.42554590106010437,100.0,1.0,0.2331460674157303,-0.431673139333725,-9.040941222338006e-05,-1.4389104762813076e-05,979.9081087112427
3500.0,490,2,-2.241746664047241,-106.97823268908667,-72.08404057741427,0.490234375,0.6751793026924133,27.39197231830245,0.0,0.19427402862985688,-0.5836448669433594,-0.00012223829980939627,-1.945482836163137e-05,724.7558236122131
3500.0,490,3,7.120658874511719,-96.04814026611201,-68.83466533005415,1.6953125,2.6213059425354004,35.32565304604444,0.0,0.10204081632653061,-0.670289933681488,-0.00014038520748727024,-2.234299790870864e-05,631.0701966285706
3500.0,490,4,9.385249137878418,-98.20123538121679,-60.37321143481949,0.740234375,3.275022268295288,77.39757734883109,0.0,0.36363636363636365,-0.3312641978263855,-6.937980651855469e-05,-1.1042139703931753e-05,1276.9263982772827
3500.0,490,5,30.0,-79.00078599129019,-54.345162813339414,4.81640625,9.967226028442383,51.67756569123698,0.0,0.5195729537366548,0.4681784212589264,9.805506124394014e-05,1.5605946828145534e-05,903.5016894340515
3500.0,490,6,5.559954643249512,-98.9129061310046,-71.70460338832186,0.490234375,2.200835704803467,77.72508079862428,0.0,0.24948875255623726,-0.629619300365448,-0.00013186715659685433,-2.0987310563214123e-05,671.8345880508423
3500.0,490,7,21.916135787963867,-86.80250293010715,-64.2729879731653,5.5546875,7.289633750915527,23.80018407231543,0.0,0.17551020408163265,-0.2678067982196808,-5.6089324061758816e-05,-8.926893315219786e-06,1579.4968605041504
3500.0,490,8,28.841838836669922,-83.29139694386251,-66.08393978672993,5.5546875,9.58293342590332,42.035624655543344,0.0,0.16938775510204085,-0.4003939628601074,-8.385832188650966e-05,-1.3346465493668802e-05,1056.4595460891724
3500.0,491,0,-30.0,-220.0,-76.88537630582749,0.0,0.0014419741928577423,100.0,,0.2123456790123457,0.0,0.0,0.0,1000000000000.0
3500.0,491,1,-4.624074459075928,-109.56931678346689,-74.00927963458668,0.0,0.4274131655693054,100.0,1.0,0.23529411764705888,-0.5430259108543396,-0.00011373108281986788,-1.8100863599102013e-05,778.9683938026428
3500.0,491,2,-2.1848909854888916,-106.97830518749043,-72.08449267621543,0.490234375,0.6822671890258789,28.146277164531064,0.0,0.19387755102040816,-0.7328741550445557,-0.000153492801473476,-2.442913864797447e-05,577.1796107292175
3500.0,491,3,7.2008466720581055,-96.0480890897021,-68.83542239874427,1.6953125,2.6436479091644287,35.87222813888884,0.0,0.10183299389002032,-0.853838324546814,-0.00017882748215924948,-2.846127790689934e-05,495.4099655151367
3500.0,491,4,8.550773620605469,-98.19815356890484,-60.37388930714113,0.740234375,3.029048204421997,75.56214609198497,0.0,0.3628691983122363,-0.4325786530971527,-9.059906005859375e-05,-1.4419288163480815e-05,977.8568744659424
3500.0,491,5,30.0,-78.99777996698951,-54.34260623935229,5.115234375,9.967226028442383,48.67945845310204,0.0,0.5177304964539007,0.4858230650424957,0.00010175054922001436,1.6194102499866858e-05,870.6873655319214
3500.0,491,6,5.539713382720947,-98.9134347915391,-71.70510719289265,0.490234375,2.1955769062042236,77.67172839108008,0.0,0.24897959183673468,-0.7912670969963074,-0.0001657225948292762,-2.6375570087111555e-05,534.5855951309204
3500.0,491,7,21.31182289123535,-86.8022687781192,-64.27410321642483,5.5546875,7.090261459350586,21.657508233712342,0.0,0.17515274949083504,-0.3704601526260376,-7.758899300824851e-05,-1.2348671589279547e-05,1141.823172569275
3500.0,491,8,28.673158645629883,-83.29111210205244,-66.08461785498173,5.5546875,9.526973724365234,41.69515251423558,0.0,0.16904276985743383,-0.5126264095306396,-0.00010736422700574622,-1.7087546439142898e-05,825.1623511314392
3500.0,492,0,-30.0,-220.0,-76.88552397801044,0.0,0.0014419741928577423,100.0,,0.2123456790123457,0.0,0.0,0.0,1000000000000.0
3500.0,492,1,-4.608217716217041,-109.56946123188465,-74.0095671443681,0.0,0.42876559495925903,100.0,1.0,0.23743016759776536,-0.5577211380004883,-0.00011680884927045554,-1.8590704712551087e-05,758.4435939788818
3500.0,492,2,-2.1315810680389404,-106.97867767812916,-72.08499700109662,0.490234375,0.6889657378196716,28.844883266413913,0.0,0.19348268839103866,-0.7503894567489624,-0.00015716120833531022,-2.5012981495819986e-05,563.7072920799255
3500.0,492,3,7.528606414794922,-96.04824830718005,-68.83626917834437,1.6953125,2.735646963119507,38.02882744538042,0.0,0.10162601626016265,-0.8452682495117188,-0.00017703257617540658,-2.817560925905127e-05,500.4328489303589
3500.0,492,4,7.46991491317749,-98.19593198935225,-60.37471464536915,0.6015625,2.7190942764282227,77.87636474340246,0.0,0.3621052631578947,-0.46522900462150574,-9.743733971845359e-05,-1.5507634088862687e-05,909.2296361923218
3500.0,492,5,29.578046798706055,-78.99483148996019,-54.340123524173634,5.115234375,9.827203750610352,47.94822103202754,0.0,0.5159010600706714,0.28495341539382935,5.968050754745491e-05,9.498447070654947e-06,1484.4532012939453
3500.0,492,6,5.510352611541748,-98.91404308740384,-71.70566914220177,0.490234375,2.187958240509033,77.59397935831052,0.0,0.24847250509164964,-0.8120681047439575,-0.00017007914721034467,-2.7068937924923375e-05,520.8922624588013
3500.0,492,7,22.573280334472656,-86.80251375407906,-64.2753654239577,5.5546875,7.506636619567871,26.002978677289935,0.0,0.17479674796747968,-0.42995911836624146,-9.005043102661148e-05,-1.4331971215142403e-05,983.8144779205322
3500.0,492,8,28.543045043945312,-83.29134100280031,-66.08538595453774,0.0,9.483811378479004,100.0,1.0,0.1707317073170732,-0.5400506258010864,-0.00011310794798191637,-1.8001686839852482e-05,783.259928226471
3500.0,493,0,-30.0,-220.0,-76.88566620672552,0.0,0.0014419741928577423,100.0,,0.2123456790123457,0.0,0.0,0.0,1000000000000.0
3500.0,493,1,-4.608689785003662,-109.56981464439556,-74.00984410363797,0.0,0.4287252724170685,100.0,1.0,0.23955431754874656,-0.512186586856842,-0.00010727210610639304,-1.707288720353972e-05,825.870931148529
3500.0,493,2,-2.06291127204895,-106.97911038270101,-72.08548269213625,0.490234375,0.6976699829101562,29.732626168735308,0.0,0.19308943089430897,-0.6888659596443176,-0.00014427574933506548,-2.296219827258028e-05,614.0527129173279
3500.0,493,3,8.00528335571289,-96.04851671557121,-68.83708546262471,1.9140625,2.871302366256714,33.33817704140498,0.0,0.10141987829614607,-0.7463405132293701,-0.00015631318092346191,-2.4878017939045094e-05,566.7654275894165
3500.0,493,4,6.688508987426758,-98.1942371904489,-60.37553507717779,0.490234375,2.5020740032196045,80.40687947801788,0.0,0.3613445378151261,-0.42673158645629883,-8.937445818446577e-05,-1.4224386177374981e-05,991.2554621696472
3500.0,493,5,29.904233932495117,-78.99213684843008,-54.337868561582994,4.81640625,9.935445785522461,51.52299802170652,0.0,0.5140845070422535,0.2511129379272461,5.2592971769627184e-05,8.370431714865845e-06,1684.501051902771
3500.0,493,6,5.515135288238525,-98.9146356986376,-71.70621030349369,0.490234375,2.1891984939575195,77.60667311104442,0.0,0.2479674796747967,-0.7456806898117065,-0.00015617501048836857,-2.4856022719177417e-05,567.2669410705566
3500.0,493,7,25.1696834564209,-86.8029344666882,-64.27658756724969,5.5546875,8.365568161010742,33.60059480611687,0.0,0.17444219066937117,-0.3934602737426758,-8.240612805821002e-05,-1.3115342881064862e-05,1075.0768184661865
3500.0,493,8,28.515701293945312,-83.29177504717656,-66.08612997993029,5.5546875,9.474740982055664,41.373727149691,0.0,0.1703853955375254,-0.49643057584762573,-0.00010397218284197152,-1.654768675507512e-05,852.0829081535339
3500.0,494,0,-30.0,-220.0,-76.88579268534491,0.0,0.0014419741928577423,100.0,,0.2123456790123457,0.0,0.0,0.0,1000000000000.0
3500.0,494,1,-4.616457939147949,-109.57001028631194,-74.01009042558971,0.0,0.4280622899532318,100.0,1.0,0.2416666666666667,-0.44968000054359436,-9.418075933353975e-05,-1.4989333067205735e-05,940.6689405441284
3500.0,494,2,-2.005373954772949,-106.97955927852553,-72.08591456296864,0.490234375,0.7050286531448364,30.46603527200341,0.0,0.19269776876267752,-0.604109525680542,-0.00012652442092075944,-2.0136983948759735e-05,700.2041935920715
3500.0,494,3,8.221437454223633,-96.04877983255251,-68.83781184451834,2.16015625,2.933502435684204,26.36255474946727,0.0,0.10121457489878538,-0.6574703454971313,-0.00013770027726422995,-2.1915679099038243e-05,643.375039100647
3500.0,494,4,6.214418888092041,-98.19314061585665,-60.37628267738899,0.490234375,2.373664140701294,79.34693596309876,0.0,0.360587002096436,-0.4039642810821533,-8.460608660243452e-05,-1.3465476513374597e-05,1047.1223592758179
3500.0,494,5,30.0,-78.98984220035547,-54.33595967244459,5.115234375,9.967226028442383,48.67945845310204,0.0,0.512280701754386,0.20640625059604645,4.3229625589447096e-05,6.88020827510627e-06,2049.356698989868
3500.0,494,6,5.5350213050842285,-98.9151594347839,-71.70669147919284,0.490234375,2.1943588256835938,77.65933404955861,0.0,0.24746450304259637,-0.6537319421768188,-0.00013691729691345245,-2.1791065591969527e-05,647.0541954040527
3500.0,494,7,22.870410919189453,-86.80347503035897,-64.27767890017071,5.5546875,7.604816913604736,26.958300730910835,0.0,0.1740890688259109,-0.32161393761634827,-6.735866918461397e-05,-1.0720465070335194e-05,1315.2415752410889
3500.0,494,8,28.528841018676758,-83.29229081259464,-66.08679459694937,5.5546875,9.47909927368164,41.40068228399739,0.0,0.17004048582995956,-0.45079249143600464,-9.441375732421875e-05,-1.5026416804175824e-05,938.3475184440613
3500.0,495,0,-30.0,-220.0,-76.8858995774392,0.0,0.0014419741928577423,100.0,,0.2123456790123457,0.0,0.0,0.0,1000000000000.0
3500.0,495,1,-4.641145706176758,-109.57020060584264,-74.01029863339201,0.0,0.4259612560272217,100.0,1.0,0.24376731301939059,-0.37452203035354614,-7.843971252441406e-05,-1.2484068065532483e-05,1129.4395923614502
3500.0,495,2,-1.9681593179702759,-106.97993422577306,-72.08627952781922,0.490234375,0.7098202109336853,30.935416116828495,0.0,0.1923076923076923,-0.5040886998176575,-0.0001055760876624845,-1.680295645201113e-05,839.1380310058594
3500.0,495,3,9.351150512695312,-96.04905547795704,-68.83842621122824,2.16015625,3.2648696899414062,33.83637158153262,0.0,0.101010101010101,-0.5497008562088013,-0.00011512908531585708,-1.8323362382943742e-05,769.5094347000122
3500.0,495,4,6.015969753265381,-98.1923564086707,-60.37693106710795,0.490234375,2.320697546005249,78.87555938326092,0.0,0.35983263598326365,-0.3429582715034485,-7.182901754276827e-05,-1.1431942766648717e-05,1233.3862781524658
3500.0,495,5,30.0,-78.98799847432949,-54.334435211552375,5.115234375,9.967226028442383,48.67945845310204,0.0,0.5104895104895104,0.1748424917459488,3.6618926969822496e-05,5.828082976222504e-06,2419.3203449249268
3500.0,495,6,5.543349742889404,-98.91560693446836,-71.70709809461508,0.490234375,2.196521520614624,77.68133066764472,0.0,0.24696356275303644,-0.5442419052124023,-0.00011398575588827953,-1.8141396139981225e-05,777.2279381752014
3500.0,495,7,21.660907745361328,-86.80402540628901,-64.27860543542357,5.5546875,7.205406188964844,22.909446680368095,0.0,0.17373737373737375,-0.28094327449798584,-5.884062557015568e-05,-9.364775905851275e-06,1505.642056465149
3500.0,495,8,29.039854049682617,-83.29286259921624,-66.08735904734172,5.5546875,9.648630142211914,42.430299243218705,0.0,0.16969696969696968,-0.37912726402282715,-7.940422801766545e-05,-1.2637575309781823e-05,1115.7203912734985
3500.0,496,0,-30.0,-220.0,-76.88598651738465,0.0,0.0014419741928577423,100.0,,0.2123456790123457,0.0,0.0,0.0,1000000000000.0
3500.0,496,1,-4.660284996032715,-109.5703018997499,-74.01046794166707,0.0,0.42433837056159973,100.0,1.0,0.2458563535911602,-0.285755455493927,-5.9848483942914754e-05,-9.525181667413563e-06,1480.286717414856
3500.0,496,2,-1.9493573904037476,-106.98021817369292,-72.08657635168683,0.490234375,0.7122505903244019,31.171081967553338,0.0,0.19191919191919193,-0.3860609233379364,-8.085641457000747e-05,-1.2868697922385763e-05,1095.6820249557495
3500.0,496,3,9.389702796936035,-96.04925757848216,-68.83892536086526,2.5703125,3.2763493061065674,21.54949732589968,0.0,0.10080645161290325,-0.4334065616130829,-9.077246068045497e-05,-1.4446885870711412e-05,975.9889245033264
3500.0,496,4,5.382076263427734,-98.19159842455441,-60.37744400168602,0.490234375,2.154806137084961,77.24925845704185,0.0,0.35908141962421714,-0.19595399498939514,-4.104050822206773e-05,-6.531799954245798e-06,2158.669948577881
3500.0,496,5,30.0,-78.98640989726545,-54.33311754094592,5.115234375,9.967226028442383,48.67945845310204,0.0,0.5087108013937283,0.33602461218833923,7.037683099042624e-05,1.1200820154044777e-05,1258.8363885879517
3500.0,496,6,5.537410259246826,-98.91597010335184,-71.70742879911447,0.490234375,2.194978952407837,77.66564574743529,0.0,0.2464646464646465,-0.41674500703811646,-8.728287502890453e-05,-1.3891500202589668e-05,1015.0091648101807
3500.0,496,7,21.578876495361328,-86.8043794882641,-64.27935507498592,5.5546875,7.178342342376709,22.61879922878025,0.0,0.1733870967741935,-0.18953773379325867,-3.9696693420410156e-05,-6.317924544418929e-06,2231.745719909668
3500.0,496,8,29.09213638305664,-83.293201590384,-66.08781565217214,5.5546875,9.665975570678711,42.53360709031908,0.0,0.16935483870967738,-0.2608925402164459,-5.464120476972312e-05,-8.696418262843508e-06,1621.3572025299072
3500.0,497,0,-30.0,-220.0,-76.88605568277734,0.0,0.0014419741928577423,100.0,,0.2123456790123457,0.0,0.0,0.0,1000000000000.0
3500.0,497,1,-4.670491695404053,-109.57052395492337,-74.01060262102664,0.0,0.4234752058982849,100.0,1.0,0.2479338842975206,-0.22513753175735474,-4.715269460575655e-05,-7.504584573325701e-06,1878.8515329360962
3500.0,497,2,-1.937182068824768,-106.98042666847391,-72.08681247962093,0.490234375,0.7138278484344482,31.323164811351734,0.0,0.19153225806451613,-0.30342596769332886,-6.354939250741154e-05,-1.0114198630617466e-05,1394.0798044204712
3500.0,497,3,9.35140609741211,-96.04938081512552,-68.83932224469109,2.5703125,3.2649457454681396,21.27549122163256,0.0,0.10060362173038229,-0.3521363437175751,-7.375126733677462e-05,-1.1737878594431095e-05,1201.2392282485962
3500.0,497,4,5.091310977935791,-98.19083032817703,-60.37784670286854,0.490234375,2.0804765224456787,76.43643801258997,0.0,0.3583333333333333,-0.15000542998313904,-3.1417068385053426e-05,-5.000180863135029e-06,2819.8978900909424
3500.0,497,5,30.0,-78.98512246877367,-54.33204025280167,5.115234375,9.967226028442383,48.67945845310204,0.0,0.5069444444444444,0.27165526151657104,5.689534737030044e-05,9.055175723915454e-06,1557.1205615997314
3500.0,497,6,5.5341925621032715,-98.91625405654253,-71.70769188114153,0.490234375,2.194143533706665,77.65714195680603,0.0,0.24596774193548387,-0.32847002148628235,-6.879460124764591e-05,-1.0949001080007292e-05,1287.78874874115
3500.0,497,7,21.26903533935547,-86.80460400779522,-64.2799499506362,5.5546875,7.0761518478393555,21.501295909922025,0.0,0.17303822937625757,-0.1440807729959488,-3.017620838363655e-05,-4.802692274097353e-06,2935.8532428741455
3500.0,497,8,29.143598556518555,-83.2934289930258,-66.08817797081528,5.5546875,9.683050155639648,42.634940326475416,0.0,0.16901408450704225,-0.20469871163368225,-4.287199772079475e-05,-6.8232902776799165e-06,2066.4517879486084
3500.0,498,0,-30.0,-220.0,-76.88611007493644,0.0,0.0014419741928577423,100.0,,0.2123456790123457,0.0,0.0,0.0,1000000000000.0
3500.0,498,1,-4.675147533416748,-109.57058366917605,-74.01070856833924,0.0,0.4230819642543793,100.0,1.0,0.25,-0.17525643110275269,-3.67056236427743e-05,-5.841880920343101e-06,2413.6061668395996
3500.0,498,2,-1.9306714534759521,-106.98074618412423,-72.08699816523114,0.490234375,0.714672327041626,31.404315453304743,0.0,0.1911468812877264,-0.23605547845363617,-4.943934618495405e-05,-7.868516149756033e-06,1791.9516563415527
3500.0,498,3,9.351709365844727,-96.04955828203572,-68.83963487557,2.5703125,3.26503586769104,21.277664192471267,0.0,0.10040160642570284,-0.2773212194442749,-5.808201967738569e-05,-9.244040484190919e-06,1525.307059288025
3500.0,498,4,4.8936591148376465,-98.19054162861119,-60.37817949988446,0.490234375,2.030614137649536,75.85782715137337,0.0,0.3575883575883576,-0.1157510057091713,-2.42428359342739e-05,-3.858367108477978e-06,3654.3960571289062
3500.0,498,5,30.0,-78.98420460976475,-54.33127972762924,5.115234375,9.967226028442383,48.67945845310204,0.0,0.5051903114186851,0.2103387713432312,4.405325307743624e-05,7.011292382230749e-06,2011.0416412353516
3500.0,498,6,5.534605026245117,-98.91648372735504,-71.70789875071912,0.490234375,2.1942505836486816,77.65823198803392,0.0,0.24547283702213285,-0.2557181417942047,-5.355748362489976e-05,-8.523938049620483e-06,1654.1650295257568
3500.0,498,7,20.881452560424805,-86.8049368378453,-64.28042198649112,5.5546875,6.948397636413574,20.058007750013275,0.0,0.17269076305220887,-0.11056045442819595,-2.315572783118114e-05,-3.6853484743915033e-06,3825.961112976074
3500.0,498,8,29.188966751098633,-83.29373360899831,-66.0884656207758,5.5546875,9.698102951049805,42.723978823108766,0.0,0.1686746987951807,-0.1598367691040039,-3.347613528603688e-05,-5.3278922678146046e-06,2646.4500427246094
3500.0,499,0,-30.0,-220.0,-76.88615235482575,0.0,0.0014419741928577423,100.0,,0.2123456790123457,0.0,0.0,0.0,1000000000000.0
3500.0,499,1,-4.675723552703857,-109.57071616310603,-74.01079093614032,0.0,0.4230332374572754,100.0,1.0,0.2520547945205479,-0.13155876100063324,-2.7553602194529958e-05,-4.385291958897142e-06,3215.2934074401855
3500.0,499,2,-1.9275152683258057,-106.98079434844855,-72.0871424972973,0.490234375,0.7150819897651672,31.44361317770108,0.0,0.19076305220883538,-0.17794711887836456,-3.7269157473929226e-05,-5.931570740358438e-06,2377.110719680786
3500.0,499,3,9.3526029586792,-96.04969593764599,-68.83987808806407,2.5703125,3.2653017044067383,21.28407318284876,0.0,0.1002004008016032,-0.2136503905057907,-4.4746833737008274e-05,-7.121679573174333e-06,1979.870080947876
3500.0,499,4,4.758687973022461,-98.19038983621498,-60.37844453687637,0.490234375,1.9968807697296143,75.44999268702558,0.0,0.3568464730290456,-0.06949199736118317,-1.4554370864061639e-05,-2.3164000140241114e-06,6087.031841278076
3500.0,499,5,30.0,-78.98352015824342,-54.33072273289076,5.115234375,9.967226028442383,48.67945845310204,0.0,0.503448275862069,0.20557834208011627,4.3056228605564684e-05,6.852611477370374e-06,2057.609796524048
3500.0,499,6,5.538971900939941,-98.91666057481962,-71.70805954387671,0.490234375,2.1953845024108887,77.66977153835043,0.0,0.2449799196787149,-0.19248715043067932,-4.0314414945896715e-05,-6.416238193196477e-06,2197.549343109131
3500.0,499,7,20.824222564697266,-86.80523070249703,-64.28079056010543,5.5546875,6.92954158782959,19.840476753098024,0.0,0.17234468937875747,-0.07715494185686111,-1.6159294318640605e-05,-2.571831373643363e-06,5482.474803924561
3500.0,499,8,29.225271224975586,-83.29402441334543,-66.08869028439224,5.5546875,9.710148811340332,42.795032208849705,0.0,0.16833667334669333,-0.11316381394863129,-2.3700973542872816e-05,-3.772127229240141e-06,3737.9441261291504
3500.0,500,0,-30.0,-220.0,-76.8861846738843,0.0,0.0014419741928577423,100.0,,0.2123456790123457,0.0,0.0,0.0,1000000000000.0
3500.0,500,1,-4.6758856773376465,-109.57068470542876,-74.0108538634538,0.0,0.42301955819129944,100.0,1.0,0.25409836065573765,-0.12245183438062668,-2.5646253561717458e-05,-4.081727638549637e-06,3454.4196128845215
3500.0,500,2,-1.9262531995773315,-106.98092298505506,-72.08725282324966,0.490234375,0.7152458429336548,31.459318520572864,0.0,0.19038076152304606,-0.16035421192646027,-3.358451067470014e-05,-5.345140380086377e-06,2637.9101276397705
3500.0,500,3,9.388803482055664,-96.04975471754167,-68.84006347240067,2.5703125,3.2760813236236572,21.543080097993716,0.0,0.09999999999999998,-0.18206076323986053,-3.8130718166939914e-05,-6.0686920733132865e-06,2323.4002590179443
3500.0,500,4,4.661456108093262,-98.18999842876819,-60.37863162372808,0.490234375,1.9727416038513184,75.14959009112336,0.0,0.3561076604554866,-0.16133734583854675,-3.3790416637202725e-05,-5.37791174792801e-06,2621.835708618164
3500.0,500,5,30.0,-78.9829078205747,-54.3302134084124,5.115234375,9.967226028442383,48.67945845310204,0.0,0.5017182130584192,-0.09417381882667542,-1.9723720470210537e-05,-3.1391273296321742e-06,4491.694450378418
3500.0,500,6,5.534170150756836,-98.9167996362861,-71.708182462477,0.490234375,2.1941378116607666,77.65708368933598,0.0,0.24448897795591185,-0.17644654214382172,-3.695487976074219e-05,-5.881551260245033e-06,2397.326707839966
3500.0,500,7,21.035755157470703,-86.8052895500196,-64.28106817066933,5.5546875,6.999248027801514,20.638796083002287,0.0,0.17200000000000004,-0.10410864651203156,-2.1804462448926643e-05,-3.4702882203418994e-06,4063.063144683838
3500.0,500,8,29.254932403564453,-83.29412221033301,-66.08885938050253,5.5546875,9.719989776611328,42.8529491526222,0.0,0.16800000000000004,-0.14627987146377563,-3.063678741455078e-05,-4.875995728070848e-06,2891.7171955108643
