freq_mhz,step,ue_id,sinr_eff_db,prx_dbm,prx_dbm_theo,se_la,se_shannon,se_gap_pct,tbler_step,tbler_running,doppler_fd_hz,doppler_slope_rad_per_sym,doppler_nu,doppler_Tc_ms
3500.0,1,0,30.0,-79.70329219198203,-59.66679350172185,0.740234375,9.967226028442383,92.57331605716902,0.0,0.0,-0.13313694298267365,-2.7884136216016486e-05,-4.43789804194239e-06,3177.1798133850098
3500.0,1,1,17.79916000366211,-87.74684468787305,-58.32189772594569,0.740234375,5.936503887176514,87.53080282489184,0.0,0.0,2.367307186126709,0.000495807733386755,7.891024142736569e-05,178.6840409040451
3500.0,1,2,13.032236099243164,-88.79619018830779,-63.55683487264754,0.740234375,4.399258136749268,83.17365446650105,0.0,0.0,0.5914581418037415,0.0001238747063325718,1.9715271264431067e-05,715.1816487312317
3500.0,1,3,19.539091110229492,-83.42421246616061,-61.9205579326602,0.740234375,6.506699562072754,88.623504621071,0.0,0.0,0.34549373388290405,7.236003875732422e-05,1.1516457561810967e-05,1224.3348360061646
3500.0,1,4,4.303505897521973,-96.54026255358121,-60.12575198460603,0.740234375,1.8850699663162231,60.73172941975435,0.0,0.0,-3.5847628116607666,-0.0007507909904234111,-0.00011949209147132933,117.99944192171097
3500.0,1,5,30.0,-78.08317704469974,-54.181509377190494,0.740234375,9.967226028442383,92.57331605716902,0.0,0.0,-1.5677871704101562,-0.000328356574755162,-5.225957283983007e-05,269.80704069137573
3500.0,1,6,30.0,-77.9296849089746,-52.74072768432099,0.740234375,9.967226028442383,92.57331605716902,0.0,0.0,-2.1356163024902344,-0.00044728239299729466,-7.118721259757876e-05,198.06928932666779
3500.0,1,7,2.1440482139587402,-103.53356583744602,-62.17816298747672,0.740234375,1.399632215499878,47.11222228222107,0.0,0.0,1.0514352321624756,0.00022021206677891314,3.504784035612829e-05,402.3072421550751
3500.0,1,8,-7.019198417663574,-108.21331266297369,-63.82532175373009,0.0,0.2614057958126068,100.0,1.0,1.0,1.7046496868133545,0.00035702099557965994,5.682165647158399e-05,248.14483523368835
3500.0,1,9,30.0,-73.2185472972979,-48.65082208523094,0.740234375,9.967226028442383,92.57331605716902,0.0,0.0,-8.213150024414062,-0.0017201582668349147,-0.00027377167134545743,51.502775400877
3500.0,2,0,28.799392700195312,-79.70828576212755,-59.66550453942925,5.5546875,9.568853378295898,41.95033322802125,0.0,0.0,1.4527347087860107,0.00030426005832850933,4.8424491978948936e-05,291.174978017807
3500.0,2,1,19.560871124267578,-87.75148442676118,-58.32147281575331,5.115234375,6.51385498046875,21.4714728783861,0.0,0.0,1.993276834487915,0.00041747093200683594,6.644256063736975e-05,212.21338212490082
3500.0,2,2,14.165182113647461,-88.80152543113226,-63.55566875709639,3.609375,4.759829998016357,24.170085874827574,0.0,0.0,2.3643321990966797,0.0004951845621690154,7.881107740104198e-05,178.90886962413788
3500.0,2,3,22.145936965942383,-83.42974252796162,-61.91928380226038,5.5546875,7.365496635437012,24.585024270119327,0.0,0.0,2.1351585388183594,0.0004471865831874311,7.117195491446182e-05,198.11175763607025
3500.0,2,4,4.66427755355835,-96.5511660637891,-60.12709748796419,1.4765625,1.9734400510787964,25.178243991104488,0.0,0.0,-0.07445940375328064,-1.559474185341969e-05,-2.481980118318461e-06,5680.948257446289
3500.0,2,5,30.0,-78.08587736965676,-54.18285218859097,0.0,9.967226028442383,100.0,1.0,0.5,-0.5332721471786499,-0.00011168827040819451,-1.777573925210163e-05,793.2159900665283
3500.0,2,6,30.0,-77.93275159507765,-52.74289838764633,5.5546875,9.967226028442383,44.270477220550674,0.0,0.0,-1.3800764083862305,-0.000289042538497597,-4.6002547605894506e-05,306.5047860145569
3500.0,2,7,0.5800447463989258,-103.53890908862158,-62.17705263463781,0.0,1.099557876586914,100.0,1.0,0.5,1.7512707710266113,0.0003667853306978941,5.837569187860936e-05,241.5388971567154
3500.0,2,8,-8.650350570678711,-108.21347298223444,-63.82423868859235,0.0,0.18453077971935272,100.0,1.0,1.0,1.8098448514938354,0.0003790530317928642,6.032816236256622e-05,233.72168838977814
3500.0,2,9,30.0,-73.23475956911918,-48.66593592799549,5.5546875,9.967226028442383,44.270477220550674,0.0,0.0,-2.958613395690918,-0.0006196505855768919,-9.862044680630788e-05,142.97237992286682
3500.0,3,0,27.131906509399414,-79.71167487026435,-59.66266710935217,5.5546875,9.015813827514648,38.38950530402382,0.0,0.0,3.747626304626465,0.0007849010871723294,0.00012492087262216955,112.8714457154274
3500.0,3,1,20.76067543029785,-87.75478564687931,-58.31972236529303,5.5546875,6.908605575561523,19.597559315744817,0.0,0.0,0.6751279830932617,0.00014139848644845188,2.2504265871248208e-05,626.5478730201721
3500.0,3,2,14.507121086120605,-88.80600728713202,-63.55348434153462,3.90234375,4.869382381439209,19.859574699356187,0.0,0.0,4.7190656661987305,0.0009883588645607233,0.00015730218729004264,89.63639289140701
3500.0,3,3,21.94593048095703,-83.43415683479296,-61.91678443599428,5.5546875,7.299468517303467,23.902850093365636,0.0,0.0,4.431757926940918,0.0009281852398999035,0.00014772526628803462,95.44745087623596
3500.0,3,4,1.5606821775436401,-96.56137038876372,-60.128163082707395,0.0,1.2823880910873413,100.0,1.0,0.33333333333333337,0.7266260385513306,0.0001521842204965651,2.4220867999247275e-05,582.1426510810852
3500.0,3,5,23.30206298828125,-78.08723669793986,-54.183158262614725,5.5546875,7.747506618499756,28.303546243686572,0.0,0.33333333333333337,-3.3401176929473877,-0.000699552649166435,-0.00011133725638501346,126.64224207401276
3500.0,3,6,30.0,-77.93461781967258,-52.74400704758099,0.0,9.967226028442383,100.0,1.0,0.33333333333333337,-0.7117894887924194,-0.0001490768336225301,-2.3726315703243017e-05,594.2768454551697
3500.0,3,7,-2.296334743499756,-103.54344006898765,-62.17483864081552,0.0,0.6684285402297974,100.0,1.0,0.6666666666666667,3.906583786010742,0.0008181929588317871,0.00013021945778746158,108.27875137329102
3500.0,3,8,-7.30340051651001,-108.21245265702245,-63.8222015177312,0.0,0.24618056416511536,100.0,1.0,1.0,5.674903869628906,0.0011885492131114006,0.00018916346016339958,74.5387077331543
3500.0,3,9,30.0,-73.24984476827046,-48.679929763467456,5.5546875,9.967226028442383,44.270477220550674,0.0,0.0,0.032702118158340454,6.84911583448411e-06,1.0900706683969474e-06,12934.942245483398
3500.0,4,0,28.453445434570312,-79.71315390603705,-59.65798943055663,5.5546875,9.45408821105957,41.2456561014311,0.0,0.0,6.281703948974609,0.0013156370259821415,0.00020939012756571174,67.33842194080353
3500.0,4,1,20.184043884277344,-87.75630484446043,-58.31633018055409,5.5546875,6.718757152557373,17.325669407686373,0.0,0.0,5.735703468322754,0.0012012829538434744,0.00019119011994916946,73.74858111143112
3500.0,4,2,14.592350006103516,-88.80923533728165,-63.55011490704808,4.212890625,4.896735191345215,13.965316473594136,0.0,0.0,7.5290937423706055,0.0015768897719681263,0.00025096978060901165,56.18206039071083
3500.0,4,3,24.097089767456055,-83.43716237848413,-61.91284880861887,5.5546875,8.010485649108887,30.6572941602121,0.0,0.0,7.138789653778076,0.0014951445627957582,0.0002379596553510055,59.2537447810173
3500.0,4,4,3.7928524017333984,-96.57165391332263,-60.12860487105716,0.740234375,1.7633640766143799,58.02146676248312,0.0,0.25,-0.44406577944755554,-9.300492820329964e-05,-1.4802192708884832e-05,952.561616897583
3500.0,4,5,30.0,-78.08659073119136,-54.18239274790508,5.5546875,9.967226028442383,44.270477220550674,0.0,0.25,2.051126480102539,0.00042958694393746555,6.837088585598394e-05,206.2281370162964
3500.0,4,6,30.0,-77.93550158806396,-52.744190743667325,5.5546875,9.967226028442383,44.270477220550674,0.0,0.25,-0.369223952293396,-7.73300853325054e-05,-1.2307465112826321e-05,1145.6462144851685
3500.0,4,7,1.343931794166565,-103.54707790376472,-62.17132452890022,0.490234375,1.2404229640960693,60.47845056163988,0.0,0.5,7.510776042938232,0.0015730533050373197,0.00025035921134985983,56.31908029317856
3500.0,4,8,-8.254344940185547,-108.21003853010237,-63.819050722539025,0.0,0.2009737491607666,100.0,1.0,1.0,7.7212443351745605,0.001617133617401123,0.0002573748060967773,54.78391796350479
3500.0,4,9,30.0,-73.26265631491492,-48.69174404806987,5.5546875,9.967226028442383,44.270477220550674,0.0,0.0,1.0813544988632202,0.00022647835430689156,3.60451485903468e-05,391.1760747432709
3500.0,5,0,26.737518310546875,-79.71244422189477,-59.65124089905819,5.5546875,8.885066032409668,37.48287880204369,0.0,0.0,8.875959396362305,0.0018589769024401903,0.0002958653203677386,47.656819224357605
3500.0,5,1,21.45429229736328,-87.75535983300551,-58.31104119477662,5.5546875,7.1372456550598145,22.17323364704268,0.0,0.0,4.490642547607422,0.0009405179880559444,0.00014968808682169765,94.19587254524231
3500.0,5,2,14.967338562011719,-88.81120935965836,-63.54543106082366,4.212890625,5.01729154586792,16.03257282368609,0.0,0.0,10.694653511047363,0.0022398829460144043,0.0003564884536899626,39.5524725317955
3500.0,5,3,23.216720581054688,-83.43849714377677,-61.90731213451683,5.5546875,7.719289779663086,28.041469376701667,0.0,0.0,10.216772079467773,0.0021397960372269154,0.000340559083269909,41.402511298656464
3500.0,5,4,1.933005690574646,-96.57906844543946,-60.128140844310536,0.0,1.3565001487731934,100.0,1.0,0.4,0.8079027533531189,0.00016920675989240408,2.6930092644761316e-05,523.577868938446
3500.0,5,5,26.959671020507812,-78.08412491412476,-54.18050725638882,5.5546875,8.958711624145508,37.996804305777474,0.0,0.19999999999999996,2.228349208831787,0.0004667043685913086,7.427830860251561e-05,189.8266226053238
3500.0,5,6,29.86381721496582,-77.935388812354,-52.74352780127653,5.5546875,9.92203426361084,44.016646663155846,0.0,0.19999999999999996,-0.012894727289676666,-2.700666300370358e-06,-4.298242402001051e-07,32804.107666015625
3500.0,5,7,-1.8851560354232788,-103.54794913552105,-62.16635696442505,0.6015625,0.7205979228019714,16.518979452385086,0.0,0.4,10.357620239257812,0.002169294748455286,0.00034525402588769794,40.83949699997902
3500.0,5,8,-8.059866905212402,-108.20576602439874,-63.81466315391061,0.0,0.20954011380672455,100.0,1.0,1.0,11.274934768676758,0.0023614168167114258,0.0003758311504498124,37.516847252845764
3500.0,5,9,30.0,-73.2728691135267,-48.70042381018201,5.5546875,9.967226028442383,44.270477220550674,0.0,0.0,2.943478584289551,0.0006164807127788663,9.811595373321325e-05,143.7075138092041
3500.0,6,0,20.51314353942871,-79.70929999035106,-59.64224412075642,5.5546875,6.827081680297852,18.637453598509456,0.0,0.0,12.709455490112305,0.00266186217777431,0.00042364851105958223,33.28230604529381
3500.0,6,1,19.723461151123047,-87.75161326694878,-58.303658406077396,5.5546875,6.567286968231201,15.418839973486486,0.0,0.0,10.979218482971191,0.002299482235684991,0.0003659739450085908,38.52733224630356
3500.0,6,2,17.29973793029785,-88.81168151653841,-63.53933410379326,4.5234375,5.773468017578125,21.6512937072178,0.0,0.0,14.444426536560059,0.003025233745574951,0.00048148087807931006,29.284652322530746
3500.0,6,3,21.159748077392578,-83.43797801963782,-61.900048268522305,5.5546875,7.040120601654053,21.09954055765828,0.0,0.0,13.944503784179688,0.0029205302707850933,0.00046481681056320667,30.334532260894775
3500.0,6,4,1.1590906381607056,-96.584695033543,-60.12654441749492,0.740234375,1.205328345298767,38.58649571403577,0.0,0.33333333333333337,3.507664203643799,0.0007346435450017452,0.00011692214320646599,120.59307098388672
3500.0,6,5,21.634540557861328,-78.07910879005408,-54.17748825313317,5.5546875,7.1967082023620605,22.81627455484615,0.0,0.16666666666666663,-7.895698547363281,-0.0016536712646484375,-0.0002631899551488459,53.573474287986755
3500.0,6,6,27.05226707458496,-77.9344608656281,-52.74211905131901,5.5546875,8.989409446716309,38.208538247982005,0.0,0.16666666666666663,0.02002810314297676,4.194676876068115e-06,6.676034445263213e-07,21120.323181152344
3500.0,6,7,-7.018565654754639,-103.54627370151107,-62.15981813938082,0.0,0.261440634727478,100.0,1.0,0.5,12.24334716796875,0.002564240712672472,0.00040811157668940723,34.54937785863876
3500.0,6,8,-7.296339988708496,-108.19991942526565,-63.80894410375367,0.0,0.24654880166053772,100.0,1.0,1.0,14.691374778747559,0.0030769542790949345,0.0004897125181742013,28.792405501008034
3500.0,6,9,30.0,-73.2783148002193,-48.70527388623232,5.5546875,9.967226028442383,44.270477220550674,0.0,0.0,3.997898578643799,0.0008373179589398205,0.00013326328189577907,105.80559074878693
3500.0,7,0,15.069211959838867,-79.70405696340973,-59.63107339432558,0.0,5.050100326538086,100.0,1.0,0.1428571428571429,11.874593734741211,0.0024870093911886215,0.0003958198067266494,35.62227264046669
3500.0,7,1,17.214149475097656,-87.74538214076574,-58.294258089374466,0.0,5.745560646057129,100.0,1.0,0.1428571428571429,12.775351524353027,0.002675663447007537,0.0004258450644556433,33.110637217760086
3500.0,7,2,18.02550506591797,-88.8109962182722,-63.53186561964326,5.115234375,6.010497093200684,14.894986293453849,0.0,0.0,17.947511672973633,0.003758918261155486,0.0005982504226267338,23.56872707605362
3500.0,7,3,16.78791046142578,-83.43596662556591,-61.89110995599588,0.0,5.60673713684082,100.0,1.0,0.1428571428571429,17.589599609375,0.0036839572712779045,0.0005863200058229268,24.048302322626114
3500.0,7,4,-1.6769474744796753,-96.58757244186317,-60.12381053373552,0.6015625,0.7481874823570251,19.597358391390152,0.0,0.2857142857142857,3.66129207611084,0.0007668192265555263,0.0001220430713146925,115.53298681974411
3500.0,7,5,19.581403732299805,-78.07217017224295,-54.17356690581907,5.5546875,6.520601749420166,14.81326856844245,0.0,0.1428571428571429,-0.6635114550590515,-0.00013896552263759077,-2.2117048501968384e-05,637.5172734260559
3500.0,7,6,26.11139488220215,-77.93310620217439,-52.74030756894499,5.5546875,8.677545547485352,35.98780358335679,0.0,0.1428571428571429,0.6831415891647339,0.0001430768461432308,2.277138628414832e-05,619.1981434822083
3500.0,7,7,-5.3893961906433105,-103.54243987240812,-62.15175575456026,0.0,0.36637330055236816,100.0,1.0,0.5714285714285714,17.048748016357422,0.0035706814378499985,0.0005682915798388422,24.81120638549328
3500.0,7,8,-7.891488075256348,-108.19165384824208,-63.80193207037849,0.0,0.2172296643257141,100.0,1.0,1.0,17.846145629882812,0.0037376880645751953,0.0005948715261183679,23.702597245573997
3500.0,7,9,30.0,-73.28034721391776,-48.706910840051506,5.5546875,9.967226028442383,44.270477220550674,0.0,0.0,5.970348358154297,0.001250426983460784,0.00019901161431334913,70.85014134645462
3500.0,8,0,24.799875259399414,-79.69697622748444,-59.6180250793008,3.90234375,8.243109703063965,52.659325296259276,0.0,0.125,19.02825927734375,0.003985269460827112,0.0006342753185890615,22.23009429872036
3500.0,8,1,22.388429641723633,-87.73702297860395,-58.28311675502639,4.81640625,7.44557523727417,35.31183157094401,0.0,0.125,10.790353775024414,0.0022599264048039913,0.0003596784663386643,39.201680570840836
3500.0,8,2,17.3131046295166,-88.80915888058261,-63.52321459568884,5.33203125,5.77782678604126,7.715626524461827,0.0,0.0,21.024797439575195,0.004403423517942429,0.0007008265820331872,20.11910080909729
3500.0,8,3,10.097785949707031,-83.43257197657002,-61.88072696456994,0.0,3.48899245262146,100.0,1.0,0.25,21.395980834960938,0.004481163807213306,0.0007131993770599365,19.770069047808647
3500.0,8,4,1.533461570739746,-96.5878900776492,-60.12012394574653,0.490234375,1.2770699262619019,61.61256600607925,0.0,0.25,6.053668975830078,0.0012678775237873197,0.00020178896375000477,69.87497955560684
3500.0,8,5,29.064804077148438,-78.06309755916891,-54.16880846823592,5.33203125,9.65690803527832,44.785316060573564,0.0,0.125,6.217645645141602,0.0013022206258028746,0.00020725485228467733,68.03218275308609
3500.0,8,6,28.499544143676758,-77.93124249842859,-52.73804697499182,5.5546875,9.469380378723145,41.340538896495396,0.0,0.125,0.20977768301963806,4.393573908600956e-05,6.992589533183491e-06,2016.4203643798828
3500.0,8,7,-2.219874143600464,-103.53687300428312,-62.14237987628137,0.490234375,0.6778992414474487,27.68329789641705,0.0,0.5,20.545364379882812,0.0043030111119151115,0.0006848454941064119,20.5885861068964
3500.0,8,8,-7.780895709991455,-108.18235273158518,-63.79380603668067,0.0,0.22242167592048645,100.0,1.0,1.0,20.940505981445312,0.004385769367218018,0.0006980168982408941,20.200084894895554
3500.0,8,9,30.0,-73.27934627750537,-48.705694050533566,5.5546875,9.967226028442383,44.270477220550674,0.0,0.0,11.166776657104492,0.0023387642577290535,0.00037222588434815407,37.880223244428635
3500.0,9,0,30.0,-79.6886944958476,-59.603256879987505,5.5546875,9.967226028442383,44.270477220550674,0.0,0.11111111111111116,21.288562774658203,0.00445866584777832,0.0007096187910065055,19.86982487142086
3500.0,9,1,23.141145706176758,-87.72791230134727,-58.2703984032337,5.5546875,7.694304943084717,27.807806668849345,0.0,0.11111111111111116,16.449527740478516,0.0034451810643076897,0.0005483176209963858,25.715025141835213
3500.0,9,2,17.004789352416992,-88.80674588871528,-63.51347185172965,5.115234375,5.677340030670166,9.900862950493627,0.0,0.0,23.660396575927734,0.004955422133207321,0.0007886798703111708,17.87797547876835
3500.0,9,3,6.3543195724487305,-83.42821402486884,-61.86901337094617,0.0,2.4112865924835205,100.0,1.0,0.33333333333333337,24.433605194091797,0.00511736236512661,0.0008144535240717232,17.312223091721535
3500.0,9,4,4.227859020233154,-96.58787634156707,-60.115563347202794,0.740234375,1.8667874336242676,60.34715245737032,0.0,0.2222222222222222,8.684041976928711,0.0018187816021963954,0.0002894680656027049,48.710037022829056
3500.0,9,5,30.0,-78.05338048172479,-54.16346761388457,5.5546875,9.967226028442383,44.270477220550674,0.0,0.11111111111111116,8.958051681518555,0.0018761700484901667,0.0002986017207149416,47.22008854150772
3500.0,9,6,30.0,-77.92923031194577,-52.735666949665834,5.5546875,9.967226028442383,44.270477220550674,0.0,0.11111111111111116,0.8622984290122986,0.00018059936701320112,2.8743281291099265e-05,490.5494451522827
3500.0,9,7,-1.8191314935684204,-103.52910005946002,-62.13179488955474,0.490234375,0.7292606830596924,32.77652472046505,0.0,0.4444444444444444,23.28607940673828,0.004877025261521339,0.0007762026507407427,18.165359273552895
3500.0,9,8,-6.790767192840576,-108.17105537854792,-63.78465125922444,0.0,0.2742607593536377,100.0,1.0,1.0,23.811386108398438,0.00498704519122839,0.0007937128539197147,17.764611169695854
3500.0,9,9,30.0,-73.27627103441901,-48.70250473768765,5.5546875,9.967226028442383,44.270477220550674,0.0,0.0,9.312697410583496,0.0019504468655213714,0.00031042326008901,45.42185738682747
3500.0,10,0,30.0,-79.67857829420046,-59.58700262878701,5.5546875,9.967226028442383,44.270477220550674,0.0,0.09999999999999998,24.41415023803711,0.005113287828862667,0.0008138050325214863,17.32601784169674
3500.0,10,1,22.52174949645996,-87.71542158803115,-58.2563101844055,5.5546875,7.489613056182861,25.834786679473808,0.0,0.09999999999999998,19.65945816040039,0.004117467440664768,0.0006553152925334871,21.516362205147743
3500.0,10,2,15.872024536132812,-88.8034513389004,-63.502792884150914,0.0,5.309420585632324,100.0,1.0,0.09999999999999998,26.188600540161133,0.005484927911311388,0.0008729533874429762,16.152065247297287
3500.0,10,3,11.54819393157959,-83.42280818503903,-61.85615545927391,1.328125,3.9338557720184326,66.23859447397716,0.0,0.30000000000000004,25.90188980102539,0.005424879025667906,0.0008633963298052549,16.33085496723652
3500.0,10,4,3.278027296066284,-96.5198581036595,-60.11027224838189,1.17578125,1.644858956336975,28.517807227775293,0.0,0.19999999999999996,11.829421997070312,0.00247754855081439,0.00039431406185030937,35.75829789042473
3500.0,10,5,18.31806182861328,-78.04192577491393,-54.15749927581179,0.0,6.106224060058594,100.0,1.0,0.19999999999999996,-15.720250129699707,-0.003292441600933671,-0.0005240083555690944,26.907969266176224
3500.0,10,6,29.449132919311523,-77.92687540064512,-52.73297829225997,5.5546875,9.784427642822266,43.2293057624597,0.0,0.09999999999999998,0.9716081619262695,0.0002034931385423988,3.238693898310885e-05,435.36069989204407
3500.0,10,7,-6.613205909729004,-103.51992941747908,-62.12017070099066,0.0,0.2846466898918152,100.0,1.0,0.5,25.682960510253906,0.005379026755690575,0.0008560987189412117,16.470063477754593
3500.0,10,8,-6.047060489654541,-108.15886929749689,-63.77461525240322,0.0,0.32017436623573303,100.0,1.0,1.0,26.35894203186035,0.005520604085177183,0.0008786314283497632,16.047684475779533
3500.0,10,9,30.0,-73.27100710259019,-48.69725754835514,5.5546875,9.967226028442383,44.270477220550674,0.0,0.0,12.860269546508789,0.002693448681384325,0.0004286756447982043,32.891999930143356
3500.0,11,0,27.236431121826172,-79.6677700585456,-59.56945197384614,5.5546875,9.050470352172852,38.62542736614323,0.0,0.09090909090909094,28.796415328979492,0.006031107157468796,0.0009598805336281657,14.689329080283642
3500.0,11,1,23.61505126953125,-87.70171855374477,-58.24105692682565,5.5546875,7.851012706756592,29.24877710082384,0.0,0.09090909090909094,19.286643981933594,0.0040393853560090065,0.0006428881315514445,21.932275965809822
3500.0,11,2,12.495752334594727,-88.79986553571904,-63.491282439727755,0.0,4.230003833770752,100.0,1.0,0.18181818181818177,27.948925018310547,0.005853609647601843,0.0009316308423876762,15.134750865399837
3500.0,11,3,14.5512056350708,-83.41690106017302,-61.84228721758846,2.5703125,4.883527755737305,47.367709808133576,0.0,0.2727272727272727,27.479583740234375,0.005755310878157616,0.00091598613653332,15.39324689656496
3500.0,11,4,4.578907012939453,-96.51604344672893,-60.10436706323685,1.02734375,1.9523552656173706,47.37926195644854,0.0,0.18181818181818177,10.050228118896484,0.002104914980009198,0.00033500761492177844,42.088598012924194
3500.0,11,5,30.0,-78.02969629127334,-54.151221109206105,4.81640625,9.967226028442383,51.67756569123698,0.0,0.18181818181818177,10.497017860412598,0.0021984903141856194,0.00034990059793926775,40.29716178774834
3500.0,11,6,30.0,-77.92461407760528,-52.730388207134226,5.5546875,9.967226028442383,44.270477220550674,0.0,0.09090909090909094,0.34536921977996826,7.233396172523499e-05,1.1512307537486777e-05,1224.776268005371
3500.0,11,7,-7.78121280670166,-103.50961952740363,-62.107630257660325,0.0,0.22240658104419708,100.0,1.0,0.5454545454545454,26.64590072631836,0.0055807046592235565,0.0008881966932676733,15.874862670898438
3500.0,11,8,-5.191849231719971,-108.14569718930795,-63.763796565709285,0.0,0.38135257363319397,100.0,1.0,1.0,28.128684997558594,0.005891258362680674,0.0009376228554174304,15.038030222058296
3500.0,11,9,30.0,-73.26485677426987,-48.69116351599873,5.5546875,9.967226028442383,44.270477220550674,0.0,0.0,12.749239921569824,0.002670194720849395,0.00042497465619817376,33.17844867706299
3500.0,12,0,30.0,-79.65580505339244,-59.550748015285414,5.5546875,9.967226028442383,44.270477220550674,0.0,0.08333333333333337,28.70428466796875,0.006011811085045338,0.0009568094974383712,14.736476354300976
3500.0,12,1,24.154705047607422,-87.68818603449431,-58.22474745551693,5.5546875,8.029552459716797,30.821953927480607,0.0,0.08333333333333337,19.267704010009766,0.004035418853163719,0.0006422568112611771,21.95383608341217
3500.0,12,2,7.112932205200195,-88.79561751639261,-63.47904611556542,0.0,2.619156837463379,100.0,1.0,0.25,29.631378173828125,0.006205981597304344,0.000987712643109262,14.275407418608665
3500.0,12,3,9.14766788482666,-83.41014378813344,-61.82753064048667,0.0,3.204455614089966,100.0,1.0,0.33333333333333337,29.638933181762695,0.006207563914358616,0.0009879644494503736,14.271768741309643
3500.0,12,4,5.032060146331787,-96.51169390295942,-60.09792437789647,1.326171875,2.065471887588501,35.79327402280238,0.0,0.16666666666666663,8.354408264160156,0.0017497432418167591,0.000278480292763561,50.63195154070854
3500.0,12,5,23.937211990356445,-78.01630470045284,-54.14446781922588,5.5546875,7.957584857940674,30.19631459591515,0.0,0.16666666666666663,9.279123306274414,0.0019434149144217372,0.00030930410139262676,45.586202293634415
3500.0,12,6,29.826791763305664,-77.92202335892357,-52.7275659361151,5.5546875,9.909747123718262,43.94723265233219,0.0,0.08333333333333337,0.8206385970115662,0.00017187415505759418,2.735461930569727e-05,515.4522657394409
3500.0,12,7,-6.288151264190674,-103.49841667099633,-62.094284660078124,0.0,0.30458495020866394,100.0,1.0,0.5833333333333333,29.37232208251953,0.006151725072413683,0.0009790774201974273,14.401312917470932
3500.0,12,8,-5.045963764190674,-108.13135326949578,-63.75229538961907,0.0,0.3927554786205292,100.0,1.0,1.0,29.953432083129883,0.00627343263477087,0.000998447765596211,14.121920801699162
3500.0,12,9,30.0,-73.25716743964355,-48.68361020931577,5.5546875,9.967226028442383,44.270477220550674,0.0,0.0,15.371334075927734,0.00321936490945518,0.0005123778246343136,27.518756687641144
3500.0,13,0,30.0,-79.64334018808857,-59.53109292104499,5.5546875,9.967226028442383,44.270477220550674,0.0,0.07692307692307687,29.19041633605957,0.0061136269941926,0.0009730138699524105,14.491057954728603
3500.0,13,1,23.179861068725586,-87.65198689518755,-58.20760262540212,5.5546875,7.707103729248047,27.927692488161824,0.0,0.07692307692307687,21.69992446899414,0.004544821567833424,0.0007233308278955519,19.49315518140793
3500.0,13,2,4.637652397155762,-88.79131347521381,-63.46619396258021,1.4765625,1.9668527841567993,24.92765539475744,0.0,0.23076923076923073,27.972095489501953,0.005858462303876877,0.000932403199840337,15.122213400900364
3500.0,13,3,2.1266393661499023,-83.4031947886343,-61.81202711516664,0.0,1.3960436582565308,100.0,1.0,0.3846153846153846,31.317710876464844,0.0065591661259531975,0.0010439236648380756,13.506734743714333
3500.0,13,4,7.783011436462402,-96.50726191046367,-60.0910787570851,1.328125,2.807781934738159,52.69842776718859,0.0,0.15384615384615385,10.979736328125,0.00229959050193429,0.00036599120358005166,38.52551430463791
3500.0,13,5,24.121299743652344,-78.0024055724725,-54.13756953141585,5.5546875,8.018497467041016,30.726579102483775,0.0,0.15384615384615385,5.992973327636719,0.0012551655527204275,0.00019976578187197447,70.58265805244446
3500.0,13,6,30.0,-77.91959843609237,-52.72492900950775,5.5546875,9.967226028442383,44.270477220550674,0.0,0.07692307692307687,1.31043541431427,0.00027445697924122214,4.368118243291974e-05,322.79348373413086
3500.0,13,7,-2.9126033782958984,-103.48598945538157,-62.080263885085856,0.490234375,0.5958618521690369,17.72684000234873,0.0,0.5384615384615384,30.613632202148438,0.006411704234778881,0.0010204544523730874,13.817373663187027
3500.0,13,8,-5.6389689445495605,-108.11645076734172,-63.74021515574867,0.0,0.34818997979164124,100.0,1.0,1.0,30.790491104125977,0.0064487457275390625,0.0010263497242704034,13.738008216023445
3500.0,13,9,30.0,-73.24933783971446,-48.675914670094826,5.5546875,9.967226028442383,44.270477220550674,0.0,0.0,16.993743896484375,0.0035591614432632923,0.0005664581549353898,24.89151433110237
3500.0,14,0,30.0,-79.62994202860281,-59.5105240267102,5.5546875,9.967226028442383,44.270477220550674,0.0,0.0714285714285714,31.041141510009766,0.006501241587102413,0.0010347047355026007,13.627076521515846
3500.0,14,1,23.389423370361328,-87.63633129068145,-58.189623305316765,5.5546875,7.776393413543701,28.569875460188044,0.0,0.0714285714285714,23.439346313476562,0.004909125156700611,0.0007813115371391177,18.046578392386436
3500.0,14,2,10.229846000671387,-88.78647014825994,-63.45276874306921,1.17578125,3.529008388519287,66.68239004970633,0.0,0.2142857142857143,32.86774444580078,0.006883804686367512,0.0010955914622172713,12.869760394096375
3500.0,14,3,8.0606050491333,-83.39551161353893,-61.79582065182107,0.490234375,2.8871819972991943,83.02031616092826,0.0,0.3571428571428571,34.011985778808594,0.007123454473912716,0.0011337328469380736,12.436792254447937
3500.0,14,4,7.6988749504089355,-96.50155331975357,-60.083826114593066,1.9140625,2.7838571071624756,31.244226038923316,0.0,0.1428571428571429,11.241534233093262,0.002354421652853489,0.0003747178125195205,37.62831538915634
3500.0,14,5,30.0,-77.98762089094961,-54.13029484849813,5.5546875,9.967226028442383,44.270477220550674,0.0,0.1428571428571429,11.436220169067383,0.0023951963521540165,0.00038120735553093255,36.98774427175522
3500.0,14,6,30.0,-77.89665939819886,-52.72209966383356,5.5546875,9.967226028442383,44.270477220550674,0.0,0.0714285714285714,3.1161508560180664,0.0006526451325044036,0.00010387169459136203,135.7443928718567
3500.0,14,7,-1.3948369026184082,-103.09949315871101,-62.06560714745914,0.490234375,0.786845326423645,37.69622077718828,0.0,0.5,32.186798095703125,0.006741188000887632,0.0010728932684287429,13.142034411430359
3500.0,14,8,-5.0731730461120605,-108.10062080988683,-63.72759681548,0.0,0.3906064033508301,100.0,1.0,1.0,32.40350341796875,0.006786574609577656,0.0010801168391481042,13.054144568741322
3500.0,14,9,30.0,-73.24032490622966,-48.66710658361575,5.5546875,9.967226028442383,44.270477220550674,0.0,0.0,22.028705596923828,0.004613681696355343,0.0007342901662923396,19.20221745967865
3500.0,15,0,30.0,-79.61623278099238,-59.48926788197995,0.0,9.967226028442383,100.0,1.0,0.1333333333333333,32.134437561035156,0.0067302207462489605,0.0010711479699239135,13.163448311388493
3500.0,15,1,23.233797073364258,-87.61968312153385,-58.17105667760651,5.5546875,7.724935531616211,28.094060108772865,0.0,0.06666666666666665,19.630638122558594,0.004111431073397398,0.0006543546332977712,21.54795080423355
3500.0,15,2,16.675609588623047,-88.78165071198097,-63.43889350231092,2.40625,5.570207118988037,56.80142679439264,0.0,0.19999999999999996,33.699440002441406,0.007057994604110718,0.0011233147233724594,12.552137486636639
3500.0,15,3,10.321800231933594,-83.38778283731838,-61.779069332486905,1.328125,3.556934118270874,62.66096149552416,0.0,0.33333333333333337,32.27631759643555,0.006759935989975929,0.0010758772259578109,13.105584308505058
3500.0,15,4,8.905107498168945,-96.49560512170653,-60.07632713967121,1.9140625,3.132840633392334,38.90329180493948,0.0,0.1333333333333333,11.141901016235352,0.0023335544392466545,0.0003713967162184417,37.964798510074615
3500.0,15,5,30.0,-77.97248466598734,-54.122979631963766,5.5546875,9.967226028442383,44.270477220550674,0.0,0.1333333333333333,11.806291580200195,0.0024727042764425278,0.0003935430431738496,35.8283556997776
3500.0,15,6,30.0,-77.89412018230003,-52.71948939425019,5.5546875,9.967226028442383,44.270477220550674,0.0,0.06666666666666665,4.529759407043457,0.0009487105417065322,0.000150991982081905,93.38244795799255
3500.0,15,7,-2.773333787918091,-103.0864707162929,-62.05045995289647,0.490234375,0.6116820573806763,19.854707345959323,0.0,0.4666666666666667,32.39434814453125,0.006784656085073948,0.001079811598174274,13.057833537459373
3500.0,15,8,-3.940850019454956,-108.0843216102277,-63.71455640444261,0.0,0.4890972971916199,100.0,1.0,1.0,33.15642547607422,0.006944266147911549,0.001105214236304164,12.757708318531513
3500.0,15,9,30.0,-73.23161424994062,-48.658597201086366,5.5546875,9.967226028442383,44.270477220550674,0.0,0.0,14.040262222290039,0.0029405858367681503,0.0004680087440647185,30.127642676234245
3500.0,16,0,26.964935302734375,-79.601757975856,-59.46728229884433,5.5546875,8.960456848144531,38.00888063926979,0.0,0.125,35.48925018310547,0.007432851009070873,0.0011829750146716833,11.919102631509304
3500.0,16,1,20.867393493652344,-87.60205701501802,-58.151827506130296,5.5546875,6.943765163421631,20.004675139922856,0.0,0.0625,23.982088088989258,0.005022796802222729,0.0007994029438123107,17.63816364109516
3500.0,16,2,21.492603302001953,-88.77642223201562,-63.42456151940475,4.212890625,7.149883270263672,41.07749083790794,0.0,0.1875,35.320152282714844,0.007397435139864683,0.0011773384176194668,11.976165696978569
3500.0,16,3,7.87089729309082,-83.3794538954474,-61.76175604152512,1.9140625,2.832843542098999,32.43317283305477,0.0,0.3125,33.35227966308594,0.006985285319387913,0.0011117426911368966,12.68279179930687
3500.0,16,4,9.405739784240723,-96.48902597370422,-60.06851838459229,2.40625,3.281127691268921,26.663933061702227,0.0,0.125,13.94678020477295,0.0029210071079432964,0.0004648926842492074,30.32958135008812
3500.0,16,5,30.0,-77.95627521568952,-54.1153884549251,5.5546875,9.967226028442383,44.270477220550674,0.0,0.125,12.335321426391602,0.0025835037231445312,0.00041117737418971956,34.291770309209824
3500.0,16,6,30.0,-77.89137474826603,-52.71675654259484,5.5546875,9.967226028442383,44.270477220550674,0.0,0.0625,4.096308708190918,0.0008579290006309748,0.00013654361828230321,103.26370596885681
3500.0,16,7,-5.968351364135742,-103.0722676454029,-62.03480575041884,0.0,0.3254161775112152,100.0,1.0,0.5,32.95012664794922,0.006901058368384838,0.001098337583243847,12.837584130465984
3500.0,16,8,-2.5753636360168457,-108.06711773693311,-63.70108762790627,0.490234375,0.6347485780715942,22.767156645019572,0.0,0.9375,34.96125411987305,0.007322268560528755,0.0011653751134872437,12.099108658730984
3500.0,16,9,30.0,-73.2238209189357,-48.64931693319656,5.5546875,9.967226028442383,44.270477220550674,0.0,0.0,14.903358459472656,0.0031213522888720036,0.0004967786371707916,28.382863849401474
3500.0,17,0,30.0,-79.58711285303056,-59.44481013673481,5.5546875,9.967226028442383,44.270477220550674,0.0,0.11764705882352944,32.921485900878906,0.00689505971968174,0.0010973828611895442,12.848751619458199
3500.0,17,1,20.812183380126953,-87.58426500489682,-58.13219652059619,5.5546875,6.925574779510498,19.79456324067579,0.0,0.05882352941176472,25.38869285583496,0.005317395552992821,0.0008462897967547178,16.660960391163826
3500.0,17,2,23.762290954589844,-88.77127214016068,-63.409906309372936,5.5546875,7.899716377258301,29.68497557721399,0.0,0.17647058823529416,35.612892150878906,0.007458746433258057,0.0011870964663103223,11.877721175551414
3500.0,17,3,13.034499168395996,-83.3711458082392,-61.74405192621338,1.328125,4.399974346160889,69.81516491888573,0.0,0.2941176470588235,34.2940673828125,0.007182532921433449,0.0011431355960667133,12.334494851529598
3500.0,17,4,9.636303901672363,-96.48250537678506,-60.06057795942624,2.5703125,3.3500256538391113,23.274841282052993,0.0,0.11764705882352944,12.376096725463867,0.002592043485492468,0.0004125365521758795,34.17878970503807
3500.0,17,5,30.0,-77.94055739677886,-54.10782045916776,5.5546875,9.967226028442383,44.270477220550674,0.0,0.11764705882352944,11.763707160949707,0.0024637850001454353,0.0003921235620509833,35.958051681518555
3500.0,17,6,30.0,-77.89309749079146,-52.714244057961764,5.5546875,9.967226028442383,44.270477220550674,0.0,0.05882352941176472,0.23696577548980713,4.963000537827611e-05,7.898859621491283e-06,1785.0679159164429
3500.0,17,7,-10.334599494934082,-108.75461895315559,-62.01880167447587,0.0,0.1277453601360321,100.0,1.0,0.5294117647058824,33.84282684326172,0.0070880260318517685,0.001128094270825386,12.498956173658371
3500.0,17,8,-1.3411506414413452,-108.04992013627395,-63.6873165569091,0.490234375,0.7943694591522217,38.28635160228907,0.0,0.8823529411764706,35.416603088378906,0.00741763599216938,0.0011805534595623612,11.943550780415535
3500.0,17,9,30.0,-73.21482535203073,-48.64059581968836,5.5546875,9.967226028442383,44.270477220550674,0.0,0.0,13.392448425292969,0.0028049079701304436,0.0004464149533305317,31.5849632024765
3500.0,18,0,30.0,-79.57178673436806,-59.421747430025285,5.5546875,9.967226028442383,44.270477220550674,0.0,0.11111111111111116,33.86133575439453,0.007091901730746031,0.001128711155615747,12.492123991250992
3500.0,18,1,20.864715576171875,-87.5656130163924,-58.11202722740461,5.5546875,6.942883014678955,19.994511094943846,0.0,0.05555555555555558,19.865915298461914,0.00416070781648159,0.0006621971842832863,21.292751654982567
3500.0,18,2,25.112499237060547,-88.76572895792842,-63.39488389346612,5.5546875,8.346631050109863,33.449945652900446,0.0,0.16666666666666663,36.960662841796875,0.0077410233207046986,0.001232022070325911,11.44460029900074
3500.0,18,3,16.74098777770996,-83.36233819429472,-61.725893583734894,2.56640625,5.5914716720581055,54.10141729189234,0.0,0.2777777777777778,36.20543670654297,0.007582848891615868,0.0012068479554727674,11.683328077197075
3500.0,18,4,10.369797706604004,-96.47541478197641,-60.052396685438616,2.5703125,3.57153058052063,28.03330555200454,0.0,0.11111111111111116,10.019317626953125,0.0020984411239624023,0.0003339772520121187,42.218443006277084
3500.0,18,5,30.0,-77.92385545798933,-54.10001788701333,5.5546875,9.967226028442383,44.270477220550674,0.0,0.11111111111111116,12.365850448608398,0.002589897718280554,0.0004121950187254697,34.20710936188698
3500.0,18,6,30.0,-77.89022514962542,-52.711610114035295,5.5546875,9.967226028442383,44.270477220550674,0.0,0.05555555555555558,3.900073528289795,0.00081682950258255,0.00013000245962757617,108.45949500799179
3500.0,18,7,-10.528325080871582,-108.74359399120502,-62.00238889977013,0.0,0.12240195274353027,100.0,1.0,0.5555555555555556,35.02611541748047,0.0073358528316020966,0.0011675371788442135,12.07670383155346
3500.0,18,8,-0.45729804039001465,-108.03261862133317,-63.67320165918647,0.490234375,0.9260429739952087,47.061379572376474,0.0,0.8333333333333334,36.79298782348633,0.007705905474722385,0.001226432970725,11.496756225824356
3500.0,18,9,30.0,-73.20506566723913,-48.631219067887464,5.5546875,9.967226028442383,44.270477220550674,0.0,0.0,14.292539596557617,0.0029934225603938103,0.0004764180048368871,29.595861211419106
3500.0,19,0,26.533933639526367,-79.5563052723284,-59.39832863781934,5.5546875,8.817583084106445,37.00442120004248,0.0,0.10526315789473684,33.256813049316406,0.006965290755033493,0.0011085604783147573,12.719198130071163
3500.0,19,1,18.442398071289062,-87.5467230261713,-58.09157042850307,0.0,6.146936416625977,100.0,1.0,0.10526315789473684,25.592330932617188,0.005360045470297337,0.0008530776831321418,16.528388485312462
3500.0,19,2,24.976343154907227,-88.76025088624041,-63.37962319509947,5.5546875,8.301542282104492,33.088487521479536,0.0,0.1578947368421053,37.003639221191406,0.00775002408772707,0.0012334546772763133,11.431308463215828
3500.0,19,3,13.079565048217773,-83.35351220529263,-61.70744620178194,3.609375,4.414239406585693,18.233365534839365,0.0,0.26315789473684215,37.45184326171875,0.007843894883990288,0.001248394837602973,11.294504627585411
3500.0,19,4,9.9545316696167,-96.46852241510827,-60.044148738600505,2.73046875,3.445706844329834,20.757369290043094,0.0,0.10526315789473684,13.220037460327148,0.002768798265606165,0.0004406679072417319,31.99688345193863
3500.0,19,5,30.0,-77.90696773717599,-54.0922522011103,5.5546875,9.967226028442383,44.270477220550674,0.0,0.10526315789473684,12.35317325592041,0.002587242517620325,0.0004117724602110684,34.242212772369385
3500.0,19,6,30.0,-77.88313921933022,-52.709156709740526,5.5546875,9.967226028442383,44.270477220550674,0.0,0.052631578947368474,0.7998775839805603,0.00016752597002778202,2.6662586606107652e-05,528.8309454917908
3500.0,19,7,-10.821290969848633,-108.73354176381315,-61.98571896905086,0.0,0.11472630500793457,100.0,1.0,0.5789473684210527,34.87101364135742,0.007303368300199509,0.0011623671744018793,12.130418792366982
3500.0,19,8,-0.0914405807852745,-108.01463150799367,-63.65886473759417,0.490234375,0.9848920106887817,50.224555618320444,0.0,0.7894736842105263,36.84669876098633,0.0077171544544398785,0.0012282233219593763,11.47999707609415
3500.0,19,9,30.0,-73.195835070383,-48.62242624881445,5.5546875,9.967226028442383,44.270477220550674,0.0,0.0,14.872171401977539,0.0031148202251642942,0.0004957390483468771,28.44238467514515
3500.0,20,0,18.777116775512695,-79.54043906640769,-59.37445837189723,5.5546875,6.256617546081543,11.219001975295019,0.0,0.09999999999999998,35.08803939819336,0.007348822429776192,0.0011696013389155269,12.055390514433384
3500.0,20,1,18.316179275512695,-87.52731836646186,-58.07071479349376,5.115234375,6.105607509613037,16.22071404121104,0.0,0.09999999999999998,28.451618194580078,0.005958893336355686,0.0009483872563578188,14.867344871163368
3500.0,20,2,24.631704330444336,-88.7545571664814,-63.36407504948649,5.5546875,8.187433242797852,32.155935379549746,0.0,0.15000000000000002,38.098793029785156,0.007979393005371094,0.0012699597282335162,11.102714575827122
3500.0,20,3,20.22881507873535,-83.34441738436249,-61.68864464133933,2.56640625,6.733489513397217,61.88593975094523,0.0,0.25,37.981956481933594,0.007954923436045647,0.0012660652864724398,11.136867105960846
3500.0,20,4,9.277103424072266,-96.46130116464403,-60.03573749609515,2.73046875,3.2428505420684814,15.80035174059098,0.0,0.09999999999999998,10.93709945678711,0.002290660748258233,0.000364569976227358,38.6757031083107
3500.0,20,5,30.0,-77.88974982389115,-54.08441290373631,5.5546875,9.967226028442383,44.270477220550674,0.0,0.09999999999999998,13.226143836975098,0.0027700772043317556,0.0004408714594319463,31.982112675905228
3500.0,20,6,30.0,-77.88027974365372,-52.706766924615636,5.5546875,9.967226028442383,44.270477220550674,0.0,0.050000000000000044,2.721238613128662,0.0005699348985217512,9.070795204024762e-05,155.4439216852188
3500.0,20,7,-10.582796096801758,-108.72269423480469,-61.968731755566694,0.0,0.1209385097026825,100.0,1.0,0.6,35.936744689941406,0.007526573725044727,0.0011978915426880121,11.770682409405708
3500.0,20,8,-0.25953999161720276,-107.99638721586774,-63.644259249657644,0.490234375,0.9575353264808655,48.802476374244094,0.0,0.75,37.86372375488281,0.007930159568786621,0.0012621241621673107,11.171642690896988
3500.0,20,9,30.0,-73.18639608415526,-48.61357589301263,5.5546875,9.967226028442383,44.270477220550674,0.0,0.0,16.266664505004883,0.0034068822860717773,0.0005422221729531884,26.00410208106041
3500.0,21,0,28.739681243896484,-79.52442938814917,-59.350350304315604,5.33203125,9.549042701721191,44.161614765437015,0.0,0.09523809523809523,34.936851501464844,0.007317156996577978,0.0011645617196336389,12.107559479773045
3500.0,21,1,16.818233489990234,-87.48413925440806,-58.049672593379434,0.0,5.616604328155518,100.0,1.0,0.1428571428571429,12.255376815795898,0.002566760405898094,0.0004085125692654401,34.515462815761566
3500.0,21,2,20.80602264404297,-88.7489403736432,-63.348365688914114,5.5546875,6.923544883728027,19.771048021154115,0.0,0.1428571428571429,37.85725402832031,0.00792880542576313,0.0012619084445759654,11.17355190217495
3500.0,21,3,27.78112030029297,-83.33531396410544,-61.66964649923856,4.81640625,9.231091499328613,47.82408721276025,0.0,0.23809523809523814,37.30835723876953,0.00781384389847517,0.0012436119141057134,11.337942443788052
3500.0,21,4,9.973782539367676,-96.45463636487446,-60.02732121502445,2.5703125,3.4515163898468018,25.530920045432982,0.0,0.09523809523809523,13.482120513916016,0.0028236890211701393,0.0004494040331337601,31.374886631965637
3500.0,21,5,30.0,-77.87188169808158,-54.07659360622898,5.5546875,9.967226028442383,44.270477220550674,0.0,0.09523809523809523,13.824199676513672,0.002895333571359515,0.00046080665197223425,30.598517507314682
3500.0,21,6,30.0,-77.8773807435235,-52.704475010228194,5.5546875,9.967226028442383,44.270477220550674,0.0,0.04761904761904767,1.0670311450958252,0.00022347847698256373,3.556770388968289e-05,396.4270353317261
3500.0,21,7,-9.707599639892578,-108.71165191862508,-61.95157159845931,0.0,0.14660905301570892,100.0,1.0,0.6190476190476191,35.90913772583008,0.0075207920745015144,0.0011969712795689702,11.779732070863247
3500.0,21,8,-0.6211089491844177,-107.97777068343214,-63.62950484275347,0.490234375,0.900521457195282,45.561055643598,0.0,0.7142857142857143,37.56609344482422,0.007867824286222458,0.0012522031320258975,11.260154657065868
3500.0,21,9,30.0,-73.1773633771705,-48.605241864182304,5.5546875,9.967226028442383,44.270477220550674,0.0,0.0,15.531604766845703,0.003252931870520115,0.0005177201819606125,27.234790846705437
3500.0,22,0,24.663061141967773,-79.5081192698596,-59.325888484334556,5.5546875,8.197813987731934,32.24184510269914,0.0,0.09090909090909094,35.172481536865234,0.007366507779806852,0.0011724160285666585,12.026447802782059
3500.0,22,1,15.178567886352539,-87.46371782800624,-58.02832135368896,4.5234375,5.085344314575195,11.049533321956273,0.0,0.13636363636363635,27.861480712890625,0.005835294723510742,0.0009287160355597734,15.18225111067295
3500.0,22,2,15.169801712036133,-88.74320307141687,-63.33242861736289,0.0,5.082518100738525,100.0,1.0,0.18181818181818177,38.27994918823242,0.008017334155738354,0.0012759983073920012,11.050171218812466
3500.0,22,3,27.907516479492188,-83.32598457978803,-61.65036732171319,5.5546875,9.27301025390625,40.098335406670216,0.0,0.2272727272727273,38.55000305175781,0.008073894307017326,0.0012850001221522689,10.972761549055576
3500.0,22,4,8.819921493530273,-96.44710527016795,-60.01879046888914,2.73046875,3.107797384262085,12.141352463094302,0.0,0.09090909090909094,11.06878662109375,0.002318241400644183,0.00036895956145599484,38.21557015180588
3500.0,22,5,30.0,-77.85463839569452,-54.068753968355296,5.5546875,9.967226028442383,44.270477220550674,0.0,0.09090909090909094,13.578726768493652,0.0028439220041036606,0.0004526242264546454,31.15166909992695
3500.0,22,6,30.0,-77.87447037714603,-52.7022846602093,5.5546875,9.967226028442383,44.270477220550674,0.0,0.045454545454545414,3.3036561012268066,0.0006919160950928926,0.00011012187314918265,128.03997099399567
3500.0,22,7,-6.464768886566162,-109.3288239977908,-61.93416073565724,0.0,0.29360073804855347,100.0,1.0,0.6363636363636364,37.02971649169922,0.007755485363304615,0.001234323950484395,11.423258110880852
3500.0,22,8,-0.6698939204216003,-107.95905481743803,-63.61453826754849,0.490234375,0.8930194973945618,45.103732177148615,0.0,0.6818181818181819,38.330867767333984,0.008027998730540276,0.0012776956427842379,11.035492643713951
3500.0,22,9,30.0,-73.16825291246542,-48.59702948325524,5.5546875,9.967226028442383,44.270477220550674,0.0,0.0,10.059393882751465,0.0021068346686661243,0.00033531314693391323,42.05024987459183
3500.0,23,0,20.500839233398438,-79.49169003097516,-59.301281141277244,5.5546875,6.823030471801758,18.58914417931401,0.0,0.08695652173913049,36.64701843261719,0.00767533341422677,0.0012215672759339213,11.5425493568182
3500.0,23,1,18.047725677490234,-87.44481064537689,-58.006864140740504,3.90234375,6.017764568328857,35.152934188588794,0.0,0.13043478260869568,27.323448181152344,0.005722609348595142,0.0009107816149480641,15.481208451092243
3500.0,23,2,7.798142433166504,-88.73777078628311,-63.31638869851946,0.0,2.812091588973999,100.0,1.0,0.21739130434782605,36.37387466430664,0.007618126925081015,0.0012124625500291586,11.629225686192513
3500.0,23,3,23.000408172607422,-83.31665676104825,-61.63096196446846,5.5546875,7.647782325744629,27.368650630898205,0.0,0.21739130434782605,39.05646896362305,0.008179968222975731,0.0013018823228776455,10.830472223460674
3500.0,23,4,8.157608985900879,-96.44075183171297,-60.010300918032975,2.5703125,2.9150922298431396,11.827403823229709,0.0,0.08695652173913049,10.192779541015625,0.002134770853444934,0.000339759310008958,41.49996489286423
3500.0,23,5,30.0,-77.83638096931774,-54.060943874661376,5.5546875,9.967226028442383,44.270477220550674,0.0,0.08695652173913049,14.094353675842285,0.0029519146773964167,0.00046981178456917405,30.012018978595734
3500.0,23,6,30.0,-77.87144123334554,-52.700165235921865,5.5546875,9.967226028442383,44.270477220550674,0.0,0.04347826086956519,1.4671335220336914,0.00030727573903277516,4.8904450522968546e-05,288.31732273101807
3500.0,23,7,-6.595776557922363,-109.31775214642443,-61.916640924767954,0.0,0.28568515181541443,100.0,1.0,0.6521739130434783,36.753089904785156,0.007697549648582935,0.001225103042088449,11.509236879646778
3500.0,23,8,-0.3629162907600403,-107.94017933608342,-63.599477727074834,0.490234375,0.9409798383712769,47.90171319201303,0.0,0.6521739130434783,38.18019104003906,0.007996439933776855,0.0012726730201393366,11.079044081270695
3500.0,23,9,30.0,-73.1594589199374,-48.58935991944645,5.5546875,9.967226028442383,44.270477220550674,0.0,0.0,10.601669311523438,0.0022204085253179073,0.00035338898305781186,39.89937901496887
3500.0,24,0,25.628332138061523,-79.47497207528684,-59.2763961964371,5.5546875,8.51749038696289,34.784927864407564,0.0,0.08333333333333337,37.21578598022461,0.0077944565564394,0.0012405262095853686,11.366144753992558
3500.0,24,1,19.59156036376953,-87.42350921062476,-57.98516428706532,4.81640625,6.523938179016113,26.173330926223294,0.0,0.125,22.07398223876953,0.00462316395714879,0.0007357994327321649,19.16283182799816
3500.0,24,2,14.82406234741211,-88.73169995991552,-63.300169230379566,1.4765625,4.971189975738525,70.29760465389094,0.0,0.20833333333333337,38.912757873535156,0.008149869740009308,0.001297091948799789,10.87047066539526
3500.0,24,3,28.500532150268555,-83.30713532120706,-61.61133355249383,0.0,9.469708442687988,100.0,1.0,0.25,39.1136474609375,0.008191943168640137,0.001303788274526596,10.814639739692211
3500.0,24,4,8.686517715454102,-96.43306249441963,-60.001733370431076,2.40625,3.068692207336426,21.587117983116812,0.0,0.08333333333333337,14.01927375793457,0.0029361899942159653,0.00046730911708436906,30.172746628522873
3500.0,24,5,30.0,-77.8186489319568,-54.05312835008098,5.5546875,9.967226028442383,44.270477220550674,0.0,0.08333333333333337,14.413251876831055,0.0030187044758349657,0.0004804417258128524,29.347991570830345
3500.0,24,6,30.0,-77.86833045416967,-52.69813559957669,0.0,9.967226028442383,100.0,1.0,0.08333333333333337,1.5412482023239136,0.0003227982670068741,5.137494008522481e-05,274.4528651237488
3500.0,24,7,-7.280978679656982,-109.30717559127254,-61.898923235653406,0.0,0.24735157191753387,100.0,1.0,0.6666666666666667,37.46187973022461,0.00784599781036377,0.0012487292988225818,11.291478760540485
3500.0,24,8,0.021671930328011513,-107.92131916119902,-63.58425053737926,0.490234375,1.0036041736602783,51.152616951357444,0.0,0.625,39.23591613769531,0.008217551745474339,0.0013078638585284352,10.780938901007175
3500.0,24,9,30.0,-73.15054525138899,-48.581847412609584,5.5546875,9.967226028442383,44.270477220550674,0.0,0.0,9.805072784423828,0.002053569769486785,0.0003268357540946454,43.14093664288521
3500.0,25,0,26.2142333984375,-79.45825970491623,-59.25144518765316,5.5546875,8.711626052856445,36.23822388268514,0.0,0.07999999999999996,36.31414794921875,0.007605617865920067,0.0012104716151952744,11.648353189229965
3500.0,25,1,18.280813217163086,-87.38302358352534,-57.96343202530455,5.33203125,6.09403133392334,12.504039480098372,0.0,0.12,27.644001007080078,0.005789746064692736,0.0009214667370542884,15.301692299544811
3500.0,25,2,19.932058334350586,-88.72610954180409,-63.283895082523486,3.322265625,6.635867118835449,49.93471741515169,0.0,0.19999999999999996,38.96602249145508,0.008161025121808052,0.0012988673988729715,10.85561141371727
3500.0,25,3,29.735031127929688,-83.29761152905787,-61.59163799455176,5.5546875,9.87929630279541,43.77446196822474,0.0,0.24,38.523765563964844,0.008068399503827095,0.0012841254938393831,10.980235412716866
3500.0,25,4,7.858152389526367,-96.42658851065124,-59.99324807520386,2.5703125,2.8292043209075928,9.150693677172871,0.0,0.07999999999999996,9.340645790100098,0.0019563003443181515,0.00031135487370193005,45.28594762086868
3500.0,25,5,30.0,-77.8004786656457,-54.04538197619311,5.5546875,9.967226028442383,44.270477220550674,0.0,0.07999999999999996,14.036142349243164,0.002939722966402769,0.00046787140308879316,30.136486515402794
3500.0,25,6,30.0,-77.88546460174413,-52.69620152582523,5.5546875,9.967226028442383,44.270477220550674,0.0,0.07999999999999996,2.2566967010498047,0.00047264149179682136,7.522322266595438e-05,187.4421238899231
3500.0,25,7,-7.936999797821045,-109.29595902055584,-61.88115039710071,0.0,0.21512582898139954,100.0,1.0,0.6799999999999999,36.88894271850586,0.007726002484560013,0.001229631481692195,11.466850526630878
3500.0,25,8,0.055153511464595795,-107.90217960334053,-63.56897471779365,0.490234375,1.0091898441314697,51.422977762731435,0.0,0.6,39.016395568847656,0.008171575143933296,0.0013005465734750032,10.841595940291882
3500.0,25,9,30.0,-73.14201264293214,-48.57502088942212,5.5546875,9.967226028442383,44.270477220550674,0.0,0.0,7.115200996398926,0.0014902042457833886,0.00023717337171547115,59.4501830637455
3500.0,26,0,22.128440856933594,-79.44127831563448,-59.22625964443454,5.5546875,7.359719753265381,24.525828615478453,0.0,0.07692307692307687,36.727378845214844,0.007692163810133934,0.001224245992489159,11.517293751239777
3500.0,26,1,21.571374893188477,-87.36247873095046,-57.94148936251285,5.115234375,7.175868034362793,28.716158790757007,0.0,0.11538461538461542,29.426471710205078,0.006163066253066063,0.000980882439762354,14.374812133610249
3500.0,26,2,23.51683807373047,-88.72014812227582,-63.26747216755226,4.81640625,7.818530082702637,38.397547888757245,0.0,0.1923076923076923,39.81332778930664,0.008338483981788158,0.0013271109201014042,10.624582879245281
3500.0,26,3,24.010177612304688,-83.2878869131541,-61.57175538626087,5.5546875,7.981727123260498,30.40744923724057,0.0,0.23076923076923073,40.17900085449219,0.008415071293711662,0.0013393000699579716,10.527887381613255
3500.0,26,4,7.983115196228027,-96.41953197940026,-59.984699514271384,2.40625,2.8649468421936035,16.01065804915226,0.0,0.07692307692307687,14.181646347045898,0.002970197005197406,0.00047272155643440783,29.827285557985306
3500.0,26,5,30.0,-77.78223508858565,-54.0376008505543,5.5546875,9.967226028442383,44.270477220550674,0.0,0.07692307692307687,14.043075561523438,0.0029411748982965946,0.0004681025166064501,30.121607705950737
3500.0,26,6,30.0,-77.88214723760817,-52.69429264486013,5.5546875,9.967226028442383,44.270477220550674,0.0,0.07692307692307687,2.125040054321289,0.00044506738777272403,7.083467062329873e-05,199.05507564544678
3500.0,26,7,-7.826694488525391,-109.2840230957209,-61.863212208259576,0.0,0.22025777399539948,100.0,1.0,0.6923076923076923,37.61470413208008,0.007878005504608154,0.0012538235168904066,11.245602741837502
3500.0,26,8,-0.623972475528717,-107.8830137661226,-63.55356110895595,0.490234375,0.9000797867774963,45.534342377006624,0.0,0.5769230769230769,39.81627655029297,0.008339101448655128,0.001327209291048348,10.623795911669731
3500.0,26,9,30.0,-73.13304241939163,-48.56820118747403,5.5546875,9.967226028442383,44.270477220550674,0.0,0.0,1.852271556854248,0.00038793886778876185,6.174238660605624e-05,228.36825251579285
3500.0,27,0,23.894010543823242,-79.4242717434409,-59.20103191635145,5.5546875,7.943292617797852,30.070717934347645,0.0,0.07407407407407407,38.50069046020508,0.00806356593966484,0.0012833563378080726,10.986816138029099
3500.0,27,1,22.638172149658203,-87.34183452386917,-57.91953242336285,5.5546875,7.528075218200684,26.21370882997568,0.0,0.11111111111111116,25.396507263183594,0.00531903188675642,0.0008465502760373056,16.655834391713142
3500.0,27,2,24.387723922729492,-88.71429769402599,-63.25101227889184,5.5546875,8.106670379638672,31.480037550909014,0.0,0.18518518518518523,39.37718200683594,0.008247137069702148,0.001312572741881013,10.74226200580597
3500.0,27,3,27.175729751586914,-83.27815966384134,-61.551826373717155,5.5546875,9.03034496307373,38.48864553110819,0.0,0.2222222222222222,39.33567810058594,0.008238445967435837,0.0013111892621964216,10.75359620153904
3500.0,27,4,7.6474456787109375,-96.4126245928698,-59.97623511559174,2.40625,2.769266128540039,13.108748371953027,0.0,0.07407407407407407,10.953165054321289,0.002294025616720319,0.00036510551581159234,38.61897438764572
3500.0,27,5,30.0,-77.76551812679998,-54.02988209043447,5.5546875,9.967226028442383,44.270477220550674,0.0,0.07407407407407407,12.674243927001953,0.002654487732797861,0.0004224748117849231,33.37477147579193
3500.0,27,6,30.0,-77.87870223160132,-52.6924598450421,5.5546875,9.967226028442383,44.270477220550674,0.0,0.07407407407407407,1.965239405632019,0.0004115987685509026,6.550797843374312e-05,215.2409553527832
3500.0,27,7,1.7989445924758911,-102.83479916390804,-61.845237519786444,0.490234375,1.3295217752456665,63.12701422965296,0.0,0.6666666666666667,36.39160919189453,0.0076218415051698685,0.0012130537070333958,11.623558588325977
3500.0,27,8,-1.9566853046417236,-107.86380581041166,-63.538115503359215,0.490234375,0.7113025784492493,31.07934796626388,0.0,0.5555555555555556,39.354644775390625,0.008242417126893997,0.0013118215138092637,10.748413391411304
3500.0,27,9,30.0,-73.12445697420559,-48.561985211782584,5.5546875,9.967226028442383,44.270477220550674,0.0,0.0,-0.26169466972351074,-5.480920663103461e-05,-8.723155588086229e-06,1616.3876056671143
3500.0,28,0,24.00947380065918,-79.40715772746081,-59.17564178006845,5.5546875,7.981494426727295,30.405420300749054,0.0,0.0714285714285714,37.3641357421875,0.007825526408851147,0.0012454711832106113,11.32101658731699
3500.0,28,1,22.69598388671875,-87.32155430147546,-57.89744892871763,5.5546875,7.547177314758301,26.400463798061836,0.0,0.1071428571428571,26.598567962646484,0.005570791196078062,0.0008866189164109528,15.903111547231674
3500.0,28,2,23.50775718688965,-88.70827943263562,-63.23444190612278,5.5546875,7.815526485443115,28.927532772796084,0.0,0.1785714285714286,39.95561981201172,0.008368286304175854,0.001331854029558599,10.586746037006378
3500.0,28,3,30.0,-83.26842313145394,-61.531760577986304,5.5546875,9.967226028442383,44.270477220550674,0.0,0.2142857142857143,39.37138366699219,0.008245923556387424,0.0013123794924467802,10.743844322860241
3500.0,28,4,8.507328987121582,-96.40619127316822,-59.9677523126125,2.40625,3.0163915157318115,20.227530562582963,0.0,0.0714285714285714,14.193340301513672,0.002972646150738001,0.00047311134403571486,29.802709817886353
3500.0,28,5,27.25015640258789,-77.74654514394464,-54.02227033037952,5.5546875,9.055021286010742,38.6562734139396,0.0,0.0714285714285714,10.553211212158203,0.002210259437561035,0.00035177372046746314,40.08258879184723
3500.0,28,6,30.0,-77.870876780145,-52.69083619733544,5.5546875,9.967226028442383,44.270477220550674,0.0,0.0714285714285714,1.2857887744903564,0.00026929497835226357,4.285962495487183e-05,328.980952501297
3500.0,28,7,1.6087921857833862,-102.81553960738347,-61.82714372493698,0.490234375,1.2918211221694946,62.05090886138349,0.0,0.6428571428571428,37.04601287841797,0.007758899591863155,0.0012348671443760395,11.418232694268227
3500.0,28,8,-3.692768096923828,-107.8444538305317,-63.52256826931388,0.490234375,0.5132789611816406,4.4896806462880745,0.0,0.5357142857142857,39.559783935546875,0.008285381831228733,0.0013186595169827342,10.692677460610867
3500.0,28,9,30.0,-73.115392489986,-48.55632180559162,5.5546875,9.967226028442383,44.270477220550674,0.0,0.0,10.124244689941406,0.0021204170770943165,0.0003374748339410871,41.78089648485184
3500.0,29,0,27.14092254638672,-79.3900425396449,-59.15024014632546,5.5546875,9.018803596496582,38.409929426140764,0.0,0.06896551724137934,36.04621887207031,0.00754950288683176,0.0012015406973659992,11.734934523701668
3500.0,29,1,24.056886672973633,-87.3001410084135,-57.875376244179854,5.5546875,7.997183322906494,30.541951138101386,0.0,0.10344827586206895,24.273975372314453,0.005083929747343063,0.0008091325289569795,17.42606982588768
3500.0,29,2,21.603328704833984,-88.70230330592003,-63.21786143747763,5.5546875,7.186408996582031,22.705658658700102,0.0,0.1724137931034483,39.39513397216797,0.008250897750258446,0.0013131711166352034,10.73736697435379
3500.0,29,3,23.926055908203125,-83.25858425390163,-61.511679299757006,5.5546875,7.953894138336182,30.163924696614764,0.0,0.2068965517241379,39.54100036621094,0.008281447924673557,0.0013180333189666271,10.69775689393282
3500.0,29,4,4.0430588722229,-98.76887102262693,-59.959367128711264,0.0,1.8224915266036987,100.0,1.0,0.10344827586206895,13.685626029968262,0.0028663109987974167,0.0004561875539366156,30.908342450857162
3500.0,29,5,23.77784538269043,-77.72818654041333,-54.014672140366834,5.5546875,7.904861927032471,29.730746074077718,0.0,0.06896551724137934,4.110997676849365,0.0008610053919255733,0.0001370332611259073,102.89473086595535
3500.0,29,6,30.0,-77.86714968709632,-52.68919750998721,0.0,9.967226028442383,100.0,1.0,0.10344827586206895,2.096173048019409,0.000439021474448964,6.987243250478059e-05,201.79632306098938
3500.0,29,7,0.9789223074913025,-103.15714495804491,-61.809041526508445,0.490234375,1.171738624572754,58.1617978003625,0.0,0.6206896551724138,36.6031379699707,0.007666143588721752,0.0012201046338304877,11.556386016309261
3500.0,29,8,-4.128349781036377,-107.8249965039532,-63.50701427026071,0.0,0.4714619815349579,100.0,1.0,0.5517241379310345,38.9346923828125,0.008154463022947311,0.001297823037020862,10.864347219467163
3500.0,29,9,30.0,-73.10641294077851,-48.55105889604318,5.5546875,9.967226028442383,44.270477220550674,0.0,0.0,4.229038238525391,0.0008857276989147067,0.0001409679389325902,100.02274066209793
3500.0,30,0,24.16824722290039,-79.3727436159635,-59.124686554600736,5.5546875,8.034032821655273,30.86053264522819,0.0,0.06666666666666665,35.953651428222656,0.007530115079134703,0.0011984551092609763,11.765147559344769
3500.0,30,1,19.960678100585938,-87.27895276088304,-57.85318622330845,5.5546875,6.6452789306640625,16.411522255772038,0.0,0.09999999999999998,28.93971824645996,0.006061120890080929,0.0009646572871133685,14.616589993238449
3500.0,30,2,17.56479263305664,-88.69646792264463,-63.201186814514536,5.33203125,5.859954357147217,9.008996913147016,0.0,0.16666666666666663,39.71237564086914,0.008317340165376663,0.0013237458188086748,10.65159123390913
3500.0,30,3,25.458410263061523,-83.24868516081365,-61.49147912566023,5.5546875,8.461200714111328,34.35107276516837,0.0,0.19999999999999996,40.30680847167969,0.008441838435828686,0.0013435602886602283,10.494505055248737
3500.0,30,4,2.108180522918701,-98.76303481542719,-59.95096527926618,1.328125,1.392244815826416,4.605498623340565,0.0,0.09999999999999998,10.396297454833984,0.002177395625039935,0.00034654323826543987,40.68756476044655
3500.0,30,5,19.390520095825195,-77.7093272273038,-54.00713555492452,0.0,6.457897663116455,100.0,1.0,0.09999999999999998,-17.30004119873047,-0.0036233123391866684,-0.0005766680696979165,24.45080876350403
3500.0,30,6,28.869924545288086,-77.86331044834859,-52.68769037671738,5.5546875,9.592252731323242,42.09193965603807,0.0,0.09999999999999998,1.8776943683624268,0.0003932634135708213,6.258981011342257e-05,225.27627646923065
3500.0,30,7,0.7427404522895813,-103.13780373983073,-61.79083649543581,0.490234375,1.1286346912384033,56.563945906882715,0.0,0.6,37.200523376464844,0.007791259326040745,0.001240017474628985,11.370807886123657
3500.0,30,8,-4.315427780151367,-107.80579180288841,-63.491373833705254,0.490234375,0.45440515875816345,0.0,0.0,0.5333333333333333,39.91474151611328,0.008359724655747414,0.0013304913882166147,10.597588494420052
3500.0,30,9,30.0,-73.09701460931721,-48.546138780907924,5.5546875,9.967226028442383,44.270477220550674,0.0,0.0,5.67352294921875,0.0011882599210366607,0.00018911743245553225,74.5568498969078
3500.0,31,0,18.538904190063477,-79.35543980395596,-59.09914071508812,5.5546875,6.178547382354736,10.097193462275822,0.0,0.06451612903225812,35.279273986816406,0.00738887395709753,0.0011759757762774825,11.990043334662914
3500.0,31,1,21.608335494995117,-87.25891489696741,-57.83103562519706,5.5546875,7.1880621910095215,22.723435713347982,0.0,0.09677419354838712,24.40224838256836,0.0051107946783304214,0.0008134082891047001,17.3344686627388
3500.0,31,2,13.571836471557617,-88.69072006225828,-63.18452143447377,4.212890625,4.570499420166016,7.824282694100548,0.0,0.16129032258064513,38.62601089477539,0.008089813403785229,0.0012875336688011885,10.951169766485691
3500.0,31,3,29.06618309020996,-83.23874378330473,-61.471287271720215,5.5546875,9.657363891601562,42.48236307186703,0.0,0.19354838709677424,38.85694885253906,0.008138179779052734,0.0012952316319569945,10.886084288358688
3500.0,31,4,0.7280277013778687,-98.75671838432336,-59.94267377261367,1.02734375,1.1259845495224,8.760404355835927,0.0,0.09677419354838712,13.438241958618164,0.0028144989628344774,0.0004479413910303265,31.47733211517334
3500.0,31,5,18.49477195739746,-77.69038266632356,-53.999626875062006,5.5546875,6.164090633392334,9.886342846600172,0.0,0.09677419354838712,-23.362350463867188,-0.004892999771982431,-0.0007787450449541211,18.10605451464653
3500.0,31,6,28.306190490722656,-77.85923345389408,-52.68617794382983,5.5546875,9.405242919921875,40.94052065115464,0.0,0.09677419354838712,2.0273900032043457,0.0004246155440341681,6.757966912118718e-05,208.6426466703415
3500.0,31,7,0.6417496800422668,-103.11670650432885,-61.77264465502615,0.490234375,1.110526442527771,55.85567743131513,0.0,0.5806451612903225,36.61607360839844,0.007668852806091309,0.0012205358361825347,11.552304029464722
3500.0,31,8,-4.86379337310791,-107.78622158463376,-63.475744811580036,0.0,0.40741002559661865,100.0,1.0,0.5483870967741935,39.31317138671875,0.008233731612563133,0.0013104390818625689,10.759753175079823
3500.0,31,9,30.0,-73.08731018485717,-48.54165560477837,5.5546875,9.967226028442383,44.270477220550674,0.0,0.0,3.4045422077178955,0.0007130456506274641,0.00011348474072292447,124.245785176754
3500.0,32,0,14.378801345825195,-79.33820802673748,-59.07348633106259,0.0,4.828234672546387,100.0,1.0,0.09375,35.67291259765625,0.007471317891031504,0.0011890970636159182,11.857736855745316
3500.0,32,1,17.481470108032227,-87.23115401018106,-57.808835208495026,5.5546875,5.832756519317627,4.76736888290612,0.0,0.09375,28.30577850341797,0.005928348749876022,0.0009435259853489697,14.943945221602917
3500.0,32,2,11.944199562072754,-88.6848509571816,-63.16779164222885,3.029296875,4.057155609130859,25.33446663513731,0.0,0.15625,39.17333984375,0.008204445242881775,0.001305778045207262,10.79815998673439
3500.0,32,3,24.392080307006836,-83.22884222333256,-61.45101606732336,5.5546875,8.108111381530762,31.49221515810863,0.0,0.1875,39.7308464050293,0.008321208879351616,0.0013243615394458175,10.6466393917799
3500.0,32,4,0.1944011002779007,-98.75037263547719,-59.934402501229435,0.740234375,1.0326505899429321,28.317053008132408,0.0,0.09375,12.587106704711914,0.002636237535625696,0.0004195702204015106,33.60581770539284
3500.0,32,5,17.732196807861328,-77.67150099369458,-53.992290727006846,0.0,5.91462516784668,100.0,1.0,0.125,-9.377384185791016,-0.001963994698598981,-0.00031257947557605803,45.108530670404434
3500.0,32,6,26.172792434692383,-77.85521435121973,-52.68493938302883,5.5546875,8.697892189025879,36.13754482944336,0.0,0.09375,2.854465961456299,0.000597837963141501,9.514886914985254e-05,148.18884432315826
3500.0,32,7,0.7706332802772522,-103.0967779485864,-61.75438615111143,0.490234375,1.1336702108383179,56.75687953046899,0.0,0.5625,37.01067352294922,0.0077514974400401115,0.0012336891377344728,11.42913568764925
3500.0,32,8,-6.269920349121094,-107.76705627515088,-63.46005715367953,0.0,0.3057395815849304,100.0,1.0,0.5625,39.70590591430664,0.008315986022353172,0.0013235302176326513,10.653327219188213
3500.0,32,9,30.0,-73.0774422953968,-48.537950653138154,5.5546875,9.967226028442383,44.270477220550674,0.0,0.0,-0.5742920637130737,-0.0001202794665005058,-1.914306812977884e-05,736.5590333938599
3500.0,33,0,27.778156280517578,-79.3153917060898,-59.04784630513932,3.90234375,9.230108261108398,57.72158202691128,0.0,0.09090909090909094,36.073387145996094,0.007555192336440086,0.001202446292154491,11.726096272468567
3500.0,33,1,19.816484451293945,-87.13334120213116,-57.78669507025998,5.115234375,6.597865104675293,22.471370756347998,0.0,0.09090909090909094,29.342750549316406,0.00614553177729249,0.0009780917316675186,14.41582664847374
3500.0,33,2,15.930521965026855,-88.6787091062767,-63.15109038566067,2.73046875,5.328366279602051,48.75598623066271,0.0,0.1515151515151515,39.15796661376953,0.00820122566074133,0.0013052655849605799,10.80239936709404
3500.0,33,3,15.502240180969238,-83.2188775015533,-61.43077605720631,0.0,5.189810752868652,100.0,1.0,0.21212121212121215,40.52692413330078,0.008487939834594727,0.0013508974807336926,10.43750625103712
3500.0,33,4,1.0500344038009644,-98.74499712174486,-59.92625310544622,0.740234375,1.1849232912063599,37.52892018466664,0.0,0.09090909090909094,12.89607048034668,0.0027009467594325542,0.0004298690182622522,32.800689339637756
3500.0,33,5,19.42134666442871,-77.66066219335534,-53.98495335552216,4.81640625,6.468021869659424,25.535096401063818,0.0,0.12121212121212122,2.080413579940796,0.0004357207799330354,6.934712291695178e-05,203.32495868206024
3500.0,33,6,28.487810134887695,-77.85087449871268,-52.68363782542572,5.5546875,9.465486526489258,41.31640793682235,0.0,0.09090909090909094,1.9194614887237549,0.0004020110936835408,6.398205005098134e-05,220.37431597709656
3500.0,33,7,1.1036219596862793,-103.81674057661378,-61.73616151475552,0.490234375,1.1949219703674316,58.97352403276543,0.0,0.5454545454545454,36.459754943847656,0.007636114023625851,0.001215325202792883,11.601833626627922
3500.0,33,8,-0.011691847816109657,-102.47069285001152,-63.444399300548305,0.490234375,0.9980593323707581,50.88123931114266,0.0,0.5454545454545454,39.775672912597656,0.00833059661090374,0.0013258557301014662,10.634641163051128
3500.0,33,9,30.0,-73.07145181582187,-48.53456226759342,5.5546875,9.967226028442383,44.270477220550674,0.0,0.0,3.220285415649414,0.0006744550191797316,0.00010734285024227574,131.35482370853424
3500.0,34,0,30.0,-79.30197600805406,-59.02207261962174,5.5546875,9.967226028442383,44.270477220550674,0.0,0.08823529411764708,36.657005310058594,0.007677425164729357,0.0012219002237543464,11.539404280483723
3500.0,34,1,20.68353271484375,-87.11222674237555,-57.76449591930802,5.5546875,6.8831939697265625,19.300726894659014,0.0,0.08823529411764708,28.82091522216797,0.00603623827919364,0.0009606971871107817,14.676841907203197
3500.0,34,2,18.0925350189209,-88.6730879221257,-63.13433032462766,3.90234375,6.032421588897705,35.31049359709839,0.0,0.1470588235294118,39.910552978515625,0.008358847349882126,0.0013303518062457442,10.598700493574142
3500.0,34,3,22.807964324951172,-83.20888890395453,-61.41046148469801,3.029296875,7.584179401397705,60.05768436277068,0.0,0.20588235294117652,39.20378494262695,0.008210821077227592,0.0013067928375676274,10.789774358272552
3500.0,34,4,0.9755191206932068,-98.73900198878756,-59.918115237062715,0.876953125,1.1711100339889526,25.11778572906732,0.0,0.08823529411764708,12.43399715423584,0.002604170236736536,0.0004144665726926178,34.019630402326584
3500.0,34,5,22.64345932006836,-77.6415707527441,-53.97772446872882,5.33203125,7.529822826385498,29.187825889928575,0.0,0.11764705882352944,7.009481430053711,0.001468062400817871,0.00023364937806036323,60.34683436155319
3500.0,34,6,30.0,-77.84638407445169,-52.682511682260206,5.5546875,9.967226028442383,44.270477220550674,0.0,0.08823529411764708,1.4022873640060425,0.00029369437834247947,4.674291267292574e-05,301.6500174999237
3500.0,34,7,1.050889253616333,-103.79411907888681,-61.71787467749073,0.490234375,1.1850824356079102,58.63288828945261,0.0,0.5294117647058824,36.922760009765625,0.0077330851927399635,0.0012307587312534451,11.456348933279514
3500.0,34,8,2.8676700592041016,-102.46750239426264,-63.42868830035891,0.490234375,1.553548812866211,68.44422454318992,0.0,0.5294117647058824,41.254600524902344,0.008640343323349953,0.0013751533115282655,10.253402404487133
3500.0,34,9,30.0,-73.06027981150248,-48.53166963467673,5.5546875,9.967226028442383,44.270477220550674,0.0,0.0,0.26239442825317383,5.4955758969299495e-05,8.746481398702599e-06,1612.076997756958
3500.0,35,0,30.0,-79.28457125835328,-58.9963112974112,5.5546875,9.967226028442383,44.270477220550674,0.0,0.08571428571428574,36.19110107421875,0.007579847238957882,0.0012063700705766678,11.687956750392914
3500.0,35,1,20.828678131103516,-87.09108603749384,-57.742385742832646,5.5546875,6.931008815765381,19.857445753564463,0.0,0.08571428571428574,28.72958755493164,0.006017110776156187,0.0009576529264450073,14.723497442901134
3500.0,35,2,19.477745056152344,-88.73003026113965,-63.117613632434576,4.5234375,6.486545562744141,30.264306999080816,0.0,0.1428571428571429,39.35984802246094,0.008243506774306297,0.0013119949726387858,10.746993124485016
3500.0,35,3,15.431930541992188,-83.19885996693384,-61.390197256231666,0.0,5.167099475860596,100.0,1.0,0.22857142857142854,38.981651306152344,0.00816429778933525,0.001299388357438147,10.851259343326092
3500.0,35,4,2.8104381561279297,-98.63717167276748,-59.91011262815772,0.876953125,1.5410419702529907,43.093495055424626,0.0,0.08571428571428574,17.48166275024414,0.0036613508127629757,0.0005827220738865435,24.19678308069706
3500.0,35,5,24.01287078857422,-77.62243074271527,-53.970529713023865,5.5546875,7.9826178550720215,30.415214647026545,0.0,0.11428571428571432,2.444897413253784,0.0005120580899529159,8.149658242473379e-05,173.01340401172638
3500.0,35,6,30.0,-77.84159944946204,-52.681366136183755,5.5546875,9.967226028442383,44.270477220550674,0.0,0.08571428571428574,1.4327057600021362,0.0003000652068294585,4.775685738422908e-05,295.24555802345276
3500.0,35,7,1.0249783992767334,-103.77267874266033,-61.699639757825516,0.490234375,1.1802668571472168,58.46410733036011,0.0,0.5142857142857142,36.25205993652344,0.007592613343149424,0.001208401983603835,11.668303050100803
3500.0,35,8,2.7600834369659424,-102.46431760249354,-63.41302108994592,0.490234375,1.5300846099853516,67.96030939722391,0.0,0.5142857142857142,39.640865325927734,0.008302363567054272,0.0013213622150942683,10.670806281268597
3500.0,35,9,30.0,-73.04839219962136,-48.52922044659746,5.5546875,9.967226028442383,44.270477220550674,0.0,0.0,1.651883840560913,0.00034596974728628993,5.506279558176175e-05,256.0712695121765
3500.0,36,0,27.70381736755371,-79.26713415677662,-58.97039805305585,5.5546875,9.20545482635498,39.65873924993828,0.0,0.08333333333333337,38.41065216064453,0.008044708520174026,0.0012803550343960524,11.01257000118494
3500.0,36,1,18.913156509399414,-87.06986355981762,-57.720231136601974,5.5546875,6.3012261390686035,11.847513842424185,0.0,0.08333333333333337,30.198854446411133,0.006324833258986473,0.0010066285030916333,14.007153920829296
3500.0,36,2,16.854257583618164,-88.724391443147,-63.10084633346401,5.115234375,5.628327369689941,9.116260675473242,0.0,0.13888888888888884,39.85757064819336,0.008347749710083008,0.0013285856693983078,10.612789541482925
3500.0,36,3,17.335060119628906,-83.18883278390598,-61.3698688242843,2.73046875,5.784987926483154,52.80078740527428,0.0,0.2222222222222222,40.228675842285156,0.008425474166870117,0.001340955845080316,10.514887981116772
3500.0,36,4,-1.4986355304718018,-98.63271242327014,-59.90212579922648,0.0,0.7724500894546509,100.0,1.0,0.11111111111111116,13.364862442016602,0.0027991305105388165,0.0004454954178072512,31.650159507989883
3500.0,36,5,22.340682983398438,-77.60331015734616,-53.963462885402144,5.5546875,7.429805755615234,25.2377830227671,0.0,0.11111111111111116,3.9110076427459717,0.0008191195665858686,0.00013036692689638585,108.15627127885818
3500.0,36,6,29.001869201660156,-77.83670179032512,-52.680419715117736,5.5546875,9.636026382446289,42.35499904692212,0.0,0.08333333333333337,0.5679429769515991,0.00011894970521098003,1.8931432350655086e-05,744.7931170463562
3500.0,36,7,1.1447116136550903,-103.75070014607059,-61.681352456947714,0.490234375,1.2026251554489136,59.236311266330844,0.0,0.5,36.72401428222656,0.007691459730267525,0.001224133768118918,11.518348939716816
3500.0,36,8,0.10261550545692444,-102.46111605762022,-63.39730845259457,0.490234375,1.017144799232483,51.802892236196755,0.0,0.5,39.392494201660156,0.008250345475971699,0.0013130831066519022,10.738086886703968
3500.0,36,9,30.0,-73.03566348695358,-48.527320302999264,5.5546875,9.967226028442383,44.270477220550674,0.0,0.0,2.190333843231201,0.00045874243369325995,7.301112782442942e-05,193.12125444412231
3500.0,37,0,25.353792190551758,-79.24972976891206,-58.944546025863275,5.5546875,8.42654800415039,34.081102994202276,0.0,0.08108108108108103,37.15123748779297,0.007780936546623707,0.0012383746216073632,11.385892517864704
3500.0,37,1,16.496200561523438,-87.02098511275905,-57.69817310453726,0.0,5.5118889808654785,100.0,1.0,0.10810810810810811,28.83597183227539,0.006039392203092575,0.0009611990535631776,14.669178053736687
3500.0,37,2,12.937162399291992,-88.7187203932869,-63.084129047246684,0.0,4.369187831878662,100.0,1.0,0.16216216216216217,39.118247985839844,0.008192908018827438,0.0013039415935054421,10.813367553055286
3500.0,37,3,22.02751350402832,-83.17876823687254,-61.34959863393856,3.322265625,7.3263983726501465,54.65349471846627,0.0,0.21621621621621623,37.9005126953125,0.00793786533176899,0.0012633504811674356,11.16079930216074
3500.0,37,4,2.8695390224456787,-98.62789519921442,-59.894274923486584,0.490234375,1.553958535194397,68.45254465308672,0.0,0.10810810810810811,12.902925491333008,0.0027023826260119677,0.00043009751243516803,32.78326243162155
3500.0,37,5,21.54014015197754,-77.5840898928371,-53.95642643261752,5.5546875,7.165564060211182,22.48080607018823,0.0,0.10810810810810811,-1.143746256828308,-0.00023954568314366043,-3.8124875572975725e-05,369.83728408813477
3500.0,37,6,28.70556640625,-77.83150528395191,-52.679444538642045,5.5546875,9.537725448608398,41.760878629501164,0.0,0.08108108108108103,-0.24217823147773743,-5.072169005870819e-05,-8.07260767032858e-06,1746.6474771499634
3500.0,37,7,1.270229697227478,-103.72868221360065,-61.663124346051504,0.490234375,1.2263529300689697,60.02501702569183,0.0,0.4864864864864865,36.13526916503906,0.00756815355271101,0.0012045089388266206,11.706015095114708
3500.0,37,8,0.5163504481315613,-102.4579450657756,-63.3816458377962,0.490234375,1.0883116722106934,54.95459733477044,0.0,0.4864864864864865,38.0510368347168,0.007969390600919724,0.0012683678651228547,11.116649024188519
3500.0,37,9,30.0,-73.02195562099739,-48.52582889625859,5.5546875,9.967226028442383,44.270477220550674,0.0,0.0,-1.4733675718307495,-0.00030858139507472515,-4.9112251872429624e-05,287.09739446640015
3500.0,38,0,30.0,-79.23232111265469,-58.918573758950856,5.5546875,9.967226028442383,44.270477220550674,0.0,0.07894736842105265,36.2584228515625,0.007593946531414986,0.0012086140923202038,11.666255071759224
3500.0,38,1,19.4891300201416,-86.99912414858542,-57.67606200294199,4.5234375,6.490286827087402,30.304505478536004,0.0,0.10526315789473684,31.137901306152344,0.006521507166326046,0.001037930021993816,13.58473114669323
3500.0,38,2,8.571932792663574,-88.71303629289444,-63.067363647274675,0.0,3.0352180004119873,100.0,1.0,0.1842105263157895,39.192298889160156,0.008208416402339935,0.0013064099475741386,10.792937129735947
3500.0,38,3,13.206063270568848,-83.16863100868831,-61.32926560598528,0.0,4.454317569732666,100.0,1.0,0.23684210526315785,38.55305480957031,0.008074533194303513,0.0012851018691435456,10.971893556416035
3500.0,38,4,-0.1441480815410614,-98.51806795292256,-59.886432086981465,0.0,0.9762561321258545,100.0,1.0,0.13157894736842102,12.367610931396484,0.002590266289189458,0.0004122536920476705,34.20224040746689
3500.0,38,5,21.155126571655273,-77.56479262298416,-53.94947239176028,5.5546875,7.038596153259277,21.0824519683821,0.0,0.10526315789473684,-10.042913436889648,-0.0021033829543739557,-0.0003347637830302119,42.11925342679024
3500.0,38,6,29.606386184692383,-77.82603585222986,-52.6786008149371,5.5546875,9.836606979370117,43.53045199783217,0.0,0.07894736842105265,-0.07389426231384277,-1.5476380212930962e-05,-2.463142209307989e-06,5724.395751953125
3500.0,38,7,1.2380925416946411,-103.70655148029317,-61.64484514356346,0.490234375,1.2202495336532593,59.82507171854385,0.0,0.4736842105263158,36.525054931640625,0.007649790495634079,0.0012175018200650811,11.581091210246086
3500.0,38,8,2.333824634552002,-102.45470926723519,-63.36594016843373,0.490234375,1.4391027688980103,65.93472088338793,0.0,0.4736842105263158,38.86853790283203,0.008140607737004757,0.0012956178979948163,10.882838629186153
3500.0,38,9,30.0,-73.006949370016,-48.524685573034176,5.5546875,9.967226028442383,44.270477220550674,0.0,0.0,5.722970962524414,0.0011986162280663848,0.0001907656987896189,73.91265779733658
3500.0,39,0,30.0,-79.21510671610815,-58.89265026801105,5.5546875,9.967226028442383,44.270477220550674,0.0,0.07692307692307687,35.50482177734375,0.007436112966388464,0.0011834941105917096,11.913875117897987
3500.0,39,1,18.30906867980957,-86.98429339978196,-57.65408713448085,0.0,6.1032795906066895,100.0,1.0,0.1282051282051282,29.29501724243164,0.00613553449511528,0.0009765005670487881,14.439315535128117
3500.0,39,2,4.334092617034912,-88.70743934258412,-63.05066292320963,0.0,1.8924869298934937,100.0,1.0,0.20512820512820518,37.53868103027344,0.007862083613872528,0.0012512893881648779,11.268377304077148
3500.0,39,3,4.6766839027404785,-83.15854794548594,-61.30901145256187,0.0,1.9765130281448364,100.0,1.0,0.2564102564102564,39.446022033691406,0.008261555805802345,0.0013148674042895436,10.723515413701534
3500.0,39,4,3.705470085144043,-98.51384397586588,-59.87874533780686,0.490234375,1.7429476976394653,71.87325955541056,0.0,0.1282051282051282,12.980619430541992,0.0027186544612050056,0.0004326873167883605,32.587043941020966
3500.0,39,5,19.964603424072266,-77.54463859893647,-53.94262598628981,5.5546875,6.646570205688477,16.427761565716814,0.0,0.10256410256410253,-19.82110595703125,-0.00415132287889719,-0.0006607035174965858,21.340887993574142
3500.0,39,6,30.0,-77.82038721007531,-52.677830450001714,5.5546875,9.967226028442383,44.270477220550674,0.0,0.07692307692307687,-0.7709212303161621,-0.00016146137204486877,-2.569737443991471e-05,548.6941933631897
3500.0,39,7,1.0184345245361328,-103.68451177626733,-61.62664545898255,0.490234375,1.179052710533142,58.42133514299572,0.0,0.46153846153846156,35.8696174621582,0.007512515410780907,0.0011956539237871766,11.792710050940514
3500.0,39,8,3.906721591949463,-102.45140715246768,-63.35029811307075,0.490234375,1.7901510000228882,72.61491488741831,0.0,0.46153846153846156,38.61292266845703,0.008087072521448135,0.001287097460590303,10.954882018268108
3500.0,39,9,30.0,-72.99104806743298,-48.52424410711315,5.5546875,9.967226028442383,44.270477220550674,0.0,0.0,-5.609538555145264,-0.0011748590040951967,-0.00018698461644817144,75.40727406740189
3500.0,40,0,30.0,-79.19820180768266,-58.86664541226232,5.5546875,9.967226028442383,44.270477220550674,0.0,0.07499999999999996,36.03669738769531,0.007547508925199509,0.0012012232327833772,11.738034896552563
3500.0,40,1,20.151893615722656,-86.91659337437363,-57.63204494101666,4.81640625,6.708178520202637,28.20098279294886,0.0,0.125,27.437076568603516,0.005746408365666866,0.0009145692456513643,15.417094342410564
3500.0,40,2,6.862213611602783,-88.70174707087199,-63.03391327663319,0.6015625,2.549757719039917,76.40707211089406,0.0,0.19999999999999996,38.94884490966797,0.008157427422702312,0.0012982948683202267,10.860399343073368
3500.0,40,3,10.664618492126465,-83.14837095670111,-61.288692034292,0.490234375,3.6614816188812256,86.61103820726561,0.0,0.25,36.794281005859375,0.0077061764895915985,0.0012264760443940759,11.496352031826973
3500.0,40,4,2.08158016204834,-98.46566459277136,-59.87105554882678,1.02734375,1.3867812156677246,25.91882999328472,0.0,0.125,18.12008285522461,0.0037950617261230946,0.0006040027947165072,23.344265297055244
3500.0,40,5,20.726665496826172,-77.52621814681449,-53.9358107388142,5.5546875,6.897402763366699,19.46696908143588,0.0,0.09999999999999998,-25.543094635009766,-0.005349733866751194,-0.0008514365181326866,16.560249030590057
3500.0,40,6,29.440534591674805,-77.81439573036499,-52.67711805369217,5.5546875,9.781574249267578,43.21274512212672,0.0,0.07499999999999996,-1.7936214208602905,-0.000375655188690871,-5.978738045087084e-05,235.8357310295105
3500.0,40,7,1.182076096534729,-103.66250045988629,-61.60839397230503,0.490234375,1.2096575498580933,59.473292663902264,0.0,0.44999999999999996,36.352386474609375,0.007613626774400473,0.0012117462465539575,11.63609977811575
3500.0,40,8,3.286972761154175,-102.44817539226277,-63.33461254072119,0.490234375,1.646880865097046,70.2325538301089,0.0,0.44999999999999996,39.084102630615234,0.008185755461454391,0.0013028034009039402,10.822814889252186
3500.0,40,9,30.0,-72.97339723984692,-48.52392674690611,5.5546875,9.967226028442383,44.270477220550674,0.0,0.0,2.3317432403564453,0.0004883591318503022,7.77247769292444e-05,181.4093440771103
3500.0,41,0,30.0,-79.18364621011307,-58.840732324143566,5.5546875,9.967226028442383,44.270477220550674,0.0,0.07317073170731703,35.632789611816406,0.007462913636118174,0.0011877596843987703,11.871088296175003
3500.0,41,1,18.77631378173828,-86.89529973614704,-57.610139320487846,5.33203125,6.256353855133057,14.774142040810101,0.0,0.12195121951219512,26.755714416503906,0.005603703670203686,0.0008918571402318776,15.809707343578339
3500.0,41,2,10.375529289245605,-88.69609991422182,-63.01722914362142,1.02734375,3.573274612426758,71.24923602492761,0.0,0.19512195121951215,38.88037109375,0.008143085986375809,0.0012960124295204878,10.879525914788246
3500.0,41,3,14.505921363830566,-83.1382100012971,-61.26845240180233,1.328125,4.868997097015381,72.72282210202754,0.0,0.24390243902439024,36.79878234863281,0.007707118988037109,0.0012266261037439108,11.494945734739304
3500.0,41,4,2.8474905490875244,-98.46237748368141,-59.863517652225845,0.876953125,1.5491327047348022,43.390703564668044,0.0,0.12195121951219512,13.5695161819458,0.0028419927693903446,0.0004523172101471573,31.17281384766102
3500.0,41,5,23.134510040283203,-77.50595072419001,-53.92910321811995,5.5546875,7.692111968994141,27.787225115934465,0.0,0.09756097560975607,-2.374422073364258,-0.0004972977912984788,-7.91474012658e-05,178.14861238002777
3500.0,41,6,27.98232078552246,-77.80812796832242,-52.67648005085345,5.5546875,9.297819137573242,40.25816787989501,0.0,0.07317073170731703,-0.5518373250961304,-0.00011557654215721413,-1.8394577637081966e-05,766.5302753448486
3500.0,41,7,1.3423409461975098,-103.64047302353427,-61.590223458710604,0.490234375,1.240118145942688,60.46873625679079,0.0,0.4390243902439024,35.65891647338867,0.0074683865532279015,0.0011886305874213576,11.862390674650669
3500.0,41,8,2.498899459838867,-102.44481581948706,-63.31899120202734,0.490234375,1.4739576578140259,66.7402674424821,0.0,0.4390243902439024,37.970367431640625,0.00795249454677105,0.0012656789040192962,11.140266433358192
3500.0,41,9,30.0,-72.95455814185131,-48.52428709728015,5.5546875,9.967226028442383,44.270477220550674,0.0,0.0,1.7973859310150146,0.0003764436405617744,5.9912865253863856e-05,235.34178733825684
3500.0,42,0,25.967533111572266,-79.2262833665579,-58.814690951460065,5.5546875,8.629874229431152,35.63420100542829,0.0,0.0714285714285714,36.7209587097168,0.007690819911658764,0.0012240320211276412,11.519307270646095
3500.0,42,1,21.22066307067871,-86.87387781613549,-57.588179504190045,5.115234375,7.060203552246094,27.548344220576084,0.0,0.11904761904761907,27.165395736694336,0.005689507350325584,0.0009055131813511252,15.57128131389618
3500.0,42,2,12.820685386657715,-88.69048767569734,-63.000500449609355,1.6953125,4.332391738891602,60.86890100954425,0.0,0.19047619047619047,39.64435577392578,0.008303094655275345,0.0013214785140007734,10.669867508113384
3500.0,42,3,16.884740829467773,-83.12797553875315,-61.24815348931871,2.16015625,5.638250827789307,61.6874751411694,0.0,0.23809523809523814,38.84297561645508,0.008135253563523293,0.001294765854254365,10.890000499784946
3500.0,42,4,4.291012763977051,-98.45935176116637,-59.85598077874549,0.876953125,1.8820446729660034,53.40423436294059,0.0,0.11904761904761907,12.65346908569336,0.002650136360898614,0.00042178231524303555,33.42956677079201
3500.0,42,5,27.062894821166992,-77.4875209341545,-53.92246206184801,5.5546875,8.99293327331543,38.23275085914042,0.0,0.09523809523809523,9.061177253723145,0.0018977685831487179,0.00030203923233784735,46.682678163051605
3500.0,42,6,29.321882247924805,-77.80161564768974,-52.67594845412036,5.5546875,9.742203712463379,42.98325446742828,0.0,0.0714285714285714,0.2001127004623413,4.191150583210401e-05,6.6704233177006245e-06,2113.8088703155518
3500.0,42,7,1.3345144987106323,-103.61836013169098,-61.57200748460702,0.490234375,1.238619327545166,60.420900586817,0.0,0.4285714285714286,36.14292907714844,0.007569757290184498,0.0012047643540427089,11.703534051775932
3500.0,42,8,2.3254377841949463,-102.44151791118696,-63.30332991760577,0.490234375,1.4373449087142944,65.89305934658962,0.0,0.4285714285714286,38.48252868652344,0.008059762418270111,0.0012827509781345725,10.992001742124557
3500.0,42,9,30.0,-72.93388081197166,-48.524888887883236,5.5546875,9.967226028442383,44.270477220550674,0.0,0.0,-16.83521270751953,-0.003525958862155676,-0.0005611737724393606,25.125907734036446
3500.0,43,0,16.736421585083008,-79.14694425945132,-58.78871104014846,0.0,5.5899858474731445,100.0,1.0,0.09302325581395354,34.637596130371094,0.007254481315612793,0.0011545865563675761,12.212163768708706
3500.0,43,1,20.44037628173828,-86.84428313055078,-57.56638658057413,5.5546875,6.8031229972839355,18.35091762683636,0.0,0.11627906976744184,26.884037017822266,0.005630579777061939,0.0008961345884017646,15.734244138002396
3500.0,43,2,15.421486854553223,-88.68496282400697,-62.98384969823807,2.40625,5.163726806640625,53.40090422859844,0.0,0.18604651162790697,38.946773529052734,0.008156993426382542,0.0012982258340343833,10.86097676306963
3500.0,43,3,11.81486988067627,-83.11787727073194,-61.227951234883676,2.73046875,4.016810417175293,32.02395765742602,0.0,0.2325581395348837,39.06987380981445,0.008182775229215622,0.0013023291248828173,10.826756246387959
3500.0,43,4,4.348376750946045,-98.50910630218387,-59.84861180954273,1.17578125,1.8959554433822632,37.98476361330088,0.0,0.11627906976744184,13.630573272705078,0.0028547807596623898,0.0004543524410109967,31.03317879140377
3500.0,43,5,30.0,-77.46821507004499,-53.915974348826914,5.5546875,9.967226028442383,44.270477220550674,0.0,0.09302325581395354,12.455005645751953,0.002608570270240307,0.0004151668690610677,33.962249755859375
3500.0,43,6,30.0,-77.79481598991205,-52.67554853479939,5.5546875,9.967226028442383,44.270477220550674,0.0,0.06976744186046513,1.8797119855880737,0.0003936859720852226,6.265706906560808e-05,225.0344753265381
3500.0,43,7,1.3461287021636963,-103.60398154684725,-61.55388869060879,0.490234375,1.2408438920974731,60.491857346267196,0.0,0.41860465116279066,35.40449523925781,0.007415100000798702,0.0011801498476415873,11.947635561227798
3500.0,43,8,1.246297836303711,-102.43819567667195,-63.287744311351545,0.490234375,1.2218060493469238,59.87625243286047,0.0,0.41860465116279066,38.37453842163086,0.008037144318223,0.0012791512999683619,11.022933758795261
3500.0,43,9,30.0,-72.91196351233111,-48.52634497837265,5.5546875,9.967226028442383,44.270477220550674,0.0,0.0,5.753205299377441,0.001204948639497161,0.00019177350623067468,73.52423667907715
3500.0,44,0,20.88386344909668,-79.18833083327823,-58.7626274186295,4.81640625,6.949192047119141,30.691133338346997,0.0,0.09090909090909094,32.59049987792969,0.006825738586485386,0.0010863500647246838,12.979242950677872
3500.0,44,1,20.366472244262695,-88.3319809174343,-57.54448991262959,5.5546875,6.778794288635254,18.05788369603554,0.0,0.11363636363636365,23.318187713623047,0.0048837498761713505,0.0007772729150019586,18.140345811843872
3500.0,44,2,14.943767547607422,-88.67910399006465,-62.96714500098607,3.029296875,5.009704113006592,39.53142128424114,0.0,0.18181818181818177,39.49603271484375,0.008272030390799046,0.0013165344716981053,10.70993673056364
3500.0,44,3,19.07893180847168,-83.10749362901132,-61.20767345067761,1.4765625,6.355609893798828,76.76757188258702,0.0,0.2272727272727273,38.52231979370117,0.00806809589266777,0.0012840772978961468,10.980647057294846
3500.0,44,4,6.189589977264404,-98.5063245968491,-59.841215139731815,1.326171875,2.367011308670044,43.97272754285495,0.0,0.11363636363636365,14.002793312072754,0.0029327382799237967,0.0004667597822844982,30.20825982093811
3500.0,44,5,30.0,-77.44866337612919,-53.9094086541061,5.5546875,9.967226028442383,44.270477220550674,0.0,0.09090909090909094,13.022014617919922,0.002727324375882745,0.0004340671584941447,32.483454793691635
3500.0,44,6,30.0,-77.78751778652929,-52.67505320593763,5.5546875,9.967226028442383,44.270477220550674,0.0,0.06818181818181823,1.9515364170074463,0.00040872886893339455,6.505121564259753e-05,216.7523056268692
3500.0,44,7,1.3382983207702637,-103.58120518631894,-61.53571337734678,0.490234375,1.2393437623977661,60.44403579749815,0.0,0.40909090909090906,35.867183685302734,0.007512005977332592,0.0011955727823078632,11.793510057032108
3500.0,44,8,0.05495874211192131,-102.43472998321566,-63.272110302892536,0.490234375,1.0091572999954224,51.42141121089608,0.0,0.40909090909090906,39.231727600097656,0.008216673508286476,0.0013077242765575647,10.7820900157094
3500.0,44,9,30.0,-72.88750155506862,-48.527461017064894,5.5546875,9.967226028442383,44.270477220550674,0.0,0.0,7.18638277053833,0.0015051125083118677,0.00023954609059728682,58.861322700977325
3500.0,45,0,26.75463104248047,-79.16953347588662,-58.73668286700709,5.5546875,8.890739440917969,37.52277257799742,0.0,0.0888888888888889,34.33209991455078,0.007190498523414135,0.0011444033589214087,12.320831418037415
3500.0,45,1,20.6398868560791,-88.4320941299927,-57.52279741289224,5.5546875,6.868819236755371,19.13184335560021,0.0,0.11111111111111116,26.809322357177734,0.005614931229501963,0.000893644115421921,15.77809453010559
3500.0,45,2,15.201370239257812,-88.67363439222373,-62.950525135725904,3.029296875,5.092696666717529,40.516840620069416,0.0,0.1777777777777778,38.70127868652344,0.008105576038360596,0.0012900426518172026,10.92987135052681
3500.0,45,3,23.23522186279297,-83.09735580835994,-61.187504395536806,3.322265625,7.725407123565674,56.99559166447394,0.0,0.2222222222222222,37.82630920410156,0.007922324351966381,0.0012608770048245788,11.1826928332448
3500.0,45,4,6.045069217681885,-98.72382282552846,-59.834001859942695,1.4765625,2.328434705734253,36.58561709445153,0.0,0.11111111111111116,10.056469917297363,0.0021062223240733147,0.00033521567820571363,42.06247255206108
3500.0,45,5,30.0,-77.42834810629815,-53.90310884805848,5.5546875,9.967226028442383,44.270477220550674,0.0,0.0888888888888889,12.538726806640625,0.0026261047460138798,0.000417957577155903,33.7354838848114
3500.0,45,6,30.0,-77.78009011498114,-52.674847308036796,5.5546875,9.967226028442383,44.270477220550674,0.0,0.06666666666666665,0.597853422164917,0.0001252141228178516,1.9928447727579623e-05,707.5312733650208
3500.0,45,7,1.3746604919433594,-103.55923898683056,-61.51765077959764,0.490234375,1.2463191747665405,60.66542303725446,0.0,0.4,35.141014099121094,0.007359916809946299,0.0011713671265169978,12.037216685712337
3500.0,45,8,-0.674294114112854,-102.4312171906824,-63.25655836535347,0.490234375,0.8923450708389282,45.062242060785785,0.0,0.4,38.289161682128906,0.008019262924790382,0.0012763054110109806,11.047513224184513
3500.0,45,9,30.0,-72.86199100518732,-48.529844517359045,0.0,9.967226028442383,100.0,1.0,0.022222222222222254,3.1325082778930664,0.0006560710025951266,0.00010441694030305371,135.03555953502655
3500.0,46,0,30.0,-79.09433400724072,-58.71056701705567,5.5546875,9.967226028442383,44.270477220550674,0.0,0.08695652173913049,35.745330810546875,0.007486484479159117,0.0011915110517293215,11.83371338993311
3500.0,46,1,21.578603744506836,-88.4129427106938,-57.50099655020251,5.5546875,7.178253173828125,22.617837996403324,0.0,0.10869565217391308,26.995676040649414,0.0056539615616202354,0.0008998558623716235,15.66917635500431
3500.0,46,2,14.62120532989502,-88.668023649069,-62.93385290868159,3.029296875,4.905999660491943,38.25321882113133,0.0,0.17391304347826086,39.196075439453125,0.008209207095205784,0.0013065359089523554,10.791896842420101
3500.0,46,3,21.107006072998047,-83.08692689490618,-61.16726106899805,4.81640625,7.022733211517334,31.416926929517153,0.0,0.21739130434782605,38.90858459472656,0.008148995228111744,0.0012969528324902058,10.871636681258678
3500.0,46,4,8.176496505737305,-98.71984037754626,-59.82675769895248,1.4765625,2.920536518096924,49.44208056120607,0.0,0.10869565217391308,12.29379653930664,0.002574807032942772,0.00040979322511702776,34.4075970351696
3500.0,46,5,30.0,-77.40879180121063,-53.896702539919005,5.5546875,9.967226028442383,44.270477220550674,0.0,0.08695652173913049,12.141799926757812,0.0025429725646972656,0.0004047266556881368,34.83832627534866
3500.0,46,6,29.53054428100586,-77.77213021895498,-52.674503321208725,5.5546875,9.811440467834473,43.38560664756294,0.0,0.06521739130434778,-2.5375869274139404,-0.0005314709851518273,-8.458623051410541e-05,166.6938066482544
3500.0,46,7,1.4574447870254517,-103.53771667116001,-61.499534394824735,0.490234375,1.2622913122177124,61.163134828306,0.0,0.3913043478260869,35.61219024658203,0.007458600215613842,0.001187073066830635,11.877955868840218
3500.0,46,8,1.170064926147461,-99.13806851500654,-63.240959688047894,0.490234375,1.207394003868103,59.39731575364411,0.0,0.3913043478260869,37.749446868896484,0.007906226441264153,0.0012583149364218116,11.205462738871574
3500.0,46,9,30.0,-72.83371000253474,-48.531768277519106,5.5546875,9.967226028442383,44.270477220550674,0.0,0.021739130434782594,-24.39537811279297,-0.005109356250613928,-0.0008131793001666665,17.339350655674934
3500.0,47,0,30.0,-79.07524066934155,-58.68451519969632,5.5546875,9.967226028442383,44.270477220550674,0.0,0.08510638297872342,35.27458953857422,0.007387892808765173,0.0011758196633309126,11.991634964942932
3500.0,47,1,21.382549285888672,-88.39540819121397,-57.47938776346626,5.5546875,7.113585472106934,21.91437747138241,0.0,0.1063829787234043,26.481159210205078,0.00554620148614049,0.0008827053243294358,15.973621979355812
3500.0,47,2,13.146410942077637,-88.66258985055624,-62.91725552048658,3.029296875,4.435410976409912,31.70200256274881,0.0,0.17021276595744683,38.385765075683594,0.008039496839046478,0.0012795254588127136,11.019710451364517
3500.0,47,3,26.34373664855957,-83.0767671459523,-61.1471149423807,4.212890625,8.754544258117676,51.877670604114144,0.0,0.21276595744680848,37.73400115966797,0.007902991026639938,0.001257800031453371,11.210049502551556
3500.0,47,4,7.425308704376221,-98.71717762729722,-59.819682456900004,2.16015625,2.7065367698669434,20.187441233019133,0.0,0.1063829787234043,10.417163848876953,0.0021817656233906746,0.00034723879070952535,40.6060628592968
3500.0,47,5,28.320661544799805,-77.39045723624088,-53.89057812253587,5.5546875,9.410042762756348,40.97064551093553,0.0,0.08510638297872342,8.924676895141602,0.0018691800069063902,0.000297489226795733,47.39667475223541
3500.0,47,6,30.0,-77.76400623838438,-52.674480651382645,5.5546875,9.967226028442383,44.270477220550674,0.0,0.06382978723404253,-1.1912438869476318,-0.0002494935179129243,-3.970813122577965e-05,355.09103536605835
3500.0,47,7,1.2651270627975464,-103.51631688830906,-61.48152149500895,0.490234375,1.2253824472427368,59.99335749397354,0.0,0.3829787234042553,34.8726692199707,0.007303714752197266,0.0011624223552644253,12.12984323501587
3500.0,47,8,-1.3082305192947388,-99.13099318090104,-63.22543332531987,0.490234375,0.7990098595619202,38.644765251234205,0.0,0.3829787234042553,38.40570831298828,0.008043672889471054,0.0012801903067156672,11.013987474143505
3500.0,47,9,30.0,-72.80421758016983,-48.53497568686529,5.5546875,9.967226028442383,44.270477220550674,0.0,0.021276595744680882,-8.850412368774414,-0.001853625988587737,-0.0002950137422885746,47.79438301920891
3500.0,48,0,30.0,-79.05692982472225,-58.65832585537318,5.5546875,9.967226028442383,44.270477220550674,0.0,0.08333333333333337,35.630096435546875,0.007462350185960531,0.0011876699281856418,11.871986091136932
3500.0,48,1,21.906875610351562,-88.3661538744517,-57.45762658393179,5.5546875,7.286577224731445,23.768220267442175,0.0,0.10416666666666663,25.277339935302734,0.005294073838740587,0.0008425780106335878,16.734356060624123
3500.0,48,2,7.577325344085693,-88.65687611738832,-62.900595826015085,0.0,2.749413013458252,100.0,1.0,0.1875,38.98175048828125,0.008164319209754467,0.00129939173348248,10.851231403648853
3500.0,48,3,29.30439567565918,-83.06616435088193,-61.126878132548484,5.5546875,9.73640251159668,42.94928241325262,0.0,0.20833333333333337,38.088966369628906,0.007977334782481194,0.001269632251933217,11.105578392744064
3500.0,48,4,7.405595302581787,-98.71388264897062,-59.81255060758886,1.9140625,2.700993299484253,29.134866777881875,0.0,0.10416666666666663,12.076719284057617,0.002529342193156481,0.0004025573143735528,35.02606973052025
3500.0,48,5,16.351518630981445,-77.3697022882534,-53.884232466240306,0.0,5.4648966789245605,100.0,1.0,0.10416666666666663,-44.711814880371094,-0.009364420548081398,-0.0014903938863426447,9.460587054491043
3500.0,48,6,30.0,-77.75514937913658,-52.674163656881774,5.5546875,9.967226028442383,44.270477220550674,0.0,0.0625,1.9029628038406372,0.00039855559589341283,6.343209679471329e-05,222.2849577665329
3500.0,48,7,1.2703865766525269,-103.49433347834116,-61.463441184404054,0.490234375,1.2263827323913574,60.02598845760993,0.0,0.375,35.39020919799805,0.007412108592689037,0.001179673708975315,11.952458880841732
3500.0,48,8,-1.8909653425216675,-99.12326516063764,-63.20985117739831,0.490234375,0.7198394536972046,31.896706622277804,0.0,0.375,38.80957794189453,0.00812825933098793,0.001293652574531734,10.899371467530727
3500.0,48,9,30.0,-72.77146758080943,-48.53726382470592,5.5546875,9.967226028442383,44.270477220550674,0.0,0.02083333333333337,2.1616578102111816,0.0004527365672402084,7.20552634447813e-05,195.68315148353577
3500.0,49,0,30.0,-79.03871131575899,-58.632126619298575,5.5546875,9.967226028442383,44.270477220550674,0.0,0.08163265306122447,34.68251037597656,0.007263888604938984,0.0011560836574062705,12.19634898006916
3500.0,49,1,18.898698806762695,-88.34699588792702,-57.43588426293985,0.0,6.296484470367432,100.0,1.0,0.12244897959183676,26.848285675048828,0.005623091943562031,0.0008949428447522223,15.755197033286095
3500.0,49,2,3.7360103130340576,-88.6507005089073,-62.883962520594224,1.17578125,1.750069260597229,32.815159006978234,0.0,0.18367346938775508,39.866641998291016,0.008349650539457798,0.0013288881164044142,10.610374622046947
3500.0,49,3,24.156700134277344,-83.05534316714093,-61.106665202601235,5.5546875,8.030211448669434,30.827630934670037,0.0,0.20408163265306123,38.100711822509766,0.007979794405400753,0.001270023756660521,11.102154850959778
3500.0,49,4,6.499436378479004,-98.71026406682907,-59.80548693566745,1.9140625,2.4505531787872314,21.892635647790282,0.0,0.10204081632653061,10.089456558227539,0.0021131308749318123,0.00033631522092036903,41.92495346069336
3500.0,49,5,29.280397415161133,-77.34745151191186,-53.877772294208654,4.5234375,9.728440284729004,53.502952502051514,0.0,0.10204081632653061,8.529613494873047,0.00178643804974854,0.00028432044200599194,49.59193244576454
3500.0,49,6,30.0,-77.74566600317236,-52.67363480591666,5.5546875,9.967226028442383,44.270477220550674,0.0,0.061224489795918324,2.2597670555114746,0.00047328451182693243,7.532556628575549e-05,187.18743324279785
3500.0,49,7,1.4536726474761963,-103.47226910290708,-61.44540855032756,0.490234375,1.2615607976913452,61.140646103055175,0.0,0.36734693877551017,34.84089660644531,0.007297060918062925,0.0011613632086664438,12.140904553234577
3500.0,49,8,-2.0405802726745605,-99.11562999381644,-63.19429680649449,0.490234375,0.7005188465118408,30.018388878319268,0.0,0.36734693877551017,37.85675811767578,0.007928701117634773,0.001261891913600266,11.173699051141739
3500.0,49,9,30.0,-72.73632636217,-48.53924076050906,5.5546875,9.967226028442383,44.270477220550674,0.0,0.020408163265306145,4.676512718200684,0.0009794465731829405,0.0001558837539050728,90.45201539993286
3500.0,50,0,30.0,-79.01980993339507,-58.60563917445942,5.5546875,9.967226028442383,44.270477220550674,0.0,0.07999999999999996,34.91007995605469,0.007311549969017506,0.0011636693961918354,12.116844765841961
3500.0,50,1,19.211997985839844,-88.34543708187195,-57.41387074339447,5.115234375,6.3992815017700195,20.06548901489732,0.0,0.12,26.347454071044922,0.005518198013305664,0.0008782484801486135,16.054682433605194
3500.0,50,2,9.710981369018555,-88.64404901472486,-62.8672447681539,0.6015625,3.3724191188812256,82.16228532711072,0.0,0.18000000000000005,38.746131896972656,0.008114971220493317,0.001291537773795426,10.917219333350658
3500.0,50,3,29.56405258178711,-83.04372278981312,-61.086322573901874,5.33203125,9.82256031036377,45.71648244934489,0.0,0.19999999999999996,38.258270263671875,0.008012793958187103,0.0012752757174894214,11.05643343180418
3500.0,50,4,7.911969184875488,-98.70684636985897,-59.79830631734588,1.9140625,2.8445799350738525,32.71194539483715,0.0,0.09999999999999998,12.275920867919922,0.0025710626505315304,0.0004091973532922566,34.457702189683914
3500.0,50,5,30.0,-77.32579210883284,-53.87075261999051,5.5546875,9.967226028442383,44.270477220550674,0.0,0.09999999999999998,12.200994491577148,0.002555370330810547,0.000406699808081612,34.66930612921715
3500.0,50,6,30.0,-77.73502248091714,-52.67234467025231,5.5546875,9.967226028442383,44.270477220550674,0.0,0.06000000000000005,0.0909745916724205,1.905367389554158e-05,3.032486347365193e-06,4649.650096893311
3500.0,50,7,1.5300848484039307,-103.4504736254007,-61.42728506252512,0.490234375,1.2764110565185547,61.592750822989004,0.0,0.36,35.15705108642578,0.007363276090472937,0.001171901705674827,12.031725607812405
3500.0,50,8,-1.581260085105896,-99.10726672031457,-63.17866620860236,0.490234375,0.7611343264579773,35.59160873989748,0.0,0.36,37.94133758544922,0.00794641487300396,0.0012647112598642707,11.148789897561073
3500.0,50,9,30.0,-72.69673976000254,-48.53900317765067,5.5546875,9.967226028442383,44.270477220550674,0.0,0.020000000000000018,7.429043292999268,0.0015559352468699217,0.00024763477267697453,56.938692927360535
3500.0,51,0,29.876955032348633,-79.00070171767838,-58.57914383476436,5.5546875,9.926393508911133,44.041232145255584,0.0,0.07843137254901966,34.946815490722656,0.007319244556128979,0.001164893852546811,12.104107066988945
3500.0,51,1,18.80116081237793,-88.32506914973453,-57.39180428702195,5.115234375,6.264499664306641,18.345683628252573,0.0,0.11764705882352944,23.740081787109375,0.0049721114337444305,0.0007913360605016351,17.817968502640724
3500.0,51,2,16.74289894104004,-88.63675457599965,-62.8505275873625,1.4765625,5.592092990875244,73.59553028876051,0.0,0.17647058823529416,38.47533416748047,0.008058255538344383,0.001282511162571609,10.994057171046734
3500.0,51,3,30.0,-83.03175727239095,-61.06596738088482,5.5546875,9.967226028442383,44.270477220550674,0.0,0.196078431372549,37.692344665527344,0.00789426639676094,0.0012564115459099412,11.22243795543909
3500.0,51,4,6.12135648727417,-98.70290879189415,-59.791148731226635,0.0,2.348766565322876,100.0,1.0,0.11764705882352944,12.548480987548828,0.002628147602081299,0.00041828269604593515,33.70926156640053
3500.0,51,5,30.0,-77.30591779952559,-53.86350437088846,5.5546875,9.967226028442383,44.270477220550674,0.0,0.0980392156862745,12.115152359008789,0.0025373916141688824,0.0004038384067825973,34.914955496788025
3500.0,51,6,30.0,-77.72364877698348,-52.67070429316653,5.5546875,9.967226028442383,44.270477220550674,0.0,0.05882352941176472,-1.3180267810821533,-0.00027604689239524305,-4.393422568682581e-05,320.9342956542969
3500.0,51,7,1.57490074634552,-103.42866928814884,-61.40917907336035,0.490234375,1.2851715087890625,61.854556248144846,0.0,0.3529411764705882,34.916961669921875,0.00731299165636301,0.0011638987343758345,12.114455923438072
3500.0,51,8,-0.47511589527130127,-99.0985055280484,-63.16303901813188,0.490234375,0.9232421517372131,46.90078068060981,0.0,0.3529411764705882,37.672725677490234,0.007890157401561737,0.0012557575246319175,11.228282935917377
3500.0,51,9,30.0,-72.65438582365363,-48.53797730740952,5.5546875,9.967226028442383,44.270477220550674,0.0,0.019607843137254943,9.832568168640137,0.002059328369796276,0.0003277522628195584,43.02029684185982
3500.0,52,0,22.759845733642578,-78.98113090873827,-58.55249762266835,5.5546875,7.568278789520264,26.605670133458446,0.0,0.07692307692307687,31.708984375,0.006641114596277475,0.0010569661390036345,13.34006804972887
3500.0,52,1,14.737648010253906,-88.30422421300356,-57.369564037994614,0.0,4.9434075355529785,100.0,1.0,0.13461538461538458,27.7647705078125,0.005815040320158005,0.0009254923788830638,15.235134400427341
3500.0,52,2,21.441455841064453,-88.6291138394354,-62.83376313633309,3.322265625,7.1330132484436035,53.424092886342166,0.0,0.17307692307692313,38.52901840209961,0.008069498464465141,0.0012843005824834108,10.978737846016884
3500.0,52,3,23.890230178833008,-83.01921370007119,-61.04553380010133,5.5546875,7.942040920257568,30.059696798693203,0.0,0.1923076923076923,38.488067626953125,0.008060921914875507,0.00128293561283499,10.990419425070286
3500.0,52,4,4.006129264831543,-98.69867955945966,-59.78393624630228,0.0,1.8137028217315674,100.0,1.0,0.13461538461538458,11.943413734436035,0.0025014227721840143,0.0003981137997470796,35.41700914502144
3500.0,52,5,23.849824905395508,-77.28444984959211,-53.85585723173223,5.5546875,7.92867374420166,29.941782456842624,0.0,0.09615384615384615,6.414271831512451,0.0013434020802378654,0.0002138090640073642,65.94669073820114
3500.0,52,6,30.0,-77.71127562422205,-52.66850954044361,5.5546875,9.967226028442383,44.270477220550674,0.0,0.05769230769230771,4.546080589294434,0.0009521289030089974,0.00015153601998463273,93.04718673229218
3500.0,52,7,1.6025155782699585,-103.40691712768823,-61.39103130007457,0.490234375,1.2905879020690918,62.01464664173217,0.0,0.34615384615384615,34.93310546875,0.007316372822970152,0.0011644368059933186,12.108857743442059
3500.0,52,8,-0.005000163335353136,-99.08972837353359,-63.147370507202915,0.490234375,0.9991697669029236,50.9358278003592,0.0,0.34615384615384615,37.81665802001953,0.007920302450656891,0.0012605552328750491,11.185547336935997
3500.0,52,9,30.0,-72.6083086575393,-48.53542336380222,5.5546875,9.967226028442383,44.270477220550674,0.0,0.019230769230769273,11.159501075744629,0.0023372406139969826,0.0003719833621289581,37.90492191910744
3500.0,53,0,26.394102096557617,-78.96122510595406,-58.52572215960296,5.5546875,8.77123737335205,36.67156338881297,0.0,0.07547169811320753,34.11317443847656,0.007144646719098091,0.0011371058644726872,12.399901635944843
3500.0,53,1,16.476999282836914,-88.28363868684166,-57.34721842422307,3.322265625,5.505650043487549,39.65715948601205,0.0,0.13207547169811318,27.126667022705078,0.005681395530700684,0.0009042222518473864,15.59351198375225
3500.0,53,2,23.332860946655273,-88.62113441010406,-62.81697499918591,4.81640625,7.757690906524658,37.91443474566473,0.0,0.16981132075471694,38.463897705078125,0.008055860176682472,0.0012821299023926258,10.99732518196106
3500.0,53,3,28.090389251708984,-83.00631122332433,-61.02505511479788,5.33203125,9.333662986755371,42.87311147224574,0.0,0.18867924528301883,38.09952163696289,0.00797954574227333,0.001269984059035778,11.10250223428011
3500.0,53,4,6.546539306640625,-98.56265651180983,-59.77671032106843,1.02734375,2.463350534439087,58.29486158639905,0.0,0.13207547169811318,12.918630599975586,0.002705671824514866,0.00043062103213742375,32.743409276008606
3500.0,53,5,26.41972541809082,-77.26266517153277,-53.84793784587639,5.5546875,8.779728889465332,36.7328129383928,0.0,0.09433962264150941,6.988783836364746,0.0014637275598943233,0.00023295945720747113,60.525551438331604
3500.0,53,6,30.0,-77.69808793109611,-52.665925241618716,5.5546875,9.967226028442383,44.270477220550674,0.0,0.05660377358490565,0.3735324442386627,7.823244959581643e-05,1.245108160219388e-05,1132.4317455291748
3500.0,53,7,1.5958669185638428,-103.38531803225193,-61.37289565260106,0.490234375,1.2892824411392212,61.976184631288035,0.0,0.339622641509434,34.785945892333984,0.007285551633685827,0.0011595315299928188,12.160083279013634
3500.0,53,8,2.286198377609253,-99.08035050834145,-63.13168273540036,0.490234375,1.4291367530822754,65.69716831208125,0.0,0.339622641509434,37.854427337646484,0.007928213104605675,0.0012618142645806074,11.174386367201805
3500.0,53,9,30.0,-72.55919010965971,-48.53186156244914,5.5546875,9.967226028442383,44.270477220550674,0.0,0.018867924528301883,11.263254165649414,0.0023589704651385546,0.00037544179940596223,37.5557541847229
3500.0,54,0,30.0,-78.9108391948203,-58.498778569124525,5.5546875,9.967226028442383,44.270477220550674,0.0,0.07407407407407407,35.7930908203125,0.007496487349271774,0.0011931030312553048,11.817923747003078
3500.0,54,1,18.12712287902832,-88.25201117177221,-57.32475766795612,3.90234375,6.043736457824707,35.431602995400105,0.0,0.12962962962962965,27.450206756591797,0.0057491580955684185,0.0009150069090537727,15.409720130264759
3500.0,54,2,23.795167922973633,-88.61270541577812,-62.80015770282743,5.33203125,7.910592555999756,32.59631042486263,0.0,0.16666666666666663,38.43911361694336,0.008050668984651566,0.0012813038192689419,11.004416272044182
3500.0,54,3,30.0,-82.9930189221119,-61.00452422863257,5.5546875,9.967226028442383,44.270477220550674,0.0,0.18518518518518523,37.64577865600586,0.007884513586759567,0.0012548592640087008,11.236320249736309
3500.0,54,4,7.124406337738037,-98.55823794599912,-59.769463484692096,1.4765625,2.6223485469818115,43.69312570217077,0.0,0.12962962962962965,11.714605331420898,0.0024535013362765312,0.000390486849937588,36.108773201704025
3500.0,54,5,30.0,-77.240464638868,-53.839745777880076,5.5546875,9.967226028442383,44.270477220550674,0.0,0.09259259259259256,13.19654655456543,0.002763878321275115,0.0004398848977871239,32.05383941531181
3500.0,54,6,30.0,-77.68408118206895,-52.66295642017086,5.5546875,9.967226028442383,44.270477220550674,0.0,0.05555555555555558,1.266996145248413,0.0002653590345289558,4.223320502205752e-05,333.8605463504791
3500.0,54,7,1.5960208177566528,-103.36387639490954,-61.354768869122026,0.490234375,1.289312720298767,61.97707761027906,0.0,0.33333333333333337,34.67449188232422,0.007262208499014378,0.0011558163678273559,12.19916995614767
3500.0,54,8,4.6201171875,-99.07075448061644,-63.11597024875668,0.490234375,1.9625201225280762,75.02016058981904,0.0,0.33333333333333337,37.94402313232422,0.007946977391839027,0.0012648007832467556,11.148001067340374
3500.0,54,9,30.0,-72.50710471671809,-48.52727383927627,5.5546875,9.967226028442383,44.270477220550674,0.0,0.01851851851851849,10.100504875183105,0.0021154447458684444,0.00033668350079096854,41.87909513711929
3500.0,55,0,30.0,-78.89089369059256,-58.47176174369205,5.5546875,9.967226028442383,44.270477220550674,0.0,0.07272727272727275,35.250396728515625,0.007382826413959265,0.0011750132543966174,11.99986506253481
3500.0,55,1,19.113176345825195,-88.2026740392597,-57.30218757412344,4.5234375,6.366847991943359,28.95326689558193,0.0,0.12727272727272732,28.987735748291016,0.006071177311241627,0.000966257881373167,14.59237840026617
3500.0,55,2,22.342510223388672,-88.60379481076356,-62.78331285382559,5.5546875,7.4304094314575195,25.243857000886493,0.0,0.1636363636363637,38.349857330322266,0.008031975477933884,0.001278328592889011,11.030028574168682
3500.0,55,3,18.752830505371094,-82.97936202649404,-60.98394363746358,0.0,6.248654365539551,100.0,1.0,0.19999999999999996,38.96146774291992,0.008160071447491646,0.0012987155932933092,10.85688080638647
3500.0,55,4,7.172752857208252,-98.55349853091644,-59.76219905449572,1.4765625,2.6358132362365723,43.980761622236805,0.0,0.12727272727272732,10.794116973876953,0.0022607147693634033,0.0003598039038479328,39.18801248073578
3500.0,55,5,30.0,-77.21791359574466,-53.831294174054904,5.5546875,9.967226028442383,44.270477220550674,0.0,0.09090909090909094,12.402536392211914,0.002597581362351775,0.0004134178743697703,34.105926752090454
3500.0,55,6,30.0,-77.66950057688781,-52.659621721710536,5.5546875,9.967226028442383,44.270477220550674,0.0,0.054545454545454564,4.255373477935791,0.000891243398655206,0.00014184578321874142,99.4037315249443
3500.0,55,7,1.6427749395370483,-103.34245927896164,-61.33665552931316,0.490234375,1.2985097169876099,62.24638379008158,0.0,0.32727272727272727,34.505699157714844,0.007226857356727123,0.00115019001532346,12.258844450116158
3500.0,55,8,5.697015285491943,-99.06092964061816,-63.10023491792665,0.490234375,2.236584186553955,78.08111235216526,0.0,0.32727272727272727,37.887718200683594,0.007935184985399246,0.0012629239354282618,11.164568364620209
3500.0,55,9,30.0,-72.45210825154642,-48.52170832204895,5.5546875,9.967226028442383,44.270477220550674,0.0,0.018181818181818188,15.57818603515625,0.0032626879401504993,0.0005192728713154793,27.15335413813591
3500.0,56,0,27.389827728271484,-78.870716388788,-58.444650266475314,5.5546875,9.101333618164062,38.96842228798002,0.0,0.0714285714285714,35.43144989013672,0.007420746143907309,0.0011810483410954475,11.938546784222126
3500.0,56,1,18.209224700927734,-88.17809422313472,-57.27952959712841,5.115234375,6.0706000328063965,15.737581995905892,0.0,0.125,33.33991241455078,0.006982695311307907,0.0011113304644823074,12.687495909631252
3500.0,56,2,17.6634521484375,-88.59488609654251,-62.766444793479046,5.33203125,5.892170429229736,9.506499955449543,0.0,0.1607142857142857,38.189964294433594,0.00799848884344101,0.0012729988666251302,11.07620820403099
3500.0,56,3,24.139320373535156,-82.9654225342763,-60.96332033560519,3.322265625,8.024459838867188,58.59826465940661,0.0,0.1964285714285714,37.84478759765625,0.007926193997263908,0.001261492958292365,11.177233420312405
3500.0,56,4,5.57069730758667,-98.54884923470456,-59.754927394799324,1.4765625,2.2036290168762207,32.994052597241705,0.0,0.125,13.061262130737305,0.0027355444617569447,0.0004353754047770053,32.385844737291336
3500.0,56,5,18.54942512512207,-77.19397337094243,-53.82264196505759,5.5546875,6.1819939613342285,10.147315983447513,0.0,0.0892857142857143,-21.02466583251953,-0.004403396043926477,-0.0007008222164586186,20.11922560632229
3500.0,56,6,28.262773513793945,-77.6539678467443,-52.65600363449641,5.5546875,9.390840530395508,40.84994328227553,0.0,0.0535714285714286,0.5813939571380615,0.0001217668759636581,1.937979868671391e-05,727.5617718696594
3500.0,56,7,1.423484206199646,-103.32163083512847,-61.318562710555724,0.490234375,1.255723476409912,60.96000558964063,0.0,0.3214285714285714,34.34933090209961,0.00719410739839077,0.0011449777521193027,12.314650230109692
3500.0,56,8,5.145541191101074,-99.05078676447269,-63.084480779430265,0.490234375,2.094252347946167,76.5914372505886,0.0,0.3214285714285714,37.828575134277344,0.00792279839515686,0.0012609525583684444,11.182023212313652
3500.0,56,9,30.0,-72.39453458394934,-48.5153831189168,5.5546875,9.967226028442383,44.270477220550674,0.0,0.017857142857142905,19.980606079101562,0.004184728488326073,0.000666020205244422,21.17052860558033
3500.0,57,0,29.699216842651367,-78.85019067523324,-58.417413124731084,5.5546875,9.867411613464355,43.70674177186979,0.0,0.07017543859649122,35.424049377441406,0.007419195957481861,0.0011808016570284963,11.941040866076946
3500.0,57,1,18.298948287963867,-88.15703880558736,-57.256785166448616,4.81640625,6.0999674797058105,21.042099551778502,0.0,0.1228070175438597,27.459285736083984,0.005751059856265783,0.0009153095306828618,15.404624864459038
3500.0,57,2,10.108063697814941,-88.58557919279015,-62.74955288163156,0.0,3.49210262298584,100.0,1.0,0.17543859649122806,37.3747444152832,0.00782774854451418,0.0012458248529583216,11.317803524434566
3500.0,57,3,22.152040481567383,-82.9512092419522,-60.94265367573519,5.115234375,7.367512226104736,30.570398554947953,0.0,0.19298245614035092,37.25096893310547,0.007801825180649757,0.0012416989775374532,11.355409398674965
3500.0,57,4,7.879993915557861,-95.36982413590499,-59.74764801873091,1.328125,2.8354415893554688,53.15985330165452,0.0,0.1228070175438597,11.005044937133789,0.0023048913571983576,0.000366834836313501,38.43691945075989
3500.0,57,5,30.0,-77.17202197533483,-53.813798137367044,5.33203125,9.967226028442383,46.504361045043375,0.0,0.08771929824561409,13.84903621673584,0.00290053547360003,0.0004616345395334065,30.54364211857319
3500.0,57,6,30.0,-77.63767246480747,-52.65211677539757,5.5546875,9.967226028442383,44.270477220550674,0.0,0.052631578947368474,3.509303092956543,0.000734986737370491,0.00011697677109623328,120.53675204515457
3500.0,57,7,1.6977590322494507,-103.2997968782106,-61.30048763043272,0.490234375,1.3093773126602173,62.55973199932665,0.0,0.3157894736842105,34.181060791015625,0.007158864755183458,0.0011393687454983592,12.375274673104286
3500.0,57,8,6.175485610961914,-99.04057917853406,-63.068706910842614,0.490234375,2.3632354736328125,79.25579653531511,0.0,0.3157894736842105,37.709075927734375,0.007897770032286644,0.0012569691753014922,11.217459104955196
3500.0,57,9,30.0,-72.33440659661069,-48.50832258286088,5.5546875,9.967226028442383,44.270477220550674,0.0,0.01754385964912286,12.155821800231934,0.0025459094904363155,0.00040519406320527196,34.798141568899155
3500.0,58,0,30.0,-78.82946920716563,-58.39013592499826,5.5546875,9.967226028442383,44.270477220550674,0.0,0.06896551724137934,35.673248291015625,0.007471388205885887,0.0011891082394868135,11.857625097036362
3500.0,58,1,17.682537078857422,-88.13679525236307,-57.23395809304149,4.81640625,5.898403644561768,18.343902176978876,0.0,0.12068965517241381,31.44877815246582,0.006586616858839989,0.0010482926154509187,13.450443744659424
3500.0,58,2,6.385217189788818,-88.57603273802441,-62.73263722782367,1.4765625,2.4196267127990723,38.975607593128146,0.0,0.1724137931034483,35.81085968017578,0.007500209845602512,0.0011936953524127603,11.812059208750725
3500.0,58,3,9.27884292602539,-82.93673534615183,-60.92194395285418,0.0,3.2433671951293945,100.0,1.0,0.2068965517241379,42.64131164550781,0.00893077626824379,0.0014213770627975464,9.919957257807255
3500.0,58,4,7.713226318359375,-95.36304925806965,-59.74036213634394,1.9140625,2.787933349609375,31.344753981719663,0.0,0.12068965517241381,11.351476669311523,0.002377447672188282,0.00037838256685063243,37.26387396454811
3500.0,58,5,30.0,-77.14865403525154,-53.804772077420424,5.5546875,9.967226028442383,44.270477220550674,0.0,0.08620689655172409,13.169639587402344,0.0027582428883761168,0.00043898800504393876,32.119330018758774
3500.0,58,6,30.0,-77.6206420125274,-52.64797545485713,5.5546875,9.967226028442383,44.270477220550674,0.0,0.051724137931034475,3.3429086208343506,0.000700137170497328,0.00011143028677906841,126.53651833534241
3500.0,58,7,1.7199584245681763,-103.27916604544362,-61.28248834150946,0.490234375,1.3137805461883545,62.68521585113227,0.0,0.31034482758620685,33.91002655029297,0.00710209971293807,0.001130334218032658,12.474186718463898
3500.0,58,8,6.314754962921143,-99.03010551983441,-63.05291341558743,0.490234375,2.400623321533203,79.57887142882115,0.0,0.31034482758620685,37.60898971557617,0.007876807823777199,0.0012536330614238977,11.247310787439346
3500.0,58,9,30.0,-72.27197125856057,-48.50056278824956,5.5546875,9.967226028442383,44.270477220550674,0.0,0.017241379310344862,11.221117973327637,0.002350145485252142,0.0003740372776519507,37.696778774261475
3500.0,59,0,30.0,-78.80625572483405,-58.362786972111124,5.5546875,9.967226028442383,44.270477220550674,0.0,0.06779661016949157,34.80120849609375,0.007288748398423195,0.0011600402649492025,12.154750525951385
3500.0,59,1,19.453542709350586,-88.11179861678508,-57.21105712788338,4.5234375,6.478596210479736,30.178740068984144,0.0,0.11864406779661019,27.567886352539062,0.0057738046161830425,0.0009189295815303922,15.343940816819668
3500.0,59,2,15.349838256835938,-88.56624374950533,-62.71569832574665,0.876953125,5.140594959259033,82.9406297918791,0.0,0.1694915254237288,37.93586730957031,0.007945269346237183,0.0012645289534702897,11.15039736032486
3500.0,59,3,30.0,-82.9220047804875,-60.90119270555216,1.02734375,9.967226028442383,89.69278165190214,0.0,0.2033898305084746,36.522159576416016,0.00764918327331543,0.0012174053117632866,11.582009494304657
3500.0,59,4,8.670829772949219,-95.38658228189094,-59.733072517323144,1.9140625,3.064103126525879,37.53269975054039,0.0,0.11864406779661019,11.480600357055664,0.0024044914171099663,0.00038268667412921786,36.84476390480995
3500.0,59,5,24.85296058654785,-77.12505050791144,-53.79558777320567,5.5546875,8.260686874389648,32.75755897223237,0.0,0.0847457627118644,5.495197772979736,0.0011509115574881434,0.00018317326612304896,76.97629928588867
3500.0,59,6,28.639142990112305,-77.60289679904538,-52.64361488252153,5.5546875,9.515689849853516,41.62601358759598,0.0,0.05084745762711862,1.3618948459625244,0.00028523459332063794,4.53964967164211e-05,310.59667468070984
3500.0,59,7,1.4836184978485107,-103.2587100340566,-61.264566911715335,0.490234375,1.2673677206039429,61.3186948799369,0.0,0.30508474576271183,33.61756896972656,0.007040847558528185,0.0011205855989828706,12.582706287503242
3500.0,59,8,7.1436543464660645,-99.01939631972985,-63.037101090151346,0.490234375,2.627706289291382,81.34363886109195,0.0,0.30508474576271183,37.544593811035156,0.007863321341574192,0.001251486479304731,11.266602203249931
3500.0,59,9,30.0,-72.20727684686435,-48.49218136915822,5.5546875,9.967226028442383,44.270477220550674,0.0,0.016949152542372836,-5.887442111968994,-0.0012330629397183657,-0.0001962480746442452,71.8478411436081
3500.0,60,0,30.0,-78.78522742459323,-58.33533990384046,5.5546875,9.967226028442383,44.270477220550674,0.0,0.06666666666666665,35.357276916503906,0.007405210752040148,0.001178575912490487,11.96359097957611
3500.0,60,1,19.597476959228516,-88.09107209110951,-57.188091683313836,5.115234375,6.525883197784424,21.616213162738607,0.0,0.1166666666666667,27.60384750366211,0.005781336687505245,0.0009201282518915832,15.323950909078121
3500.0,60,2,22.002025604248047,-88.55619797237222,-62.69873777349332,3.029296875,7.3179850578308105,58.60476823796712,0.0,0.16666666666666663,38.14019012451172,0.007988063618540764,0.0012713397154584527,11.090663261711597
3500.0,60,3,18.139925003051758,-82.90711153677225,-60.880402249804014,0.0,6.047924518585205,100.0,1.0,0.21666666666666667,34.241188049316406,0.0071714576333761215,0.0011413729516789317,12.353543192148209
3500.0,60,4,8.184221267700195,-95.37977473150683,-59.72578257554542,2.16015625,2.9227635860443115,26.091995250167656,0.0,0.1166666666666667,11.450501441955566,0.0023981875274330378,0.0003816833777818829,36.941614001989365
3500.0,60,5,30.0,-77.10123599219791,-53.78626536611157,5.5546875,9.967226028442383,44.270477220550674,0.0,0.08333333333333337,14.220815658569336,0.00297840079292655,0.00047402718337252736,29.745129868388176
3500.0,60,6,30.0,-77.58351044061443,-52.63906265354876,5.5546875,9.967226028442383,44.270477220550674,0.0,0.050000000000000044,5.183387279510498,0.0010856061708182096,0.00017277957522310317,81.60687237977982
3500.0,60,7,1.7491592168807983,-103.2376482831446,-61.2467215691906,0.490234375,1.3195868730545044,62.84940499103075,0.0,0.30000000000000004,33.31993865966797,0.006978511810302734,0.0011106646852567792,12.695102021098137
3500.0,60,8,6.70205545425415,-99.00871271278871,-63.02127109412833,0.490234375,2.5057806968688965,80.4358627388034,0.0,0.30000000000000004,37.597267150878906,0.007874353788793087,0.0012532422551885247,11.250818148255348
3500.0,60,9,30.0,-72.14061685478742,-48.48323853051935,5.5546875,9.967226028442383,44.270477220550674,0.0,0.01666666666666672,8.634937286376953,0.0018084971234202385,0.0002878312370739877,48.98703843355179
3500.0,61,0,30.0,-78.76390097594816,-58.30776979009332,5.5546875,9.967226028442383,44.270477220550674,0.0,0.06557377049180324,34.155330657958984,0.007153475657105446,0.0011385109974071383,12.384597212076187
3500.0,61,1,17.524742126464844,-88.06838687275925,-57.16506854778924,0.0,5.846879482269287,100.0,1.0,0.1311475409836066,27.22616958618164,0.005702235735952854,0.0009075389825738966,15.53652249276638
3500.0,61,2,24.34973907470703,-88.5461007204595,-62.68175515482867,5.115234375,8.094098091125488,36.80291099253624,0.0,0.16393442622950816,38.14585876464844,0.007989250123500824,0.0012715286575257778,11.089014820754528
3500.0,61,3,15.376946449279785,-82.89197944824367,-60.85957245859044,2.73046875,5.149345397949219,46.97444939142288,0.0,0.21311475409836067,35.94560241699219,0.007528429850935936,0.0011981867719441652,11.767782270908356
3500.0,61,4,5.98164701461792,-95.37298075578786,-59.718493211300974,1.9140625,2.3115854263305664,17.196981855072437,0.0,0.11475409836065575,11.571672439575195,0.0024235656019300222,0.0003857224073726684,36.554787307977676
3500.0,61,5,24.53976058959961,-77.07722294281469,-53.77681994768962,5.5546875,8.15699577331543,31.902778248685003,0.0,0.08196721311475408,10.798788070678711,0.0022616928908973932,0.00035995960934087634,39.17106240987778
3500.0,61,6,25.67723274230957,-77.56439564193421,-52.6343414502837,5.5546875,8.53369140625,34.908737197459516,0.0,0.049180327868852514,-0.43127837777137756,-9.032673551701009e-05,-1.4375946193467826e-05,980.8050394058228
3500.0,61,7,1.7948510646820068,-103.21667682460964,-61.22894323163269,0.490234375,1.3287031650543213,63.10429688936898,0.0,0.29508196721311475,33.02033996582031,0.006915764417499304,0.0011006779968738556,12.81028613448143
3500.0,61,8,4.014442443847656,-98.99774914866504,-63.005423022352815,0.490234375,1.8156794309616089,72.99994885438753,0.0,0.29508196721311475,37.839996337890625,0.007925190962851048,0.0012613332364708185,11.178648099303246
3500.0,61,9,30.0,-72.07212147831046,-48.47376943446184,5.5546875,9.967226028442383,44.270477220550674,0.0,0.016393442622950838,11.342988014221191,0.002375669777393341,0.0003780995903071016,37.2917614877224
3500.0,62,0,24.855058670043945,-78.7424332935876,-58.280152158191335,5.5546875,8.261382102966309,32.76321769446362,0.0,0.06451612903225812,33.79857635498047,0.007078757509589195,0.001126619172282517,12.51532044261694
3500.0,62,1,20.276473999023438,-88.05619398922227,-57.141988829315956,4.212890625,6.749172687530518,37.57915495652443,0.0,0.12903225806451613,26.966777801513672,0.0056479088962078094,0.0008988925837911665,15.685968101024628
3500.0,62,2,25.22122573852539,-88.53574025439018,-62.66474883817589,5.5546875,8.382638931274414,33.735813440845405,0.0,0.16129032258064513,38.130409240722656,0.00798601470887661,0.0012710136361420155,11.093508452177048
3500.0,62,3,5.825569152832031,-82.8766880349741,-60.83870101889223,0.0,2.2703328132629395,100.0,1.0,0.22580645161290325,44.67460632324219,0.009356629103422165,0.0014891535975039005,9.46846604347229
3500.0,62,4,7.437783718109131,-95.36575677482043,-59.71120206667402,1.4765625,2.7100467681884766,45.51523917105666,0.0,0.11290322580645162,11.815450668334961,0.0024746223352849483,0.0003938483714591712,35.80057993531227
3500.0,62,5,30.0,-77.05305724553904,-53.76724773910898,5.5546875,9.967226028442383,44.270477220550674,0.0,0.08064516129032262,13.284407615661621,0.002782279858365655,0.0004428135871421546,31.841840595006943
3500.0,62,6,30.0,-77.54456395042104,-52.62944753034834,5.5546875,9.967226028442383,44.270477220550674,0.0,0.048387096774193505,6.157598495483398,0.0012896445114165545,0.00020525328000076115,68.69561225175858
3500.0,62,7,1.692970633506775,-103.19589509414828,-61.211214506824206,0.490234375,1.3084286451339722,62.532586180899145,0.0,0.29032258064516125,32.774559020996094,0.00686428789049387,0.001092485268600285,12.906352058053017
3500.0,62,8,4.63134241104126,-98.98655851830667,-62.98955573004834,0.490234375,1.9652931690216064,75.05540736988078,0.0,0.29032258064516125,37.932334899902344,0.007944529876112938,0.0012644111411646008,11.151435784995556
3500.0,62,9,30.0,-72.00192770228114,-48.46373052071036,5.5546875,9.967226028442383,44.270477220550674,0.0,0.016129032258064502,56.664337158203125,0.011867750436067581,0.001888811239041388,7.465012837201357
3500.0,63,0,20.85786247253418,-78.72265094992605,-58.25245727972088,5.5546875,6.940625190734863,19.968484864806857,0.0,0.06349206349206349,34.46624755859375,0.007218594197183847,0.001148874987848103,12.272876687347889
3500.0,63,1,19.014564514160156,-88.03366532484587,-57.11886304678332,5.115234375,6.33449125289917,19.247905304804714,0.0,0.12698412698412698,27.745161056518555,0.0058109331876039505,0.0009248387068510056,15.245902352035046
3500.0,63,2,24.257009506225586,-88.52528722559225,-62.64771929192383,5.5546875,8.063406944274902,31.112400274627305,0.0,0.15873015873015872,38.06340408325195,0.00797198060899973,0.0012687802081927657,11.113036423921585
3500.0,63,3,30.0,-82.86121935906843,-60.817788719731574,0.490234375,9.967226028442383,95.08153649168713,0.0,0.2222222222222222,36.79133224487305,0.007705558557063341,0.001226377789862454,11.497273109853268
3500.0,63,4,6.068120956420898,-95.01019482935023,-59.703910767867846,1.9140625,2.33457088470459,18.012234602069054,0.0,0.11111111111111116,11.40633773803711,0.0023889378644526005,0.0003802112478297204,37.08464652299881
3500.0,63,5,30.0,-77.02866219868679,-53.75756499548236,5.5546875,9.967226028442383,44.270477220550674,0.0,0.07936507936507942,13.274162292480469,0.002780134091153741,0.00044247208279557526,31.866420060396194
3500.0,63,6,24.129741668701172,-77.5241734421347,-52.62440440271838,5.5546875,8.02129077911377,30.75070268661039,0.0,0.04761904761904767,-0.4504367411136627,-9.433925151824951e-05,-1.5014557902759407e-05,939.0885829925537
3500.0,63,7,1.824008584022522,-103.17539427845273,-61.19364821514959,0.490234375,1.334540605545044,63.265683114993585,0.0,0.2857142857142857,32.304931640625,0.006765929516404867,0.001076831016689539,13.093976303935051
3500.0,63,8,3.28934645652771,-98.97537879767994,-62.973669316212145,0.490234375,1.647417664527893,70.2422533425676,0.0,0.2857142857142857,37.51344299316406,0.00785679742693901,0.0012504481710493565,11.275958269834518
3500.0,63,9,30.0,-71.9302330538536,-48.4531496649454,5.5546875,9.967226028442383,44.270477220550674,0.0,0.015873015873015928,12.255868911743164,0.002566863317042589,0.00040852895472198725,34.51407700777054
3500.0,64,0,21.76905632019043,-78.70067916518403,-58.224661935620375,5.5546875,7.241092681884766,23.289374352350034,0.0,0.0625,33.32102584838867,0.006978739518672228,0.0011107008904218674,12.694687582552433
3500.0,64,1,21.062232971191406,-88.00397681149916,-57.09570643835977,4.81640625,7.007975101470947,31.27249768639939,0.0,0.125,27.424373626708984,0.00574374757707119,0.0009141457849182189,15.424235723912716
3500.0,64,2,21.502092361450195,-88.51471613728309,-62.630667729612185,5.5546875,7.153012752532959,22.3447840487489,0.0,0.15625,37.89704895019531,0.00793713890016079,0.0012632349971681833,11.161819100379944
3500.0,64,3,25.260669708251953,-82.84559638957823,-60.79683790858232,5.5546875,8.395703315734863,33.83892580399256,0.0,0.21875,37.27751922607422,0.007807385176420212,0.0012425839668139815,11.347321793437004
3500.0,64,4,6.453612804412842,-95.00360537303547,-59.696622674501874,1.4765625,2.4381277561187744,39.43867394584271,0.0,0.109375,11.509515762329102,0.0024105473421514034,0.00038365053478628397,36.75219789147377
3500.0,64,5,26.956064224243164,-77.00284858507968,-53.74779136111944,5.5546875,8.957515716552734,37.98852633062752,0.0,0.078125,12.802051544189453,0.002681255340576172,0.0004267350595910102,33.0415815114975
3500.0,64,6,30.0,-77.50299224731314,-52.6192393751648,5.5546875,9.967226028442383,44.270477220550674,0.0,0.046875,6.300869941711426,0.001319651142694056,0.00021002900029998273,67.1335905790329
3500.0,64,7,1.8387480974197388,-103.15487246137381,-61.176227672705465,0.490234375,1.337497591972351,63.34689662677657,0.0,0.28125,31.842134475708008,0.006669001188129187,0.0010614044731482863,13.284285552799702
3500.0,64,8,3.1636931896209717,-98.96414877030776,-62.9577648990884,0.490234375,1.619132399559021,69.72240348389558,0.0,0.28125,37.5283203125,0.007859913632273674,0.0012509439839050174,11.271487921476364
3500.0,64,9,30.0,-71.85728364345184,-48.442061747919425,5.5546875,9.967226028442383,44.270477220550674,0.0,0.015625,20.893367767333984,0.004375896882265806,0.000696445582434535,20.245660096406937
3500.0,65,0,13.428200721740723,-78.678497423333,-58.196744358119936,0.0,4.524825096130371,100.0,1.0,0.07692307692307687,34.646240234375,0.007256291341036558,0.0011548746842890978,12.209117412567139
3500.0,65,1,20.83470916748047,-87.97945844960311,-57.07253331102936,5.33203125,6.93299674987793,23.091969571543768,0.0,0.12307692307692308,26.437747955322266,0.005537109449505806,0.000881258281879127,15.999849885702133
3500.0,65,2,17.173982620239258,-88.50402470772751,-62.61359398575614,5.115234375,5.732466697692871,10.767307604966758,0.0,0.15384615384615385,37.42943572998047,0.007839202880859375,0.0012476479168981314,11.30126602947712
3500.0,65,3,16.02863883972168,-82.82984353247625,-60.77584875951808,0.0,5.360157489776611,100.0,1.0,0.23076923076923073,39.38654327392578,0.008249098435044289,0.001312884734943509,10.739709250628948
3500.0,65,4,6.7613701820373535,-94.89216853621363,-59.689338974703304,1.6953125,2.5220346450805664,32.779967820551356,0.0,0.10769230769230764,11.701537132263184,0.0024507641792297363,0.00039005125290714204,36.14909574389458
3500.0,65,5,30.0,-76.97940083443312,-53.73794070907114,5.5546875,9.967226028442383,44.270477220550674,0.0,0.07692307692307687,14.158723831176758,0.0029653962701559067,0.00047195746446959674,29.87557463347912
3500.0,65,6,26.963224411010742,-77.48112616142001,-52.61397315823761,5.5546875,8.95988941192627,38.00495469724991,0.0,0.0461538461538461,-0.7139012813568115,-0.00014951915363781154,-2.3796708774170838e-05,592.5189256668091
3500.0,65,7,1.7674823999404907,-103.13448156148313,-61.15892636910723,0.490234375,1.3232380151748657,62.951912703685764,0.0,0.27692307692307694,31.463783264160156,0.006589759606868029,0.0010487927356734872,13.444028794765472
3500.0,65,8,3.8226606845855713,-98.95276604574,-62.941842309956606,0.490234375,1.77035653591156,72.30872058505564,0.0,0.27692307692307694,38.049407958984375,0.007969049736857414,0.0012683136155828834,11.117124930024147
3500.0,65,9,30.0,-71.78332694112036,-48.43046787912854,5.5546875,9.967226028442383,44.270477220550674,0.0,0.01538461538461533,11.589045524597168,0.0024272040463984013,0.00038630151539109647,36.4999882876873
3500.0,66,0,5.310670852661133,-78.65622183635799,-58.16877902702352,0.0,2.136446475982666,100.0,1.0,0.09090909090909094,39.4721565246582,0.00826702918857336,0.0013157385401427746,10.716415010392666
3500.0,66,1,19.799575805664062,-87.95674206541,-57.04934493046954,5.33203125,6.592306137084961,19.117359856747175,0.0,0.12121212121212122,27.256542205810547,0.005708597134798765,0.0009085513884201646,15.519210137426853
3500.0,66,2,8.755561828613281,-88.49326740555283,-62.5964976820332,0.0,3.088913679122925,100.0,1.0,0.16666666666666663,35.97119140625,0.0075337886810302734,0.0011990397470071912,11.759410612285137
3500.0,66,3,25.589982986450195,-82.8139353246751,-60.75482097793473,1.9140625,8.504786491394043,77.49429098617782,0.0,0.2272727272727273,37.11328125,0.007772987708449364,0.001237109419889748,11.397537775337696
3500.0,66,4,6.062587738037109,-94.88628618396658,-59.68206007613512,1.6953125,2.333097457885742,27.33640447509228,0.0,0.10606060606060608,11.233009338378906,0.0023526360746473074,0.000374433642718941,37.65687346458435
3500.0,66,5,22.680004119873047,-76.95460713227786,-53.728021691208006,5.5546875,7.541897296905518,26.34893739166776,0.0,0.0757575757575758,2.911316394805908,0.0006097446894273162,9.704387775855139e-05,145.29509842395782
3500.0,66,6,28.636899948120117,-77.45859036516421,-52.60861807022812,5.5546875,9.514945983886719,41.6214499860882,0.0,0.045454545454545414,6.325335502624512,0.0013247752794995904,0.00021084451873321086,66.87392294406891
3500.0,66,7,1.8698196411132812,-103.11415942892657,-61.14170969380248,0.490234375,1.3437436819076538,63.51727032464735,0.0,0.2727272727272727,31.12424087524414,0.006518646143376827,0.0010374747216701508,13.590693473815918
3500.0,66,8,4.056277751922607,-98.94127359415107,-62.92590118850763,0.490234375,1.8256425857543945,73.14729735024095,0.0,0.2727272727272727,37.821861267089844,0.007921392098069191,0.0012607286917045712,11.184007860720158
3500.0,66,9,30.0,-71.70847081106885,-48.418334025960704,5.5546875,9.967226028442383,44.270477220550674,0.0,0.015151515151515138,13.35921573638916,0.002797947730869055,0.0004453072033356875,31.66353702545166
3500.0,67,0,23.739683151245117,-78.63380161453625,-58.14073904117314,1.6953125,7.892237663269043,78.51924166082722,0.0,0.08955223880597019,33.57389831542969,0.007031701039522886,0.0011191299417987466,12.599073350429535
3500.0,67,1,22.639484405517578,-87.9322906865739,-57.02616179468519,5.115234375,7.528509616851807,32.05515254240938,0.0,0.11940298507462688,28.50694465637207,0.005970480851829052,0.0009502315078862011,14.838489703834057
3500.0,67,2,14.142776489257812,-88.48239113319714,-62.579379326864014,1.328125,4.752662181854248,72.05513564438041,0.0,0.16417910447761197,37.224517822265625,0.00779628474265337,0.001240817247889936,11.363478377461433
3500.0,67,3,20.107980728149414,-82.79794140095663,-60.73375618978516,4.5234375,6.693731307983398,32.422780481119084,0.0,0.22388059701492535,38.353271484375,0.008032690733671188,0.0012784424470737576,11.029046028852463
3500.0,67,4,6.905765533447266,-94.88041091922989,-59.674788125184854,1.6953125,2.561764717102051,33.822474457459506,0.0,0.10447761194029848,11.228015899658203,0.002351590432226658,0.0003742671979125589,37.67361864447594
3500.0,67,5,30.0,-76.92964387101,-53.71805099608983,5.5546875,9.967226028442383,44.270477220550674,0.0,0.07462686567164178,14.196340560913086,0.0029732747934758663,0.0004732113447971642,29.796412214636803
3500.0,67,6,28.05463218688965,-77.43539680630784,-52.603197509965064,5.5546875,9.321803092956543,40.41187692328469,0.0,0.04477611940298509,1.2293484210968018,0.00025747413747012615,4.0978280594572425e-05,344.0847098827362
3500.0,67,7,0.7414644360542297,-103.09392762772049,-61.12453867951103,0.490234375,1.1284047365188599,56.55509418434577,0.0,0.26865671641791045,30.8590030670166,0.006463094614446163,0.0010286334436386824,13.707507401704788
3500.0,67,8,8.058570861816406,-98.92972535735956,-62.90994235909432,0.490234375,2.8865976333618164,83.01687878718799,0.0,0.26865671641791045,37.275394439697266,0.00780694093555212,0.0012425131862983108,11.347969062626362
3500.0,67,9,25.802932739257812,-71.63322922866189,-48.40564695960866,5.5546875,8.575336456298828,35.224844782388395,0.0,0.014925373134328401,25.619522094726562,0.00536574050784111,0.0008539840928278863,16.510846093297005
3500.0,68,0,25.211742401123047,-78.61122250116631,-58.11259703463231,5.5546875,8.379498481750488,33.710979098600916,0.0,0.08823529411764708,34.49524688720703,0.00722466828301549,0.001149841584265232,12.262559495866299
3500.0,68,1,19.842527389526367,-87.90566385528415,-57.0030022167598,5.5546875,6.606428146362305,15.919958910647114,0.0,0.11764705882352944,26.339693069458008,0.00551657285541296,0.000877989805303514,16.05941355228424
3500.0,68,2,20.92422103881836,-88.47146758485056,-62.562238317360126,2.56640625,6.962491035461426,63.13953961407268,0.0,0.16176470588235292,37.749473571777344,0.007906231097877026,0.0012583157513290644,11.205454356968403
3500.0,68,3,21.840171813964844,-82.78184404874209,-60.71265288724693,3.029296875,7.264561653137207,58.30034873898007,0.0,0.22058823529411764,37.872413635253906,0.007931980304419994,0.0012624138034880161,11.169079691171646
3500.0,68,4,6.213111400604248,-94.87394242597017,-59.66752209924354,0.0,2.3733136653900146,100.0,1.0,0.11764705882352944,11.137199401855469,0.0023325695656239986,0.0003712399920914322,37.9808247089386
3500.0,68,5,17.5963191986084,-76.90456529767846,-53.70803085565707,0.0,5.870247840881348,100.0,1.0,0.08823529411764708,1.2037432193756104,0.00025211137835867703,4.012477438664064e-05,351.4038622379303
3500.0,68,6,29.304426193237305,-77.4115323518555,-52.59771556967151,5.5546875,9.736412048339844,42.949338294006054,0.0,0.044117647058823484,5.713630199432373,0.001196659984998405,0.00019045434601139277,74.03349131345749
3500.0,68,7,1.8929409980773926,-103.07513054617198,-61.1075609859346,0.490234375,1.3484030961990356,63.64333659705292,0.0,0.2647058823529411,30.35605239868164,0.006357756908982992,0.0010118684731423855,13.934618793427944
3500.0,68,8,7.6166205406188965,-98.91805249098482,-62.89396494039931,0.490234375,2.7605326175689697,82.24131198885384,0.0,0.2647058823529411,37.516571044921875,0.00785745307803154,0.0012505523627623916,11.275017634034157
3500.0,68,9,30.0,-71.55758712521393,-48.39232100093381,5.5546875,9.967226028442383,44.270477220550674,0.0,0.014705882352941124,15.122297286987305,0.0031672066543251276,0.0005040765972808003,27.971940115094185
3500.0,69,0,24.75075340270996,-78.5885524455538,-58.08442049749366,5.5546875,8.226846694946289,32.480964992185676,0.0,0.08695652173913049,34.11793518066406,0.00714564323425293,0.0011372645385563374,12.398171238601208
3500.0,69,1,20.020484924316406,-87.85222506801468,-56.9798866045005,5.33203125,6.664949417114258,19.9989239782014,0.0,0.1159420289855072,26.03934669494629,0.0054536680690944195,0.0008679782040417194,16.24464802443981
3500.0,69,2,23.102394104003906,-88.46042345634663,-62.54507299900542,4.5234375,7.681493759155273,41.112527825610854,0.0,0.1594202898550725,37.83345413208008,0.007923820056021214,0.0012611151905730367,11.180581524968147
3500.0,69,3,25.329092025756836,-82.76562925004187,-60.69150874444179,3.322265625,8.418364524841309,60.53549813391306,0.0,0.21739130434782605,37.2179069519043,0.007794900797307491,0.0012405968736857176,11.365496553480625
3500.0,69,4,6.146955490112305,-94.86893122320691,-59.66025972183483,1.4765625,2.355604648590088,37.317049323884866,0.0,0.1159420289855072,11.104066848754883,0.0023256302811205387,0.0003701355599332601,38.09415176510811
3500.0,69,5,30.0,-76.87936393895271,-53.697957230528054,5.33203125,9.967226028442383,46.504361045043375,0.0,0.08695652173913049,13.708913803100586,0.002871188335120678,0.0004569638113025576,30.85583634674549
3500.0,69,6,30.0,-77.3869991081651,-52.59216800907102,5.5546875,9.967226028442383,44.270477220550674,0.0,0.04347826086956519,4.848745346069336,0.0010155189083889127,0.00016162484826054424,87.23906427621841
3500.0,69,7,1.7782716751098633,-103.05528390538137,-61.09072453565595,0.490234375,1.3253908157348633,63.012089024610496,0.0,0.26086956521739135,29.92357635498047,0.006267179269343615,0.0009974525310099125,14.136010780930519
3500.0,69,8,8.643636703491211,-98.90631940404985,-62.87796740264671,0.490234375,3.0561530590057373,83.95910265176677,0.0,0.26086956521739135,37.74983215332031,0.00790630653500557,0.0012583277421072125,11.205348186194897
3500.0,69,9,30.0,-71.48211626710693,-48.37849194177921,5.5546875,9.967226028442383,44.270477220550674,0.0,0.01449275362318836,13.718589782714844,0.0028732148930430412,0.0004572863399516791,30.834073200821877
3500.0,70,0,20.17702865600586,-78.56568517611146,-58.05618020108475,5.5546875,6.716448783874512,17.297255160551195,0.0,0.08571428571428574,35.02970886230469,0.007336605805903673,0.0011676569702103734,12.075464241206646
3500.0,70,1,18.399118423461914,-87.82690300374198,-56.95684887674228,5.33203125,6.132762908935547,13.056621800410163,0.0,0.11428571428571432,27.09585189819336,0.005674941930919886,0.0009031950612552464,15.611246228218079
3500.0,70,2,24.893478393554688,-88.44924866493022,-62.52788337854658,5.33203125,8.274103164672852,35.55759284262172,0.0,0.15714285714285714,37.832054138183594,0.00792352668941021,0.001261068508028984,11.180995032191277
3500.0,70,3,16.305389404296875,-82.74932038849796,-60.67032459677881,4.5234375,5.449921131134033,16.999945666025596,0.0,0.2142857142857143,39.26380920410156,0.008223393000662327,0.001308793667703867,10.773279704153538
3500.0,70,4,5.228625297546387,-94.86275389337251,-59.65300208468334,1.4765625,2.1154356002807617,30.200545939378642,0.0,0.11428571428571432,11.269864082336426,0.0023603548761457205,0.00037566214450635016,37.533726543188095
3500.0,70,5,23.25077247619629,-76.85409941984327,-53.687842755230335,5.5546875,7.730547904968262,28.146263779956413,0.0,0.08571428571428574,8.210870742797852,0.0017196808476001024,0.0002736956812441349,51.5170693397522
3500.0,70,6,24.19754409790039,-77.36179628488648,-52.586572564927124,5.5546875,8.04372787475586,30.943865997348972,0.0,0.042857142857142816,1.2925074100494385,0.0002707021194510162,4.3083582568215206e-05,327.27086544036865
3500.0,70,7,1.9261754751205444,-103.03543756425283,-61.07397613139574,0.490234375,1.3551175594329834,63.82347999349024,0.0,0.2571428571428571,29.6162166595459,0.006202806252986193,0.0009872072841972113,14.282715506851673
3500.0,70,8,7.849269390106201,-98.89450220995917,-62.86194974224023,0.490234375,2.826669216156006,82.65681841377001,0.0,0.2571428571428571,37.21599578857422,0.007794499397277832,0.0012405331945046782,11.366080492734909
3500.0,70,9,30.0,-71.40726348574624,-48.36411156606796,5.5546875,9.967226028442383,44.270477220550674,0.0,0.014285714285714235,13.064352989196777,0.0027361917309463024,0.00043547843233682215,32.3781818151474
3500.0,71,0,26.04014015197754,-78.54367505077656,-58.02784607689484,5.5546875,8.65393352508545,35.81314804535487,0.0,0.08450704225352113,33.369483947753906,0.006988888140767813,0.001112316153012216,12.676252983510494
3500.0,71,1,16.976430892944336,-90.3974040762985,-56.933924250601294,4.81640625,5.66810417175293,15.026151530477815,0.0,0.11267605633802813,25.322433471679688,0.005303518380969763,0.0008440811070613563,16.704555600881577
3500.0,71,2,23.393287658691406,-88.43801684809533,-62.510668262405915,5.5546875,7.777671813964844,28.58161628745335,0.0,0.15492957746478875,37.767791748046875,0.007910067215561867,0.0012589263496920466,11.200019158422947
3500.0,71,3,26.902667999267578,-82.73290008791554,-60.64909846772371,2.16015625,8.939814567565918,75.83667721881892,0.0,0.21126760563380287,37.111732482910156,0.007772662676870823,0.001237057731486857,11.39801274985075
3500.0,71,4,5.172994136810303,-94.85728150686165,-59.645747565732364,1.328125,2.10124135017395,36.793315061591954,0.0,0.11267605633802813,10.853303909301758,0.0022731106728315353,0.0003617767943069339,38.97430747747421
3500.0,71,5,30.0,-76.82867727215276,-53.67768415264656,5.5546875,9.967226028442383,44.270477220550674,0.0,0.08450704225352113,14.320320129394531,0.0029992409981787205,0.000477344001410529,29.53844703733921
3500.0,71,6,30.0,-77.33590592710705,-52.580925672894715,5.5546875,9.967226028442383,44.270477220550674,0.0,0.04225352112676062,6.962520599365234,0.0014582269359380007,0.0002320840285392478,60.75385957956314
3500.0,71,7,1.8672181367874146,-103.01576212246438,-61.057260898129734,0.490234375,1.3432199954986572,63.50304666079622,0.0,0.2535211267605634,29.40955352783203,0.006159522570669651,0.0009803184075281024,14.38308134675026
3500.0,71,8,8.597880363464355,-99.21711424258396,-62.8459108583246,0.490234375,3.042788505554199,83.88864772871518,0.0,0.2535211267605634,37.288795471191406,0.007809747941792011,0.0012429598718881607,11.34389080107212
3500.0,71,9,30.0,-71.3331041780259,-48.349064880755556,5.5546875,9.967226028442383,44.270477220550674,0.0,0.014084507042253502,12.482583999633789,0.002614346332848072,0.0004160861426498741,33.887214958667755
3500.0,72,0,29.23347282409668,-78.52047504458632,-57.99940226902701,5.5546875,9.712869644165039,42.811056840066286,0.0,0.08333333333333337,34.623939514160156,0.007251620292663574,0.0011541313724592328,12.216980569064617
3500.0,72,1,14.963083267211914,-90.40063326319478,-56.91117028877524,0.0,5.015921592712402,100.0,1.0,0.125,23.75482940673828,0.0049751996994018555,0.0007918276824057102,17.80690625309944
3500.0,72,2,21.905033111572266,-88.42673481456393,-62.49342980550189,5.33203125,7.285968780517578,26.817813654957423,0.0,0.1527777777777778,37.61571502685547,0.007878217846155167,0.0012538571609184146,11.245300062000751
3500.0,72,3,24.603124618530273,-82.7161236994252,-60.62783378338834,5.115234375,8.177970886230469,37.45105667210559,0.0,0.20833333333333337,37.536808013916016,0.00786169059574604,0.0012512269895523787,11.268938891589642
3500.0,72,4,6.054519176483154,-94.85087957380371,-59.63850152171944,1.328125,2.330949544906616,43.02214722313056,0.0,0.11111111111111116,11.499565124511719,0.0024084632750600576,0.0003833188384305686,36.78400069475174
3500.0,72,5,28.926265716552734,-76.80317644902254,-53.667510324714726,5.5546875,9.610943794250488,42.204557440831614,0.0,0.08333333333333337,11.730694770812988,0.0024568710941821337,0.00039102317532524467,36.059245467185974
3500.0,72,6,26.153743743896484,-77.30935410728917,-52.57526634446862,5.5546875,8.69157886505127,36.09115689745014,0.0,0.04166666666666663,-1.5867140293121338,-0.00033232063287869096,-5.289046748657711e-05,266.5886878967285
3500.0,72,7,1.905786156654358,-102.99642370202687,-61.0407110145573,0.490234375,1.3509958982467651,63.7131115174965,0.0,0.25,28.995912551879883,0.006072890013456345,0.0009665304096415639,14.588262885808945
3500.0,72,8,8.340807914733887,-99.20378031862283,-62.82985272695973,0.490234375,2.968027353286743,83.48282152935272,0.0,0.25,37.69451904296875,0.007894721813499928,0.0012564839562401175,11.221790686249733
3500.0,72,9,30.0,-71.2601748239488,-48.33335765013359,5.5546875,9.967226028442383,44.270477220550674,0.0,0.01388888888888884,11.985429763793945,0.0025102226063609123,0.00039951433427631855,35.2928526699543
3500.0,73,0,30.0,-78.49718851768574,-57.97091026277476,5.5546875,9.967226028442383,44.270477220550674,0.0,0.0821917808219178,34.30345916748047,0.007184499874711037,0.001143448636867106,12.331117875874043
3500.0,73,1,16.182537078857422,-90.4290243888438,-56.888633168358695,3.609375,5.41005802154541,33.283987239586686,0.0,0.12328767123287676,24.922040939331055,0.005219660233706236,0.0008307347306981683,16.972927376627922
3500.0,73,2,18.439380645751953,-88.41540355307293,-62.47616466169095,5.115234375,6.14594841003418,16.770626212081197,0.0,0.15068493150684936,37.172218322753906,0.007785331457853317,0.0012390739284455776,11.379466392099857
3500.0,73,3,17.103914260864258,-82.69955858909833,-60.60652638199914,4.5234375,5.70963191986084,20.7753220612118,0.0,0.20547945205479456,38.456809997558594,0.008054375648498535,0.001281893695704639,10.999352671205997
3500.0,73,4,4.849793910980225,-94.94917132466689,-59.631258380916776,1.4765625,2.019622325897217,26.889177195838464,0.0,0.1095890410958904,11.082880973815918,0.002321193227544427,0.00036942935548722744,38.16697373986244
3500.0,73,5,30.0,-76.77757652366024,-53.65730525492412,5.5546875,9.967226028442383,44.270477220550674,0.0,0.0821917808219178,12.695459365844727,0.0026589306071400642,0.0004231819766573608,33.31900015473366
3500.0,73,6,30.0,-77.28212256203676,-52.569574712798094,5.5546875,9.967226028442383,44.270477220550674,0.0,0.04109589041095896,6.532105445861816,0.0013680810807272792,0.00021773684420622885,64.75707143545151
3500.0,73,7,2.028641939163208,-102.97701774408183,-61.024264672400065,0.490234375,1.3759459257125854,64.37110166621456,0.0,0.2465753424657534,28.690624237060547,0.006008950527757406,0.0009563541389070451,14.743492938578129
3500.0,73,8,8.398332595825195,-99.19033558403427,-62.81377225699903,0.490234375,2.984708547592163,83.57513414850895,0.0,0.2465753424657534,37.17485809326172,0.0077858841978013515,0.0012391619384288788,11.378658004105091
3500.0,73,9,30.0,-71.18879608338254,-48.31682330914727,5.5546875,9.967226028442383,44.270477220550674,0.0,0.013698630136986356,45.95527267456055,0.009624850004911423,0.0015318423975259066,9.204601868987083
3500.0,74,0,30.0,-78.4738103048042,-57.942344457347836,5.5546875,9.967226028442383,44.270477220550674,0.0,0.08108108108108103,35.00482177734375,0.00733139319345355,0.0011668273946270347,12.084050104022026
3500.0,74,1,16.976472854614258,-90.40444530610189,-56.866384518332126,3.90234375,5.668118000030518,31.152743291882956,0.0,0.1216216216216216,23.949954986572266,0.005016067065298557,0.000798331864643842,17.66182854771614
3500.0,74,2,12.631495475769043,-88.40408978008426,-62.458873947847835,3.90234375,4.272729396820068,8.668595935322365,0.0,0.14864864864864868,36.170082092285156,0.007575444411486387,0.0012056693667545915,11.69474795460701
3500.0,74,3,22.741762161254883,-82.68290578543869,-60.585177885578354,2.40625,7.5623040199279785,68.18099360116817,0.0,0.20270270270270274,36.92839813232422,0.007734266109764576,0.0012309466255828738,11.454598978161812
3500.0,74,4,3.7340030670166016,-95.00290561447255,-59.624021015368676,1.328125,1.7496007680892944,24.089825277659205,0.0,0.10810810810810811,11.221473693847656,0.002350219991058111,0.0003740491229109466,37.69558295607567
3500.0,74,5,30.0,-76.75189552070387,-53.64708416359975,5.5546875,9.967226028442383,44.270477220550674,0.0,0.08108108108108103,13.996454238891602,0.0029314106795936823,0.00046654848847538233,30.22194094955921
3500.0,74,6,30.0,-77.25421701063424,-52.56387128540697,5.5546875,9.967226028442383,44.270477220550674,0.0,0.04054054054054057,4.570486545562744,0.0009572404669597745,0.0001523495593573898,92.55032241344452
3500.0,74,7,2.0012917518615723,-102.95881798095482,-61.00786865941944,0.490234375,1.3703677654266357,64.22607219986851,0.0,0.2432432432432432,28.490272521972656,0.005966988857835531,0.0009496757411397994,14.847173355519772
3500.0,74,8,6.576362133026123,-99.17690195624232,-62.79767048016596,0.490234375,2.471466064453125,80.16422794344632,0.0,0.2432432432432432,37.12787628173828,0.007776043843477964,0.0012375959195196629,11.393057182431221
3500.0,74,9,30.0,-71.11914642622837,-48.29943235870238,5.5546875,9.967226028442383,44.270477220550674,0.0,0.013513513513513487,10.3194580078125,0.0021613023709505796,0.00034398192656226456,40.990523993968964
3500.0,75,0,30.0,-78.4502602903269,-57.913677164743596,5.5546875,9.967226028442383,44.270477220550674,0.0,0.07999999999999996,35.20683288574219,0.00737370178103447,0.0011735610896721482,12.014713138341904
3500.0,75,1,13.686849594116211,-90.37904794019937,-56.84449847857855,4.212890625,4.607118129730225,8.556921998292866,0.0,0.12,22.357019424438477,0.004682443104684353,0.0007452339632436633,18.920233473181725
3500.0,75,2,15.470538139343262,-88.39264644010532,-62.44155666844097,2.40625,5.179569244384766,53.54343408752291,0.0,0.1466666666666666,36.88399124145508,0.0077249654568731785,0.0012294664047658443,11.468390002846718
3500.0,75,3,16.155567169189453,-84.97711825742573,-60.56378678729537,3.90234375,5.401310443878174,27.75190779076765,0.0,0.19999999999999996,37.23699951171875,0.007798899430781603,0.0012412333162501454,11.359669268131256
3500.0,75,4,1.4335050582885742,-94.99620639740326,-59.616788688114106,1.17578125,1.2576593160629272,6.510353401527258,0.0,0.10666666666666669,11.61903190612793,0.0024334844201803207,0.00038730105734430254,36.405786871910095
3500.0,75,5,21.779951095581055,-76.72618113327886,-53.6368499507266,5.5546875,7.244688034057617,23.32744386111376,0.0,0.07999999999999996,6.625128269195557,0.001387563650496304,0.00022083760995883495,63.847824931144714
3500.0,75,6,28.46369171142578,-77.74821173141936,-52.55816073802818,5.5546875,9.457487106323242,41.266771632327625,0.0,0.040000000000000036,3.593233346939087,0.0007525650435127318,0.00011977444955846295,117.72127449512482
3500.0,75,7,2.2730560302734375,-102.53185939657642,-60.99147217826532,0.490234375,1.426393747329712,65.63120275045051,0.0,0.24,28.81263542175293,0.006034504622220993,0.00096042116638273,14.681058935821056
3500.0,75,8,3.750185012817383,-99.16332333979078,-62.781546471532046,0.490234375,1.7533798217773438,72.0406058680962,0.0,0.24,37.716461181640625,0.007899317890405655,0.0012572153937071562,11.215262115001678
3500.0,75,9,30.0,-71.05150239258508,-48.28113061220695,5.5546875,9.967226028442383,44.270477220550674,0.0,0.013333333333333308,9.992825508117676,0.002092892536893487,0.0003330941835884005,42.33036935329437
3500.0,76,0,28.888010025024414,-78.42667702269311,-57.88497671513593,5.5546875,9.598252296447754,42.12813616020751,0.0,0.07894736842105265,35.417842864990234,0.007417895831167698,0.0011805947870016098,11.943132616579533
3500.0,76,1,15.767254829406738,-90.35664059169721,-56.82305564091914,3.322265625,5.2755045890808105,37.0246851481014,0.0,0.11842105263157898,23.631935119628906,0.004949461668729782,0.0007877312018536031,17.89950765669346
3500.0,76,2,20.669301986694336,-88.3812482232666,-62.42421209565763,3.029296875,6.8785080909729,55.95997220711949,0.0,0.14473684210526316,37.40961837768555,0.007835052907466888,0.0012469872599467635,11.307252570986748
3500.0,76,3,14.41950511932373,-84.96304314685135,-60.54235313572492,2.16015625,4.841281890869141,55.380490153359084,0.0,0.19736842105263153,37.64350128173828,0.007884036749601364,0.0012547833612188697,11.236999183893204
3500.0,76,4,2.4567644596099854,-94.99040764718058,-59.60956064782268,0.876953125,1.4650150537490845,40.14033352382212,0.0,0.10526315789473684,10.985467910766602,0.002300791209563613,0.0003661822702270001,38.50541636347771
3500.0,76,5,30.0,-76.70034969931727,-53.62660421151118,5.5546875,9.967226028442383,44.270477220550674,0.0,0.07894736842105265,13.845155715942383,0.0028997226618230343,0.00046150520211085677,30.552202835679054
3500.0,76,6,30.0,-77.7414807786082,-52.5524462737728,5.5546875,9.967226028442383,44.270477220550674,0.0,0.03947368421052633,4.126273155212402,0.0008642047178000212,0.00013754244719166309,102.51381993293762
3500.0,76,7,1.1740809679031372,-102.51490504382198,-60.97503020323921,0.490234375,1.2081506252288818,59.42274375704386,0.0,0.23684210526315785,29.15062713623047,0.006105293054133654,0.0009716876083984971,14.510837383568287
3500.0,76,8,2.683258533477783,-99.37355674825747,-62.76539993433119,0.490234375,1.5134518146514893,67.60819404660803,0.0,0.23684210526315785,37.034942626953125,0.0077565801329910755,0.0012344981078058481,11.421645991504192
3500.0,76,9,30.0,-70.98592336338733,-48.261894590500575,5.5546875,9.967226028442383,44.270477220550674,0.0,0.013157894736842146,10.029434204101562,0.0021005598828196526,0.00033431447809562087,42.175859212875366
3500.0,77,0,24.206703186035156,-78.40296242134754,-57.85621041946828,5.5546875,8.046759605407715,30.969883873913073,0.0,0.07792207792207795,40.46540451049805,0.008475054055452347,0.0013488468248397112,10.45337412506342
3500.0,77,1,14.339606285095215,-90.32815412603821,-56.80213987050246,3.90234375,4.815674304962158,18.965787491505516,0.0,0.11688311688311692,20.53780746459961,0.00430142879486084,0.0006845935713499784,20.596161484718323
3500.0,77,2,20.442081451416016,-90.41603628244081,-62.4068399186579,4.81640625,6.803685188293457,29.208860834901717,0.0,0.1428571428571429,37.20988845825195,0.007793220691382885,0.001240329584106803,11.367945931851864
3500.0,77,3,20.22068977355957,-84.94890048616709,-60.52087535157114,1.6953125,6.730815410614014,74.81267281039065,0.0,0.19480519480519476,36.5363883972168,0.007652163505554199,0.0012178795877844095,11.577499099075794
3500.0,77,4,2.8205947875976562,-94.98362145400053,-59.60233599905127,1.02734375,1.5432573556900024,33.430173119721395,0.0,0.10389610389610393,11.532169342041016,0.002415291965007782,0.0003844056627713144,36.68000176548958
3500.0,77,5,26.107450485229492,-76.67444258889401,-53.61634492895113,5.5546875,8.676238059997559,35.97815710462925,0.0,0.07792207792207795,11.87490463256836,0.002487074350938201,0.000395830167690292,35.621337592601776
3500.0,77,6,28.350915908813477,-77.73474450067945,-52.54672558611753,5.5546875,9.42007827758789,41.033531396276935,0.0,0.038961038961038974,3.4795026779174805,0.0007287453627213836,0.00011598342098295689,121.56909704208374
3500.0,77,7,2.388681411743164,-102.49818108414394,-60.95864718368176,0.490234375,1.450631856918335,66.20545918235695,0.0,0.23376623376623373,27.42217445373535,0.0057432870380580425,0.0009140725014731288,15.425472520291805
3500.0,77,8,0.3327571451663971,-99.35992956628746,-62.749230268188676,0.490234375,1.0563281774520874,53.59071305070475,0.0,0.23376623376623373,37.21821594238281,0.007794965524226427,0.0012406072346493602,11.365402489900589
3500.0,77,9,30.0,-70.92241983605534,-48.241733261191314,5.5546875,9.967226028442383,44.270477220550674,0.0,0.012987012987012991,10.430501937866211,0.0021845591254532337,0.00034768340992741287,40.55413603782654
3500.0,78,0,24.99930763244629,-78.37915583897727,-57.82735096125703,5.5546875,8.3091459274292,33.14971781078603,0.0,0.07692307692307687,35.99504470825195,0.007538784760981798,0.0011998348636552691,11.75161823630333
3500.0,78,1,11.033673286437988,-90.29514038911896,-56.7818363141631,3.322265625,3.7747602462768555,11.987373813294832,0.0,0.11538461538461542,21.27641487121582,0.004456121940165758,0.0007092138403095305,19.881170243024826
3500.0,78,2,20.231178283691406,-90.40710215875956,-62.38943989385715,4.81640625,6.734266757965088,28.47912886279268,0.0,0.14102564102564108,37.15182876586914,0.007781061343848705,0.001238394295796752,11.385711841285229
3500.0,78,3,12.156700134277344,-84.93469906059012,-60.499352882967656,3.322265625,4.123602390289307,19.432929983171487,0.0,0.1923076923076923,38.190223693847656,0.007998542860150337,0.0012730074813589454,11.076133698225021
3500.0,78,4,0.47596102952957153,-94.97768066641191,-59.59511543367083,0.0,1.0812203884124756,100.0,1.0,0.11538461538461542,10.802093505859375,0.002262385096400976,0.00036006979644298553,39.159078150987625
3500.0,78,5,29.195566177368164,-76.64703763073547,-53.606082286355786,5.5546875,9.70029354095459,42.73691330527125,0.0,0.07692307692307687,12.092901229858398,0.00253273150883615,0.0004030967247672379,34.979198127985
3500.0,78,6,26.15648651123047,-77.72803294297107,-52.54101303477514,5.5546875,8.692487716674805,36.09783894955135,0.0,0.038461538461538436,3.291449546813965,0.0006893596146255732,0.00010971498704748228,128.51481139659882
3500.0,78,7,2.4830822944641113,-102.4818923225728,-60.942279473005655,0.490234375,1.470597267150879,66.66426723682308,0.0,0.23076923076923073,28.135515213012695,0.005892688408493996,0.000937850505579263,15.034379437565804
3500.0,78,8,-0.9288185834884644,-99.3461829850227,-62.73303723791518,0.490234375,0.8539594411849976,42.5927800130969,0.0,0.23076923076923073,38.09056854248047,0.007977670058608055,0.0012696856865659356,11.105111800134182
3500.0,78,9,30.0,-70.8609218812008,-48.22074892466914,5.5546875,9.967226028442383,44.270477220550674,0.0,0.012820512820512775,8.863134384155273,0.001856290502473712,0.00029543781420215964,47.72578179836273
3500.0,79,0,29.38827896118164,-78.35521697780813,-57.79836829556948,5.5546875,9.764235496520996,43.111905668609296,0.0,0.07594936708860756,34.54652404785156,0.007235407829284668,0.0011515507940202951,12.244357727468014
3500.0,79,1,12.216143608093262,-90.25735115132476,-56.76221068521952,2.56640625,4.142223834991455,38.04279169270691,0.0,0.11392405063291144,19.123004913330078,0.004005112685263157,0.0006374334916472435,22.119954228401184
3500.0,79,2,19.68990707397461,-90.39805508864134,-62.372010068591344,4.81640625,6.556257247924805,26.537259477966714,0.0,0.1392405063291139,37.08746337890625,0.007767579983919859,0.0012362487614154816,11.405471712350845
3500.0,79,3,21.77694320678711,-84.92039047296751,-60.47778227022294,1.328125,7.243694305419922,81.66508767485864,0.0,0.189873417721519,36.93730163574219,0.007736130617558956,0.0012312433682382107,11.451838538050652
3500.0,79,4,4.4271321296691895,-94.97182669607889,-59.587895839511056,0.6015625,1.9151344299316406,68.58901962190339,0.0,0.11392405063291144,11.141487121582031,0.0023334678262472153,0.00037138292100280523,37.966206669807434
3500.0,79,5,30.0,-76.62242611796033,-53.59580650833243,5.5546875,9.967226028442383,44.270477220550674,0.0,0.07594936708860756,13.965045928955078,0.0029248325154185295,0.00046550153638236225,30.289912596344948
3500.0,79,6,30.0,-77.72131961529936,-52.53529702162254,5.5546875,9.967226028442383,44.270477220550674,0.0,0.03797468354430378,3.34867000579834,0.0007013438735157251,0.00011162233568029478,126.3188123703003
3500.0,79,7,1.250632643699646,-102.46577283774434,-60.92588576790846,0.490234375,1.2226288318634033,59.90325418280575,0.0,0.22784810126582278,28.82184600830078,0.006036433391273022,0.0009607282117940485,14.676367864012718
3500.0,79,8,3.0440948009490967,-99.33258355027112,-62.71681903254027,0.490234375,1.5924564599990845,69.21521012886708,0.0,0.22784810126582278,36.88633346557617,0.0077254557982087135,0.0012295445194467902,11.467661708593369
3500.0,79,9,30.0,-70.80118737508445,-48.199010222125935,5.5546875,9.967226028442383,44.270477220550674,0.0,0.012658227848101222,8.825044631958008,0.0018483130261301994,0.00029416815959848464,47.931768000125885
3500.0,80,0,29.812236785888672,-78.33119141156928,-57.76933733302423,5.5546875,9.904916763305664,43.91989723146163,0.0,0.07499999999999996,35.00492858886719,0.007331415079534054,0.0011668310035020113,12.084012851119041
3500.0,80,1,16.5087947845459,-90.22997792376546,-56.74332153132718,3.029296875,5.5159807205200195,45.08144555816336,0.0,0.11250000000000004,19.34332847595215,0.004051257390528917,0.0006447776104323566,21.868005394935608
3500.0,80,2,19.195541381835938,-90.38908574093797,-62.35455135024402,4.5234375,6.393880844116211,29.25364719358875,0.0,0.13749999999999996,37.03773498535156,0.007757165469229221,0.0012345911236479878,11.420785449445248
3500.0,80,3,24.933656692504883,-84.90605799698994,-60.45616655704608,3.90234375,8.287406921386719,52.91236707673301,0.0,0.1875,36.602622985839844,0.007666035555303097,0.0012200874043628573,11.556548997759819
3500.0,80,4,5.8290863037109375,-94.96553002787559,-59.580679631718276,1.17578125,2.271259069442749,48.23218250093871,0.0,0.11250000000000004,11.016629219055176,0.0023073176853358746,0.00036722098593600094,38.396500051021576
3500.0,80,5,23.854902267456055,-76.59517030178853,-53.58553158803632,0.0,7.93035364151001,100.0,1.0,0.08750000000000002,6.270501613616943,0.0013132907915860415,0.00020901672542095184,67.45871901512146
3500.0,80,6,30.0,-77.71368627177307,-52.52959549099485,5.5546875,9.967226028442383,44.270477220550674,0.0,0.03749999999999998,3.514859199523926,0.0007361504249274731,0.0001171619733213447,120.34621834754944
3500.0,80,7,2.755765676498413,-102.4488257722787,-60.90943431298245,0.490234375,1.5291470289230347,67.9406645844077,0.0,0.22499999999999998,27.420467376708984,0.00574292941018939,0.0009140155743807554,15.426433645188808
3500.0,80,8,5.914146423339844,-99.31872790139974,-62.70057648620628,0.490234375,2.2937073707580566,78.62698697968693,0.0,0.22499999999999998,38.07339096069336,0.007974072359502316,0.001269113039597869,11.110121384263039
3500.0,80,9,30.0,-70.7438593234798,-48.1776801852984,5.5546875,9.967226028442383,44.270477220550674,0.0,0.012499999999999956,9.146968841552734,0.0019157365895807743,0.000304898974718526,46.24482989311218
3500.0,81,0,30.0,-78.307062930134,-57.740221823232616,5.5546875,9.967226028442383,44.270477220550674,0.0,0.07407407407407407,35.410911560058594,0.007416443899273872,0.0011803637025877833,11.945471167564392
3500.0,81,1,16.050764083862305,-90.1975152810187,-56.72518887986037,4.212890625,5.3673295974731445,21.508628294722886,0.0,0.11111111111111116,18.018918991088867,0.003773873671889305,0.0006006306502968073,23.475326597690582
3500.0,81,2,20.06360626220703,-90.38009129771815,-62.33706185255071,4.5234375,6.679133892059326,32.275088759969094,0.0,0.13580246913580252,37.03602600097656,0.007756807841360569,0.0012345341965556145,11.421311646699905
3500.0,81,3,16.665964126586914,-84.8916694912917,-60.43450198013084,4.81640625,5.567070007324219,13.48400067426171,0.0,0.18518518518518523,37.98630142211914,0.007955832406878471,0.0012662101071327925,11.135593056678772
3500.0,81,4,7.787138938903809,-94.95941506483702,-59.573463420002184,1.4765625,2.808957099914551,47.43378245097024,0.0,0.11111111111111116,10.960203170776367,0.0022954996675252914,0.00036534012178890407,38.59417513012886
3500.0,81,5,30.0,-76.56899495767931,-53.57524465644491,5.5546875,9.967226028442383,44.270477220550674,0.0,0.0864197530864198,12.439844131469727,0.0026053949259221554,0.0004146614810451865,34.003641456365585
3500.0,81,6,30.0,-77.70698262609629,-52.523891899266445,5.5546875,9.967226028442383,44.270477220550674,0.0,0.03703703703703709,3.377066135406494,0.0007072910666465759,0.00011256887228228152,125.25665760040283
3500.0,81,7,2.7307801246643066,-102.43203195821559,-60.892894149521716,0.490234375,1.5237282514572144,67.8266531757769,0.0,0.2222222222222222,28.387300491333008,0.005945422686636448,0.000946243351791054,14.901029877364635
3500.0,81,8,7.725860118865967,-99.30492233513814,-62.684307879438734,0.490234375,2.7915232181549072,82.43846328012894,0.0,0.2222222222222222,37.00938034057617,0.0077512264251708984,0.0012336460640653968,11.42953522503376
3500.0,81,9,27.70905876159668,-70.68858370136093,-48.15671796641661,5.5546875,9.207193374633789,39.67013318843284,0.0,0.012345679012345734,12.242597579956055,0.0025640835519880056,0.0004080865764990449,34.55149009823799
3500.0,82,0,30.0,-78.28283437903602,-57.71099701518117,5.5546875,9.967226028442383,44.270477220550674,0.0,0.07317073170731703,34.94065856933594,0.007317954674363136,0.0011646886123344302,12.106240727007389
3500.0,82,1,17.07586097717285,-90.16115781558666,-56.70781208997429,4.212890625,5.700491905212402,26.09601600963898,0.0,0.1097560975609756,16.44859504699707,0.0034449859522283077,0.0005482864798977971,25.71648173034191
3500.0,82,2,20.098556518554688,-90.37105677214684,-62.31954193634744,4.81640625,6.69063138961792,28.012679678127515,0.0,0.13414634146341464,37.03773498535156,0.007757165469229221,0.0012345911236479878,11.420785449445248
3500.0,82,3,21.625179290771484,-84.87722890954389,-60.41278896469127,2.5703125,7.1936187744140625,64.2695480452485,0.0,0.18292682926829273,36.94915008544922,0.007738612126559019,0.0012316383654251695,11.448166333138943
3500.0,82,4,7.9589080810546875,-94.95227619545227,-59.566249144642576,1.9140625,2.8580121994018555,33.02818999860854,0.0,0.1097560975609756,10.973752975463867,0.002298337407410145,0.0003657917841337621,38.546521216630936
3500.0,82,5,30.0,-76.5427670756231,-53.56496189003181,5.5546875,9.967226028442383,44.270477220550674,0.0,0.08536585365853655,12.88478946685791,0.0026985839940607548,0.0004294929967727512,32.8294076025486
3500.0,82,6,30.0,-77.7003013794106,-52.51820838210968,5.5546875,9.967226028442383,44.270477220550674,0.0,0.03658536585365857,3.187413454055786,0.0006675703334622085,0.00010624711285345256,132.70948827266693
3500.0,82,7,1.5868064165115356,-102.41522071972076,-60.876354863145814,0.490234375,1.2875049114227295,61.92368893892009,0.0,0.2195121951219512,28.944271087646484,0.006062074564397335,0.0009648090344853699,14.614291489124298
3500.0,82,8,8.608394622802734,-99.29129410253327,-62.66801353024868,0.490234375,3.045858144760132,83.90488487313952,0.0,0.2195121951219512,36.748748779296875,0.007696639746427536,0.0012249583378434181,11.510596610605717
3500.0,82,9,30.0,-70.63507584643145,-48.136215990836355,5.5546875,9.967226028442383,44.270477220550674,0.0,0.012195121951219523,8.314538955688477,0.0017413930036127567,0.0002771512954495847,50.8747398853302
3500.0,83,0,30.0,-78.25853440124347,-57.68174139796042,5.5546875,9.967226028442383,44.270477220550674,0.0,0.07228915662650603,34.708229064941406,0.007269274443387985,0.001156940939836204,12.187311425805092
3500.0,83,1,15.31328010559082,-90.04388963558291,-56.69116110706912,4.5234375,5.128796100616455,11.803132523511595,0.0,0.10843373493975905,14.862167358398438,0.0031127254478633404,0.0004954055766575038,28.461528941988945
3500.0,83,2,20.439716339111328,-90.36206474937394,-62.30199309234961,4.81640625,6.802906513214111,29.20075793126792,0.0,0.1325301204819277,37.03826141357422,0.007757275830954313,0.0012346087023615837,11.42062246799469
3500.0,83,3,22.782140731811523,-84.8627373891461,-60.39103167986828,3.90234375,7.575645923614502,48.48830331634469,0.0,0.1807228915662651,36.71728515625,0.0076900506392121315,0.0012239095522090793,11.52046024799347
3500.0,83,4,7.4614338874816895,-94.85429879193785,-59.559040695408825,1.9140625,2.716705083847046,29.544707985397057,0.0,0.10843373493975905,10.77613639831543,0.0022569489665329456,0.00035920453956350684,39.25340250134468
3500.0,83,5,29.41416358947754,-76.51501705632785,-53.554706178971415,5.5546875,9.77282428741455,43.161901445896966,0.0,0.08433734939759041,11.984601974487305,0.00251004914753139,0.00039948674384504557,35.295289009809494
3500.0,83,6,30.0,-77.69368142629199,-52.51257542784758,5.5546875,9.967226028442383,44.270477220550674,0.0,0.03614457831325302,3.4294633865356445,0.0007182651315815747,0.00011431544407969341,123.34291636943817
3500.0,83,7,2.9677398204803467,-102.39836510672703,-60.85979117112401,0.490234375,1.5755524635314941,68.884922187791,0.0,0.2168674698795181,27.56410789489746,0.005773013457655907,0.0009188036201521754,15.34604374319315
3500.0,83,8,7.24959659576416,-99.27720455196378,-62.65169479845664,0.490234375,2.6572630405426025,81.55115366750083,0.0,0.2168674698795181,37.797645568847656,0.007916320115327835,0.001259921584278345,11.19117345660925
3500.0,83,9,30.0,-70.58307746646476,-48.11630582707696,5.5546875,9.967226028442383,44.270477220550674,0.0,0.012048192771084376,7.77924919128418,0.0016292822547256947,0.0002593083190731704,54.37542870640755
3500.0,84,0,30.0,-78.23423878874175,-57.65242284714116,5.5546875,9.967226028442383,44.270477220550674,0.0,0.0714285714285714,34.769752502441406,0.007282159756869078,0.0011589917121455073,12.16574665158987
3500.0,84,1,16.596088409423828,-89.97457602884232,-56.675167295835934,3.90234375,5.544352054595947,29.615873747317632,0.0,0.1071428571428571,15.19314193725586,0.0031820442527532578,0.0005064380820840597,27.841510251164436
3500.0,84,2,20.532119750976562,-90.35307291926642,-62.284415295075,5.115234375,6.833330154418945,25.142876761309353,0.0,0.13095238095238093,37.03192901611328,0.0077559491619467735,0.0012343976413831115,11.422575451433659
3500.0,84,3,13.565666198730469,-84.84831154793362,-60.3692292393629,4.212890625,4.568536281585693,7.784674010780812,0.0,0.1785714285714286,38.33842086791992,0.008029580116271973,0.0012779473327100277,11.033318936824799
3500.0,84,4,6.557657718658447,-94.84737880242545,-59.55183825091412,1.9140625,2.4663748741149902,22.393691239381308,0.0,0.1071428571428571,10.846464157104492,0.002271678065881133,0.00036154879489913583,38.998883217573166
3500.0,84,5,26.555522918701172,-76.49023564121157,-53.544478342156594,5.5546875,8.824739456176758,37.05550710494834,0.0,0.08333333333333337,12.160478591918945,0.0025468848180025816,0.0004053493030369282,34.784816205501556
3500.0,84,6,30.0,-77.68711684087037,-52.506993969677566,5.5546875,9.967226028442383,44.270477220550674,0.0,0.0357142857142857,3.956920623779297,0.0008287355303764343,0.0001318973518209532,106.90131038427353
3500.0,84,7,2.189518690109253,-102.38199063633633,-60.84317855362259,0.490234375,1.4090304374694824,65.2076802627184,0.0,0.2142857142857143,28.918453216552734,0.006056666374206543,0.0009639484342187643,14.627338387072086
3500.0,84,8,5.619790077209473,-99.2634164864799,-62.63535169592263,0.490234375,2.2164125442504883,77.88162784623745,0.0,0.2142857142857143,36.46591567993164,0.007637403439730406,0.0012155305594205856,11.599873192608356
3500.0,84,9,30.0,-70.53220469214727,-48.09703252788362,5.5546875,9.967226028442383,44.270477220550674,0.0,0.011904761904761862,7.433716773986816,0.0015569140668958426,0.00024779056548140943,56.902896612882614
3500.0,85,0,30.0,-78.20971235160286,-57.62300212255908,5.5546875,9.967226028442383,44.270477220550674,0.0,0.07058823529411762,34.22716522216797,0.007168521173298359,0.0011409055441617966,12.358604930341244
3500.0,85,1,13.740333557128906,-89.93850725955528,-56.65972632204482,0.0,4.624160289764404,100.0,1.0,0.11764705882352944,13.563385009765625,0.0028407087083905935,0.00045211284304969013,31.18690475821495
3500.0,85,2,19.34638214111328,-90.34407887256529,-62.2668051275104,5.115234375,6.4434027671813965,20.612841384776427,0.0,0.12941176470588234,37.00363540649414,0.0077500236220657825,0.0012334545608609915,11.431309394538403
3500.0,85,3,20.380910873413086,-84.83385733843767,-60.34737565334374,1.6953125,6.783547401428223,75.0084668142355,0.0,0.17647058823529416,36.68572235107422,0.007683440111577511,0.0012228573905304074,11.530371382832527
3500.0,85,4,6.379062652587891,-94.84165180539983,-59.54463611306911,1.6953125,2.417964458465576,29.88678993752316,0.0,0.10588235294117643,10.955678939819336,0.00229455204680562,0.0003651893057394773,38.61011192202568
3500.0,85,5,30.0,-76.46392020698568,-53.53425925639994,5.5546875,9.967226028442383,44.270477220550674,0.0,0.08235294117647063,12.924890518188477,0.002706982893869281,0.0004308296774979681,32.727550715208054
3500.0,85,6,30.0,-77.68058477533543,-52.50143991523498,5.5546875,9.967226028442383,44.270477220550674,0.0,0.03529411764705881,3.6896653175354004,0.0007727617048658431,0.00012298884394112974,114.64454978704453
3500.0,85,7,1.6798344850540161,-102.36554615814825,-60.82649127873882,0.490234375,1.305828332901001,62.45797685282983,0.0,0.21176470588235297,28.410585403442383,0.0059502990916371346,0.0009470195509493351,14.888817444443703
3500.0,85,8,3.910435438156128,-99.33576939101825,-62.618981084643416,0.490234375,1.7910281419754028,72.62832651756665,0.0,0.21176470588235297,36.43724822998047,0.007631399668753147,0.0012145749060437083,11.609000153839588
3500.0,85,9,30.0,-70.48226952747412,-48.07835256404502,0.0,9.967226028442383,100.0,1.0,0.02352941176470591,7.159707069396973,0.0014995255041867495,0.0002386569103691727,59.08063054084778
3500.0,86,0,25.60289764404297,-78.18516252608137,-57.59345626822398,5.5546875,8.509063720703125,34.720344301981534,0.0,0.06976744186046513,35.01615524291992,0.007333766669034958,0.001167205162346363,12.080138549208641
3500.0,86,1,9.56857681274414,-89.8897269880255,-56.644734818587054,0.0,3.32974910736084,100.0,1.0,0.12790697674418605,11.529411315917969,0.0024147143121808767,0.00038431372377090156,36.688778549432755
3500.0,86,2,18.766029357910156,-90.33506272316323,-62.249163725649,4.5234375,6.252981662750244,27.65951119053083,0.0,0.12790697674418605,36.95153045654297,0.007739110849797726,0.0012317176442593336,11.447428725659847
3500.0,86,3,18.50224494934082,-84.82024920630815,-60.32547475432709,3.609375,6.166538238525391,41.46837560415237,0.0,0.17441860465116277,36.99323272705078,0.007747845258563757,0.001233107759617269,11.434524320065975
3500.0,86,4,12.501945495605469,-91.214831161923,-59.537436830842104,1.6953125,4.231951713562012,59.94017383121169,0.0,0.10465116279069764,10.94385814666748,0.0022920763585716486,0.00036479526897892356,38.65181654691696
3500.0,86,5,30.0,-76.43761810268745,-53.52406078270079,5.5546875,9.967226028442383,44.270477220550674,0.0,0.08139534883720934,12.962457656860352,0.0027148507069796324,0.00043208192801102996,32.632701098918915
3500.0,86,6,30.0,-77.6741052069532,-52.495928646778665,5.5546875,9.967226028442383,44.270477220550674,0.0,0.03488372093023251,2.4478256702423096,0.0005126714240759611,8.159418939612806e-05,172.80642688274384
3500.0,86,7,2.9687178134918213,-102.3485082744811,-60.80971240024784,0.490234375,1.5757683515548706,68.8891851066645,0.0,0.2093023255813954,27.846782684326172,0.005832216702401638,0.0009282261016778648,15.190265141427517
3500.0,86,8,-0.45736128091812134,-99.32184639395787,-62.60258401967578,0.490234375,0.9260330200195312,47.060810532473205,0.0,0.2093023255813954,38.14298629760742,0.007988648489117622,0.0012714328477159142,11.089850217103958
3500.0,86,9,30.0,-70.43279492479954,-48.06033915191385,5.5546875,9.967226028442383,44.270477220550674,0.0,0.023255813953488413,6.991552352905273,0.0014643073081970215,0.00023305174545384943,60.5015866458416
3500.0,87,0,25.716806411743164,-78.16056009875801,-57.563850708831616,5.5546875,8.54680061340332,35.008575123549846,0.0,0.06896551724137934,33.871917724609375,0.007094117812812328,0.0011290638940408826,12.488221749663353
3500.0,87,1,13.472475051879883,-89.85281702188844,-56.63006554463354,1.9140625,4.538896083831787,57.829779209571,0.0,0.12643678160919536,11.291624069213867,0.0023649123031646013,0.0003763874701689929,37.46139630675316
3500.0,87,2,18.31608772277832,-90.32592069767281,-62.23148782551915,4.5234375,6.1055779457092285,25.913033291485498,0.0,0.12643678160919536,36.91541290283203,0.007731546647846699,0.0012305137934163213,11.458628810942173
3500.0,87,3,18.889745712280273,-84.80477401271037,-60.30352006504324,3.029296875,6.293548107147217,51.866628753344976,0.0,0.1724137931034483,37.56272888183594,0.007867120206356049,0.0012520910240709782,11.261163279414177
3500.0,87,4,13.970677375793457,-91.20897143566427,-59.53023414586888,3.322265625,4.697653293609619,29.278185993006478,0.0,0.10344827586206895,11.100393295288086,0.0023248610086739063,0.0003700131201185286,38.106758147478104
3500.0,87,5,24.587261199951172,-76.41122453464823,-53.51385376634241,5.5546875,8.172719955444336,32.0337962112639,0.0,0.08045977011494254,9.984598159790039,0.0020911693572998047,0.0003328199381940067,42.36524924635887
3500.0,87,6,30.0,-77.66763317794711,-52.49042217959766,5.5546875,9.967226028442383,44.270477220550674,0.0,0.03448275862068961,3.0059454441070557,0.0006295637576840818,0.00010019818000728264,140.72111248970032
3500.0,87,7,1.5022711753845215,-102.33151401554194,-60.79291876088554,0.490234375,1.2709932327270508,61.429033422298396,0.0,0.2068965517241379,29.19812774658203,0.0061152419075369835,0.0009732709149830043,14.487230218946934
3500.0,87,8,-5.975199222564697,-99.30790846748246,-62.586157536462046,0.0,0.32495707273483276,100.0,1.0,0.2183908045977011,35.084922790527344,0.007348169106990099,0.0011694974964484572,12.056461535394192
3500.0,87,9,30.0,-70.38363451593852,-48.042888214818845,0.0,9.967226028442383,100.0,1.0,0.03448275862068961,7.640161514282227,0.0016001517651602626,0.0002546720497775823,55.36532402038574
3500.0,88,0,30.0,-78.1358321893032,-57.534158699951824,5.5546875,9.967226028442383,44.270477220550674,0.0,0.06818181818181823,34.36946105957031,0.007198323495686054,0.0011456487700343132,12.30743806809187
3500.0,88,1,15.75002384185791,-89.82846015113493,-56.615616102230376,3.029296875,5.269928932189941,42.5173106890236,0.0,0.125,12.59235954284668,0.0026373376604169607,0.0004197453090455383,33.591799437999725
3500.0,88,2,17.694541931152344,-90.31683677491455,-62.213778468608815,4.5234375,5.902324676513672,23.3617642553703,0.0,0.125,36.874847412109375,0.007723050191998482,0.0012291616294533014,11.471234261989594
3500.0,88,3,26.11212730407715,-84.79003515440318,-60.28151273598438,3.322265625,8.677788734436035,61.71529721833091,0.0,0.17045454545454541,36.48065948486328,0.007640492171049118,0.0012160219484940171,11.595184914767742
3500.0,88,4,14.763200759887695,-91.20279561774352,-59.52303166785687,3.90234375,4.951621055603027,21.190581706887958,0.0,0.10227272727272729,10.980441093444824,0.0022997381165623665,0.0003660147194750607,38.52304443717003
3500.0,88,5,27.56958770751953,-76.38324304439017,-53.50366495193435,5.5546875,9.160941123962402,39.365536522546506,0.0,0.07954545454545459,10.71496295928955,0.0022441367618739605,0.0003571654378902167,39.477504789829254
3500.0,88,6,30.0,-77.66121193322883,-52.48495653052262,5.5546875,9.967226028442383,44.270477220550674,0.0,0.03409090909090906,3.806269645690918,0.0007971832528710365,0.00012687566049862653,111.1324355006218
3500.0,88,7,2.420405864715576,-102.31428032017382,-60.77609406095629,0.490234375,1.4573239088058472,66.36064418913531,0.0,0.20454545454545459,27.865516662597656,0.005836140364408493,0.0009288505534641445,15.180052258074284
3500.0,88,8,-5.473389148712158,-99.29378420992877,-62.56970256340809,0.0,0.36016255617141724,100.0,1.0,0.2272727272727273,33.33195495605469,0.006981028243899345,0.0011110651539638638,12.690524570643902
3500.0,88,9,30.0,-70.33465666927336,-48.026105315828076,5.5546875,9.967226028442383,44.270477220550674,0.0,0.03409090909090906,8.543505668640137,0.0017893477343022823,0.000284783513052389,49.51129108667374
3500.0,89,0,30.0,-78.1110230710747,-57.50435452239585,5.5546875,9.967226028442383,44.270477220550674,0.0,0.0674157303370787,33.862884521484375,0.007092226762324572,0.0011287628440186381,12.491553090512753
3500.0,89,1,14.963339805603027,-89.76111377356071,-56.60128844004742,3.609375,5.0160040855407715,28.042821767142236,0.0,0.1235955056179775,15.229925155639648,0.003189748153090477,0.000507664168253541,27.77426689863205
3500.0,89,2,17.866758346557617,-90.30798410393857,-62.19603697947344,4.212890625,5.958595275878906,29.297251618107435,0.0,0.1235955056179775,36.869773864746094,0.007721988018602133,0.001228992477990687,11.472812853753567
3500.0,89,3,20.062725067138672,-84.7752063393634,-60.25945756468049,5.33203125,6.678843021392822,20.165345510874943,0.0,0.1685393258426966,37.206214904785156,0.007792451418936253,0.0012402072316035628,11.369068175554276
3500.0,89,4,14.496454238891602,-91.19762354316998,-59.51583199945768,3.90234375,4.865960121154785,19.803211435405288,0.0,0.101123595505618,11.056835174560547,0.0023157382383942604,0.0003685611882247031,38.25687989592552
3500.0,89,5,30.0,-76.35680489813615,-53.49350406286387,5.5546875,9.967226028442383,44.270477220550674,0.0,0.0786516853932584,12.577638626098633,0.002634254517033696,0.0004192546184640378,33.63111615180969
3500.0,89,6,30.0,-77.65485285256915,-52.479543894450316,5.5546875,9.967226028442383,44.270477220550674,0.0,0.0337078651685393,3.7719686031341553,0.0007899992633610964,0.0001257322874153033,112.14303225278854
3500.0,89,7,2.5383028984069824,-102.29714870369835,-60.75922291925574,0.490234375,1.482348918914795,66.92854369544162,0.0,0.202247191011236,28.84901237487793,0.006042122840881348,0.0009616337483748794,14.662547037005424
3500.0,89,8,0.2123054563999176,-99.2800380361191,-62.55322033711067,0.490234375,1.0356940031051636,52.66609891240029,0.0,0.2247191011235955,35.97582244873047,0.007534759119153023,0.0011991941137239337,11.757897213101387
3500.0,89,9,30.0,-70.28568532079706,-48.01002154545379,5.5546875,9.967226028442383,44.270477220550674,0.0,0.0337078651685393,6.62568473815918,0.0013876801822334528,0.00022085616365075111,63.84246051311493
3500.0,90,0,30.0,-78.08603989251074,-57.4744100209711,5.5546875,9.967226028442383,44.270477220550674,0.0,0.06666666666666665,33.923892974853516,0.007105004042387009,0.001130796386860311,12.469087727367878
3500.0,90,1,14.183969497680664,-89.7257810282906,-56.586989503414515,3.322265625,4.765841007232666,30.290044926842675,0.0,0.12222222222222223,10.74537467956543,0.0022505060769617558,0.0003581791534088552,39.365775883197784
3500.0,90,2,17.99234962463379,-90.29885163039678,-62.17826230945797,4.5234375,5.999654769897461,24.6050368981929,0.0,0.12222222222222223,36.876991271972656,0.007723499089479446,0.0012292331084609032,11.470567435026169
3500.0,90,3,20.370067596435547,-84.76036170160481,-60.23735144410632,3.609375,6.779978275299072,46.764209951088866,0.0,0.16666666666666663,37.13035583496094,0.007776563987135887,0.00123767857439816,11.39229629188776
3500.0,90,4,14.40569019317627,-91.19075369368089,-59.50863380904386,3.90234375,4.836853504180908,19.32061315012189,0.0,0.09999999999999998,10.951632499694824,0.00229370454326272,0.0003650544094853103,38.62437978386879
3500.0,90,5,30.0,-76.33035713758277,-53.48337055125688,5.5546875,9.967226028442383,44.270477220550674,0.0,0.07777777777777772,12.164101600646973,0.0025476436130702496,0.00040547005482949317,34.774456173181534
3500.0,90,6,30.0,-77.64854761055624,-52.4741840648245,5.5546875,9.967226028442383,44.270477220550674,0.0,0.033333333333333326,2.737703323364258,0.0005733832949772477,9.125677752308547e-05,154.5090675354004
3500.0,90,7,1.6685391664505005,-102.27982054099104,-60.74228790387522,0.490234375,1.3035950660705566,62.39366136313175,0.0,0.19999999999999996,28.790435791015625,0.006029855459928513,0.000959681230597198,14.692379161715508
3500.0,90,8,3.2393298149108887,-99.26562504490943,-62.53670989599063,0.490234375,1.63612699508667,70.0368995516738,0.0,0.2222222222222222,37.659996032714844,0.007887491025030613,0.0012553331907838583,11.232078075408936
3500.0,90,9,30.0,-70.23673936072083,-47.99461490644908,5.5546875,9.967226028442383,44.270477220550674,0.0,0.033333333333333326,6.311716079711914,0.001321922754868865,0.0002103905426338315,67.01822578907013
3500.0,91,0,30.0,-78.06063925675504,-57.44440035199334,5.5546875,9.967226028442383,44.270477220550674,0.0,0.06593406593406592,33.78936004638672,0.007076826877892017,0.0011263120686635375,12.518733739852905
3500.0,91,1,18.235563278198242,-89.69313775795945,-56.57263843214203,3.322265625,6.079220771789551,45.35046925065005,0.0,0.1208791208791209,12.830070495605469,0.002687123604118824,0.00042766903061419725,32.96942263841629
3500.0,91,2,17.8869686126709,-90.28986597155009,-62.16045314359464,4.5234375,5.9652018547058105,24.16958201621351,0.0,0.1208791208791209,36.912445068359375,0.007730924524366856,0.0012304148403927684,11.459549888968468
3500.0,91,3,24.90889549255371,-84.7454705693468,-60.21519093957326,3.90234375,8.279207229614258,52.8657316845321,0.0,0.1648351648351648,36.53432083129883,0.007651730440557003,0.001217810669913888,11.578154750168324
3500.0,91,4,15.433507919311523,-91.18526087665896,-59.501435074781725,3.90234375,5.167608737945557,24.484535345231606,0.0,0.09890109890109888,10.959186553955078,0.002295286860316992,0.000365306215826422,38.59775513410568
3500.0,91,5,30.0,-76.30550309904244,-53.47325758182031,5.5546875,9.967226028442383,44.270477220550674,0.0,0.07692307692307687,12.485482215881348,0.0026149535551667213,0.00041618273826316,33.879347145557404
3500.0,91,6,30.0,-77.64229178389334,-52.46886839059623,5.5546875,9.967226028442383,44.270477220550674,0.0,0.03296703296703296,2.5774292945861816,0.0005398155772127211,8.591431105742231e-05,164.1170233488083
3500.0,91,7,0.1702943742275238,-104.91450896780579,-60.725272229468764,0.490234375,1.0285625457763672,52.337913040575756,0.0,0.19780219780219777,27.798921585083008,0.005822192877531052,0.0009266307461075485,15.216417610645294
3500.0,91,8,6.329561233520508,-99.25177217010351,-62.520170046769664,0.490234375,2.404611587524414,79.61274171914376,0.0,0.21978021978021978,35.88969421386719,0.0075167203322052956,0.0011963231954723597,11.786113493144512
3500.0,91,9,30.0,-70.18767175974745,-47.979831474913325,5.5546875,9.967226028442383,44.270477220550674,0.0,0.03296703296703296,6.604973793029785,0.0013833425473421812,0.00022016579168848693,64.04265016317368
3500.0,92,0,23.87518310546875,-78.03559680596996,-57.41428297085873,5.5546875,7.937063217163086,30.01583396754913,0.0,0.06521739130434778,31.441274642944336,0.006585045717656612,0.0010480425553396344,13.453653082251549
3500.0,92,1,14.485426902770996,-89.66115609896204,-56.55816108699924,4.5234375,4.862422466278076,6.971524350856151,0.0,0.11956521739130432,12.896199226379395,0.002700973767787218,0.0004298733256291598,32.80036151409149
3500.0,92,2,17.765148162841797,-90.28083456879413,-62.1426068006868,4.5234375,5.925390243530273,23.660091334254595,0.0,0.11956521739130432,36.901466369628906,0.007728625554591417,0.0012300489470362663,11.462959460914135
3500.0,92,3,17.600906372070312,-84.73050090225112,-60.19296980027223,5.115234375,5.871745586395264,12.883923532860276,0.0,0.1630434782608695,37.65281677246094,0.007885986939072609,0.001255093957297504,11.234219186007977
3500.0,92,4,14.825422286987305,-91.17975127322487,-59.49423050045233,0.0,4.971627235412598,100.0,1.0,0.10869565217391308,10.948718070983887,0.0022930942941457033,0.00036495726089924574,38.634661585092545
3500.0,92,5,23.730682373046875,-76.27902109373288,-53.46313796428877,5.5546875,7.889260292053223,29.591783077620292,0.0,0.07608695652173914,7.500324249267578,0.001570864231325686,0.0002500108093954623,56.397560983896255
3500.0,92,6,30.0,-77.63605194974338,-52.46356133711693,5.5546875,9.967226028442383,44.270477220550674,0.0,0.03260869565217395,3.1053686141967773,0.0006503869080916047,0.00010351229138905182,136.2157166004181
3500.0,92,7,1.662156105041504,-104.00086857699017,-60.708254497454156,0.490234375,1.302333950996399,62.35724526532322,0.0,0.19565217391304346,27.081520080566406,0.0056719402782619,0.0009027173509821296,15.619507990777493
3500.0,92,8,4.899282932281494,-99.23740117188117,-62.50359837314555,0.490234375,2.032025098800659,75.87459056045391,0.0,0.21739130434782605,37.075225830078125,0.007765016984194517,0.0012358408421278,11.409236118197441
3500.0,92,9,30.0,-72.36010612755163,-47.96592630225594,5.5546875,9.967226028442383,44.270477220550674,0.0,0.03260869565217395,4.39583683013916,0.0009206620161421597,0.0001465278910472989,96.22741490602493
3500.0,93,0,25.65879249572754,-78.01038953333345,-57.38403786341528,5.5546875,8.527581214904785,34.86209793826019,0.0,0.06451612903225812,33.39838409423828,0.006994941271841526,0.001113279489800334,12.665283866226673
3500.0,93,1,11.938764572143555,-89.62788766591046,-56.54352295619304,3.322265625,4.055459022521973,18.079171641241754,0.0,0.11827956989247312,11.58043098449707,0.0024253998417407274,0.00038601437699981034,36.52713820338249
3500.0,93,2,17.153772354125977,-90.27185198504368,-62.12472541647449,4.5234375,5.725879669189453,21.00012991295832,0.0,0.11827956989247312,36.871742248535156,0.007722399663180113,0.0012290581362321973,11.47220004349947
3500.0,93,3,20.08133888244629,-84.71548179976386,-60.170695910940665,3.029296875,6.684967041015625,54.684939261274664,0.0,0.16129032258064513,36.8043212890625,0.007708278484642506,0.0012268107384443283,11.493216268718243
3500.0,93,4,15.081090927124023,-91.17330343484298,-59.487025823657135,3.90234375,5.053926944732666,22.78590900354972,0.0,0.10752688172043012,10.85435676574707,0.002273331396281719,0.0003618118935264647,38.970526307821274
3500.0,93,5,18.435190200805664,-76.25254700252783,-53.45304869051911,5.5546875,6.144575595855713,9.6001438448177,0.0,0.07526881720430112,1.373126745223999,0.0002875869977287948,4.577089202939533e-05,308.0560564994812
3500.0,93,6,28.88532257080078,-77.6298751958555,-52.45831192819528,5.5546875,9.597360610961914,42.12275931722783,0.0,0.032258064516129004,3.4154481887817383,0.0007153298356570303,0.00011384827666915953,123.8490492105484
3500.0,93,7,-1.5712982416152954,-103.97541407719986,-60.69122267990691,0.490234375,0.7624919414520264,35.7062877193904,0.0,0.19354838709677424,29.007217407226562,0.006075257435441017,0.0009669072460383177,14.582578092813492
3500.0,93,8,4.543815612792969,-99.22348471063435,-62.48699679879714,0.490234375,1.9437193870544434,74.77854168327701,0.0,0.21505376344086025,36.82038879394531,0.007711643818765879,0.0012273462489247322,11.488200165331364
3500.0,93,9,30.0,-72.34432658943678,-47.9529515314972,5.5546875,9.967226028442383,44.270477220550674,0.0,0.032258064516129004,4.172603607177734,0.0008739081094972789,0.00013908678374718875,101.37555748224258
3500.0,94,0,30.0,-77.98514543019468,-57.353744429399455,5.5546875,9.967226028442383,44.270477220550674,0.0,0.06382978723404253,33.95079803466797,0.007110639475286007,0.0011316932504996657,12.459206394851208
3500.0,94,1,15.733074188232422,-89.53986452258648,-56.52868751403455,2.73046875,5.264444828033447,48.13377594043517,0.0,0.11702127659574468,13.478134155273438,0.0028228540904819965,0.00044927114504389465,31.384166330099106
3500.0,94,2,16.356548309326172,-90.26287233413869,-62.106808680507896,4.212890625,5.466529846191406,22.93299874809668,0.0,0.11702127659574468,36.817203521728516,0.007710977457463741,0.001227240078151226,11.489194817841053
3500.0,94,3,21.45258331298828,-84.70037125796594,-60.148366622474626,3.90234375,7.136682987213135,45.31992303718874,0.0,0.15957446808510634,36.81388854980469,0.007710283622145653,0.0012271296000108123,11.490228585898876
3500.0,94,4,16.887426376342773,-91.16743141980217,-59.47982041989297,3.90234375,5.639124870300293,30.798770380975917,0.0,0.1063829787234043,10.93316650390625,0.0022898372262716293,0.00036443889257498085,38.689617067575455
3500.0,94,5,30.0,-76.22607912921157,-53.44298447690335,5.5546875,9.967226028442383,44.270477220550674,0.0,0.07446808510638303,10.732917785644531,0.0022478969767689705,0.000357763929059729,39.41146284341812
3500.0,94,6,30.0,-77.62375777889201,-52.45311289063167,5.5546875,9.967226028442383,44.270477220550674,0.0,0.03191489361702127,3.010220527648926,0.0006304591661319137,0.00010034068691311404,140.52127301692963
3500.0,94,7,2.507736921310425,-103.95001933087383,-60.67416079195326,0.490234375,1.475837230682373,66.78262583378971,0.0,0.19148936170212771,27.096343994140625,0.005675044842064381,0.000903211475815624,15.610962174832821
3500.0,94,8,5.66522216796875,-99.20924375258193,-62.47036506907703,0.490234375,2.2282705307006836,77.99933319380906,0.0,0.21276595744680848,36.058197021484375,0.0075520118698477745,0.0012019398855045438,11.731036007404327
3500.0,94,9,30.0,-72.32954432699964,-47.94080105123871,5.5546875,9.967226028442383,44.270477220550674,0.0,0.03191489361702127,3.9170584678649902,0.0008203868055716157,0.000130568616441451,107.98919945955276
3500.0,95,0,30.0,-77.95985090746355,-57.32336347953641,5.5546875,9.967226028442383,44.270477220550674,0.0,0.06315789473684208,34.427310943603516,0.007210439071059227,0.0011475770734250546,12.286757118999958
3500.0,95,1,14.186915397644043,-89.50902193578031,-56.5136266052922,3.90234375,4.766783237457275,18.134650652132223,0.0,0.11578947368421055,13.302776336669922,0.0027861271519213915,0.00044342587352730334,31.797874718904495
3500.0,95,2,15.719579696655273,-90.25390082801123,-62.08885521558822,3.90234375,5.260078430175781,25.81206151579014,0.0,0.11578947368421055,36.767578125,0.00770058436319232,0.0012255859328433871,11.5047013387084
3500.0,95,3,19.233570098876953,-84.68522358794912,-60.12597756861389,4.212890625,6.406363487243652,34.238969840086256,0.0,0.1578947368421053,37.45991516113281,0.00784558616578579,0.001248663873411715,11.29207108169794
3500.0,95,4,17.23428726196289,-91.16096295436432,-59.472612192637044,4.5234375,5.752125263214111,21.360587730447968,0.0,0.10526315789473684,10.798351287841797,0.0022616013884544373,0.000359945057425648,39.17264565825462
3500.0,95,5,30.0,-76.19961280828086,-53.432938177766125,5.5546875,9.967226028442383,44.270477220550674,0.0,0.0736842105263158,11.759618759155273,0.0024629291146993637,0.0003919872979167849,35.97055375576019
3500.0,95,6,30.0,-77.61768866542538,-52.44795522993417,5.5546875,9.967226028442383,44.270477220550674,0.0,0.03157894736842104,2.7658190727233887,0.0005792718147858977,9.21939717954956e-05,152.93842554092407
3500.0,95,7,0.5227669477462769,-103.92475681151069,-60.65705168792646,0.490234375,1.0894410610198975,55.00129446736115,0.0,0.18947368421052635,28.34797477722168,0.005937186069786549,0.0009449325152672827,14.9217015132308
3500.0,95,8,4.36377477645874,-99.19470431426763,-62.453701936370706,0.490234375,1.89969801902771,74.19408926630832,0.0,0.21052631578947367,39.41011428833008,0.008254035376012325,0.001313670538365841,10.733285918831825
3500.0,95,9,30.0,-72.31563843548761,-47.929366981484414,5.5546875,9.967226028442383,44.270477220550674,0.0,0.03157894736842104,3.634763479232788,0.0007612630724906921,0.0001211587805300951,116.37621372938156
3500.0,96,0,30.0,-77.93441554105264,-57.29286877192885,5.5546875,9.967226028442383,44.270477220550674,0.0,0.0625,34.33179473876953,0.007190433796495199,0.0011443931143730879,12.320940382778645
3500.0,96,1,16.568078994750977,-89.48060353383576,-56.498335297492616,3.322265625,5.535247325897217,39.97981608777547,0.0,0.11458333333333337,12.992158889770508,0.002721071243286133,0.0004330719821155071,32.55809843540192
3500.0,96,2,15.432111740112305,-90.24493506323365,-62.070866809324876,3.90234375,5.1671576499938965,24.477942916941785,0.0,0.11458333333333337,36.780052185058594,0.007703196257352829,0.001226001768372953,11.500799097120762
3500.0,96,3,26.341632843017578,-84.67004863352071,-60.103536555040456,3.609375,8.753846168518066,58.76812397068855,0.0,0.15625,36.615196228027344,0.007668668869882822,0.0012205064995214343,11.552580632269382
3500.0,96,4,17.496309280395508,-91.15541231065728,-59.46540493347754,4.81640625,5.83759880065918,17.493366459919567,0.0,0.10416666666666663,10.878868103027344,0.0022784648463129997,0.00036262895446270704,38.88272121548653
3500.0,96,5,30.0,-76.17321141115914,-53.42292773063895,5.5546875,9.967226028442383,44.270477220550674,0.0,0.07291666666666663,12.421993255615234,0.0026016561314463615,0.0004140664532314986,34.05250608921051
3500.0,96,6,30.0,-77.61168783493986,-52.44286190774548,5.5546875,9.967226028442383,44.270477220550674,0.0,0.03125,3.3897147178649902,0.0007099402137100697,0.0001129904921981506,124.7892677783966
3500.0,96,7,1.948954463005066,-103.8992168359353,-60.63988252598461,0.490234375,1.3597314357757568,63.946235109265494,0.0,0.1875,27.766685485839844,0.005815441254526377,0.000925556174479425,15.234083868563175
3500.0,96,8,0.6638505458831787,-99.18070893774085,-62.43700904724839,0.490234375,1.1144726276397705,56.011986042383285,0.0,0.20833333333333337,36.19115447998047,0.00757985794916749,0.0012063718168064952,11.687939055263996
3500.0,96,9,30.0,-72.3026002683338,-47.91865355627081,5.5546875,9.967226028442383,44.270477220550674,0.0,0.03125,3.468911647796631,0.0007265271851792932,0.0001156303915195167,121.9402626156807
3500.0,97,0,30.0,-77.90890781611603,-57.262228073096495,5.5546875,9.967226028442383,44.270477220550674,0.0,0.061855670103092786,34.40133285522461,0.007204998750239611,0.001146711059845984,12.296035885810852
3500.0,97,1,16.382661819458008,-89.43329293556721,-56.48280503354745,4.212890625,5.475009441375732,23.05235871992567,0.0,0.11340206185567014,14.199445724487305,0.0029739250894635916,0.0004733148671220988,29.789896681904793
3500.0,97,2,15.349370956420898,-90.23600487187261,-62.05284172057991,3.90234375,5.140444278717041,24.085477083044026,0.0,0.11340206185567014,36.8058967590332,0.007708609104156494,0.0012268632417544723,11.492723599076271
3500.0,97,3,24.927560806274414,-84.65480989713885,-60.08103860356225,5.5546875,8.285387992858887,32.958027979045234,0.0,0.15463917525773196,36.876708984375,0.007723440416157246,0.0012292236788198352,11.470654979348183
3500.0,97,4,16.245126724243164,-91.11614823867434,-59.4581964391474,0.0,5.430364608764648,100.0,1.0,0.11340206185567014,11.070478439331055,0.0023185955360531807,0.00036901596467942,38.20973262190819
3500.0,97,5,30.0,-76.14676056344194,-53.41295063128262,5.5546875,9.967226028442383,44.270477220550674,0.0,0.07216494845360821,12.142627716064453,0.0025431460235267878,0.00040475427522324026,34.83595326542854
3500.0,97,6,30.0,-77.61055325870794,-52.437830500918054,5.5546875,9.967226028442383,44.270477220550674,0.0,0.030927835051546393,3.610278606414795,0.0007561349775642157,0.00012034262181259692,117.1654760837555
3500.0,97,7,-0.875897228717804,-103.87381899754878,-60.62263602265852,0.490234375,0.8618395328521729,43.11767373009477,0.0,0.18556701030927836,28.499534606933594,0.005968928337097168,0.0009499844745732844,14.842348173260689
3500.0,97,8,-6.644742488861084,-99.16612660120074,-62.42028480045396,0.0,0.282776415348053,100.0,1.0,0.21649484536082475,39.569480895996094,0.00828741304576397,0.0013189826859161258,10.690056718885899
3500.0,97,9,30.0,-72.29034331929627,-47.90858563842662,5.5546875,9.967226028442383,44.270477220550674,0.0,0.030927835051546393,3.2005162239074707,0.0006703145336359739,0.00010668387403711677,132.16617703437805
3500.0,98,0,24.553407669067383,-77.88333394085257,-57.23152722119368,0.0,8.161513328552246,100.0,1.0,0.0714285714285714,41.08557891845703,0.008604943752288818,0.0013695192756131291,10.295583866536617
3500.0,98,1,16.505884170532227,-89.40360090067415,-56.46703945640071,4.212890625,5.515035152435303,23.610811018317957,0.0,0.11224489795918369,13.486894607543945,0.0028246885631233454,0.0004495631728786975,31.363781541585922
3500.0,98,2,15.244527816772461,-90.2269997323242,-62.03478054514629,3.90234375,5.106614589691162,23.582567639278096,0.0,0.11224489795918369,36.841575622558594,0.007716081570833921,0.0012280525406822562,11.481594294309616
3500.0,98,3,20.199913024902344,-84.63952665144596,-60.058481994309226,5.33203125,6.7239789962768555,20.701250658986194,0.0,0.15306122448979587,37.22385787963867,0.007796146906912327,0.0012407952453941107,11.36367954313755
3500.0,98,4,14.825904846191406,-91.11052271182386,-59.450987863555866,4.212890625,4.971782207489014,15.263974784452394,0.0,0.11224489795918369,10.513639450073242,0.002201971597969532,0.0003504546475596726,40.23345187306404
3500.0,98,5,30.0,-76.11871524257863,-53.40300996780578,5.5546875,9.967226028442383,44.270477220550674,0.0,0.0714285714285714,11.51073169708252,0.0024108020588755608,0.00038369104731827974,36.74831613898277
3500.0,98,6,30.0,-77.60470566234437,-52.432864482974665,5.5546875,9.967226028442383,44.270477220550674,0.0,0.030612244897959218,2.82222318649292,0.0005910850595682859,9.407410834683105e-05,149.88183975219727
3500.0,98,7,-0.03086453303694725,-103.84838721442455,-60.605409643669034,0.490234375,0.9948826432228088,50.72440168300236,0.0,0.18367346938775508,28.790748596191406,0.006029920652508736,0.0009596916497685015,14.692219905555248
3500.0,98,8,-0.2646394670009613,-99.15207799787865,-62.40352976733629,0.490234375,0.956713855266571,48.758516216595915,0.0,0.2142857142857143,36.147918701171875,0.007570803165435791,0.0012049305951222777,11.701919138431549
3500.0,98,9,30.0,-72.27861909315791,-47.8991203297657,5.5546875,9.967226028442383,44.270477220550674,0.0,0.030612244897959218,3.0131871700286865,0.000631080474704504,0.00010043957445304841,140.38291573524475
3500.0,99,0,28.332027435302734,-77.85769190433007,-57.20072949974553,5.5546875,9.413812637329102,40.994284526402225,0.0,0.07070707070707072,33.51403045654297,0.007019162178039551,0.0011171343503519893,12.621579691767693
3500.0,99,1,15.863744735717773,-89.37324729790186,-56.45104664334413,4.212890625,5.306739330291748,20.612444614490077,0.0,0.11111111111111116,14.436018943786621,0.003023472847416997,0.00048120063729584217,29.301708564162254
3500.0,99,2,14.84257698059082,-90.21790786966726,-62.01668274807644,3.90234375,4.977144718170166,21.59473009186106,0.0,0.11111111111111116,36.84482192993164,0.007716761436313391,0.0012281606905162334,11.480581946671009
3500.0,99,3,25.43539810180664,-84.62419824118737,-60.035871965659645,3.90234375,8.453577995300293,53.83796361529425,0.0,0.1515151515151515,36.64479064941406,0.007674867752939463,0.0012214930029585958,11.543250642716885
3500.0,99,4,14.875737190246582,-91.28299494212919,-59.44377876137999,3.90234375,4.987812042236328,21.762413720578955,0.0,0.11111111111111116,11.132925987243652,0.002331674564629793,0.0003710975288413465,37.99540176987648
3500.0,99,5,30.0,-76.09416763392873,-53.39310642813685,5.5546875,9.967226028442383,44.270477220550674,0.0,0.07070707070707072,11.623326301574707,0.0024343838449567556,0.0003874442190863192,36.39233857393265
3500.0,99,6,30.0,-77.59892903422141,-52.427964877711005,5.5546875,9.967226028442383,44.270477220550674,0.0,0.030303030303030276,2.432814598083496,0.0005095275118947029,8.109382179100066e-05,173.8726794719696
3500.0,99,7,-0.19005346298217773,-103.8228627610966,-60.588184704093074,0.490234375,0.9687780737876892,49.3966277453719,0.0,0.18181818181818177,27.64130973815918,0.005789182614535093,0.0009213769808411598,15.303182415664196
3500.0,99,8,3.2748825550079346,-99.13746971293607,-62.3867434675517,0.490234375,1.6441482305526733,70.18307924491639,0.0,0.21212121212121215,37.12495040893555,0.007775431498885155,0.0012374983634799719,11.39395497739315
3500.0,99,9,30.0,-72.26775538346993,-47.89020857348399,5.5546875,9.967226028442383,44.270477220550674,0.0,0.030303030303030276,2.88608455657959,0.0006044601905159652,9.620282071409747e-05,146.56534790992737
3500.0,100,0,30.0,-77.83190110796201,-57.16978830615273,5.5546875,9.967226028442383,44.270477220550674,0.0,0.06999999999999995,34.22638702392578,0.007168358191847801,0.0011408795835450292,12.358886189758778
3500.0,100,1,16.91704559326172,-89.34350462217033,-56.43482173764671,3.90234375,5.648767471313477,30.916898778051316,0.0,0.10999999999999999,14.875789642333984,0.0031155783217400312,0.0004958596546202898,28.435464948415756
3500.0,100,2,15.24339485168457,-90.20895713377188,-61.99854401028638,3.90234375,5.1062493324279785,23.577101391865085,0.0,0.10999999999999999,36.803466796875,0.0077080996707081795,0.0012267822166904807,11.493482626974583
3500.0,100,3,21.676570892333984,-84.60874477657809,-60.01319818314558,5.5546875,7.210574626922607,22.964704099169996,0.0,0.15000000000000002,37.09330749511719,0.007768804673105478,0.0012364436406642199,11.403674259781837
3500.0,100,4,15.572665214538574,-91.29744388033201,-59.436561108544396,3.90234375,5.212569713592529,25.135893342125016,0.0,0.10999999999999999,11.010080337524414,0.002305945847183466,0.000367002678103745,38.419339805841446
3500.0,100,5,30.0,-76.06605049509065,-53.383202488090845,5.5546875,9.967226028442383,44.270477220550674,0.0,0.06999999999999995,11.93379020690918,0.0024994071573019028,0.0003977930173277855,35.445570945739746
3500.0,100,6,30.0,-77.59317947090643,-52.42308352925513,5.5546875,9.967226028442383,44.270477220550674,0.0,0.030000000000000027,3.3885233402252197,0.0007096906774677336,0.00011295078002149239,124.8331367969513
3500.0,100,7,-1.7851548194885254,-103.79728199538327,-60.57093643138347,0.490234375,0.7337498068809509,33.187801836172845,0.0,0.18000000000000005,30.186798095703125,0.0063223084434866905,0.0010062266374006867,14.012748375535011
3500.0,100,8,5.852358341217041,-99.12304699153219,-62.36992199132116,0.490234375,2.2773919105529785,78.4738686069643,0.0,0.20999999999999996,36.799041748046875,0.007707173470407724,0.001226634718477726,11.494864709675312
3500.0,100,9,30.0,-72.25733755318632,-47.88165100759449,5.5546875,9.967226028442383,44.270477220550674,0.0,0.030000000000000027,2.8704516887664795,0.0006011860095895827,9.568172390572727e-05,147.3635733127594
