freq_mhz,step,ue_id,sinr_eff_db,prx_dbm,prx_dbm_theo,se_la,se_shannon,se_gap_pct,tbler_step,tbler_running,doppler_fd_hz,doppler_slope_rad_per_sym,doppler_nu,doppler_Tc_ms
3500.0,1,0,30.0,-78.37934922083312,-54.88399167180823,0.740234375,9.967226028442383,92.57331605716902,0.0,0.0,0.27563953399658203,5.7729808759177104e-05,9.187984687741846e-06,1534.613013267517
3500.0,1,1,9.501075744628906,-92.55991178551037,-59.730657861033784,0.740234375,3.3095715045928955,77.63352826875831,0.0,0.0,0.4972584843635559,0.00010414557618787512,1.6575282643316314e-05,850.6642580032349
3500.0,1,2,20.387895584106445,-81.54129427571752,-61.42194544456891,0.740234375,6.785847187042236,89.09149654278248,0.0,0.0,0.47738882899284363,9.99840849544853e-05,1.5912961316644214e-05,886.070191860199
3500.0,2,0,25.782371520996094,-78.37273016890816,-54.883560173499404,5.5546875,8.568524360656738,35.17334763608867,0.0,0.0,-0.16232049465179443,-3.399632259970531e-05,-5.410683115769643e-06,2605.9556007385254
3500.0,2,1,15.633842468261719,-92.55907004119285,-59.72917775869598,2.56640625,5.2323479652404785,50.9511548725516,0.0,0.0,2.3569843769073486,0.0004936456680297852,7.856614683987573e-05,179.4666200876236
3500.0,2,2,19.58597183227539,-81.5400129853564,-61.421483631114334,5.5546875,6.522101879119873,14.832862120982703,0.0,0.0,1.446240782737732,0.00030289997812360525,4.8208024963969365e-05,292.4824357032776
3500.0,3,0,27.97259521484375,-78.36365564707737,-54.88310643968093,5.5546875,9.294594764709473,40.23744293736697,0.0,0.0,0.3025980591773987,6.337599188555032e-05,1.008660183288157e-05,1397.894024848938
3500.0,3,1,16.69488525390625,-91.80458800061338,-59.72788648575081,4.5234375,5.576475620269775,18.883577943784356,0.0,0.0,2.9743404388427734,0.0006229444406926632,9.91446795524098e-05,142.21639931201935
3500.0,3,2,17.72838020324707,-81.53800372781194,-61.42032150102377,0.0,5.9133782386779785,100.0,1.0,0.33333333333333337,3.2685561180114746,0.0006845648167654872,0.0001089518700609915,129.41494584083557
3500.0,4,0,30.0,-78.35061377334158,-54.882577604884105,5.5546875,9.967226028442383,44.270477220550674,0.0,0.0,1.2874388694763184,0.0002696405863389373,4.291463119443506e-05,328.5593092441559
3500.0,4,1,12.127950668334961,-91.80312314103502,-59.72633585454365,0.0,4.1146016120910645,100.0,1.0,0.25,3.772437572479248,0.0007900975178927183,0.00012574791617225856,112.1290922164917
3500.0,4,2,19.76121711730957,-81.53491391425962,-61.418170026452884,4.81640625,6.579697132110596,26.79896728840736,0.0,0.25,5.527951240539551,0.0011577714467421174,0.0001842650381149724,76.52021199464798
3500.0,5,0,30.0,-78.33216338409933,-54.881927110226925,5.5546875,9.967226028442383,44.270477220550674,0.0,0.0,1.1785697937011719,0.0002468391030561179,3.9285660022869706e-05,358.90960693359375
3500.0,5,1,8.86171817779541,-92.55455511460723,-59.72231107630415,0.0,3.1200778484344482,100.0,1.0,0.4,7.611624717712402,0.0015941750025376678,0.0002537208201829344,55.57289347052574
3500.0,5,2,19.407434463500977,-81.5306352477333,-61.41479606879078,5.5546875,6.463451862335205,14.0600468865699,0.0,0.19999999999999996,7.988578796386719,0.0016731241485103965,0.00026628596242517233,52.95059457421303
3500.0,6,0,28.81378746032715,-78.30736741443016,-54.881130749842086,5.5546875,9.573628425598145,41.979286712780976,0.0,0.0,0.8271772861480713,0.00017324360669590533,2.7572576072998345e-05,511.3776922225952
3500.0,6,1,13.397345542907715,-92.55212974998489,-59.71568692750546,2.16015625,4.515021800994873,52.15623876890218,0.0,0.33333333333333337,10.744611740112305,0.002250346355140209,0.000358153716661036,39.36856985092163
3500.0,6,2,18.261564254760742,-81.52492634799418,-61.410011625514535,5.33203125,6.087730407714844,12.413479360997382,0.0,0.16666666666666663,10.964834213256836,0.0022964696399867535,0.0003654944885056466,38.57787698507309
3500.0,7,0,27.991235733032227,-78.2752629658809,-54.880157931434724,5.5546875,9.300776481628418,40.277163837105114,0.0,0.0,0.809636116027832,0.00016956980107352138,2.6987871024175547e-05,522.4569439888
3500.0,7,1,13.808900833129883,-91.7958147892817,-59.70822099107031,3.322265625,4.646021366119385,28.492243939572305,0.0,0.2857142857142857,13.440414428710938,0.0028149541467428207,0.0004480138304643333,31.47224336862564
3500.0,7,2,16.17146873474121,-81.5173517790474,-61.403668902401115,0.0,5.406467437744141,100.0,1.0,0.2857142857142857,14.239599227905273,0.0029823346994817257,0.00047465332318097353,29.705893248319626
3500.0,8,0,30.0,-78.23525272925284,-54.87901812052736,5.5546875,9.967226028442383,44.270477220550674,0.0,0.0,2.660099983215332,0.0005571300280280411,8.866999996826053e-05,159.01657938957214
3500.0,8,1,9.499835968017578,-92.54476058952645,-59.69966400054012,0.0,3.30920147895813,100.0,1.0,0.375,17.277713775634766,0.003618636168539524,0.0005759238265454769,24.482406675815582
3500.0,8,2,17.96196746826172,-81.50778910102869,-61.395642875307985,4.212890625,5.989720821380615,29.664657992708587,0.0,0.25,17.484249114990234,0.003661892842501402,0.0005828083376400173,24.193204939365387
3500.0,9,0,30.0,-78.18684468051315,-54.87771977894036,5.5546875,9.967226028442383,44.270477220550674,0.0,0.0,3.8443098068237305,0.0008051503682509065,0.0001281436561839655,110.03275960683823
3500.0,9,1,14.951290130615234,-91.78758965911959,-59.687960735700294,2.16015625,5.0121259689331055,56.90139746308458,0.0,0.33333333333333337,19.284160614013672,0.004038865212351084,0.0006428053602576256,21.935101598501205
3500.0,9,2,15.944676399230957,-81.49630673655354,-61.3858382527184,4.81640625,5.332951545715332,9.685917662806098,0.0,0.2222222222222222,21.48296356201172,0.00449938140809536,0.0007160988170653582,19.690021872520447
3500.0,10,0,30.0,-78.12992878978214,-54.87630465300438,5.5546875,9.967226028442383,44.270477220550674,0.0,0.0,1.6066467761993408,0.0003364953154232353,5.355489338398911e-05,263.28128576278687
3500.0,10,1,10.449745178222656,-92.53454311787075,-59.6731090814059,0.0,3.5958733558654785,100.0,1.0,0.4,24.10508155822754,0.0050485567189753056,0.0008035027422010899,17.54816807806492
3500.0,10,2,19.131805419921875,-81.48283809706938,-61.37417103782694,4.212890625,6.372961044311523,33.89429818089964,0.0,0.19999999999999996,24.83120346069336,0.005200635641813278,0.0008277067681774497,17.035018652677536
3500.0,11,0,24.82682991027832,-78.065440277802,-54.874926434178626,5.5546875,8.252034187316895,32.68705177521717,0.0,0.0,0.14612464606761932,3.060427843593061e-05,4.8708216127124615e-06,2894.788980484009
3500.0,11,1,11.953113555908203,-92.52851632559221,-59.656956311511074,2.16015625,4.059938907623291,46.793380414077056,0.0,0.36363636363636365,25.699440002441406,0.0053824782371521,0.0008566480246372521,16.459502279758453
3500.0,11,2,20.295412063598633,-82.4144296079723,-61.3605532861186,5.115234375,6.755406379699707,24.279398048183985,0.0,0.18181818181818177,27.929109573364258,0.005849459208548069,0.0009309703018516302,15.14548808336258
3500.0,12,0,29.90726089477539,-77.99716328002964,-54.87391012404803,5.5546875,9.936450958251953,44.097872335524556,0.0,0.0,2.469165325164795,0.000517140724696219,8.230550884036347e-05,171.31295800209045
3500.0,12,1,16.376672744750977,-92.52235547616911,-59.63943982521152,2.5703125,5.473064422607422,53.037050150864516,0.0,0.33333333333333337,27.940027236938477,0.00585174560546875,0.0009313342743553221,15.139570459723473
3500.0,12,2,19.20897674560547,-82.39693957418305,-61.34499942713817,5.5546875,6.398289680480957,13.184807544030164,0.0,0.16666666666666663,31.156063079833984,0.006525310687720776,0.0010385354980826378,13.576812110841274
3500.0,13,0,30.0,-77.92689297546289,-54.873386437734254,5.5546875,9.967226028442383,44.270477220550674,0.0,0.0,4.826149940490723,0.001010786509141326,0.00016087167023215443,87.64750510454178
3500.0,13,1,17.87761688232422,-92.51655635988985,-59.61887772978646,3.609375,5.9621453285217285,39.4618077702088,0.0,0.3076923076923077,31.23792266845703,0.006542455404996872,0.0010412641568109393,13.541233725845814
3500.0,13,2,19.166000366210938,-82.37834214260599,-61.32773374897933,5.115234375,6.38418436050415,19.876462110877124,0.0,0.15384615384615385,33.96782302856445,0.007114204578101635,0.001132260775193572,12.452961876988411
3500.0,14,0,30.0,-77.85633705879425,-54.873461519199196,5.5546875,9.967226028442383,44.270477220550674,0.0,0.0,4.693840503692627,0.0009830757044255733,0.00015646134852431715,90.11810272932053
3500.0,14,1,16.217618942260742,-92.51105642770173,-59.595646822764536,4.212890625,5.421439170837402,22.292024456132165,0.0,0.2857142857142857,33.33929443359375,0.0069825658574700356,0.001111309858970344,12.68773153424263
3500.0,14,2,18.702869415283203,-82.35903462376217,-61.30898965200094,5.33203125,6.232277870178223,14.444905040032797,0.0,0.1428571428571429,36.41893005371094,0.007627563551068306,0.001213964307680726,11.614838615059853
3500.0,15,0,30.0,-77.7859533340563,-54.87413888904419,5.5546875,9.967226028442383,44.270477220550674,0.0,0.0,7.207867622375488,0.0015096123097464442,0.0002402622631052509,58.685872703790665
3500.0,15,1,11.850985527038574,-92.50630365386937,-59.570097307073326,3.609375,4.028069496154785,10.39442086474608,0.0,0.2666666666666667,37.954402923583984,0.007949152030050755,0.0012651467695832253,11.144951917231083
3500.0,15,2,20.103885650634766,-82.3394396764457,-61.288991940319384,5.115234375,6.692383289337158,23.56632676508529,0.0,0.1333333333333333,38.47145462036133,0.008057442493736744,0.0012823818251490593,10.995165444910526
3500.0,16,0,29.110258102416992,-77.71604126383885,-54.87541207794837,5.5546875,9.671988487243652,42.56933300400372,0.0,0.0,1.3573448657989502,0.0002842816465999931,4.5244829379953444e-05,311.637818813324
3500.0,16,1,11.021629333496094,-91.75401015878029,-59.54440600647472,2.56640625,3.771052122116089,31.94455640247459,0.0,0.25,38.187225341796875,0.007997914217412472,0.001272907480597496,11.077002622187138
3500.0,16,2,20.590723037719727,-82.31958623696131,-61.26792689267126,5.5546875,6.852628231048584,18.940772609956312,0.0,0.125,40.20001220703125,0.008419470861554146,0.0013400004245340824,10.522385127842426
3500.0,17,0,22.160160064697266,-77.64669445598265,-54.87727401792317,5.5546875,7.370192527770996,24.633074657549937,0.0,0.0,-23.439605712890625,-0.004909179639071226,-0.0007813202100805938,18.04637908935547
3500.0,17,1,14.758254051208496,-92.49782253868398,-59.518648039486806,2.5703125,4.950030326843262,48.074813076162656,0.0,0.23529411764705888,37.844993591308594,0.00792623683810234,0.0012614998267963529,11.17717195302248
3500.0,17,2,20.811750411987305,-82.29931500622581,-61.24594644638328,5.5546875,6.925432205200195,19.792912046282474,0.0,0.11764705882352944,41.74026870727539,0.008742062374949455,0.0013913422590121627,10.134099051356316
3500.0,18,0,30.0,-77.58915172437207,-54.87972340997486,5.5546875,9.967226028442383,44.270477220550674,0.0,0.0,5.124297618865967,0.0010732304072007537,0.0001708099152892828,82.54790306091309
3500.0,18,1,11.014511108398438,-92.49382497123925,-59.492877759150566,0.0,3.7688608169555664,100.0,1.0,0.2777777777777778,41.88318634033203,0.008771994151175022,0.0013961062068119645,10.099518112838268
3500.0,18,2,19.077472686767578,-82.27862357461626,-61.223176051802724,5.5546875,6.35513162612915,12.59524071599274,0.0,0.11111111111111116,43.10811996459961,0.009028543718159199,0.0014369373675435781,9.812536649405956
3500.0,19,0,20.03959083557129,-77.52156458620726,-54.88276142145021,5.5546875,6.671233654022217,16.736726847350482,0.0,0.0,-40.131656646728516,-0.008405154570937157,-0.0013377219438552856,10.540307499468327
3500.0,19,1,15.057748794555664,-92.4848060770093,-59.46713383684528,2.16015625,5.046407222747803,57.194174892136814,0.0,0.26315789473684215,38.417510986328125,0.008046144619584084,0.0012805836740881205,11.010603979229927
3500.0,19,2,19.52504539489746,-82.25790253376945,-61.199719738174444,5.33203125,6.502084732055664,17.99505128389408,0.0,0.10526315789473684,44.13238525390625,0.009243065491318703,0.0014710795367136598,9.584798477590084
3500.0,20,0,30.0,-77.45467306004923,-54.88635345140138,5.5546875,9.967226028442383,44.270477220550674,0.0,0.0,5.191978454589844,0.0010874054860323668,0.00017306595691479743,81.47183060646057
3500.0,20,1,10.356782913208008,-92.48180126797038,-59.43953825147259,0.0,3.5675711631774902,100.0,1.0,0.30000000000000004,40.29426193237305,0.008439211174845695,0.001343142124824226,10.497773066163063
3500.0,20,2,18.465742111206055,-82.23712301230498,-61.17566658021642,0.0,6.1545820236206055,100.0,1.0,0.15000000000000002,44.9583740234375,0.009416060522198677,0.0014986124588176608,9.408703073859215
3500.0,21,0,27.751312255859375,-77.38879389896829,-54.89050544757579,5.5546875,9.221205711364746,39.76180909667721,0.0,0.0,-0.8298162221908569,-0.00017379631754010916,-2.766054058156442e-05,509.75143909454346
3500.0,21,1,9.767509460449219,-92.47917518103506,-59.41028397030241,1.6953125,3.3893940448760986,49.98184107383793,0.0,0.2857142857142857,45.55825424194336,0.009541698731482029,0.0015186085365712643,9.28481575101614
3500.0,21,2,17.51217269897461,-82.21598060908072,-61.15109058484637,5.115234375,5.842777729034424,12.452011487944404,0.0,0.1428571428571429,45.854835510253906,0.009603815153241158,0.0015284945257008076,9.22476314008236
3500.0,22,0,25.10687828063965,-77.32377809162776,-54.895202289769045,5.5546875,8.344769477844238,33.435099498578595,0.0,0.0,-14.548820495605469,-0.0030470979399979115,-0.0004849606775678694,29.074521735310555
3500.0,22,1,8.797102928161621,-91.73744090878081,-59.37953608119483,1.6953125,3.1010982990264893,45.331868372821326,0.0,0.2727272727272727,44.63691711425781,0.00934873428195715,0.0014878972433507442,9.476461447775364
3500.0,22,2,16.409221649169922,-82.19452903335895,-61.12605253603722,4.5234375,5.4836344718933105,17.510229334483473,0.0,0.13636363636363635,46.72040939331055,0.009785099886357784,0.001557347015477717,9.053858928382397
3500.0,23,0,30.0,-77.25954360600394,-54.90042094633273,5.5546875,9.967226028442383,44.270477220550674,0.0,0.0,4.95566463470459,0.0010379119776189327,0.00016518881602678448,85.35686880350113
3500.0,23,1,11.368431091308594,-92.47577423179442,-59.34744087741509,1.4765625,3.8781239986419678,61.925856405905044,0.0,0.26086956521739135,45.690345764160156,0.009569363668560982,0.0015230115968734026,9.257973171770573
3500.0,23,2,12.093436241149902,-82.17299402338463,-61.10060571550861,0.0,4.1038007736206055,100.0,1.0,0.17391304347826086,47.125614166259766,0.009869965724647045,0.0015708538703620434,8.976010605692863
3500.0,24,0,30.0,-77.19615149229139,-54.906160184982504,5.5546875,9.967226028442383,44.270477220550674,0.0,0.0,4.217641830444336,0.0008833408355712891,0.00014058806118555367,100.29301047325134
3500.0,24,1,9.195826530456543,-91.93943387838631,-59.31606260115505,2.16015625,3.218726873397827,32.88786731632045,0.0,0.25,35.932044982910156,0.007525590248405933,0.001197734847664833,11.772221885621548
3500.0,24,2,8.71253776550293,-82.1514579494702,-61.07479740985023,0.0,3.076308250427246,100.0,1.0,0.20833333333333337,47.27696228027344,0.009901665151119232,0.0015758987283334136,8.947275578975677
3500.0,25,0,23.94927978515625,-77.13200357533744,-54.912412541479384,5.5546875,7.961578369140625,30.231327979761204,0.0,0.0,-2.853001117706299,-0.0005975311505608261,-9.510004019830376e-05,148.26492965221405
3500.0,25,1,5.014167308807373,-91.94302524155212,-59.28534431784113,0.0,2.06095027923584,100.0,1.0,0.28,41.59466552734375,0.008711566217243671,0.0013864889042451978,10.16957312822342
3500.0,25,2,-0.3445303738117218,-82.12960099786616,-61.04866788865032,0.0,0.9439094066619873,100.0,1.0,0.24,47.99072265625,0.010051153600215912,0.001599690760485828,8.814203552901745
3500.0,26,0,23.114673614501953,-77.06955668095289,-54.91917462728682,5.5546875,7.685553550720215,27.725602803464056,0.0,0.0,-36.84095764160156,-0.007715951651334763,-0.0012280319351702929,11.481786146759987
3500.0,26,1,15.03271770477295,-91.29086114004544,-59.25523627910184,0.740234375,5.038344383239746,85.3079837602523,0.0,0.2692307692307693,40.87265396118164,0.00856034830212593,0.0013624217826873064,10.349217802286148
3500.0,26,2,5.910650253295898,-82.1074838481973,-61.02225487846851,0.490234375,2.292782783508301,78.61836810158405,0.0,0.23076923076923073,50.158836364746094,0.010505243204534054,0.0016719612758606672,8.433209732174873
3500.0,27,0,24.547758102416992,-77.0080216237717,-54.92642994020578,5.5546875,8.159643173217773,31.924872422950614,0.0,0.0,-20.51478385925293,-0.004296606406569481,-0.0006838261615484953,20.61927691102028
3500.0,27,1,6.801244258880615,-91.95114096114132,-59.22373823511385,0.0,2.5329833030700684,100.0,1.0,0.2962962962962963,27.683067321777344,0.00579792819917202,0.0009227689006365836,15.280098654329777
3500.0,27,2,12.857206344604492,-82.08539059814845,-60.99559032944712,1.02734375,4.343924045562744,76.34986847780138,0.0,0.2222222222222222,51.08495330810547,0.010699206963181496,0.0017028318252414465,8.280324749648571
3500.0,28,0,29.38574981689453,-76.94746386993926,-54.93417576306789,5.5546875,9.763396263122559,43.10701573200837,0.0,0.0,-2.0341546535491943,-0.0004260323476046324,-6.780515832360834e-05,207.94878900051117
3500.0,28,1,6.485661029815674,-91.3023030946397,-59.19098303838693,0.876953125,2.446815252304077,64.15940581642995,0.0,0.2857142857142857,42.22919464111328,0.008844462223351002,0.0014076398219913244,10.01676730811596
3500.0,28,2,17.408544540405273,-82.06327444469132,-60.96870293665842,2.56640625,5.808959484100342,55.81986314374389,0.0,0.2142857142857143,49.308326721191406,0.010327111929655075,0.0016436108853667974,8.578673005104065
3500.0,29,0,30.0,-76.88791996530657,-54.94239892263318,5.5546875,9.967226028442383,44.270477220550674,0.0,0.0,2.0514369010925293,0.0004296519618947059,6.838123226771131e-05,206.19693398475647
3500.0,29,1,6.549795150756836,-91.96188269081377,-59.15905867455523,0.876953125,2.464236259460449,64.41278219029165,0.0,0.27586206896551724,42.50222396850586,0.008901644498109818,0.0014167408226057887,9.952420368790627
3500.0,29,2,21.335954666137695,-82.04091355356385,-60.94161792360168,3.90234375,7.098219394683838,45.02362447513762,0.0,0.2068965517241379,49.01776123046875,0.010266255587339401,0.0016339253634214401,8.62952508032322
3500.0,30,0,30.0,-76.82908034347578,-54.95106890321216,5.5546875,9.967226028442383,44.270477220550674,0.0,0.0,3.4465548992156982,0.0007218447863124311,0.0001148851661127992,122.73125350475311
3500.0,30,1,1.0049493312835693,-91.71444624776103,-59.1259024023142,0.876953125,1.1765531301498413,25.464213852517258,0.0,0.2666666666666667,39.52667236328125,0.00827844813466072,0.001317555783316493,10.701634921133518
3500.0,30,2,22.958538055419922,-82.01826094407564,-60.91435698042198,5.115234375,7.6339430809021,32.993548408858,0.0,0.19999999999999996,48.99794006347656,0.01026210468262434,0.0016332647064700723,8.633016608655453
3500.0,31,0,30.0,-76.77107195827405,-54.96018770778264,5.5546875,9.967226028442383,44.270477220550674,0.0,0.0,4.183076858520508,0.000876101606991142,0.0001394358987454325,101.12173855304718
3500.0,31,1,3.591187000274658,-91.1075384031448,-59.09363694635132,0.490234375,1.7164306640625,71.43873124244364,0.0,0.25806451612903225,40.022735595703125,0.008382342755794525,0.0013340911827981472,10.568993166089058
3500.0,31,2,24.740018844604492,-81.99563903789837,-60.88693963118272,5.5546875,8.223291397094727,32.451773483760284,0.0,0.19354838709677424,49.393157958984375,0.01034487970173359,0.0016464386135339737,8.563939481973648
3500.0,32,0,30.0,-76.71414974643939,-54.96975933768492,5.5546875,9.967226028442383,44.270477220550674,0.0,0.0,4.277716636657715,0.0008959228871390224,0.00014259055024012923,98.88453036546707
3500.0,32,1,8.271889686584473,-91.73606902666349,-59.06218847313213,0.490234375,2.9480793476104736,83.3710590117816,0.0,0.25,40.32196807861328,0.00844501331448555,0.001344065647572279,10.490559972822666
3500.0,32,2,26.507335662841797,-81.97307217553232,-60.85938490955485,5.5546875,8.808767318725586,36.94137557485594,0.0,0.1875,49.465675354003906,0.010360067710280418,0.0016488558612763882,8.551384322345257
3500.0,33,0,30.0,-76.65816023767485,-54.97976671584307,5.5546875,9.967226028442383,44.270477220550674,0.0,0.0,4.244548797607422,0.0008889762102626264,0.00014148496848065406,99.65723752975464
3500.0,33,1,7.214614391326904,-91.74769921807142,-59.02946421374118,1.326171875,2.6474905014038086,49.90834247387067,0.0,0.24242424242424243,38.5040168762207,0.008064262568950653,0.0012834672816097736,10.985867120325565
3500.0,33,2,27.447023391723633,-81.95026168686712,-60.83170824936294,5.5546875,9.120299339294434,39.095337846337365,0.0,0.18181818181818177,49.43013000488281,0.010352622717618942,0.0016476709861308336,8.557533845305443
3500.0,34,0,30.0,-76.60291369541973,-54.9901823810294,5.5546875,9.967226028442383,44.270477220550674,0.0,0.0,3.6498045921325684,0.0007644133293069899,0.00012166015221737325,115.89661985635757
3500.0,34,1,-0.3860444128513336,-91.14376017623862,-58.99557635102087,0.0,0.937303900718689,100.0,1.0,0.2647058823529411,37.60386657714844,0.007875734940171242,0.0012534622801467776,11.248843744397163
3500.0,34,2,27.12299919128418,-81.9271871122036,-60.80392002070564,5.5546875,9.012860298156738,38.36931544211315,0.0,0.17647058823529416,49.5069694519043,0.010368715971708298,0.0016502323560416698,8.544251322746277
3500.0,35,0,30.0,-76.54841856644563,-55.00100007685966,5.5546875,9.967226028442383,44.270477220550674,0.0,0.0,3.123828411102295,0.0006542531191371381,0.0001041276118485257,135.41077077388763
3500.0,35,1,7.877155303955078,-91.15741564565687,-58.96063121477122,0.490234375,2.8346304893493652,82.70552804529652,0.0,0.2571428571428571,45.8123779296875,0.009594922885298729,0.0015270792646333575,9.23331268131733
3500.0,35,2,27.252912521362305,-81.90414478733143,-60.77603247731588,5.5546875,9.05593490600586,38.66246215709707,0.0,0.17142857142857137,49.5223388671875,0.010371934622526169,0.0016507446998730302,8.541599847376347
3500.0,36,0,30.0,-76.49501368252167,-55.012235422497035,5.5546875,9.967226028442383,44.270477220550674,0.0,0.0,3.1045799255371094,0.0006502217147499323,0.00010348599607823417,136.2503170967102
3500.0,36,1,7.363141059875488,-91.78682166041781,-58.9267747021899,1.02734375,2.689068078994751,61.795547014040274,0.0,0.25,43.98541259765625,0.009212283417582512,0.0014661804307252169,9.616824798285961
3500.0,36,2,28.129657745361328,-81.88119014811437,-60.74805847042967,5.5546875,9.346687316894531,40.57052181514975,0.0,0.16666666666666663,49.40472412109375,0.01034730114042759,0.0016468241810798645,8.561934344470501
3500.0,37,0,30.0,-76.44217465922767,-55.02384289903391,5.5546875,9.967226028442383,44.270477220550674,0.0,0.0,3.71929669380188,0.0007789676892571151,0.00012397655518725514,113.73118311166763
3500.0,37,1,4.982062816619873,-91.18471850861327,-58.893901468867426,1.02734375,2.0528485774993896,49.955210468985236,0.0,0.2432432432432432,41.721805572509766,0.008738195523619652,0.0013907268876209855,10.13858336955309
3500.0,37,2,26.622112274169922,-81.85795125491133,-60.72000248666871,5.5546875,8.846811294555664,37.21254681425883,0.0,0.16216216216216217,49.48534393310547,0.010364186018705368,0.0016495115123689175,8.547985926270485
3500.0,38,0,30.0,-76.39019154313732,-55.035831608154304,5.5546875,9.967226028442383,44.270477220550674,0.0,0.0,3.254326343536377,0.0006815845845267177,0.00010847754310816526,129.98081743717194
3500.0,38,1,6.49147367477417,-91.81266329286007,-58.86192715912811,0.6015625,2.448392152786255,75.43030436054022,0.0,0.23684210526315785,40.29863357543945,0.008440125733613968,0.0013432877603918314,10.496634058654308
3500.0,38,2,24.099769592285156,-81.8344893836332,-60.69187426730655,5.5546875,8.011372566223145,30.66497090125114,0.0,0.1578947368421053,49.70742416381836,0.010410699062049389,0.0016569141298532486,8.509795181453228
3500.0,39,0,30.0,-76.33918310614527,-55.04820586909798,5.5546875,9.967226028442383,44.270477220550674,0.0,0.0,1.8567767143249512,0.00038888241397216916,6.189255509525537e-05,227.81415283679962
3500.0,39,1,7.14910888671875,-91.21275385880331,-58.828705490735295,0.876953125,2.629225254058838,66.64594927170226,0.0,0.23076923076923073,41.959999084472656,0.00878808181732893,0.0013986666454002261,10.081029497087002
3500.0,39,2,22.761920928955078,-81.81113162979527,-60.66368164082278,5.5546875,7.56896448135376,26.612319113347105,0.0,0.15384615384615385,49.443687438964844,0.01035546138882637,0.0016481229104101658,8.555186912417412
3500.0,40,0,30.0,-76.28900249382512,-55.06094268489625,5.5546875,9.967226028442383,44.270477220550674,0.0,0.0,2.067218780517578,0.0004329573130235076,6.890729127917439e-05,204.6227604150772
3500.0,40,1,9.36164379119873,-91.84136351386175,-58.79434358068296,1.02734375,3.2679929733276367,68.56346514864424,0.0,0.22499999999999998,43.26844024658203,0.00906212069094181,0.0014422814128920436,9.776178747415543
3500.0,40,2,22.34186363220215,-81.7878224162603,-60.63542784411518,5.5546875,7.4301958084106445,25.241707712300855,0.0,0.15000000000000002,49.10523223876953,0.010284576565027237,0.0016368411015719175,8.61415360122919
3500.0,41,0,30.0,-76.23951297438943,-55.07402915681812,5.5546875,9.967226028442383,44.270477220550674,0.0,0.0,2.487637758255005,0.0005210096715018153,8.292125858133659e-05,170.0408309698105
3500.0,41,1,5.506845474243164,-91.24471504404428,-58.75893920902843,1.328125,2.187049150466919,39.27319833134728,0.0,0.2195121951219512,42.93661880493164,0.008992625400424004,0.0014312206767499447,9.851730428636074
3500.0,41,2,20.24574089050293,-81.76427572105281,-60.60711692668343,5.5546875,6.739058971405029,17.574730781115267,0.0,0.14634146341463417,49.40306854248047,0.010346954688429832,0.0016467690002173185,8.562221191823483
3500.0,42,0,30.0,-76.19103736555529,-55.08747657467722,5.5546875,9.967226028442383,44.270477220550674,0.0,0.0,0.8222616910934448,0.00017221408779732883,2.7408723326516338e-05,514.4347548484802
3500.0,42,1,7.941035270690918,-91.26086308651004,-58.724682956150914,0.740234375,2.8528950214385986,74.05322069556102,0.0,0.2142857142857143,41.2913932800293,0.008648049086332321,0.0013763797469437122,10.244266130030155
3500.0,42,2,22.17386817932129,-81.74055140121465,-60.578755062472126,5.115234375,7.374719142913818,30.638248374311317,0.0,0.1428571428571429,49.597625732421875,0.010387702845036983,0.0016532542649656534,8.52863397449255
3500.0,43,0,30.0,-76.14318663944594,-55.101254547333866,5.5546875,9.967226028442383,44.270477220550674,0.0,0.0,0.888286828994751,0.00018604236538521945,2.960956044262275e-05,476.1975407600403
3500.0,43,1,15.38575267791748,-91.27707240610233,-58.691462733578305,1.17578125,5.152188301086426,77.17899305520206,0.0,0.2093023255813954,41.524600982666016,0.00869689229875803,0.0013841533800587058,10.18673274666071
3500.0,43,2,23.561758041381836,-81.71688214406274,-60.5503411529553,5.5546875,7.833385944366455,29.089572000537377,0.0,0.13953488372093026,49.22351837158203,0.010309349745512009,0.001640783972106874,8.593453094363213
3500.0,44,0,30.0,-76.09614096524724,-55.115364609547264,5.5546875,9.967226028442383,44.270477220550674,0.0,0.0,1.2938034534454346,0.00027097357087768614,4.312678356654942e-05,326.9430100917816
3500.0,44,1,9.959723472595215,-92.30784331556362,-58.65918693263043,3.029296875,3.4472734928131104,12.12484645284192,0.0,0.20454545454545459,43.266143798828125,0.009061640128493309,0.0014422048116102815,9.776697494089603
3500.0,44,2,22.4375057220459,-81.69324105150585,-60.52188030833774,5.5546875,7.461784839630127,25.558192585524353,0.0,0.13636363636363635,49.11050796508789,0.010285681113600731,0.001637017005123198,8.613227866590023
3500.0,45,0,29.32998275756836,-77.45462274932098,-55.129809033642886,5.5546875,9.744892120361328,42.99898417147342,0.0,0.0,-14.990867614746094,-0.003139680251479149,-0.0004996955976821482,28.21717970073223
3500.0,45,1,11.293968200683594,-92.31870807932759,-58.62565184483978,1.6953125,3.855083703994751,56.02397690500812,0.0,0.19999999999999996,50.50202941894531,0.010577120818197727,0.0016834009438753128,8.37590079754591
3500.0,45,2,24.32843589782715,-81.66947388828724,-60.493373961095784,5.5546875,8.08704662322998,31.31376930554348,0.0,0.1333333333333333,49.16815185546875,0.010297753848135471,0.0016389384400099516,8.603130467236042
3500.0,46,0,29.82569694519043,-77.40669547658828,-55.14457963971004,5.5546875,9.909383773803711,43.94517735114586,0.0,0.0,-11.334492683410645,-0.002373890485614538,-0.00037781643914058805,37.31971234083176
3500.0,46,1,18.107938766479492,-92.33034053290316,-58.59096372304881,1.9140625,6.037459850311279,68.29689062195064,0.0,0.19565217391304346,44.9718017578125,0.009418873116374016,0.0014990600757300854,9.405894204974174
3500.0,46,2,26.19981575012207,-81.19366713068092,-60.46482386648191,5.5546875,8.706847190856934,36.20322743423152,0.0,0.13043478260869568,48.82984924316406,0.0102268997579813,0.001627661637030542,8.662734180688858
3500.0,47,0,29.976709365844727,-77.3595702566861,-55.15965340297935,5.5546875,9.959498405456543,44.227236414268255,0.0,0.0,-14.711244583129883,-0.0030811158940196037,-0.0004903748049400747,28.75351533293724
3500.0,47,1,15.659303665161133,-91.68307124066172,-58.555202694216774,3.609375,5.240581512451172,31.126440998495397,0.0,0.19148936170212771,46.025543212890625,0.009639566764235497,0.0015341847902163863,9.19054914265871
3500.0,47,2,26.621257781982422,-81.1727711443419,-60.436227957790905,5.5546875,8.846528053283691,37.21053653429395,0.0,0.12765957446808507,48.085777282714844,0.010071061551570892,0.0016028592362999916,8.796780370175838
3500.0,48,0,29.72174644470215,-77.31319601622552,-55.175024248913424,5.5546875,9.87488842010498,43.74936441113785,0.0,0.0,-14.267074584960938,-0.0029880893416702747,-0.000475569162517786,29.648685827851295
3500.0,48,1,14.844160079956055,-91.94145904794033,-58.52062991809835,3.029296875,4.977653503417969,39.14207019592877,0.0,0.1875,47.36562728881836,0.009920233860611916,0.0015788542805239558,8.930526673793793
3500.0,48,2,25.506017684936523,-81.15222353156454,-60.407587334493584,5.5546875,8.476970672607422,34.47320140024219,0.0,0.125,48.73505783081055,0.010207046754658222,0.0016245018923655152,8.679583668708801
3500.0,49,0,30.0,-77.26773547782534,-55.19069712572524,5.5546875,9.967226028442383,44.270477220550674,0.0,0.0,-12.396793365478516,-0.0025963783264160156,-0.00041322645847685635,34.12172943353653
3500.0,49,1,13.392149925231934,-92.6153987339205,-58.48713557347953,3.029296875,4.513370990753174,32.88172230454109,0.0,0.18367346938775508,43.80803298950195,0.0091751329600811,0.0014602678129449487,9.655763395130634
3500.0,49,2,26.13433074951172,-81.13122365313714,-60.37890217795111,5.5546875,8.68514633178711,36.04382369851179,0.0,0.12244897959183676,47.18905258178711,0.009883252903819084,0.0015729684382677078,8.96394345909357
3500.0,50,0,30.0,-77.22315035035388,-55.206663306901305,5.5546875,9.967226028442383,44.270477220550674,0.0,0.0,-17.393024444580078,-0.0036427867598831654,-0.0005797675112262368,24.320095777511597
3500.0,50,1,16.714662551879883,-92.62883765605298,-58.454619105167005,2.5703125,5.582908630371094,53.961050230744114,0.0,0.18000000000000005,47.85002899169922,0.010021686553955078,0.0015950009692460299,8.840120397508144
3500.0,50,2,24.36964225769043,-81.10979018220834,-60.350172959908036,5.5546875,8.100685119628906,31.429410994628793,0.0,0.12,46.11138153076172,0.009657545015215874,0.0015370460459962487,9.173440746963024
3500.0,51,0,30.0,-77.17940296870766,-55.22291675689803,5.5546875,9.967226028442383,44.270477220550674,0.0,0.0,-12.056783676147461,-0.0025251670740544796,-0.0004018927866127342,35.08398309350014
3500.0,51,1,11.635571479797363,-92.6433026785721,-58.42079850675188,3.609375,3.961000442504883,8.877187660259878,0.0,0.17647058823529416,42.65773010253906,0.008934213779866695,0.0014219243312254548,9.916139766573906
3500.0,51,2,19.613252639770508,-81.08872642807738,-60.321398455383395,5.5546875,6.531066417694092,14.949762492827624,0.0,0.11764705882352944,45.21781921386719,0.009470397606492043,0.0015072606038302183,9.354718960821629
3500.0,52,0,30.0,-77.13663080646944,-55.239459848485154,5.5546875,9.967226028442383,44.270477220550674,0.0,0.0,-18.16188621520996,-0.0038038166239857674,-0.0006053962279111147,23.29053357243538
3500.0,52,1,9.625336647033691,-92.65867332368609,-58.385784470497775,2.16015625,3.3467400074005127,35.45491298328126,0.0,0.17307692307692313,44.45320129394531,0.009310256689786911,0.001481773448176682,9.515625424683094
3500.0,52,2,21.469261169433594,-81.06794854188914,-60.292579129656346,5.33203125,7.142184734344482,25.344534644140936,0.0,0.11538461538461542,46.70576477050781,0.009782033041119576,0.0015568588860332966,9.056697599589825
3500.0,53,0,29.214031219482422,-77.09481017455377,-55.25628620490519,5.5546875,9.706418991088867,42.773050441160954,0.0,0.0,-12.57437801361084,-0.0026335716247558594,-0.00041914594476111233,33.63983705639839
3500.0,53,1,13.401336669921875,-92.67494616380284,-58.34967450601736,1.6953125,4.516289234161377,62.46226908638636,0.0,0.16981132075471694,51.72383499145508,0.010833014734089375,0.0017241277964785695,8.178047835826874
3500.0,53,2,16.09078598022461,-81.04674993522649,-60.263713962747595,0.0,5.380303382873535,100.0,1.0,0.13207547169811318,46.6309928894043,0.009766372852027416,0.001554366433992982,9.071220643818378
3500.0,54,0,28.899736404418945,-77.05376090426847,-55.273382440498075,5.5546875,9.602142333984375,42.151581315967626,0.0,0.0,-18.673219680786133,-0.003910910338163376,-0.0006224406533874571,22.65276201069355
3500.0,54,1,13.852776527404785,-92.69107475497194,-58.31477842158177,2.56640625,4.660017490386963,44.92711121161719,0.0,0.16666666666666663,44.646949768066406,0.009350836277008057,0.001488231704570353,9.474331513047218
3500.0,54,2,17.83340835571289,-81.02518339677158,-60.23480026344448,3.90234375,5.947695732116699,34.388981451624936,0.0,0.12962962962962965,47.161163330078125,0.009877411648631096,0.001572038745507598,8.969244547188282
3500.0,55,0,30.0,-77.01332808819888,-55.29073621782253,5.5546875,9.967226028442383,44.270477220550674,0.0,0.0,-13.167621612548828,-0.002757820300757885,-0.0004389207169879228,32.12425112724304
3500.0,55,1,14.028916358947754,-92.70688267202799,-58.28097879141595,2.73046875,4.716259479522705,42.105205155583825,0.0,0.1636363636363637,45.31277084350586,0.009490285068750381,0.001510425703600049,9.335116483271122
3500.0,55,2,18.751110076904297,-81.00389771447887,-60.205835185145354,4.5234375,6.2480902671813965,27.602878534586416,0.0,0.12727272727272732,47.561973571777344,0.009961356408894062,0.001585399149917066,8.893659338355064
3500.0,56,0,28.230541229248047,-76.97390383224223,-55.308363670810785,5.5546875,9.380149841308594,40.78252912828646,0.0,0.0,-19.255441665649414,-0.00403285026550293,-0.0006418480770662427,21.967817097902298
3500.0,56,1,8.888422012329102,-92.33674696236227,-58.24817794916082,0.0,3.1279313564300537,100.0,1.0,0.1785714285714286,47.57172393798828,0.009963398799300194,0.001585724181495607,8.891836740076542
3500.0,56,2,23.016681671142578,-80.9829285969999,-60.17682085795942,5.115234375,7.653162002563477,33.1618176475734,0.0,0.125,46.090736389160156,0.009653221815824509,0.0015363579150289297,9.177549742162228
3500.0,57,0,30.0,-76.93624048557498,-55.32625538924123,5.5546875,9.967226028442383,44.270477220550674,0.0,0.0,-13.771472930908203,-0.002884290646761656,-0.00045904910075478256,30.715668573975563
3500.0,57,1,18.072120666503906,-92.32264372875726,-58.21403207895185,1.328125,6.02574348449707,77.95915137415031,0.0,0.17543859649122806,44.695579528808594,0.009361021220684052,0.0014898526715114713,9.464023634791374
3500.0,57,2,20.49156951904297,-80.96156158493322,-60.14775495368368,5.5546875,6.819978713989258,18.552715001791288,0.0,0.1228070175438597,48.59891891479492,0.01017853431403637,0.0016199640231207013,8.703897707164288
3500.0,58,0,29.92884635925293,-76.89164242268777,-55.34439559913435,5.5546875,9.94361400604248,44.138142363284025,0.0,0.0,-18.692106246948242,-0.003914865665137768,-0.0006230702274478972,22.6298738270998
3500.0,58,1,12.458186149597168,-91.90590094097078,-58.178649999745325,3.609375,4.2181925773620605,14.433138511253041,0.0,0.1724137931034483,47.655059814453125,0.009980851784348488,0.0015885019674897194,8.876287378370762
3500.0,58,2,28.912248611450195,-80.93978393908426,-60.118633835090115,5.5546875,9.606292724609375,42.1765746762014,0.0,0.12068965517241381,46.50929260253906,0.009740883484482765,0.0015503098256886005,9.094957262277603
3500.0,59,0,28.576061248779297,-76.20914425032156,-55.36278508786369,5.5546875,9.494763374328613,41.49735721673233,0.0,0.0,-15.696964263916016,-0.003287564730271697,-0.0005232321564108133,26.947885751724243
3500.0,59,1,16.32340431213379,-92.29650961829272,-58.142134592994324,2.40625,5.455770015716553,55.89531829479131,0.0,0.1694915254237288,44.47174835205078,0.009314142167568207,0.001482391613535583,9.511657059192657
3500.0,59,2,25.351634979248047,-80.91834950390432,-60.0894563798478,5.5546875,8.425832748413086,34.075507242341544,0.0,0.11864406779661019,50.250579833984375,0.010524457320570946,0.001675019389949739,8.41781310737133
3500.0,60,0,28.64795684814453,-76.17704906081033,-55.38142524881076,5.5546875,9.518613815307617,41.643945139710596,0.0,0.0,-15.440832138061523,-0.003233920317143202,-0.0005146944313310087,27.394896373152733
3500.0,60,1,16.897838592529297,-92.28307911992388,-58.1068540836409,3.322265625,5.642514228820801,41.12082858328383,0.0,0.16666666666666663,44.607757568359375,0.009342627599835396,0.0014869252918288112,9.482655674219131
3500.0,60,2,27.460739135742188,-80.89719817708732,-60.06022167364168,5.5546875,9.124846458435059,39.12568802880825,0.0,0.1166666666666667,45.62183380126953,0.009555014781653881,0.0015207277610898018,9.271876886487007
3500.0,61,0,23.49068260192871,-83.67063658130888,-55.40031217442186,5.5546875,7.809879779815674,28.876145899763138,0.0,0.0,-4.901695728302002,-0.0010266087483614683,-0.00016338986461050808,86.2966701388359
3500.0,61,1,7.624439716339111,-91.87381012488977,-58.072691443699306,0.0,2.762747049331665,100.0,1.0,0.180327868852459,44.332481384277344,0.00928497314453125,0.0014777494361624122,9.541536681354046
3500.0,61,2,23.730918884277344,-80.87563135182138,-60.030928461384455,5.5546875,7.88933801651001,29.592476727759532,0.0,0.11475409836065575,50.85370635986328,0.010650776326656342,0.0016951236175373197,8.317978121340275
3500.0,62,0,25.109169006347656,-83.64104295245566,-55.41942570673781,5.5546875,8.345527648925781,33.44114675942643,0.0,0.0,-28.159610748291016,-0.005897735245525837,-0.0009386537130922079,15.02151507884264
3500.0,62,1,11.988399505615234,-92.25487209693384,-58.0395338158866,1.02734375,4.070960521697998,74.76409450486405,0.0,0.17741935483870963,43.65153503417969,0.009142355993390083,0.001455051125958562,9.690380655229092
3500.0,62,2,26.828645706176758,-80.85368100972272,-60.00157110363491,5.5546875,8.915274620056152,37.694712314257195,0.0,0.11290322580645162,45.991546630859375,0.009632446803152561,0.001533051603473723,9.197342209517956
3500.0,63,0,15.232649803161621,-83.61081731007016,-55.43876622623142,0.0,5.102784156799316,100.0,1.0,0.015873015873015928,-10.483901023864746,-0.0021957431454211473,-0.00034946337109431624,40.34757614135742
3500.0,63,1,9.669798851013184,-91.85150879572947,-58.00498169438679,2.16015625,3.360065221786499,35.71088334852395,0.0,0.17460317460317465,46.996734619140625,0.00984297413378954,0.001566557795740664,9.00062546133995
3500.0,63,2,22.14595603942871,-80.8320125924068,-59.9721487947325,5.5546875,7.365502834320068,24.585087740139745,0.0,0.11111111111111116,45.80376434326172,0.009593118913471699,0.0015267921844497323,9.235048666596413
3500.0,64,0,27.120431900024414,-83.5672973307957,-55.458335054997654,5.5546875,9.012009620666504,38.3634978899502,0.0,0.015625,-11.295503616333008,-0.0023657246492803097,-0.00037651677848771214,37.44852915406227
3500.0,64,1,15.779452323913574,-92.16195483513657,-57.96915270250208,1.4765625,5.279452323913574,72.03190010236806,0.0,0.171875,41.669769287109375,0.008727296255528927,0.0013889922993257642,10.151244699954987
3500.0,64,2,25.73573112487793,-80.81061917799633,-59.94266039916213,5.5546875,8.553071022033691,35.05622149412196,0.0,0.109375,44.69106674194336,0.009360074996948242,0.0014897022629156709,9.46497917175293
3500.0,65,0,22.454429626464844,-83.5716219374409,-55.4781320539475,5.5546875,7.467375755310059,25.613928078414215,0.0,0.01538461538461533,-9.668169975280762,-0.0020248969085514545,-0.00032227233168669045,43.75181719660759
3500.0,65,1,9.332375526428223,-92.14850963263166,-57.9321527298279,0.0,3.2592830657958984,100.0,1.0,0.18461538461538463,44.30657958984375,0.00927954912185669,0.0014768859837204218,9.547115303575993
3500.0,65,2,21.87359619140625,-80.78880082767168,-59.91310462357533,5.5546875,7.27559232711792,23.653123343699246,0.0,0.10769230769230764,43.32874298095703,0.009074751287698746,0.0014442914398387074,9.762573055922985
3500.0,66,0,24.933692932128906,-83.53250559052807,-55.49814951331579,5.5546875,8.287418365478516,32.97445289912944,0.0,0.015151515151515138,-9.579418182373047,-0.002006308641284704,-0.0003193139564245939,44.15716975927353
3500.0,66,1,14.731999397277832,-91.75917678871174,-57.896406184610804,1.328125,4.941592216491699,73.12354112167299,0.0,0.18181818181818177,44.351158142089844,0.00928888563066721,0.0014783719088882208,9.537518955767155
3500.0,66,2,16.73113441467285,-80.76665180989175,-59.88347873640224,0.0,5.588265895843506,100.0,1.0,0.12121212121212122,41.642730712890625,0.008721633814275265,0.00138809101190418,10.15783566981554
3500.0,67,0,26.357919692993164,-83.5075200080921,-55.51839173336143,5.5546875,8.759244918823242,36.584859180461834,0.0,0.014925373134328401,-22.77745819091797,-0.004770499654114246,-0.0007592486217617989,18.570993095636368
3500.0,67,1,8.060272216796875,-92.11951188587923,-57.8617915205809,2.5703125,2.8870863914489746,10.972096033814616,0.0,0.17910447761194026,41.777381896972656,0.008749835193157196,0.0013925794046372175,10.125095956027508
3500.0,67,2,23.581350326538086,-80.74482373150283,-59.853782481338804,4.5234375,7.839865684509277,42.30210462740681,0.0,0.11940298507462688,43.21796417236328,0.00905154924839735,0.001440598862245679,9.787596762180328
3500.0,68,0,23.861238479614258,-81.37473883360995,-55.53885226284704,5.5546875,7.932449817657471,29.975132176249264,0.0,0.014705882352941124,-29.445335388183594,-0.0061670164577662945,-0.0009815111989155412,14.36560321599245
3500.0,68,1,5.447167873382568,-91.73684664491356,-57.82584998220165,1.02734375,2.1716015338897705,52.69188504578817,0.0,0.17647058823529416,41.964744567871094,0.008789075538516045,0.001398824853822589,10.079889558255672
3500.0,68,2,12.992552757263184,-80.72324897563597,-59.824013116299774,0.0,4.3867034912109375,100.0,1.0,0.13235294117647056,41.04700469970703,0.008596864528954029,0.0013682334683835506,10.305258445441723
3500.0,69,0,27.264780044555664,-81.33975935003946,-55.559517215707174,5.5546875,9.059869766235352,38.68910212482955,0.0,0.01449275362318836,-12.49099349975586,-0.00261610746383667,-0.0004163664416410029,33.864401280879974
3500.0,69,1,13.863255500793457,-91.72540572255663,-57.79105362859039,0.740234375,4.663360595703125,84.12658940245666,0.0,0.17391304347826086,44.04411315917969,0.00922457780689001,0.001468137139454484,9.604007937014103
3500.0,69,2,22.18401336669922,-80.69504348264772,-59.794166291851305,3.029296875,7.378068923950195,58.94187346005268,0.0,0.13043478260869568,43.90489196777344,0.00919541995972395,0.001463496359065175,9.634462185204029
3500.0,70,0,25.681394577026367,-80.94953078692538,-55.58038818213973,5.5546875,8.535069465637207,34.91924673415296,0.0,0.014285714285714235,-24.079936981201172,-0.005043290555477142,-0.0008026645518839359,17.566490918397903
3500.0,70,1,10.813342094421387,-92.07682672430757,-57.754906094546065,2.5703125,3.707042932510376,30.664075199706208,0.0,0.17142857142857137,43.852867126464844,0.009184522554278374,0.001461762236431241,9.64589137583971
3500.0,70,2,21.996784210205078,-80.67287968291511,-59.764241750817554,5.5546875,7.316254615783691,24.077444106214973,0.0,0.12857142857142856,45.04499435424805,0.009434201754629612,0.0015014997916296124,9.390611201524734
3500.0,71,0,30.0,-80.91525853534142,-55.60145657873725,5.5546875,9.967226028442383,44.270477220550674,0.0,0.014084507042253502,-23.218219757080078,-0.004862812347710133,-0.0007739406428299844,18.218452110886574
3500.0,71,1,5.853020668029785,-92.06365210182844,-57.71751864409442,0.0,2.277566432952881,100.0,1.0,0.18309859154929575,46.616249084472656,0.009763284586369991,0.0015538750449195504,9.074089117348194
3500.0,71,2,24.697181701660156,-80.65105002116015,-59.73423606127201,5.5546875,8.209110260009766,32.33508475261493,0.0,0.12676056338028174,45.01350784301758,0.00942760705947876,0.0015004503075033426,9.397179819643497
3500.0,72,0,16.32549476623535,-80.8837847622832,-55.62273082759919,0.0,5.456448554992676,100.0,1.0,0.02777777777777779,-2.4962143898010254,-0.000522805901709944,-8.320714550791308e-05,169.4566011428833
3500.0,72,1,6.315793514251709,-92.05456056425015,-57.6813978047015,0.740234375,2.4009029865264893,69.16850121999576,0.0,0.18055555555555558,44.622039794921875,0.00934561900794506,0.0014874013140797615,9.47962049394846
3500.0,72,2,23.073225021362305,-80.62948072053712,-59.70414955385648,5.5546875,7.671852111816406,27.596525336502364,0.0,0.125,44.95661926269531,0.00941569171845913,0.0014985540183261037,9.409070946276188
3500.0,73,0,24.804292678833008,-80.85407021390944,-55.6441950179696,5.5546875,8.244572639465332,32.626131845686224,0.0,0.0273972602739726,-10.232826232910156,-0.0021431581117212772,-0.000341094215400517,41.33755341172218
3500.0,73,1,15.417064666748047,-92.03980081505021,-57.64641624352029,0.740234375,5.162298679351807,85.66076042905472,0.0,0.17808219178082196,44.6893310546875,0.009359711781144142,0.0014896444045007229,9.465347044169903
3500.0,73,2,23.907087326049805,-80.60747452036904,-59.67397822203219,5.5546875,7.947618007659912,30.108776055336406,0.0,0.12328767123287676,45.117279052734375,0.009449341334402561,0.0015039093559607863,9.375565685331821
3500.0,74,0,30.0,-80.82184432493418,-55.66585284891751,5.5546875,9.967226028442383,44.270477220550674,0.0,0.027027027027026973,-22.503856658935547,-0.004713196773082018,-0.0007501285872422159,18.796779215335846
3500.0,74,1,9.958158493041992,-92.0244476984093,-57.61246507521791,2.56640625,3.4468016624450684,25.542386788236016,0.0,0.17567567567567566,45.468101501464844,0.00952281802892685,0.0015156033914536238,9.303225204348564
3500.0,74,2,27.13162612915039,-80.58507788064452,-59.64372102511004,5.5546875,9.015721321105957,38.38887314544226,0.0,0.1216216216216216,45.300453186035156,0.009487705305218697,0.0015100151067599654,9.337655268609524
3500.0,75,0,24.177520751953125,-80.79631808788398,-55.68769966412024,5.5546875,8.037101745605469,30.886933177905885,0.0,0.026666666666666616,-20.91582489013672,-0.004380600061267614,-0.0006971941911615431,20.223921164870262
3500.0,75,1,7.196334362030029,-91.665942018605,-57.577008857934864,1.328125,2.6423890590667725,49.73771952911955,0.0,0.17333333333333334,45.218345642089844,0.009470509365200996,0.0015072781825438142,9.354609996080399
3500.0,75,2,25.413362503051758,-80.5629827702553,-59.61337638981912,5.5546875,8.44627857208252,34.23509001514695,0.0,0.12,45.95159912109375,0.00962408073246479,0.0015317200450226665,9.205338545143604
3500.0,76,0,25.96146011352539,-80.77302310583951,-55.70973017046407,5.5546875,8.627862930297852,35.61919626128969,0.0,0.02631578947368418,-18.017505645751953,-0.0037735775113105774,-0.0006005835020914674,23.47716875374317
3500.0,76,1,8.338882446289062,-91.65619938674362,-57.54017040612793,1.02734375,2.9674696922302246,65.37980648328401,0.0,0.17105263157894735,44.402801513671875,0.00929970107972622,0.0014800933422520757,9.52642597258091
3500.0,76,2,26.866117477416992,-80.5411551511867,-59.58294175687072,5.5546875,8.92769718170166,37.78140782614167,0.0,0.11842105263157898,45.041526794433594,0.009433476254343987,0.0015013841912150383,9.391333907842636
3500.0,77,0,18.995237350463867,-80.7512236070133,-55.73193850759335,5.5546875,6.328150272369385,12.222572775279328,0.0,0.025974025974025983,-13.708847045898438,-0.002871174132451415,-0.0004569615703076124,30.85598722100258
3500.0,77,1,8.275615692138672,-91.64745415209725,-57.50206058306867,1.02734375,2.9491567611694336,65.16483072291396,0.0,0.16883116883116878,44.44232940673828,0.00930798053741455,0.0014814110472798347,9.517952799797058
3500.0,77,2,17.82167625427246,-80.51887801814159,-59.552414601772846,0.0,5.943861961364746,100.0,1.0,0.1298701298701299,44.984657287597656,0.00942156556993723,0.0014994886005297303,9.403206408023834
3500.0,78,0,29.995439529418945,-80.72868893652634,-55.75432458811502,5.5546875,9.965713500976562,44.262018976807994,0.0,0.02564102564102566,-17.482437133789062,-0.003661513328552246,-0.0005827479180879891,24.195712059736252
3500.0,78,1,6.081940174102783,-91.6390764486073,-57.46278844220911,1.17578125,2.338252544403076,49.7153866970276,0.0,0.16666666666666663,37.78357696533203,0.007913374342024326,0.0012594525469467044,11.195340193808079
3500.0,78,2,25.629844665527344,-80.49093278539063,-59.52179416875038,4.5234375,8.517991065979004,46.895489030662596,0.0,0.1282051282051282,44.44129943847656,0.00930776447057724,0.0014813767047598958,9.518173523247242
3500.0,79,0,21.11906623840332,-82.67267276118253,-55.776879337915254,5.5546875,7.026708602905273,20.948941902851203,0.0,0.025316455696202556,-8.058355331420898,-0.001687738113105297,-0.0002686118532437831,52.49210074543953
3500.0,79,1,16.434345245361328,-86.33265643328004,-57.4249060122496,0.740234375,5.491794109344482,86.52108290548503,0.0,0.16455696202531644,44.04812240600586,0.00922541692852974,0.0014682707842439413,9.603133425116539
3500.0,79,2,21.61908721923828,-80.4686660736686,-59.491076954553826,5.5546875,7.191608428955078,22.76154138710411,0.0,0.12658227848101267,44.746585845947266,0.009371703490614891,0.0014915529172867537,9.453235194087029
3500.0,80,0,21.944936752319336,-82.63474032291043,-55.799604153185925,5.5546875,7.299140453338623,23.899429864248066,0.0,0.025000000000000022,-4.185689926147461,-0.0008766488754190505,-0.00013952299195807427,101.05860978364944
3500.0,80,1,20.45367431640625,-86.3983007391399,-57.3882806035983,3.029296875,6.807501792907715,55.5006084881825,0.0,0.16249999999999998,43.234397888183594,0.009054991416633129,0.0014411465963348746,9.78387612849474
3500.0,80,2,20.528940200805664,-80.44667259086094,-59.460262684157755,5.5546875,6.832283020019531,18.699393984060674,0.0,0.125,42.84926986694336,0.008974330499768257,0.0014283090131357312,9.871813468635082
3500.0,81,0,26.762895584106445,-82.59913181744538,-55.82248887613964,5.5546875,8.893478393554688,37.542013887101675,0.0,0.024691358024691357,-13.638633728027344,-0.0028564687818288803,-0.00045462112757377326,31.014837324619293
3500.0,81,1,15.006440162658691,-86.37009543250653,-57.352784825062194,4.212890625,5.029881954193115,16.242753540409392,0.0,0.16049382716049387,37.872310638427734,0.007931958884000778,0.0012624103110283613,11.169110424816608
3500.0,81,2,18.29398536682129,-80.4242193740721,-59.42934725831539,5.115234375,6.0983428955078125,16.120912473321138,0.0,0.12345679012345678,41.44972610473633,0.008681210689246655,0.0013816575519740582,10.205133818089962
3500.0,82,0,23.782268524169922,-82.5649833592643,-55.845536207890824,5.5546875,7.906324863433838,29.743748252870116,0.0,0.024390243902439046,-15.454952239990234,-0.0032368777319788933,-0.000515165098477155,27.369868010282516
3500.0,82,1,15.201322555541992,-86.25241381099079,-57.31831026761163,2.56640625,5.092681407928467,49.60599251301038,0.0,0.1585365853658537,39.003536224365234,0.008168881759047508,0.0013001179322600365,10.845170356333256
3500.0,82,2,17.596162796020508,-80.40134879931495,-59.398330839552365,4.5234375,5.870196342468262,22.94231340653906,0.0,0.12195121951219512,42.829444885253906,0.008970177732408047,0.0014276481233537197,9.87638346850872
3500.0,83,0,22.389997482299805,-82.44980755064523,-55.868752039690825,5.5546875,7.446093559265137,25.401320091011613,0.0,0.02409638554216864,-15.915323257446289,-0.0033332975581288338,-0.0005305107915773988,26.578160002827644
3500.0,83,1,11.755452156066895,-86.31372777338719,-57.28227198118742,2.73046875,3.9982998371124268,31.709254902405082,0.0,0.15662650602409633,41.47467041015625,0.008686434477567673,0.0013824889902025461,10.198996402323246
3500.0,83,2,16.254627227783203,-80.37879301757476,-59.36721416554217,4.5234375,5.433447360992432,16.748296257097007,0.0,0.12048192771084343,43.89757537841797,0.009193886071443558,0.0014632525853812695,9.636067785322666
3500.0,84,0,20.71380043029785,-82.42044314906099,-55.89213303130857,5.5546875,6.893164157867432,19.41744933405912,0.0,0.023809523809523836,-24.780410766601562,-0.005189997144043446,-0.0008260136819444597,17.06993579864502
3500.0,84,1,14.173090934753418,-86.4165799461952,-57.2447617570951,2.16015625,4.762360095977783,54.64105597927307,0.0,0.15476190476190477,42.50892639160156,0.008903048932552338,0.0014169642236083746,9.9508510902524
3500.0,84,2,24.800912857055664,-80.356500985349,-59.335995074570526,4.212890625,8.243453025817871,48.89410284979431,0.0,0.11904761904761907,43.59312438964844,0.009130123071372509,0.0014531041961163282,9.70336515456438
3500.0,85,0,19.843900680541992,-82.3927171152974,-55.91566537259335,5.5546875,6.606879234313965,15.925699517091607,0.0,0.02352941176470591,-27.43391990661621,-0.005745747126638889,-0.0009144640062004328,15.418868511915207
3500.0,85,1,10.570962905883789,-86.38646798475106,-57.20589165323772,2.56640625,3.6328530311584473,29.35562688640828,0.0,0.15294117647058825,43.48455047607422,0.009107383899390697,0.0014494850765913725,9.727592580020428
3500.0,85,2,22.098438262939453,-80.33375619156178,-59.304670032953396,5.5546875,7.349813938140869,24.424107239304416,0.0,0.11764705882352944,47.87660217285156,0.01002725213766098,0.001595886773429811,8.835213258862495
3500.0,86,0,25.8920841217041,-82.3667281053543,-55.93935106070986,5.5546875,8.604875564575195,35.44720712908737,0.0,0.023255813953488413,-27.729042053222656,-0.005807557143270969,-0.0009243013919331133,15.254764817655087
3500.0,86,1,13.390015602111816,-86.27341467253726,-57.16834518049382,1.6953125,4.512693881988525,62.432362036200026,0.0,0.15116279069767447,41.95233917236328,0.008786478079855442,0.0013984113465994596,10.082870721817017
3500.0,86,2,30.0,-80.31061389564695,-59.273237734131875,5.5546875,9.967226028442383,44.270477220550674,0.0,0.11627906976744184,44.962928771972656,0.009417014196515083,0.0014987642643973231,9.407750330865383
3500.0,87,0,18.393375396728516,-82.34240246104939,-55.96317297751333,0.0,6.130882740020752,100.0,1.0,0.03448275862068961,-16.82415199279785,-0.00352364219725132,-0.0005608050851151347,25.142427533864975
3500.0,87,1,17.786745071411133,-86.33064284853646,-57.13199107499337,2.5703125,5.93244743347168,56.67365739310313,0.0,0.14942528735632188,42.142372131347656,0.008826278150081635,0.0014047457370907068,10.037403553724289
3500.0,87,2,29.375547409057617,-80.28772660231678,-59.24169375082944,5.5546875,9.760010719299316,43.08728074431072,0.0,0.11494252873563215,46.88945388793945,0.009820504114031792,0.001562981866300106,9.021218866109848
3500.0,88,0,20.57322883605957,-82.32547905299477,-55.987139023690354,5.5546875,6.846867084503174,18.872567096093086,0.0,0.03409090909090906,-3.936530113220215,-0.000824465008918196,-0.00013121767551638186,107.4550449848175
3500.0,88,1,11.198206901550293,-86.30084950277964,-57.09412631168774,0.0,3.825493335723877,100.0,1.0,0.15909090909090906,41.555076599121094,0.008703275583684444,0.0013851692201569676,10.179261676967144
3500.0,88,2,26.74247932434082,-80.26508677809642,-59.21003917445951,5.5546875,8.886711120605469,37.49445183246208,0.0,0.11363636363636365,44.85845947265625,0.009395133703947067,0.0014952820492908359,9.429659694433212
3500.0,89,0,20.277360916137695,-82.24057103940356,-56.01124997652292,5.5546875,6.749464511871338,17.701804487895256,0.0,0.0337078651685393,-13.501046180725098,-0.002827652730047703,-0.00045003488776274025,31.330905854701996
3500.0,89,1,19.519948959350586,-86.27019168834379,-57.05484270779091,1.6953125,6.500411033630371,73.91991842932437,0.0,0.1573033707865169,43.031280517578125,0.009012450464069843,0.001434375997632742,9.830058552324772
3500.0,89,2,30.0,-80.24200323530366,-59.17827286393076,5.5546875,9.967226028442383,44.270477220550674,0.0,0.1123595505617978,47.142433166503906,0.009873487986624241,0.00157141441013664,8.97280778735876
3500.0,90,0,20.75784683227539,-82.22155196647064,-56.03550135740265,5.5546875,6.907674312591553,19.58671980416449,0.0,0.033333333333333326,-15.026613235473633,-0.0031471664551645517,-0.0005008871085010469,28.150055557489395
3500.0,90,1,9.190946578979492,-86.24027462837239,-57.01691429438674,0.0,3.2172796726226807,100.0,1.0,0.16666666666666663,41.09523010253906,0.008606964722275734,0.0013698410475626588,10.29316522181034
3500.0,90,2,27.19766616821289,-80.22224116945829,-59.146393789756644,5.5546875,9.037617683410645,38.53814473479969,0.0,0.11111111111111116,45.06108856201172,0.009437572211027145,0.0015020363498479128,9.38725657761097
3500.0,91,0,22.65140151977539,-82.20441070388988,-56.05988636868043,5.5546875,7.532446384429932,26.256527872778367,0.0,0.03296703296703296,-18.679855346679688,-0.003912299871444702,-0.0006226618424989283,22.644715383648872
3500.0,91,1,17.29238510131836,-86.21101058319483,-56.98020835542184,1.17578125,5.771069526672363,79.6262851354355,0.0,0.1648351648351648,42.403472900390625,0.008880962617695332,0.0014134490629658103,9.975598193705082
3500.0,91,2,27.018293380737305,-80.50391169817217,-59.1143989678435,5.5546875,8.978147506713867,38.13102874678547,0.0,0.10989010989010994,45.73070526123047,0.009577816352248192,0.0015243568923324347,9.249802678823471
3500.0,92,0,22.13103485107422,-82.18660934041635,-56.084390498379264,5.5546875,7.360576629638672,24.534614888281137,0.0,0.03260869565217395,-15.20596694946289,-0.0031847304198890924,-0.0005068655591458082,27.81802788376808
3500.0,92,1,18.3450870513916,-86.18111899422843,-56.94225584310211,3.029296875,6.115072250366211,50.46179749031443,0.0,0.1630434782608695,42.28528594970703,0.008856210857629776,0.0014095095684751868,10.00348012894392
3500.0,92,2,26.024272918701172,-80.47712939256284,-59.08228379390883,5.5546875,8.648675918579102,35.77412829092821,0.0,0.10869565217391308,45.53474807739258,0.009536775760352612,0.0015178249450400472,9.289609268307686
3500.0,93,0,20.84772491455078,-82.1719002198763,-56.10902536326966,5.5546875,6.93728494644165,19.92995036409493,0.0,0.032258064516129004,-47.38899230957031,-0.009925127029418945,-0.001579633099026978,8.92612338066101
3500.0,93,1,20.477479934692383,-86.15040480789699,-56.90372892035534,3.322265625,6.815338611602783,51.2531098697869,0.0,0.16129032258064513,43.00690460205078,0.009007345885038376,0.0014335635351017118,9.835629723966122
3500.0,93,2,23.649736404418945,-80.45013216741776,-59.0500506647604,5.5546875,7.862485408782959,29.352015155474675,0.0,0.10752688172043012,45.51963806152344,0.009533612057566643,0.0015173213323578238,9.292692877352238
3500.0,94,0,28.30551528930664,-82.1470536400391,-56.13378536081733,5.5546875,9.40501880645752,40.93911331483855,0.0,0.03191489361702127,-9.443338394165039,-0.0019778080750256777,-0.00031477794982492924,44.79348286986351
3500.0,94,1,18.090028762817383,-86.04627487760824,-56.86472039407365,3.90234375,6.031601905822754,35.30170241784728,0.0,0.15957446808510634,42.15841293334961,0.008829637430608273,0.001405280432663858,10.033585131168365
3500.0,94,2,20.20589256286621,-80.42292270183617,-59.01769739745538,5.5546875,6.725946426391602,17.414038889690797,0.0,0.1063829787234043,45.79872131347656,0.00959206186234951,0.0015266240807250142,9.236065670847893
3500.0,95,0,24.770557403564453,-82.13421373295402,-56.15866406285055,5.5546875,8.233403205871582,32.53473246592951,0.0,0.03157894736842104,-10.412700653076172,-0.002180831041187048,-0.0003470900119282305,40.62346741557121
3500.0,95,1,12.742341041564941,-85.40339717352677,-56.826039478630555,3.322265625,4.307669162750244,22.875562178064534,0.0,0.1578947368421053,40.83656311035156,0.008552789688110352,0.0013612187467515469,10.358364321291447
3500.0,95,2,14.437653541564941,-80.39573575057793,-58.98522170084509,0.0,4.847100734710693,100.0,1.0,0.11578947368421055,41.40119552612305,0.008671046234667301,0.001380039844661951,10.217096656560898
3500.0,96,0,21.79266929626465,-82.21223857375364,-56.18366556723254,5.5546875,7.248885154724121,23.371837442065246,0.0,0.03125,-12.377816200256348,-0.002592403907328844,-0.00041259388672187924,34.17403995990753
3500.0,96,1,17.62950897216797,-86.05771828738727,-56.7876501417621,2.16015625,5.88108491897583,63.26942596883666,0.0,0.15625,41.29133987426758,0.008648037910461426,0.0013763780007138848,10.2442791685462
3500.0,96,2,21.7503719329834,-80.36857719892356,-58.95262382566144,3.609375,7.234926223754883,50.11179259645917,0.0,0.11458333333333337,45.16136932373047,0.009458575397729874,0.0015053789829835296,9.3664126470685
3500.0,97,0,21.43291664123535,-82.20401222183129,-56.20878495871685,5.5546875,7.1301960945129395,22.09628702533688,0.0,0.030927835051546393,-14.667985916137695,-0.0030720559880137444,-0.0004889328847639263,28.83831597864628
3500.0,97,1,22.714387893676758,-86.0169312352118,-56.74950173507938,3.322265625,7.553257942199707,56.01546179909131,0.0,0.15463917525773196,41.00990295410156,0.008589094504714012,0.0013669967884197831,10.314581915736198
3500.0,97,2,25.815696716308594,-80.34120014328073,-58.91990217124796,5.5546875,8.579565048217773,35.256770374928614,0.0,0.11340206185567014,45.436100006103516,0.009516114369034767,0.0015145366778597236,9.309777989983559
3500.0,98,0,21.883056640625,-82.19683329594571,-56.23402033243323,5.5546875,7.27871561050415,23.685883647056492,0.0,0.030612244897959218,-13.563344955444336,-0.0028407005593180656,-0.0004521115042734891,31.186997890472412
3500.0,98,1,17.94760513305664,-85.68261362250072,-56.7107213518275,4.81640625,5.985024929046631,19.525711135722588,0.0,0.15306122448979587,42.128761291503906,0.008823427371680737,0.0014042920665815473,10.0406464189291
3500.0,98,2,26.496383666992188,-80.31536477474941,-58.88705532350638,5.5546875,8.805137634277344,36.915381329460786,0.0,0.11224489795918369,45.46805191040039,0.009522806853055954,0.0015156017616391182,9.303235448896885
3500.0,99,0,22.933460235595703,-82.1904406284919,-56.259368051046344,5.5546875,7.625654220581055,27.157889155158323,0.0,0.030303030303030276,-14.776325225830078,-0.0030947462655603886,-0.0004925442044623196,28.626874089241028
3500.0,99,1,20.002573013305664,-85.65280957129531,-56.67139281565101,3.322265625,6.659058094024658,50.109075816876356,0.0,0.1515151515151515,38.96928405761719,0.008161707781255245,0.001298976130783558,10.85470337420702
3500.0,99,2,28.804893493652344,-80.28768603131465,-58.85408222744863,5.5546875,9.570676803588867,41.96139297152871,0.0,0.11111111111111116,45.62462615966797,0.009555600583553314,0.0015208208933472633,9.271308779716492
3500.0,100,0,26.573884963989258,-82.18446298224734,-56.28481110829215,5.5546875,8.830825805664062,37.09888947829497,0.0,0.030000000000000027,-10.67409896850586,-0.0022355779074132442,-0.0003558032913133502,39.628639817237854
3500.0,100,1,17.104602813720703,-85.62299938988714,-56.631561015925136,4.212890625,5.709856986999512,26.217230403631465,0.0,0.15000000000000002,43.48271942138672,0.009106999263167381,0.0014494239585474133,9.728002361953259
3500.0,100,2,30.0,-80.25723708224133,-58.82097616042458,5.5546875,9.967226028442383,44.270477220550674,0.0,0.10999999999999999,45.391212463378906,0.009506713598966599,0.001513040391728282,9.318984113633633
3500.0,101,0,21.423477172851562,-82.17898077892399,-56.31034779865229,5.5546875,7.127082824707031,22.062256934297196,0.0,0.02970297029702973,-11.145750045776367,-0.002334360498934984,-0.000371525005903095,37.95168548822403
3500.0,101,1,23.1746826171875,-85.59278997148752,-56.59206285503035,3.029296875,7.705392360687256,60.68601398605726,0.0,0.14851485148514854,41.088294982910156,0.008605512790381908,0.0013696098467335105,10.294903069734573
3500.0,101,2,30.0,-80.22939205010505,-58.78773628223315,5.5546875,9.967226028442383,44.270477220550674,0.0,0.1089108910891089,45.35230255126953,0.009498564526438713,0.001511743408627808,9.326979517936707
3500.0,102,0,22.73199462890625,-82.17403341680247,-56.33599564761619,5.5546875,7.559075832366943,26.516314650323025,0.0,0.02941176470588236,-11.77760124206543,-0.0024666949175298214,-0.00039258672040887177,35.91563180088997
3500.0,102,1,22.151142120361328,-85.57331160964634,-56.55286338537918,5.115234375,7.367215156555176,30.567598932568384,0.0,0.1470588235294118,40.5471076965332,0.008492166176438332,0.0013515702448785305,10.432310402393341
3500.0,102,2,26.717206954956055,-80.20141316190018,-58.75436764784971,5.5546875,8.87833309173584,37.43546854340898,0.0,0.10784313725490191,45.54670333862305,0.009539280086755753,0.0015182234346866608,9.287171065807343
3500.0,103,0,16.890548706054688,-82.16965582854499,-56.36172895810801,0.0,5.640141010284424,100.0,1.0,0.03883495145631066,-9.084901809692383,-0.0019027374219149351,-0.0003028300707228482,46.56076803803444
3500.0,103,1,15.070324897766113,-85.44128885849443,-56.513879226161016,0.0,5.0504584312438965,100.0,1.0,0.15533980582524276,39.87562561035156,0.008351532742381096,0.001329187536612153,10.60798391699791
3500.0,103,2,19.717836380004883,-80.1759111016711,-58.72086162272099,5.5546875,6.5654377937316895,15.395017445701741,0.0,0.10679611650485432,45.69862365722656,0.009571097791194916,0.0015232875011861324,9.256296791136265
3500.0,104,0,17.38688850402832,-82.16556396792473,-56.38756185206871,0.0,5.801893711090088,100.0,1.0,0.04807692307692313,-13.57992935180664,-0.002844173926860094,-0.0004526643024291843,31.148910522460938
3500.0,104,1,9.753042221069336,-85.51910097056634,-56.4742829480388,2.5703125,3.385047674179077,24.068646961572327,0.0,0.15384615384615385,41.321922302246094,0.008654443547129631,0.0013773974496871233,10.236697271466255
3500.0,104,2,17.582355499267578,-80.14781333813112,-58.687221953575545,0.0,5.865688323974609,100.0,1.0,0.11538461538461542,45.30961608886719,0.009489623829722404,0.0015103205805644393,9.335766546428204
3500.0,105,0,23.065889358520508,-82.16220966240697,-56.413492512769906,5.5546875,7.669427394866943,27.573634718575125,0.0,0.04761904761904767,-7.854265213012695,-0.0016449934337288141,-0.0002618088328745216,53.85608971118927
3500.0,105,1,20.4964656829834,-85.12376666493591,-56.43412506351549,1.328125,6.821589946746826,80.53056530269201,0.0,0.1523809523809524,41.74684143066406,0.008743437938392162,0.001391561352647841,10.132503695786
3500.0,105,2,17.90146255493164,-80.11951950663529,-58.653447897352144,4.5234375,5.969940185546875,24.229768483256052,0.0,0.11428571428571432,45.812767028808594,0.009595004841685295,0.0015270923031494021,9.233234450221062
3500.0,106,0,26.005538940429688,-82.15908336072053,-56.439512868075866,5.5546875,8.642468452453613,35.72799796077921,0.0,0.047169811320754707,-13.515695571899414,-0.0028307209722697735,-0.00045052319183014333,31.296946108341217
3500.0,106,1,20.562286376953125,-85.18566193224167,-56.39343121139048,4.212890625,6.843264102935791,38.43740996065531,0.0,0.15094339622641506,42.11851501464844,0.008821281604468822,0.001403950504027307,10.043089278042316
3500.0,106,2,18.081266403198242,-80.08573215655471,-58.61953609129213,4.5234375,6.028735637664795,24.96872027793652,0.0,0.1132075471698113,46.5997428894043,0.009759827516973019,0.0015533247496932745,9.077303111553192
3500.0,107,0,24.595626831054688,-82.29492897709807,-56.465612159476755,5.5546875,8.17548942565918,32.05681995543487,0.0,0.04672897196261683,-25.063701629638672,-0.0052493298426270485,-0.0008354567107744515,16.87699742615223
3500.0,107,1,22.688919067382812,-85.1556434967923,-56.353080068145076,4.212890625,7.5448431968688965,44.16198567588063,0.0,0.14953271028037385,39.000640869140625,0.008168274536728859,0.001300021423958242,10.845975950360298
3500.0,107,2,22.542104721069336,-80.05733993621563,-58.58548231790552,4.5234375,7.496337890625,39.65803615046409,0.0,0.11214953271028039,46.32389831542969,0.009702054783701897,0.0015441299183294177,9.1313561424613
3500.0,108,0,27.053300857543945,-82.17875283568395,-56.49180550192462,5.5546875,8.989752769470215,38.210898092057874,0.0,0.04629629629629628,-28.05628204345703,-0.005876094102859497,-0.0009352093911729753,15.076837502419949
3500.0,108,1,20.406110763549805,-85.12563640622369,-56.31304822307379,4.81640625,6.791842937469482,29.08542947262992,0.0,0.14814814814814814,40.23167419433594,0.008426102809607983,0.0013410558458417654,10.514103807508945
3500.0,108,2,22.540597915649414,-80.02897588831871,-58.551291726823045,5.5546875,7.495839595794678,25.89639320568845,0.0,0.11111111111111116,47.58054733276367,0.009965246543288231,0.0015860182465985417,8.890188299119473
3500.0,109,0,24.40102195739746,-82.17932122298323,-56.518068737707814,5.5546875,8.111071586608887,31.51721766121992,0.0,0.04587155963302747,-26.685962677001953,-0.005589094944298267,-0.00088953209342435,15.851030126214027
3500.0,109,1,21.443037033081055,-85.0834651340424,-56.27325908185596,4.212890625,7.133533954620361,40.94244659379061,0.0,0.14678899082568808,39.67948913574219,0.008310453966259956,0.0013226496521383524,10.66041924059391
3500.0,109,2,22.225879669189453,-79.99791809647942,-58.51695446361018,5.5546875,7.39189338684082,24.854334210385755,0.0,0.11009174311926606,45.36182403564453,0.00950055755674839,0.0015120608732104301,9.325021877884865
3500.0,110,0,23.54939079284668,-82.18024314409078,-56.54441067949806,5.5546875,7.829295635223389,29.05252581075244,0.0,0.045454545454545414,-27.140460968017578,-0.005684285424649715,-0.0009046820341609418,15.585586428642273
3500.0,110,1,15.758929252624512,-84.48811452688136,-56.23284308063463,4.5234375,5.272810935974121,14.212029315549103,0.0,0.1454545454545455,44.45811462402344,0.009311286732554436,0.0014819371281191707,9.514573961496353
3500.0,110,2,20.239913940429688,-79.96915512615996,-58.4824738403147,5.5546875,6.7371416091918945,17.551272895594185,0.0,0.10909090909090913,46.63849639892578,0.009767943993210793,0.001554616610519588,9.069761261343956
3500.0,111,0,23.057241439819336,-82.18878918377415,-56.57082588040874,5.5546875,7.666568756103516,27.546629049954095,0.0,0.04504504504504503,-31.905559539794922,-0.0066822851076722145,-0.0010635186918079853,13.25787790119648
3500.0,111,1,21.225189208984375,-85.30195099970088,-56.19183217752302,3.029296875,7.061695575714111,57.102414816378385,0.0,0.14414414414414412,38.45841598510742,0.008054711855947971,0.0012819472467526793,10.998893529176712
3500.0,111,2,19.270008087158203,-79.94032665587106,-58.447847050330154,5.5546875,6.418326377868652,13.455826753320121,0.0,0.10810810810810811,45.46427536010742,0.00952201522886753,0.0015154759166762233,9.304008446633816
3500.0,112,0,21.595781326293945,-82.1903897286717,-56.59731502117698,5.5546875,7.183920383453369,22.67888278948581,0.0,0.044642857142857095,-27.14773941040039,-0.005685809068381786,-0.0009049246436916292,15.581408515572548
3500.0,112,1,15.532773971557617,-84.63533065153834,-56.15024518624467,4.5234375,5.199676990509033,13.005413446707802,0.0,0.1428571428571429,39.49468994140625,0.008271748200058937,0.001316489651799202,10.710300877690315
3500.0,112,2,19.88676643371582,-79.91155895427985,-58.41307405238695,5.115234375,6.620972633361816,22.741949585695142,0.0,0.1071428571428571,46.209800720214844,0.009678157977759838,0.0015403267461806536,9.153902530670166
3500.0,113,0,24.933378219604492,-82.19230736730375,-56.62387744265623,5.5546875,8.287314414978027,32.97361217572765,0.0,0.04424778761061943,-26.808738708496094,-0.005614809226244688,-0.000893624615855515,15.77843725681305
3500.0,113,1,18.4110050201416,-84.68583387109413,-56.109019441761035,3.029296875,6.136655330657959,50.63602709009884,0.0,0.1415929203539823,39.329368591308594,0.008237123489379883,0.0013109790161252022,10.755321942269802
3500.0,113,2,19.710506439208984,-79.88249686471045,-58.378153969889915,5.5546875,6.563028335571289,15.363956759201102,0.0,0.10619469026548678,45.38350296020508,0.009505098685622215,0.00151278346311301,9.320567362010479
3500.0,114,0,25.32861328125,-82.25720468091544,-56.650507239113985,5.5546875,8.418206214904785,34.01578248148407,0.0,0.04385964912280704,-29.535255432128906,-0.006185849197208881,-0.0009845085442066193,14.321867376565933
3500.0,114,1,15.385407447814941,-84.58063051409212,-56.068136161591475,3.609375,5.1520771980285645,29.943305170560674,0.0,0.14035087719298245,37.44902038574219,0.007843304425477982,0.001248300657607615,11.29535585641861
3500.0,114,2,21.86896324157715,-79.85325328139568,-58.34308406740137,5.33203125,7.274064064025879,26.698043857357067,0.0,0.10526315789473684,46.607765197753906,0.00976150669157505,0.001553592155687511,9.075741283595562
3500.0,115,0,25.211509704589844,-82.25847326513234,-56.67720472637648,5.5546875,8.37942123413086,33.71036799803334,0.0,0.04347826086956519,-28.856224060058594,-0.006043633446097374,-0.000961874146014452,14.658883213996887
3500.0,115,1,13.989075660705566,-85.17748869072801,-56.027560262472555,3.029296875,4.703530311584473,35.59525134686494,0.0,0.13913043478260867,39.66679000854492,0.00830779317766428,0.0013222263660281897,10.663832537829876
3500.0,115,2,25.408201217651367,-79.82400677357214,-58.30786400524384,5.5546875,8.444568634033203,34.221773299188285,0.0,0.10434782608695647,45.23028564453125,0.009473009034991264,0.0015076762065291405,9.352141059935093
3500.0,116,0,24.128210067749023,-82.2603973750013,-56.703960239551435,5.5546875,8.020783424377441,30.746322321611064,0.0,0.0431034482758621,-26.591781616210938,-0.0055693695321679115,-0.0008863927214406431,15.907170251011848
3500.0,116,1,21.898740768432617,-84.59760160831252,-55.98631590480702,2.56640625,7.283891677856445,64.76600197388905,0.0,0.13793103448275867,40.52490997314453,0.008487517014145851,0.0013508303090929985,10.438024997711182
3500.0,116,2,23.21880531311035,-79.79470122469566,-58.2724898938523,5.5546875,7.719979763031006,28.047900765232992,0.0,0.10344827586206895,45.517208099365234,0.009533101692795753,0.0015172403072938323,9.293188340961933
3500.0,117,0,19.029760360717773,-82.262290882188,-56.73077919839494,5.5546875,6.339476585388184,12.379398753471838,0.0,0.042735042735042694,-28.01815414428711,-0.005868108477443457,-0.0009339384851045907,15.097354538738728
3500.0,117,1,12.783764839172363,-85.03339339919361,-55.94443643241755,0.0,4.320737838745117,100.0,1.0,0.14529914529914534,38.260650634765625,0.008013292215764523,0.0012753549963235855,11.05574518442154
3500.0,117,2,21.994617462158203,-79.76518125939108,-58.23696215396017,5.5546875,7.315539360046387,24.070020997538876,0.0,0.10256410256410253,45.90626907348633,0.00961458683013916,0.0015302089741453528,9.214428253471851
3500.0,118,0,21.25551414489746,-82.26422937381982,-56.75765918481708,5.5546875,7.0716938972473145,21.451810829054907,0.0,0.0423728813559322,-25.909549713134766,-0.005426483694463968,-0.0008636516868136823,16.326026991009712
3500.0,118,1,21.511486053466797,-85.00317727906697,-55.901932616899195,2.16015625,7.156112194061279,69.81382919355748,0.0,0.14406779661016944,37.473106384277344,0.007848349399864674,0.0012491035740822554,11.288095265626907
3500.0,118,2,22.243743896484375,-79.73546985177347,-58.20128065535209,5.5546875,7.397792339324951,24.914254885574884,0.0,0.10169491525423724,45.515602111816406,0.009532766416668892,0.001517186756245792,9.293517097830772
3500.0,119,0,20.857282638549805,-82.26621037077022,-56.78459564822529,5.5546875,6.940433979034424,19.96627996491962,0.0,0.04201680672268904,-31.481491088867188,-0.006593468599021435,-0.0010493830777704716,13.436466455459595
3500.0,119,1,16.407480239868164,-84.4403483264876,-55.85982660467118,4.5234375,5.483068943023682,17.50172126222592,0.0,0.1428571428571429,42.672122955322266,0.008937228471040726,0.0014224040787667036,9.912795387208462
3500.0,119,2,21.193527221679688,-79.70572714965897,-58.165442686308275,5.5546875,7.05125617980957,21.224142786001966,0.0,0.10084033613445376,45.78539276123047,0.009589271619915962,0.0015261797234416008,9.238754399120808
3500.0,120,0,23.175382614135742,-82.26836907158852,-56.81157358744176,5.5546875,7.705624103546143,27.913853240729424,0.0,0.04166666666666663,-29.430044174194336,-0.006163814105093479,-0.0009810015326365829,14.373067766427994
3500.0,120,1,22.696537017822266,-84.94127990472485,-55.81810052344811,3.029296875,7.547359466552734,59.862825026093056,0.0,0.14166666666666672,39.81037902832031,0.008337866514921188,0.0013270126655697823,10.625369846820831
3500.0,120,2,20.299274444580078,-79.67589755533655,-58.12944061417232,5.5546875,6.75667667388916,17.78965062120239,0.0,0.09999999999999998,45.891990661621094,0.00961159635335207,0.0015297330683097243,9.217294864356518
3500.0,121,0,22.960359573364258,-82.27044294264167,-56.83860448388505,5.5546875,7.634545803070068,27.242724802747244,0.0,0.04132231404958675,-28.46477699279785,-0.005961649119853973,-0.0009488259092904627,14.860471710562706
3500.0,121,1,24.63571548461914,-84.44370393455247,-55.77674223111794,5.115234375,8.188760757446289,37.53347390997396,0.0,0.14049586776859502,36.84017562866211,0.007715788669884205,0.0012280058581382036,11.482030153274536
3500.0,121,2,17.191835403442383,-79.6458125801607,-58.093279061724104,0.0,5.73828649520874,100.0,1.0,0.1074380165289256,47.443115234375,0.009936463087797165,0.00158143718726933,8.91594123095274
3500.0,122,0,23.906749725341797,-82.27245067754643,-56.86568977431379,5.5546875,7.947506904602051,30.107799003187708,0.0,0.040983606557377095,-28.409866333007812,-0.005950148683041334,-0.0009469955693930387,14.889193698763847
3500.0,122,1,23.462299346923828,-84.94520450210288,-55.73467003311768,5.5546875,7.800493240356445,28.79056068836261,0.0,0.139344262295082,40.79661560058594,0.00854442361742258,0.0013598871883004904,10.368507355451584
3500.0,122,2,10.042348861694336,-79.61558426895797,-58.056958967869605,0.0,3.47222638130188,100.0,1.0,0.11475409836065575,47.81300354003906,0.01001393236219883,0.0015937668504193425,8.846965618431568
3500.0,123,0,22.302549362182617,-82.27955204917372,-56.89281468065776,5.5546875,7.41721248626709,25.1108484449588,0.0,0.04065040650406504,-28.75208282470703,-0.006021822337061167,-0.0009584027575328946,14.711977913975716
3500.0,123,1,24.56710433959961,-84.91100902212956,-55.69189825630702,5.115234375,8.166047096252441,37.35972478841714,0.0,0.1382113821138211,40.33454513549805,0.008447647094726562,0.0013444848591461778,10.487288236618042
3500.0,123,2,20.336313247680664,-79.58528824811943,-58.020471906359944,2.40625,6.768868446350098,64.4512222527017,0.0,0.11382113821138207,45.008697509765625,0.009426599368453026,0.0015002898871898651,9.398183785378933
3500.0,124,0,20.801408767700195,-82.28159559602355,-56.91998161998675,5.5546875,6.922025203704834,19.753434341339904,0.0,0.040322580645161255,-31.808544158935547,-0.006661965977400541,-0.0010602847905829549,13.298314064741135
3500.0,124,1,15.094865798950195,-84.87625166996892,-55.648438451543846,0.0,5.058365821838379,100.0,1.0,0.14516129032258063,39.5133171081543,0.008275650441646576,0.0013171106111258268,10.705252178013325
3500.0,124,2,23.699636459350586,-79.55492629087233,-57.98381928191142,5.33203125,7.878990650177002,32.32596043402823,0.0,0.11290322580645162,45.47834777832031,0.009524963796138763,0.001515944954007864,9.30112972855568
3500.0,125,0,20.333993911743164,-82.28397202699269,-56.94719749412527,5.5546875,6.768104076385498,17.928456221871848,0.0,0.040000000000000036,-28.902034759521484,-0.00605322839692235,-0.0009634011657908559,14.635647647082806
3500.0,125,1,24.185043334960938,-84.31721923124559,-55.60544430101015,2.5703125,8.039591789245605,68.02931582374303,0.0,0.14400000000000002,38.15348815917969,0.007990848273038864,0.0012717829085886478,11.086797341704369
3500.0,125,2,25.273313522338867,-79.52436753669893,-57.94700332562168,5.5546875,8.399890899658203,33.87190897650797,0.0,0.11199999999999999,45.11753845214844,0.009449395351111889,0.0015039179706946015,9.375511668622494
3500.0,126,0,18.551673889160156,-82.28594470797094,-56.97445443201066,0.0,6.182730674743652,100.0,1.0,0.04761904761904767,-28.220430374145508,-0.005910472944378853,-0.0009406810277141631,14.989141374826431
3500.0,126,1,20.859039306640625,-84.8057352984124,-55.56290253160426,5.115234375,6.941011905670166,26.304198227619725,0.0,0.1428571428571429,39.97528839111328,0.008372404612600803,0.0013325096806511283,10.581537149846554
3500.0,126,2,26.788801193237305,-79.49361410683952,-57.910019991861816,5.5546875,8.902066230773926,37.60226720401418,0.0,0.11111111111111116,45.45491027832031,0.00952005386352539,0.0015151636907830834,9.305925108492374
3500.0,127,0,20.77203369140625,-82.28811477381171,-57.001749619659684,5.5546875,6.912347316741943,19.64108217556784,0.0,0.047244094488189003,-29.821060180664062,-0.006245708093047142,-0.0009940353920683265,14.18460626155138
3500.0,127,1,14.722826957702637,-84.76993901032137,-55.52078645207175,4.212890625,4.9386444091796875,14.695404731522988,0.0,0.1417322834645669,36.51341247558594,0.007647351827472448,0.001217113807797432,11.584783904254436
3500.0,127,2,30.0,-79.46280635972288,-57.87286699517617,5.5546875,9.967226028442383,44.270477220550674,0.0,0.11023622047244097,45.00251007080078,0.00942530483007431,0.0015000837156549096,9.399475529789925
3500.0,128,0,24.791217803955078,-82.29033034923708,-57.029076299049905,5.5546875,8.240242958068848,32.59073150797273,0.0,0.046875,-28.384174346923828,-0.005944767966866493,-0.0009461391600780189,14.902670867741108
3500.0,128,1,22.156158447265625,-84.73364477675096,-55.4778824134053,2.5703125,7.368871688842773,65.11932072461356,0.0,0.140625,39.046897888183594,0.008177963085472584,0.0013015632284805179,10.833127424120903
3500.0,128,2,30.0,-79.43191180724418,-57.83554077829467,5.5546875,9.967226028442383,44.270477220550674,0.0,0.109375,45.23613739013672,0.009474234655499458,0.0015078713186085224,9.350931271910667
3500.0,129,0,21.46923065185547,-82.29234270345816,-57.056435300313574,5.5546875,7.14217472076416,22.226944632829017,0.0,0.046511627906976716,-30.12299919128418,-0.006308946758508682,-0.0010040999623015523,14.042426832020283
3500.0,129,1,22.20842742919922,-84.64029809053119,-55.43422407130206,4.5234375,7.386129856109619,38.75767704979724,0.0,0.13953488372093026,40.81353759765625,0.008547967299818993,0.0013604512205347419,10.364208370447159
3500.0,129,2,29.55426788330078,-79.40080493204621,-57.79804091013533,5.5546875,9.819314002990723,43.43100242737753,0.0,0.10852713178294571,44.84423065185547,0.009392153471708298,0.001494807656854391,9.432652033865452
3500.0,130,0,21.773019790649414,-82.30928493207371,-57.08383586695185,5.5546875,7.242400646209717,23.30322815119287,0.0,0.0461538461538461,-29.310909271240234,-0.006138863041996956,-0.0009770303731784225,14.431486837565899
3500.0,130,1,21.063175201416016,-84.65912784712225,-55.38983089817393,4.5234375,7.008285999298096,35.45586609260754,0.0,0.1384615384615384,37.89673614501953,0.007937073707580566,0.001263224519789219,11.16191130131483
3500.0,130,2,24.215940475463867,-79.36952701161566,-57.76037153537462,5.5546875,8.049816131591797,30.996094703325873,0.0,0.10769230769230764,44.996665954589844,0.009424080140888691,0.0014998888364061713,9.400696493685246
3500.0,131,0,19.08015251159668,-82.31145899796653,-57.11125954390049,5.5546875,6.356010913848877,12.607332251474002,0.0,0.04580152671755722,-29.835590362548828,-0.006248751655220985,-0.0009945196798071265,14.177698642015457
3500.0,131,1,17.78261947631836,-84.62117275209951,-55.345967219884585,4.5234375,5.9310994148254395,23.733574778848464,0.0,0.13740458015267176,39.33417892456055,0.008238131180405617,0.0013111393200233579,10.75400598347187
3500.0,131,2,16.686281204223633,-79.33812056709685,-57.722522567953376,0.0,5.5736775398254395,100.0,1.0,0.1145038167938931,42.64897918701172,0.008932381868362427,0.0014216327108442783,9.91817470639944
3500.0,132,0,18.38245964050293,-82.31336720393762,-57.13870844437236,0.0,6.127308368682861,100.0,1.0,0.05303030303030298,-31.581424713134766,-0.006614398211240768,-0.0010527141857892275,13.393949717283249
3500.0,132,1,20.37194061279297,-84.58303352328699,-55.30261895755951,3.609375,6.780594825744629,46.769050610487895,0.0,0.13636363636363635,37.597808837890625,0.00787446741014719,0.001253260299563408,11.250656098127365
3500.0,132,2,17.685089111328125,-79.30670224025809,-57.68449428048749,4.212890625,5.899237155914307,28.585840615403168,0.0,0.11363636363636365,43.33193588256836,0.00907541997730732,0.0014443978434428573,9.761853143572807
3500.0,133,0,24.52242088317871,-82.9012737774616,-57.166177164657284,5.5546875,8.15125560760498,31.85482375478972,0.0,0.052631578947368474,-32.64191436767578,-0.00683650653809309,-0.001088063814677298,12.958798557519913
3500.0,133,1,20.048236846923828,-84.49580960518864,-55.2597471296787,4.5234375,6.67407751083374,32.22377935141898,0.0,0.13533834586466165,37.30876922607422,0.00781393051147461,0.001243625651113689,11.337817646563053
3500.0,133,2,26.041736602783203,-79.2750193940206,-57.646283053368954,4.5234375,8.654462814331055,47.73289114479097,0.0,0.1127819548872181,45.074798583984375,0.00944044440984726,0.0015024932799860835,9.384401142597198
3500.0,134,0,23.653406143188477,-82.90363134521085,-57.19367229274331,5.5546875,7.863698959350586,29.36291777300275,0.0,0.052238805970149294,-32.30718231201172,-0.006766400765627623,-0.0010769061045721173,13.093063607811928
3500.0,134,1,14.114805221557617,-86.00823220267876,-55.21602539040852,0.0,4.743715763092041,100.0,1.0,0.14179104477611937,36.59299850463867,0.007664019707590342,0.0012197666801512241,11.559588834643364
3500.0,134,2,30.0,-79.24309663668058,-57.60789136463674,5.5546875,9.967226028442383,44.270477220550674,0.0,0.11194029850746268,44.801021575927734,0.009383104741573334,0.0014933673664927483,9.441749192774296
3500.0,135,0,24.955263137817383,-82.89738658647545,-57.221192452429,5.5546875,8.294561386108398,33.03217323458594,0.0,0.051851851851851816,-33.426063537597656,-0.007000739220529795,-0.0011142020812258124,12.654796242713928
3500.0,135,1,20.777666091918945,-85.51190126431244,-55.17149321513355,2.40625,6.914202690124512,65.19844575229443,0.0,0.14074074074074072,38.158302307128906,0.007991855964064598,0.0012719434453174472,11.08539942651987
3500.0,135,2,30.0,-79.21115299710186,-57.56931803042391,5.5546875,9.967226028442383,44.270477220550674,0.0,0.11111111111111116,45.036712646484375,0.009432467631995678,0.0015012237709015608,9.392337873578072
3500.0,136,0,25.688060760498047,-82.90724690611384,-57.24873551094965,5.5546875,8.537278175354004,34.936084008183656,0.0,0.05147058823529416,-28.97218132019043,-0.006067919544875622,-0.0009657393675297499,14.600212685763836
3500.0,136,1,17.654247283935547,-85.90923859349104,-55.12616197794616,4.212890625,5.889163970947266,28.4636894849039,0.0,0.13970588235294112,36.78486251831055,0.007704203948378563,0.0012261620722711086,11.499295942485332
3500.0,136,2,30.0,-79.17912278877603,-57.53056118800149,5.5546875,9.967226028442383,44.270477220550674,0.0,0.11029411764705888,44.76873016357422,0.009376341477036476,0.0014922909904271364,9.448559023439884
3500.0,137,0,20.56422996520996,-83.06485165294141,-57.27629713803011,5.5546875,6.843903541564941,18.837437344567643,0.0,0.051094890510948954,-25.842180252075195,-0.0054123736917972565,-0.0008614060352556407,16.36858843266964
3500.0,137,1,17.560436248779297,-85.85184443270136,-55.08145254126772,3.322265625,5.858531951904297,43.29184081824273,0.0,0.13868613138686137,37.93269729614258,0.007944606244564056,0.0012644232483580709,11.15132961422205
3500.0,137,2,30.0,-78.52463670036872,-57.49161770533057,5.5546875,9.967226028442383,44.270477220550674,0.0,0.10948905109489049,44.8913688659668,0.009402026422321796,0.001496379030868411,9.422746486961842
3500.0,138,0,17.03094482421875,-83.06732813406623,-57.30388393585495,0.0,5.685859203338623,100.0,1.0,0.05797101449275366,-33.760223388671875,-0.007070724852383137,-0.0011253408156335354,12.52953801304102
3500.0,138,1,17.554208755493164,-85.30737741180099,-55.037344100557306,3.322265625,5.856499195098877,43.27215774604218,0.0,0.1376811594202898,39.879093170166016,0.008352258242666721,0.0013293031370267272,10.60706190764904
3500.0,138,2,28.28349494934082,-78.46061404285973,-57.45249045779351,5.5546875,9.397714614868164,40.89320938505724,0.0,0.10869565217391308,44.948646545410156,0.009414022788405418,0.0014982882421463728,9.410739876329899
3500.0,139,0,23.42825698852539,-83.0711015829944,-57.33147882769348,5.5546875,7.7892351150512695,28.687638542755188,0.0,0.05755395683453235,-31.227779388427734,-0.006540331058204174,-0.001040925970301032,13.545632362365723
3500.0,139,1,15.362621307373047,-85.25074832789706,-54.99377196980487,3.322265625,5.144721508026123,35.42380049499211,0.0,0.13669064748201443,36.139244079589844,0.007568985223770142,0.0012046415358781815,11.70472800731659
3500.0,139,2,25.327993392944336,-78.43418486442324,-57.41316893642682,5.5546875,8.418002128601074,34.01418275807573,0.0,0.1079136690647482,43.167030334472656,0.00904088094830513,0.0014389010611921549,9.79914516210556
3500.0,140,0,23.95306396484375,-83.59187906060026,-57.35908280804278,5.5546875,7.962830543518066,30.24229927231532,0.0,0.05714285714285716,-30.029651641845703,-0.0062893955036997795,-0.001000988413579762,14.08607792109251
3500.0,140,1,19.777090072631836,-85.24088866809775,-54.94926915346117,2.73046875,6.5849151611328125,58.5344885517056,0.0,0.13571428571428568,37.104408264160156,0.0077711292542517185,0.0012368136085569859,11.400262825191021
3500.0,140,2,21.022499084472656,-78.40804838983564,-57.373652171310745,5.5546875,6.994878768920898,20.589224152387665,0.0,0.1071428571428571,41.953895568847656,0.008786804042756557,0.0013984631514176726,10.082496330142021
3500.0,141,0,19.412921905517578,-83.64749872778609,-57.38669580285675,5.5546875,6.465254306793213,14.084006035717056,0.0,0.05673758865248224,-31.191146850585938,-0.006532658822834492,-0.0010397048899903893,13.56154028326273
3500.0,141,1,19.145551681518555,-85.18358822589707,-54.90388752948211,3.90234375,6.377472877502441,38.81050025683146,0.0,0.13475177304964536,36.45639419555664,0.007635409478098154,0.0012152132112532854,11.60290278494358
3500.0,141,2,25.673559188842773,-78.38125569639175,-57.333939400328774,5.5546875,8.53247356414795,34.899446705116276,0.0,0.1063829787234043,44.6182861328125,0.009344832971692085,0.0014872761676087976,9.48041770607233
3500.0,142,0,14.960248947143555,-83.67963439837902,-57.41432080401216,0.0,5.01500940322876,100.0,1.0,0.06338028169014087,-31.87720489501953,-0.006676346063613892,-0.0010625735158100724,13.269670307636261
3500.0,142,1,14.285219192504883,-85.12683624984469,-54.85765348171829,3.90234375,4.798253059387207,18.67157272237795,0.0,0.1338028169014085,40.020355224609375,0.008381843566894531,0.001334011903963983,10.569621808826923
3500.0,142,2,22.08147621154785,-78.35393782041196,-57.29403147459315,5.5546875,7.34421443939209,24.366485403716187,0.0,0.10563380281690138,43.901710510253906,0.0091947540640831,0.0014633904211223125,9.635159745812416
3500.0,143,0,20.377254486083984,-83.75258775608266,-57.44195912825256,5.5546875,6.782344341278076,18.100774297265097,0.0,0.06293706293706292,-32.90395736694336,-0.00689138937741518,-0.0010967985726892948,12.855596840381622
3500.0,143,1,20.222593307495117,-85.4449561176651,-54.812138634841986,2.56640625,6.731441974639893,61.874346393110024,0.0,0.13286713286713292,37.55866622924805,0.00786626897752285,0.0012519555166363716,11.2623805180192
3500.0,143,2,24.94906234741211,-78.3269653684735,-57.253928613235935,5.5546875,8.292509078979492,33.01559941513407,0.0,0.1048951048951049,45.256160736083984,0.009478428401052952,0.0015085387276485562,9.346794337034225
3500.0,144,0,20.687171936035156,-83.78464360930217,-57.46961099923125,5.5546875,6.884393215179443,19.314784522295536,0.0,0.0625,-34.33353042602539,-0.007190797943621874,-0.0011444509727880359,12.320318259298801
3500.0,144,1,18.35103416442871,-85.00721073726103,-54.76730123460764,4.5234375,6.117019176483154,26.05160504661601,0.0,0.13194444444444442,36.836036682128906,0.007714922074228525,0.0012278679059818387,11.483320035040379
3500.0,144,2,30.0,-78.30037985868177,-57.21363003440906,5.5546875,9.967226028442383,44.270477220550674,0.0,0.10416666666666663,45.23515319824219,0.009474027901887894,0.0015078384894877672,9.351134300231934
3500.0,145,0,20.88668441772461,-83.81698826930656,-57.49726942995654,5.5546875,6.9501214027404785,20.07783493091574,0.0,0.06206896551724139,-31.938819885253906,-0.006689250469207764,-0.0010646273149177432,13.244071044027805
3500.0,145,1,22.741357803344727,-85.31968130840153,-54.72307668212289,3.609375,7.562170028686523,52.27064471827389,0.0,0.13103448275862073,36.22217559814453,0.007586354855448008,0.001207405817694962,11.677929200232029
3500.0,145,2,26.188854217529297,-78.27314933454203,-57.17313047403947,5.5546875,8.703214645385742,36.176599953846065,0.0,0.10344827586206895,45.14211654663086,0.009454542770981789,0.0015047371853142977,9.370407089591026
3500.0,146,0,24.92837142944336,-83.84870523091152,-57.52492867233807,5.5546875,8.285655975341797,32.96019631359531,0.0,0.06164383561643838,-34.01744842529297,-0.007124597206711769,-0.001133914920501411,12.434795498847961
3500.0,146,1,22.94784164428711,-85.29360000792657,-54.67784761443866,5.115234375,7.630407810211182,32.96250341751487,0.0,0.13013698630136983,35.23529052734375,0.007379662245512009,0.001174509641714394,12.005009688436985
3500.0,146,2,25.22666358947754,-78.24531262718658,-57.132425042070224,5.5546875,8.384440422058105,33.750051042326966,0.0,0.10273972602739723,44.27711486816406,0.009273377247154713,0.001475903787650168,9.553467854857445
3500.0,147,0,23.27444076538086,-83.93897445308247,-57.552587472948005,5.5546875,7.73837423324585,28.218934202797087,0.0,0.061224489795918324,-33.735328674316406,-0.007065510377287865,-0.001124511007219553,12.538784183561802
3500.0,147,1,16.024581909179688,-85.19405436519492,-54.63167907686537,0.0,5.358842849731445,100.0,1.0,0.13605442176870752,41.297340393066406,0.008649295195937157,0.0013765780022367835,10.242790915071964
3500.0,147,2,14.073243141174316,-78.21784712674592,-57.09151112692139,0.0,4.730427265167236,100.0,1.0,0.108843537414966,44.157535552978516,0.009248333051800728,0.0014719178434461355,9.579339064657688
3500.0,148,0,23.988618850708008,-83.99307739956755,-57.58024600970206,5.5546875,7.9745941162109375,30.345201034014956,0.0,0.060810810810810856,-33.57666778564453,-0.007032280787825584,-0.0011192222591489553,12.598033994436264
3500.0,148,1,14.508618354797363,-85.12563493482831,-54.58460853528884,2.73046875,4.8698625564575195,43.93129747821419,0.0,0.1351351351351351,38.181068420410156,0.00799662433564663,0.0012727022403851151,11.07878889888525
3500.0,148,2,26.097082138061523,-78.19065078583367,-57.05038842162408,3.609375,8.672802925109863,58.38283158089542,0.0,0.10810810810810811,42.359073638916016,0.008871663361787796,0.0014119691913947463,9.98605415225029
3500.0,149,0,19.3189640045166,-84.04055530778547,-57.60790521972307,5.5546875,6.4344000816345215,13.67202179649123,0.0,0.06040268456375841,-33.491493225097656,-0.007014442700892687,-0.00111638312228024,12.630073353648186
3500.0,149,1,19.56983184814453,-85.03016553846314,-54.53834599643989,2.5703125,6.516799449920654,60.55866810461238,0.0,0.13422818791946312,36.88043212890625,0.007724220398813486,0.0012293477775529027,11.469497345387936
3500.0,149,2,11.525830268859863,-78.16283005468158,-57.009056105962195,0.0,3.9269142150878906,100.0,1.0,0.11409395973154357,44.0318489074707,0.009222009219229221,0.0014677282888442278,9.606682695448399
3500.0,150,0,22.351045608520508,-84.07139137996762,-57.63556839551385,5.5546875,7.433228492736816,25.272208362387673,0.0,0.06000000000000005,-33.19671630859375,-0.0069527048617601395,-0.0011065572034567595,12.742224149405956
3500.0,150,1,16.725969314575195,-85.05063113385532,-54.49284323435707,3.90234375,5.586585998535156,30.147969600338687,0.0,0.1333333333333333,32.57780456542969,0.006823079660534859,0.001085926778614521,12.984300963580608
3500.0,150,2,26.669153213500977,-78.13448580905597,-56.96751556846378,2.56640625,8.862403869628906,71.04164640030716,0.0,0.11333333333333329,43.801795959472656,0.00917382724583149,0.0014600598951801658,9.657138027250767
3500.0,151,0,22.682191848754883,-84.10205542743174,-57.6632333467293,5.5546875,7.542619705200195,26.355991457843654,0.0,0.05960264900662249,-33.50001525878906,-0.007016226649284363,-0.0011166671756654978,12.626860290765762
3500.0,151,1,20.87616539001465,-84.92401154569919,-54.44803185418506,3.029296875,6.9466552734375,56.392008013073955,0.0,0.13245033112582782,38.22549057006836,0.008005928248167038,0.0012741830432787538,11.065914295613766
3500.0,151,2,24.83937644958496,-78.10590682932356,-56.92576463185065,5.5546875,8.256189346313477,32.720928905533654,0.0,0.11258278145695366,48.042564392089844,0.010062011890113354,0.001601418829523027,8.804692886769772
3500.0,152,0,22.364845275878906,-84.1322074350727,-57.69088932383367,5.5546875,7.437786102294922,25.317998882945737,0.0,0.05921052631578949,-33.961326599121094,-0.0071128434501588345,-0.001132044242694974,12.455344200134277
3500.0,152,1,20.55385971069336,-84.85181082664812,-54.40213509493425,4.5234375,6.840488910675049,33.87259947251917,0.0,0.13157894736842102,34.92488098144531,0.007314649410545826,0.001164162764325738,12.111709453165531
3500.0,152,2,26.955289840698242,-78.08069456867304,-56.88379345429149,5.5546875,8.957259178161621,37.98675030479537,0.0,0.11184210526315785,45.26868438720703,0.009481051005423069,0.0015089561929926276,9.344208054244518
3500.0,153,0,21.028812408447266,-83.16165506274997,-57.71853505446467,5.5546875,6.996960163116455,20.612846571847065,0.0,0.05882352941176472,-35.22261047363281,-0.00737700704485178,-0.0011740870540961623,12.009331956505775
3500.0,153,1,18.552711486816406,-84.7801643392016,-54.355240971783026,4.5234375,6.183070659637451,26.841568712313002,0.0,0.130718954248366,38.618927001953125,0.008088328875601292,0.0012872975785285234,10.953178629279137
3500.0,153,2,23.05280113220215,-78.05211060541149,-56.84159996601751,5.5546875,7.665101051330566,27.532755761441983,0.0,0.11111111111111116,45.88127899169922,0.009609352797269821,0.0015293760225176811,9.219447150826454
3500.0,154,0,25.31498908996582,-83.1458957219394,-57.746170520276316,5.5546875,8.41369342803955,33.980391043386504,0.0,0.058441558441558406,-33.63922882080078,-0.007045383099466562,-0.0011213076068088412,12.574604712426662
3500.0,154,1,15.8372802734375,-84.70849489809162,-54.30740612016396,3.609375,5.298171043395996,31.875075937780974,0.0,0.1298701298701299,38.01015853881836,0.007960828952491283,0.0012670053401961923,11.128604412078857
3500.0,154,2,30.0,-78.02295844242198,-56.79918258180534,5.5546875,9.967226028442383,44.270477220550674,0.0,0.11038961038961037,44.731842041015625,0.009368615224957466,0.0014910614117980003,9.456351399421692
3500.0,155,0,22.296070098876953,-83.14519467737149,-57.77379765224377,5.5546875,7.415072441101074,25.08923487772189,0.0,0.058064516129032295,-33.17152404785156,-0.006947427988052368,-0.0011057174997404218,12.751901522278786
3500.0,155,1,21.811243057250977,-84.62147057706753,-54.26047120936441,3.029296875,7.255014419555664,58.2454740980993,0.0,0.12903225806451613,36.13819122314453,0.00756876589730382,0.0012046063784509897,11.705068871378899
3500.0,155,2,23.340042114257812,-77.99423041868779,-56.756541443078255,5.5546875,7.76006555557251,28.41958021847929,0.0,0.10967741935483866,44.2833251953125,0.00927467830479145,0.001476110890507698,9.552128612995148
3500.0,156,0,25.50436019897461,-83.12959303400605,-57.80142506678764,5.5546875,8.476422309875488,34.468962294050755,0.0,0.05769230769230771,-33.19036865234375,-0.006951374467462301,-0.001106345676817,12.744661420583725
3500.0,156,1,15.572489738464355,-84.54870005050331,-54.21438829622221,4.81640625,5.212512493133545,7.599142326379771,0.0,0.1282051282051282,33.288658142089844,0.006971960887312889,0.0011096219532191753,12.707031331956387
3500.0,156,2,29.725643157958984,-77.965797953036,-56.71368270671041,5.5546875,9.876181602478027,43.75672984176114,0.0,0.10897435897435892,44.357521057128906,0.009290218353271484,0.0014785840176045895,9.536150842905045
3500.0,157,0,24.237085342407227,-83.12946882816256,-57.829044274727096,5.5546875,8.05681324005127,31.05602259231899,0.0,0.0573248407643312,-33.37089157104492,-0.006989183370023966,-0.0011123630683869123,12.67571747303009
3500.0,157,1,21.198612213134766,-84.3304215320961,-54.16906748647494,3.029296875,7.0529327392578125,57.0491171971849,0.0,0.1273885350318471,38.35078811645508,0.008032171055674553,0.0012783596757799387,11.029760353267193
3500.0,157,2,24.041250228881836,-77.93674118984745,-56.670597791285466,5.5546875,7.992008209228516,30.49697454532263,0.0,0.10828025477707004,44.606204986572266,0.00934230163693428,0.0014868734870105982,9.482985362410545
3500.0,158,0,21.3775577545166,-83.12165286771085,-57.85664598471013,0.0,7.1119384765625,100.0,1.0,0.06329113924050633,-34.05474853515625,-0.007132409606128931,-0.0011351583525538445,12.421175837516785
3500.0,158,1,18.91210174560547,-84.25687806301939,-54.12258480887313,4.5234375,6.300879955291748,28.20943214128331,0.0,0.12658227848101267,32.62522506713867,0.006833011284470558,0.0010875074658542871,12.965427711606026
3500.0,158,2,20.864055633544922,-77.90710806690755,-56.627277996220336,5.5546875,6.9426655769348145,19.992005398416534,0.0,0.10759493670886078,44.99671936035156,0.009424090385437012,0.0014998906990513206,9.40068531781435
3500.0,159,0,23.909439086914062,-83.11433767558896,-57.88423400605088,5.5546875,7.9483962059021,30.115618848046932,0.0,0.06289308176100628,-35.21818923950195,-0.0073760803788900375,-0.0011739396722987294,12.010838836431503
3500.0,159,1,24.976219177246094,-84.18452807190802,-54.075065261063614,3.90234375,8.30150032043457,52.992307421898424,0.0,0.12578616352201255,37.80292510986328,0.007917426526546478,0.0012600974878296256,11.189610697329044
3500.0,159,2,24.129526138305664,-77.87776857004758,-56.58372433253162,5.5546875,8.021219253540039,30.750085187504062,0.0,0.10691823899371067,46.348419189453125,0.009707191027700901,0.0015449472703039646,9.12652537226677
3500.0,160,0,22.91822052001953,-83.0999158097961,-57.91181039410229,5.5546875,7.620617389678955,27.10974431647709,0.0,0.0625,-36.278446197509766,-0.007598140276968479,-0.0012092815013602376,11.659815907478333
3500.0,160,1,15.450618743896484,-83.83248985670554,-54.02660330303191,0.0,5.173134803771973,100.0,1.0,0.13124999999999998,34.115966796875,0.00714523158967495,0.001137198880314827,12.398886494338512
3500.0,160,2,29.02971649169922,-77.84874053673022,-56.5399376373527,5.5546875,9.64526653289795,42.41022286886377,0.0,0.10624999999999996,43.489261627197266,0.009108370169997215,0.001449642120860517,9.726539254188538
3500.0,161,0,23.271425247192383,-83.1001013178337,-57.939369437961666,5.5546875,7.737376689910889,28.209679809915357,0.0,0.06211180124223603,-34.025115966796875,-0.007126204203814268,-0.001134170568548143,12.431993149220943
3500.0,161,1,25.44934844970703,-83.79312491177478,-53.97912298079588,2.73046875,8.458198547363281,67.71808163747606,0.0,0.13043478260869568,35.133792877197266,0.00735840480774641,0.0011711264960467815,12.03969120979309
3500.0,161,2,26.249351501464844,-77.81950211522044,-56.495911252684365,5.5546875,8.72326374053955,36.32328833317572,0.0,0.10559006211180122,45.310020446777344,0.009489709511399269,0.0015103340847417712,9.335683658719063
3500.0,162,0,24.776973724365234,-83.09328118784656,-57.96691616674704,5.5546875,8.235527038574219,32.55213085959755,0.0,0.06172839506172845,-34.40827941894531,-0.007206453941762447,-0.0011469426099210978,12.293552979826927
3500.0,162,1,23.021780014038086,-82.89846224375795,-53.93256183592663,5.5546875,7.654846668243408,27.435679109759892,0.0,0.12962962962962965,8.906877517700195,0.0018654520390555263,0.000296895916108042,47.49139025807381
3500.0,162,2,27.41292381286621,-80.83463471092598,-56.45164788474292,5.5546875,9.108991622924805,39.019732041246,0.0,0.1049382716049383,45.24871063232422,0.009476868435740471,0.0015082904137670994,9.34833288192749
3500.0,163,0,20.296884536743164,-83.08648187195097,-57.99444134117521,5.5546875,6.755890369415283,17.78008232420809,0.0,0.06134969325153372,-34.64484786987305,-0.007256000302731991,-0.0011548282345756888,12.209608219563961
3500.0,163,1,18.42734146118164,-82.81634997730859,-53.88682122160141,5.115234375,6.142005920410156,16.717202143979527,0.0,0.1288343558282209,11.594582557678223,0.002428363775834441,0.0003864860918838531,36.4825576543808
3500.0,163,2,18.929113388061523,-80.80362501027848,-56.40713777693018,5.5546875,6.306459903717041,11.920672059992722,0.0,0.10429447852760731,46.1725959777832,0.009670366533100605,0.0015390865737572312,9.16127860546112
3500.0,164,0,22.807859420776367,-83.07302301564295,-58.02195280526796,5.5546875,7.5841450691223145,26.759213472655475,0.0,0.060975609756097615,-34.341163635253906,-0.007192396558821201,-0.0011447054566815495,12.317579239606857
3500.0,164,1,17.558860778808594,-82.75362144950321,-53.83987586735708,3.609375,5.858017921447754,38.38572963757719,0.0,0.12804878048780488,53.23661804199219,0.011149851605296135,0.0017745539080351591,7.945658639073372
3500.0,164,2,25.423181533813477,-80.77321034193432,-56.36238624508344,5.115234375,8.449531555175781,39.461325854607274,0.0,0.10365853658536583,44.51689910888672,0.009323596954345703,0.0014838966308161616,9.502009488642216
3500.0,165,0,19.840303421020508,-83.07386325999958,-58.04944880657793,5.5546875,6.605696678161621,15.910648480670464,0.0,0.06060606060606055,-34.52943420410156,-0.007231828290969133,-0.001150981173850596,12.250417843461037
3500.0,165,1,19.541244506835938,-82.69204680033391,-53.79188166412844,3.609375,6.507407188415527,44.534360683231846,0.0,0.12727272727272732,6.307990074157715,0.001321142422966659,0.0002102663420373574,67.05781072378159
3500.0,165,2,18.725400924682617,-80.74175798346545,-56.31739054890097,5.5546875,6.239663124084473,10.977766114336129,0.0,0.10303030303030303,45.858665466308594,0.009604617021977901,0.0015286222333088517,9.223992936313152
3500.0,166,0,18.870311737060547,-83.0802793025117,-58.076921037322116,5.5546875,6.287174701690674,11.650498617347182,0.0,0.06024096385542166,-34.69702911376953,-0.0072669293731451035,-0.001156567595899105,12.191245332360268
3500.0,166,1,17.306821823120117,-82.6308508037652,-53.74296425752501,4.212890625,5.775777816772461,27.059337137830063,0.0,0.12650602409638556,73.56957244873047,0.015408375300467014,0.002452319022268057,5.749659612774849
3500.0,166,2,22.142148971557617,-80.7092939948595,-56.27214046401363,5.115234375,7.364245414733887,30.539599281064376,0.0,0.10240963855421692,44.502357482910156,0.00932055152952671,0.0014834118774160743,9.505114518105984
3500.0,167,0,20.99349021911621,-83.06819293044882,-58.10437430487924,5.5546875,6.985318660736084,20.480542552447133,0.0,0.05988023952095811,-36.843650817871094,-0.007716516498476267,-0.0012281216913834214,11.480947025120258
3500.0,167,1,24.622791290283203,-82.56940452829154,-53.69509531154857,3.609375,8.18448257446289,55.89977781537563,0.0,0.12574850299401197,13.863447189331055,0.002903553657233715,0.0004621148982550949,30.511891469359398
3500.0,167,2,19.067245483398438,-80.68225333088901,-56.22663927946885,5.5546875,6.351776123046875,12.54906671150936,0.0,0.10179640718562877,45.86151123046875,0.009605213068425655,0.0015287171117961407,9.223420172929764
3500.0,168,0,22.483869552612305,-83.06321568519651,-58.131813992745926,5.5546875,7.477100372314453,25.710673611291803,0.0,0.059523809523809534,-36.58318328857422,-0.0076619647443294525,-0.0012194394366815686,11.562690138816833
3500.0,168,1,23.746383666992188,-82.50794113242122,-53.64821179111554,5.5546875,7.894454002380371,29.638104189027814,0.0,0.125,4.673815727233887,0.0009788817260414362,0.00015579385217279196,90.50421416759491
3500.0,168,2,24.749021530151367,-80.65082211862618,-56.18089068416128,5.33203125,8.226272583007812,35.18290092874089,0.0,0.10119047619047616,44.87310028076172,0.009398200549185276,0.0014957700623199344,9.426583535969257
3500.0,169,0,23.722232818603516,-83.05284003367228,-58.15923086191602,5.5546875,7.886465072631836,29.56682811826219,0.0,0.059171597633136064,-35.64719772338867,-0.007465931586921215,-0.0011882398976013064,11.866291053593159
3500.0,169,1,24.644689559936523,-82.44647920273742,-53.602210525597314,5.5546875,8.191731452941895,32.19153323190122,0.0,0.12426035502958577,17.393207550048828,0.003642824711278081,0.0005797735648229718,24.319838732481003
3500.0,169,2,21.08500862121582,-80.61823539828606,-56.13488370839986,5.5546875,7.015483379364014,20.82245513774479,0.0,0.10059171597633132,45.68335723876953,0.00956790056079626,0.001522778533399105,9.259389713406563
3500.0,170,0,21.24944305419922,-83.05799368342973,-58.18661801804304,5.5546875,7.069692134857178,21.429570141922227,0.0,0.05882352941176472,-35.36231994628906,-0.007406267337501049,-0.0011787440162152052,11.961884796619415
3500.0,170,1,17.490478515625,-82.38556126177338,-53.55495135555982,0.0,5.835696697235107,100.0,1.0,0.12941176470588234,26.32137680053711,0.005512736272066832,0.0008773792651481926,16.070587560534477
3500.0,170,2,21.951923370361328,-80.58460516914704,-56.08860881923391,5.5546875,7.301446437835693,23.923464380757274,0.0,0.09999999999999998,45.28912353515625,0.009485332295298576,0.0015096374554559588,9.33999102562666
3500.0,171,0,24.840431213378906,-83.07144386956325,-58.213982723401365,5.5546875,8.256538391113281,32.72377312532515,0.0,0.05847953216374269,-35.27293395996094,-0.007387545891106129,-0.0011757644824683666,11.992198415100574
3500.0,171,1,18.971338272094727,-82.32543581161056,-53.50666653957524,3.322265625,6.320310115814209,47.43508523913606,0.0,0.1286549707602339,12.607870101928711,0.0026405861135572195,0.0004202623385936022,33.55047479271889
3500.0,171,2,21.033493041992188,-80.36755218197099,-56.04207185587517,5.5546875,6.9985032081604,20.63035002222877,0.0,0.09941520467836262,47.256629943847656,0.009897405281662941,0.0015752209583297372,8.951124735176563
3500.0,172,0,14.46024227142334,-86.56609295969707,-58.2413271200152,0.0,4.854344367980957,100.0,1.0,0.06395348837209303,-34.25354766845703,-0.0071740467101335526,-0.0011417849455028772,12.349085882306099
3500.0,172,1,20.24752426147461,-82.2656208510479,-53.45760578475366,3.90234375,6.7396464347839355,42.09868740502996,0.0,0.12790697674418605,44.83411407470703,0.009390034712851048,0.0014944705180823803,9.434780105948448
3500.0,172,2,19.044559478759766,-80.33625193778286,-55.99527332760763,5.5546875,6.344331741333008,12.446452574169708,0.0,0.09883720930232553,45.071693420410156,0.009439794346690178,0.0015023897867649794,9.385048411786556
3500.0,173,0,18.113773345947266,-86.56617803969374,-58.268646113903124,0.0,6.039369583129883,100.0,1.0,0.06936416184971095,-34.192527770996094,-0.007161266636103392,-0.001139750936999917,12.371123768389225
3500.0,173,1,17.543519973754883,-82.20720711392177,-53.40957826181064,4.212890625,5.8530097007751465,28.02180689292103,0.0,0.12716763005780352,47.967227935791016,0.010046232491731644,0.0015989076346158981,8.818521164357662
3500.0,173,2,26.16703987121582,-80.30399355559749,-55.94820586414806,5.5546875,8.695985794067383,36.12354445439014,0.0,0.09826589595375723,45.226715087890625,0.009472262114286423,0.0015075572300702333,9.352879598736763
3500.0,174,0,15.001676559448242,-86.56295948699331,-58.29593142869432,0.0,5.028347969055176,100.0,1.0,0.07471264367816088,-35.970970153808594,-0.007533742114901543,-0.0011990322964265943,11.759483255445957
3500.0,174,1,19.47541046142578,-82.17501935549451,-53.36249158145663,3.609375,6.485779285430908,44.349401341673975,0.0,0.12643678160919536,10.990575790405273,0.0023018610663712025,0.000366352527635172,38.487520068883896
3500.0,174,2,14.234460830688477,-80.27073383500206,-55.900857176049506,0.0,4.782000541687012,100.0,1.0,0.10344827586206895,48.505516052246094,0.010158972814679146,0.00161685049533844,8.720657788217068
3500.0,175,0,16.748550415039062,-86.5597272821659,-58.32319341276758,0.0,5.593931674957275,100.0,1.0,0.07999999999999996,-37.42951583862305,-0.007839219644665718,-0.0012476505944505334,11.30124181509018
3500.0,175,1,20.812719345092773,-82.11594417849305,-53.316293777329776,4.212890625,6.925751686096191,39.170637124377436,0.0,0.12571428571428567,25.415184020996094,0.00532294437289238,0.0008471728069707751,16.643594950437546
3500.0,175,2,23.714645385742188,-80.23803757330361,-55.853237450270335,3.90234375,7.883955478668213,50.502717061776224,0.0,0.10285714285714287,43.81354522705078,0.009176287800073624,0.0014604515163227916,9.654548950493336
3500.0,176,0,11.792893409729004,-86.55660146577296,-58.350428048974784,0.0,4.00996208190918,100.0,1.0,0.08522727272727271,-36.73729705810547,-0.007694241590797901,-0.0012245766120031476,11.514184065163136
3500.0,176,1,23.017473220825195,-82.05745949805213,-53.26889736772598,4.5234375,7.6534223556518555,40.896538962604644,0.0,0.125,17.880556106567383,0.003744895104318857,0.0005960185662843287,23.65698292851448
3500.0,176,2,23.377674102783203,-80.20585325719739,-55.805340107817734,5.5546875,7.772509574890137,28.53418260242523,0.0,0.10227272727272729,46.65655517578125,0.00977172702550888,0.0015552184777334332,9.066250175237656
3500.0,177,0,14.890138626098633,-86.55361042889398,-58.37763365574895,4.212890625,4.992445468902588,15.614689209093058,0.0,0.0847457627118644,-36.66905975341797,-0.007679950445890427,-0.0012223019730299711,11.535611003637314
3500.0,177,1,18.90712547302246,-81.99972186566497,-53.22059667272106,5.115234375,6.299247741699219,18.79610733296595,0.0,0.12429378531073443,9.045757293701172,0.0018945391057059169,0.00030152525869198143,46.76225408911705
3500.0,177,2,21.654722213745117,-80.17260637944008,-55.757160445339984,5.5546875,7.203365325927734,22.887605325159576,0.0,0.10169491525423724,44.849037170410156,0.009393161162734032,0.0014949679607525468,9.43164061754942
3500.0,178,0,16.631505966186523,-86.55082607684241,-58.40480474556781,5.115234375,5.555866241455078,7.93093007112563,0.0,0.0842696629213483,-35.14112854003906,-0.007359941024333239,-0.001171370968222618,12.037177570164204
3500.0,178,1,17.068317413330078,-81.94273941400735,-53.17184137721123,3.90234375,5.698033809661865,31.514205068720457,0.0,0.1235955056179775,24.910423278808594,0.005217227153480053,0.000830347475130111,16.980843618512154
3500.0,178,2,27.471691131591797,-80.13845458709135,-55.708689460401885,5.5546875,9.128478050231934,39.14990571885235,0.0,0.101123595505618,43.58338928222656,0.009128083474934101,0.0014527796301990747,9.70553234219551
3500.0,179,0,15.734697341918945,-86.54790230054095,-58.43194615924413,0.0,5.264969348907471,100.0,1.0,0.08938547486033521,-34.93981170654297,-0.007317777723073959,-0.001164660439826548,12.106534093618393
3500.0,179,1,23.245901107788086,-81.88637582666365,-53.12392536888558,3.609375,7.728937149047852,53.30050005071333,0.0,0.12290502793296088,9.158248901367188,0.001918099238537252,0.00030527496710419655,46.1878702044487
3500.0,179,2,17.36803436279297,-80.10481005134471,-55.65993048673214,0.0,5.795743942260742,100.0,1.0,0.1061452513966481,48.50567626953125,0.010159005410969257,0.001616855850443244,8.720628917217255
3500.0,180,0,15.863271713256836,-86.54509950213759,-58.459058087966426,0.0,5.306586742401123,100.0,1.0,0.09444444444444444,-35.76408386230469,-0.007490413263440132,-0.0011921360855922103,11.827508918941021
3500.0,180,1,25.960372924804688,-81.83102285919054,-53.07680153893766,5.33203125,8.62750244140625,38.197279152193445,0.0,0.12222222222222223,16.336414337158203,0.0034214910119771957,0.000544547161553055,25.8930753916502
3500.0,180,2,24.741283416748047,-80.07154516511783,-55.610881623891665,4.5234375,8.223711013793945,44.99517927596598,0.0,0.10555555555555551,43.94704055786133,0.009204247035086155,0.0014649013755843043,9.625221602618694
3500.0,181,0,17.34939193725586,-86.40885177169545,-58.486138432486115,4.81640625,5.789661884307861,16.810232682943827,0.0,0.09392265193370164,-38.63588333129883,-0.008091880939900875,-0.0012878627749159932,10.948371142148972
3500.0,181,1,20.415964126586914,-79.59534378190257,-53.03040700632603,5.5546875,6.795086860656738,18.254356214908707,0.0,0.12154696132596687,-39.34695816040039,-0.008240807801485062,-0.0013115652836859226,10.750513523817062
3500.0,181,2,26.025976181030273,-80.037299829467,-55.56153785853835,5.5546875,8.649240493774414,35.77832060516556,0.0,0.10497237569060769,43.79817581176758,0.009173069149255753,0.0014599391724914312,9.657937102019787
3500.0,182,0,14.37435531616211,-86.40728775720319,-58.5131843966434,0.0,4.826809406280518,100.0,1.0,0.09890109890109888,-37.724761962890625,-0.007901056669652462,-0.0012574921129271388,11.212795041501522
3500.0,182,1,26.611602783203125,-79.32263952865718,-52.98303515684975,4.5234375,8.843327522277832,48.84914656157765,0.0,0.1208791208791209,-27.007705688476562,-0.00565648078918457,-0.0009002568549476564,15.662197023630142
3500.0,182,2,21.31749153137207,-80.0020755500698,-55.51189249615816,5.5546875,7.092130184173584,21.67815091161832,0.0,0.10439560439560436,48.64356994628906,0.010187886655330658,0.0016214523930102587,8.695907890796661
3500.0,183,0,16.849031448364258,-86.51825419630974,-58.54020130245711,4.212890625,5.626627445220947,25.125829530827104,0.0,0.09836065573770492,-36.55249786376953,-0.0076555367559194565,-0.0012184166116639972,11.572396382689476
3500.0,183,1,19.2979793548584,-79.29220967515366,-52.9350950726778,5.5546875,6.427509784698486,13.579478117269495,0.0,0.1202185792349727,-59.67028045654297,-0.012497314251959324,-0.0019890093244612217,7.088956423103809
3500.0,183,2,30.0,-79.96731710979421,-55.46195047807526,5.5546875,9.967226028442383,44.270477220550674,0.0,0.10382513661202186,43.987815856933594,0.009212786331772804,0.0014662605244666338,9.616299532353878
3500.0,184,0,18.766969680786133,-86.51962205609738,-58.56718479256345,5.115234375,6.253289699554443,18.199305953081492,0.0,0.09782608695652173,-37.8199462890625,-0.007920991629362106,-0.00126066489610821,11.184574104845524
3500.0,184,1,21.416492462158203,-79.50278367021129,-52.887396977043004,4.5234375,7.124778747558594,36.5111863782434,0.0,0.11956521739130432,-23.532745361328125,-0.004928686656057835,-0.0007844248320907354,17.97495409846306
3500.0,184,2,25.02117919921875,-79.93361689336766,-55.41170322828905,5.5546875,8.316389083862305,33.20794104284155,0.0,0.1032608695652174,43.53800582885742,0.00911857932806015,0.0014512669295072556,9.715649299323559
3500.0,185,0,15.389130592346191,-86.52164911939076,-58.59413876714925,0.0,5.1532793045043945,100.0,1.0,0.10270270270270265,-36.2950439453125,-0.007601616438478231,-0.001209834823384881,11.654484085738659
3500.0,185,1,20.38994789123535,-79.23321615819803,-52.840043691740206,5.115234375,6.78652286529541,24.6265801127992,0.0,0.11891891891891893,-84.74163055419922,-0.01774824596941471,-0.002824721159413457,4.991643596440554
3500.0,185,2,18.103046417236328,-79.90763530725235,-55.361153952551405,0.0,6.03585958480835,100.0,1.0,0.10810810810810811,50.13513946533203,0.010500280186533928,0.0016711712814867496,8.437195792794228
3500.0,186,0,19.22292709350586,-86.5236385560963,-58.62105478140615,4.212890625,6.402870178222656,34.20309161774326,0.0,0.10215053763440862,-36.59453582763672,-0.007664342410862446,-0.001219817902892828,11.559102684259415
3500.0,186,1,24.306968688964844,-79.20434613507643,-52.793012571828136,4.5234375,8.07994270324707,44.01646563431477,0.0,0.11827956989247312,-34.924068450927734,-0.007314480375498533,-0.0011641356395557523,12.111990712583065
3500.0,186,2,28.510805130004883,-79.87120657403872,-55.31028744880559,4.5234375,9.473115921020508,52.249739814091654,0.0,0.10752688172043012,45.83331298828125,0.009599306620657444,0.00152777717448771,9.229094721376896
3500.0,187,0,16.727859497070312,-86.52563296672767,-58.64794302962363,0.0,5.587201118469238,100.0,1.0,0.106951871657754,-37.61004638671875,-0.007877030409872532,-0.0012536682188510895,11.246995069086552
3500.0,187,1,24.795209884643555,-79.4156026517334,-52.74632795742255,5.5546875,8.241565704345703,32.60155049093325,0.0,0.11764705882352944,3.650425910949707,0.0007645434234291315,0.00012168086686870083,115.87689071893692
3500.0,187,2,23.52543067932129,-79.83523115244088,-55.259116189922246,5.5546875,7.821371078491211,28.98064234191108,0.0,0.106951871657754,43.652671813964844,0.009142594411969185,0.0014550890773534775,9.69012826681137
3500.0,188,0,9.888927459716797,-86.31148094407585,-58.67478666716457,0.0,3.4259274005889893,100.0,1.0,0.11170212765957444,-27.953428268432617,-0.005854552611708641,-0.0009317809599451721,15.132312662899494
3500.0,188,1,22.28875732421875,-79.38787771083769,-52.699263764476704,5.5546875,7.412657737731934,25.064832391687098,0.0,0.11702127659574468,-15.604602813720703,-0.0032682204619050026,-0.0005201534368097782,27.10738778114319
3500.0,188,2,12.788103103637695,-79.79954323462837,-55.20761178851515,0.0,4.322106838226318,100.0,1.0,0.11170212765957444,45.377601623535156,0.009503863751888275,0.0015125867212191224,9.321779944002628
3500.0,189,0,17.33983039855957,-86.31222954317602,-58.70159572798719,2.16015625,5.786543369293213,62.66931547660985,0.0,0.11111111111111116,-35.139488220214844,-0.007359596900641918,-0.0011713162530213594,12.037739157676697
3500.0,189,1,24.37639045715332,-79.35737851243921,-52.6521933572957,5.33203125,8.102919578552246,34.196172153634066,0.0,0.1164021164021164,-31.7522029876709,-0.006650166120380163,-0.0010584067786112428,13.321910984814167
3500.0,189,2,24.04181480407715,-79.76276211010621,-55.155786291241455,3.029296875,7.992195129394531,62.096810376181445,0.0,0.11111111111111116,48.309410095214844,0.010117899626493454,0.0016103136586025357,8.756058290600777
3500.0,190,0,18.94049072265625,-86.31317844825568,-58.72836815260673,4.5234375,6.3101911544799805,28.31536495073461,0.0,0.1105263157894737,-35.02983856201172,-0.007336633279919624,-0.001167661277577281,12.075419537723064
3500.0,190,1,18.86752700805664,-79.33077093857607,-52.6057891986722,5.5546875,6.286261558532715,11.637664957477089,0.0,0.11578947368421055,-23.338470458984375,-0.004887998104095459,-0.0007779489969834685,18.12458224594593
3500.0,190,2,24.44123649597168,-79.72500803774557,-55.10363374896007,5.5546875,8.124382972717285,31.629423198618902,0.0,0.1105263157894737,46.6055908203125,0.009761052206158638,0.0015535197453573346,9.076164104044437
3500.0,191,0,13.370586395263672,-86.31418205070325,-58.755105270135005,0.0,4.5065226554870605,100.0,1.0,0.11518324607329844,-41.908267974853516,-0.008777247741818428,-0.0013969423016533256,10.093473829329014
3500.0,191,1,23.757410049438477,-79.06217845893609,-52.5592897943004,4.5234375,7.898101806640625,42.72753617588532,0.0,0.11518324607329844,3.8936996459960938,0.0008154945098794997,0.0001297899871133268,108.63704234361649
3500.0,191,2,17.753578186035156,-79.68757850111119,-55.05115306588557,0.0,5.921610355377197,100.0,1.0,0.11518324607329844,43.7503662109375,0.009163055568933487,0.0014583455631509423,9.66849084943533
3500.0,192,0,17.29416847229004,-86.3153561698107,-58.78180701950087,2.73046875,5.771651744842529,52.691727243593476,0.0,0.11458333333333337,-43.24803161621094,-0.009057847782969475,-0.001441601081751287,9.780792519450188
3500.0,192,1,21.41593360900879,-79.03810853395822,-52.51275066709722,5.5546875,7.124594688415527,22.035038582169044,0.0,0.11458333333333337,-11.753771781921387,-0.0024617044255137444,-0.00039179238956421614,35.988450050354004
3500.0,192,2,23.25210952758789,-79.65040595666629,-54.998341519465455,4.212890625,7.730989933013916,45.50645309975704,0.0,0.11458333333333337,44.669952392578125,0.009355653077363968,0.0014889984158799052,9.469453245401382
3500.0,193,0,18.265987396240234,-86.20427594341888,-58.8084747669671,3.90234375,6.08917760848999,35.913451685839185,0.0,0.11398963730569944,-36.40000915527344,-0.007623600773513317,-0.0012133336858823895,11.620876379311085
3500.0,193,1,22.84153938293457,-79.2567062149488,-52.46621867813906,5.115234375,7.595275402069092,32.65241740139513,0.0,0.11398963730569944,-19.620803833007812,-0.004109371919184923,-0.0006540268077515066,21.558750420808792
3500.0,193,2,26.76668357849121,-79.61217255588032,-54.945198335991535,5.5546875,8.894734382629395,37.55083332395177,0.0,0.11398963730569944,46.7130126953125,0.009783550165593624,0.0015571004478260875,9.055293165147305
3500.0,194,0,18.588356018066406,-86.20393580756357,-58.83509409591926,4.5234375,6.1947503089904785,26.979502411338384,0.0,0.11340206185567014,-36.097694396972656,-0.007560283411294222,-0.0012032565427944064,11.718200519680977
3500.0,194,1,17.398561477661133,-79.23403408401101,-52.4198744358516,0.0,5.805702209472656,100.0,1.0,0.11855670103092786,-22.39629364013672,-0.004690669011324644,-0.0007465431117452681,18.887054175138474
3500.0,194,2,21.552417755126953,-79.57286762826661,-54.89169484585044,5.5546875,7.169614791870117,22.52460332598818,0.0,0.11340206185567014,47.385162353515625,0.009924325160682201,0.0015795053914189339,8.926845155656338
3500.0,195,0,21.975648880004883,-86.20323832946369,-58.8616771289605,4.5234375,7.30927848815918,38.11376174368184,0.0,0.11282051282051286,-43.12462615966797,-0.009032000787556171,-0.0014374875463545322,9.808780625462532
3500.0,195,1,21.962148666381836,-78.97630683050994,-52.37405943414616,3.90234375,7.304821968078613,46.578523514291305,0.0,0.11794871794871797,23.119077682495117,0.0048420485109090805,0.0007706359028816223,18.296578899025917
3500.0,195,2,25.424837112426758,-79.5338356526548,-54.83784897774048,5.33203125,8.450078964233398,36.899628126922146,0.0,0.11282051282051286,43.743690490722656,0.009161656722426414,0.0014581229770556092,9.66996606439352
3500.0,196,0,18.824792861938477,-86.00488146974257,-58.88822015656893,5.5546875,6.272247791290283,11.440241444011445,0.0,0.11224489795918369,-28.090511322021484,-0.005883263424038887,-0.0009363503777422011,15.058466233313084
3500.0,196,1,22.105361938476562,-78.95549894133285,-52.3296380526658,5.115234375,7.352099418640137,30.42484760161027,0.0,0.11734693877551017,-7.437739372253418,-0.001557756564579904,-0.0002479246468283236,56.87212198972702
3500.0,196,2,27.072481155395508,-79.49497885119641,-54.783650649315895,5.5546875,8.996111869812012,38.254575083267895,0.0,0.11224489795918369,43.78916931152344,0.009171182289719582,0.0014596389373764396,9.659922681748867
3500.0,197,0,20.741968154907227,-86.00452327001793,-58.91472613718378,4.5234375,6.902442932128906,34.46613692458526,0.0,0.1116751269035533,-26.86376190185547,-0.005626332946121693,-0.0008954587392508984,15.746120363473892
3500.0,197,1,25.820554733276367,-79.17099626874293,-52.284500283106,5.115234375,8.581174850463867,40.39004607016615,0.0,0.11675126903553301,-7.520309925079346,-0.001575050177052617,-0.0002506769960746169,56.24768137931824
3500.0,197,2,27.802473068237305,-79.45501318339254,-54.72910183261487,5.5546875,9.23817253112793,39.872442506528905,0.0,0.1116751269035533,45.51316833496094,0.009532256051898003,0.0015171056147664785,9.294013492763042
3500.0,198,0,21.612035751342773,-86.00398557551694,-58.94119054900417,5.115234375,7.189282417297363,28.849166327187515,0.0,0.11111111111111116,-28.908931732177734,-0.006054672412574291,-0.0009636310860514641,14.632156118750572
3500.0,198,1,20.655954360961914,-78.93898538716749,-52.23875592755286,5.5546875,6.874110698699951,19.19409297481176,0.0,0.11616161616161613,15.543272018432617,0.0032553754281252623,0.0005181090673431754,27.214348316192627
3500.0,198,2,20.116727828979492,-79.4139703337058,-54.674190567583295,5.5546875,6.6966094970703125,17.052241101558785,0.0,0.11111111111111116,47.390438079833984,0.00992543064057827,0.0015796812949702144,8.925851434469223
3500.0,199,0,21.308115005493164,-86.00382497058546,-58.967615161712914,5.5546875,7.089037895202637,21.643986361548116,0.0,0.11055276381909551,-28.59172821044922,-0.005988237448036671,-0.0009530576062388718,14.794489368796349
3500.0,199,1,26.43947982788086,-78.92313779935733,-52.19252448919747,5.115234375,8.786276817321777,41.78154773230535,0.0,0.11557788944723613,23.507001876831055,0.004923295229673386,0.0007835667347535491,17.99463853240013
3500.0,199,2,22.283924102783203,-79.37309730882455,-54.61891650322518,5.115234375,7.4110612869262695,30.978382488568812,0.0,0.11055276381909551,44.296417236328125,0.009277420118451118,0.0014765472151339054,9.549304842948914
3500.0,200,0,18.830162048339844,-90.71217694955529,-58.99399881813896,5.5546875,6.274009704589844,11.465111443222876,0.0,0.10999999999999999,-15.742189407348633,-0.00329703651368618,-0.0005247396766208112,26.870468631386757
3500.0,200,1,21.823274612426758,-78.90249309089869,-52.147349311685616,5.5546875,7.2589850425720215,23.478455081209958,0.0,0.11499999999999999,8.974273681640625,0.001879567513242364,0.00029914246988482773,47.13473469018936
3500.0,200,2,26.697952270507812,-79.33231801153539,-54.56327371687827,5.5546875,8.871950149536133,37.39045636668252,0.0,0.10999999999999999,43.286529541015625,0.009065910242497921,0.0014428843278437853,9.772093035280704
3500.0,201,0,7.399711608886719,-91.39931730799391,-59.02034166712793,0.0,2.6993393898010254,100.0,1.0,0.11442786069651745,-37.72014617919922,-0.007900089025497437,-0.0012573382118716836,11.21416687965393
3500.0,201,1,19.9317569732666,-79.12457588350632,-52.10340250495093,5.33203125,6.635768890380859,19.647122464899947,0.0,0.11442786069651745,-13.41466999053955,-0.002809561789035797,-0.00044715567491948605,31.532645225524902
3500.0,201,2,24.285018920898438,-79.29039990072341,-54.50725864590032,5.5546875,8.072677612304688,31.191510837329485,0.0,0.1094527363184079,43.8890380859375,0.009192097932100296,0.0014629679499194026,9.637942537665367
3500.0,202,0,12.151589393615723,-91.40876107747802,-59.04663680377663,1.4765625,4.122002601623535,64.17851605871317,0.0,0.11386138613861385,-38.615055084228516,-0.008087518624961376,-0.0012871684739366174,10.954276658594608
3500.0,202,1,21.816516876220703,-79.11122124674216,-52.06159654765841,4.81640625,7.2567548751831055,33.62864899197149,0.0,0.11386138613861385,48.21598815917969,0.010098332539200783,0.001607199665158987,8.773023262619972
3500.0,202,2,19.810150146484375,-79.24737602872538,-54.45085290216498,5.5546875,6.59578275680542,15.784256322439294,0.0,0.1089108910891089,45.787105560302734,0.009589629247784615,0.0015262368833646178,9.238408878445625
3500.0,203,0,10.19707202911377,-91.3599880069841,-59.072893013048095,2.56640625,3.5190672874450684,27.07140726873467,0.0,0.11330049261083741,-37.84870529174805,-0.007927014492452145,-0.001261623576283455,11.176075786352158
3500.0,203,1,28.06787872314453,-79.09946054180577,-52.018330097083094,5.33203125,9.326196670532227,42.827377135981926,0.0,0.11330049261083741,23.5925350189209,0.004941209219396114,0.0007864178624004126,17.929401248693466
3500.0,203,2,22.876354217529297,-79.20444398909638,-54.39407065966273,5.115234375,7.606781005859375,32.754283696877536,0.0,0.10837438423645318,47.317840576171875,0.009910225868225098,0.0015772613696753979,8.939545601606369
3500.0,204,0,11.95522689819336,-91.36263801958093,-59.09910902565623,2.16015625,4.060598850250244,46.80202773867024,0.0,0.11274509803921573,-39.04978942871094,-0.008178569376468658,-0.0013016596203669906,10.832324624061584
3500.0,204,1,21.701208114624023,-78.64038508725582,-51.97380791313607,5.5546875,7.2187042236328125,23.051460097022737,0.0,0.11274509803921573,44.51570510864258,0.009323347359895706,0.0014838568167760968,9.50226467102766
3500.0,204,2,24.343761444091797,-79.16148597890236,-54.33690554071262,5.5546875,8.092119216918945,31.35682568311279,0.0,0.10784313725490191,43.90590286254883,0.009195631369948387,0.0014635301195085049,9.634239599108696
3500.0,205,0,11.629897117614746,-91.3650858988445,-59.12528427883102,2.56640625,3.9592366218566895,35.179265724298126,0.0,0.1121951219512195,-37.01093292236328,-0.007751551456749439,-0.001233697752468288,11.429055593907833
3500.0,205,1,21.070859909057617,-78.58964779465033,-51.928220542471145,5.33203125,7.010818958282471,23.945671943206825,0.0,0.1121951219512195,9.924885749816895,0.0020786633249372244,0.00033082952722907066,42.620137333869934
3500.0,205,2,26.328460693359375,-79.11735087876579,-54.27935233432979,5.5546875,8.749481201171875,36.51409298123842,0.0,0.10731707317073169,42.85607147216797,0.008975755423307419,0.0014285356737673283,9.870246984064579
3500.0,206,0,9.21248722076416,-91.36690039583137,-59.15141570715535,2.5703125,3.223668336868286,20.267464533991276,0.0,0.11165048543689315,-40.197486877441406,-0.008418941870331764,-0.0013399162562564015,10.523046366870403
3500.0,206,1,23.05413818359375,-78.80708452559445,-51.88473770945552,5.115234375,7.665541648864746,33.269759538028765,0.0,0.11165048543689315,24.00320053100586,0.005027218721807003,0.0008001066744327545,17.622649669647217
3500.0,206,2,23.805522918701172,-79.0720936065058,-54.22140008124086,5.5546875,7.914017677307129,29.812040780150607,0.0,0.10679611650485432,43.158363342285156,0.009039066731929779,0.0014386121183633804,9.801113046705723
3500.0,207,0,10.799015045166016,-91.36821698687851,-59.17750352262931,2.16015625,3.702648401260376,41.6591580970884,0.0,0.11111111111111116,-37.71867370605469,-0.007899780757725239,-0.0012572890846058726,11.214604601264
3500.0,207,1,22.200246810913086,-78.80279570244126,-51.843262849417165,5.5546875,7.383429050445557,24.768187490542758,0.0,0.11111111111111116,-27.64022445678711,-0.0057889549061656,-0.0009213408338837326,15.303783118724823
3500.0,207,2,27.14505386352539,-79.02683243613262,-54.16304476470914,5.5546875,9.020173072814941,38.41928026036713,0.0,0.106280193236715,43.392295837402344,0.00908806174993515,0.0014464098494499922,9.748274460434914
3500.0,208,0,6.645237922668457,-91.36913176490867,-59.20354469332929,0.0,2.4902474880218506,100.0,1.0,0.11538461538461542,-40.0976676940918,-0.00839803647249937,-0.001336588989943266,10.549242608249187
3500.0,208,1,19.926042556762695,-78.49765375165559,-51.80389394014993,5.5546875,6.6338887214660645,16.268003079008007,0.0,0.11057692307692313,-26.397449493408203,-0.005528669338673353,-0.000879914965480566,16.024274751544
3500.0,208,2,21.68856430053711,-78.98138927145916,-54.10427461876725,5.5546875,7.214531898498535,23.006959035609455,0.0,0.10576923076923073,44.79956817626953,0.009382801130414009,0.0014933189377188683,9.442055597901344
3500.0,209,0,10.424477577209473,-91.36963724693015,-59.22954306312827,1.326171875,3.5881757736206055,63.04049860796417,0.0,0.11483253588516751,-38.885276794433594,-0.008144114166498184,-0.0012961758766323328,10.878153145313263
3500.0,209,1,20.411970138549805,-78.71215495818097,-51.762967105648926,5.115234375,6.793772220611572,24.70700799357196,0.0,0.11004784688995217,-10.942842483520508,-0.0022918637841939926,-0.0003647614212241024,38.65540400147438
3500.0,209,2,20.69206428527832,-78.9347530145098,-54.04509410284265,5.5546875,6.886004447937012,19.333663781409015,0.0,0.10526315789473684,46.054412841796875,0.00964561477303505,0.0015351470792666078,9.18478798121214
3500.0,210,0,11.004443168640137,-91.36950454575023,-59.255498171716894,2.16015625,3.7657620906829834,42.63694312116728,0.0,0.11428571428571432,-38.47512435913086,-0.008058210834860802,-0.0012825041776522994,10.99411677569151
3500.0,210,1,20.66083526611328,-78.71231849708815,-51.72071997642639,5.115234375,6.875718593597412,25.604366941904143,0.0,0.10952380952380958,8.983613967895508,0.001881523639895022,0.0002994537935592234,47.085728496313095
3500.0,210,2,28.691553115844727,-78.88696537460953,-53.98549768099843,5.5546875,9.533076286315918,41.732476137074705,0.0,0.10476190476190472,44.96500015258789,0.009417448192834854,0.0014988332986831665,9.407317265868187
3500.0,211,0,9.468611717224121,-91.36918649250191,-59.28140936691706,2.16015625,3.2998788356781006,34.53831617559667,0.0,0.11374407582938384,-40.44594192504883,-0.00847097858786583,-0.0013481980422511697,10.458404198288918
3500.0,211,1,19.98573112487793,-79.1278553930884,-51.6773729214374,5.33203125,6.6535186767578125,19.86148218647158,0.0,0.1090047393364929,22.28103256225586,0.004666529130190611,0.0007427011150866747,18.984757363796234
3500.0,211,2,24.0705509185791,-78.83902749118721,-53.92547899906914,5.5546875,8.001704216003418,30.581194329945138,0.0,0.10426540284360186,45.77566909790039,0.009587233886122704,0.0015258556231856346,9.240716695785522
3500.0,212,0,13.314725875854492,-91.36840281783506,-59.30727714428479,1.9140625,4.4887871742248535,57.35902760124665,0.0,0.1132075471698113,-38.63214111328125,-0.008091097697615623,-0.0012877380941063166,10.949431918561459
3500.0,212,1,21.381017684936523,-78.93322339217005,-51.63645355541177,5.115234375,7.113080024719238,28.086927783412584,0.0,0.10849056603773588,-23.464839935302734,-0.004914464894682169,-0.0007821613107807934,18.02697218954563
3500.0,212,2,30.0,-78.79083776743813,-53.865034740905735,5.5546875,9.967226028442383,44.270477220550674,0.0,0.10377358490566035,45.05824279785156,0.009436976164579391,0.0015019414713606238,9.387849830091
3500.0,213,0,8.478473663330078,-91.36697522076746,-59.33310082738928,0.0,3.0079946517944336,100.0,1.0,0.11737089201877937,-39.36786651611328,-0.008245186880230904,-0.0013122622622177005,10.744803585112095
3500.0,213,1,20.250972747802734,-79.18244076853404,-51.59777485575812,5.5546875,6.740780830383301,17.59578541757537,0.0,0.107981220657277,-5.384206771850586,-0.001127665746025741,-0.00017947355809155852,78.56310904026031
3500.0,213,2,21.843605041503906,-78.74138804003202,-53.80415829436115,5.5546875,7.265694618225098,23.549119638654336,0.0,0.10328638497652587,44.834503173828125,0.009390115737915039,0.001494483440183103,9.434698149561882
3500.0,214,0,8.877237319946289,-91.42289765428316,-59.35888131452414,1.4765625,3.124640941619873,52.74457041344014,0.0,0.11682242990654201,-39.083473205566406,-0.008185623213648796,-0.0013027824461460114,10.822989046573639
3500.0,214,1,20.940242767333984,-78.94004388902655,-51.55790491171112,5.33203125,6.967770576477051,23.475791984300532,0.0,0.10747663551401865,-11.569854736328125,-0.002423184923827648,-0.0003856618423014879,36.560527980327606
3500.0,214,2,22.083520889282227,-78.69079200987511,-53.74284748455305,5.5546875,7.344889163970947,24.373433335828466,0.0,0.10280373831775702,46.34438705444336,0.009706346318125725,0.0015448129270225763,9.127318859100342
3500.0,215,0,9.96756362915039,-91.41648827328905,-59.38461413058583,1.6953125,3.4496395587921143,50.855372826440714,0.0,0.11627906976744184,-38.465965270996094,-0.008056294173002243,-0.0012821988202631474,10.996734723448753
3500.0,215,1,24.47431182861328,-79.19319419306531,-51.52008307081144,5.5546875,8.135331153869629,31.721433400312506,0.0,0.10697674418604652,-15.493301391601562,-0.003244909457862377,-0.0005164433969184756,27.302121743559837
3500.0,215,2,21.988588333129883,-78.63987478662293,-53.681084610754766,5.5546875,7.313549041748047,24.049357318969356,0.0,0.10232558139534886,45.008460998535156,0.009426550939679146,0.0015002820873633027,9.398233145475388
3500.0,216,0,5.977931976318359,-91.82046605454818,-59.41030143345406,1.9140625,2.3106000423431396,17.161669483093135,0.0,0.1157407407407407,-39.5347900390625,-0.008280147798359394,-0.0013178263325244188,10.699436999857426
3500.0,216,1,18.32674789428711,-79.19863728574819,-51.48130049903499,0.0,6.109067916870117,100.0,1.0,0.11111111111111116,-4.482014179229736,-0.0009387108730152249,-0.00014940046821720898,94.37721222639084
3500.0,216,2,19.563596725463867,-78.58645963808658,-53.61887049646272,5.5546875,6.514750957489014,14.73676374973898,0.0,0.10185185185185186,43.58126449584961,0.00912763923406601,0.001452708849683404,9.706005454063416
3500.0,217,0,13.672801971435547,-91.81354225205854,-59.43594345401602,1.02734375,4.6026434898376465,77.67926731087663,0.0,0.11520737327188935,-38.516761779785156,-0.008066931739449501,-0.0012838920811191201,10.982232168316841
3500.0,217,1,20.82357406616211,-78.95803628066945,-51.44156554991296,4.5234375,6.929327964782715,34.720401127068854,0.0,0.11059907834101379,-35.028812408447266,-0.007336417678743601,-0.0011676270514726639,12.075773440301418
3500.0,217,2,26.8089656829834,-78.78467020562424,-53.556200280189266,5.5546875,8.908750534057617,37.64908469751438,0.0,0.10138248847926268,42.779754638671875,0.008959770202636719,0.001425991882570088,9.88785456866026
3500.0,218,0,7.555307388305664,-91.80647472806449,-59.46153937461911,0.0,2.7431886196136475,100.0,1.0,0.11926605504587151,-39.97515869140625,-0.00837237760424614,-0.0013325052568688989,10.581571608781815
3500.0,218,1,22.891462326049805,-79.2161662785844,-51.404198211461804,5.115234375,7.61177396774292,32.79839369012696,0.0,0.11009174311926606,-4.563859939575195,-0.0009558526217006147,-0.0001521286612842232,92.68470108509064
3500.0,218,2,24.06644058227539,-78.71997587231084,-53.493066449510955,5.5546875,8.000344276428223,30.569394165123278,0.0,0.1009174311926605,43.638648986816406,0.009139657020568848,0.0014546216698363423,9.693242609500885
3500.0,219,0,12.306173324584961,-91.79936025522805,-59.48709127056834,1.326171875,4.1704535484313965,68.20077577656262,0.0,0.1187214611872146,-38.77688980102539,-0.008121413178741932,-0.0012925630435347557,10.908559896051884
3500.0,219,1,19.533573150634766,-78.97518518805327,-51.3690086318535,5.5546875,6.504886627197266,14.60746638111161,0.0,0.1095890410958904,-20.644969940185547,-0.004323872737586498,-0.0006881656590849161,20.489253103733063
3500.0,219,2,23.531436920166016,-78.65453077227545,-53.42946985139573,5.5546875,7.823358535766602,28.998684201864933,0.0,0.1004566210045662,43.58473205566406,0.00912836566567421,0.0014528244500979781,9.70523338764906
3500.0,220,0,14.637207984924316,-91.79128886938294,-59.51259216854564,2.40625,4.911138534545898,51.004232866290124,0.0,0.11818181818181817,-38.90147018432617,-0.00814750511199236,-0.0012967156944796443,10.873625054955482
3500.0,220,1,22.831382751464844,-77.71057755865593,-51.335780858644696,5.115234375,7.5919189453125,32.622642419564905,0.0,0.10909090909090913,-52.246097564697266,-0.010942397639155388,-0.0017415366601198912,8.096298202872276
3500.0,220,2,27.393396377563477,-78.58831250735156,-53.3653828387653,5.5546875,9.102517127990723,38.976357617399685,0.0,0.09999999999999998,43.04949188232422,0.009016264230012894,0.0014349831035360694,9.825900197029114
3500.0,221,0,7.60011100769043,-91.78323217245457,-59.53804700299373,0.0,2.755859136581421,100.0,1.0,0.12217194570135748,-40.080101013183594,-0.008394356817007065,-0.0013360034208744764,10.553865693509579
3500.0,221,1,19.232999801635742,-77.88841422202614,-51.30141899577737,5.5546875,6.406177043914795,13.291695469509722,0.0,0.10859728506787325,19.830108642578125,0.004153208341449499,0.0006610036361962557,21.331200376152992
3500.0,221,2,20.28917121887207,-78.52158380066987,-53.300814875712064,5.5546875,6.753351211547852,17.74916887926995,0.0,0.09954751131221717,42.94088363647461,0.008993517607450485,0.0014313628198578954,9.850752539932728
3500.0,222,0,14.20639419555664,-91.77469722225361,-59.5634567744754,1.02734375,4.773016929626465,78.4760086723514,0.0,0.1216216216216216,-38.71460723876953,-0.008108368143439293,-0.0012904868926852942,10.926108807325363
3500.0,222,1,18.819580078125,-77.8789592548644,-51.266177611284654,5.115234375,6.2705397605896,18.424337133634083,0.0,0.10810810810810811,22.762123107910156,0.004767287988215685,0.0007587374420836568,18.583504483103752
3500.0,222,2,26.206031799316406,-78.54010830962487,-53.23576376833846,5.5546875,8.708907127380371,36.218317421983535,0.0,0.09909909909909909,44.05497741699219,0.009226853027939796,0.0014684993075206876,9.601639583706856
3500.0,223,0,10.297280311584473,-91.76611848067735,-59.58882176135258,2.5703125,3.549482583999634,27.58627661433075,0.0,0.12107623318385652,-39.90971374511719,-0.008358670398592949,-0.001330323750153184,10.59892401099205
3500.0,223,1,18.15169334411621,-77.87170816514936,-51.230290669789234,4.81640625,6.0517754554748535,20.41333513716629,0.0,0.1076233183856502,-2.615600347518921,-0.0005478100501932204,-8.718667959328741e-05,161.72195971012115
3500.0,223,2,23.202545166015625,-78.4690551655298,-53.17022445162391,5.5546875,7.714603424072266,27.9977570503828,0.0,0.09865470852017932,44.046180725097656,0.009225010871887207,0.0014682060573250055,9.603557176887989
3500.0,224,0,13.544042587280273,-91.75679620302644,-59.61413779773317,1.6953125,4.5616559982299805,62.83559083241224,0.0,0.1205357142857143,-39.26947021484375,-0.008224578574299812,-0.0013089823769405484,10.771727189421654
3500.0,224,1,24.6857967376709,-77.86529268501349,-51.19679402602025,4.5234375,8.205340385437012,44.87203104909238,0.0,0.1071428571428571,15.879387855529785,0.0033257713075727224,0.0005293129361234605,26.63830667734146
3500.0,224,2,25.62324333190918,-78.39680186092643,-53.104176856173524,5.5546875,8.515804290771484,34.77201553328821,0.0,0.0982142857142857,44.140098571777344,0.009244680404663086,0.0014713365817442536,9.58312302827835
3500.0,225,0,14.431989669799805,-91.74745474445382,-59.639405484521745,2.5703125,4.845284461975098,46.95228896938167,0.0,0.12,-38.981101989746094,-0.008164182305335999,-0.0012993700802326202,10.851412080228329
3500.0,225,1,19.726436614990234,-77.66832789749323,-51.16545622590066,5.5546875,6.568264484405518,15.431427690099397,0.0,0.10666666666666669,-21.628829956054688,-0.004529931582510471,-0.0007209610193967819,19.557230174541473
3500.0,225,2,25.312379837036133,-78.31672008558004,-53.03761669297808,5.5546875,8.412830352783203,33.97361806823608,0.0,0.09777777777777774,43.752227783203125,0.009163444861769676,0.001458407612517476,9.66807920485735
3500.0,226,0,8.647284507751465,-91.73759489679718,-59.664626472197185,2.56640625,3.0572190284729004,16.054223590190865,0.0,0.11946902654867253,-40.451744079589844,-0.008472193032503128,-0.001348391524516046,10.456903837621212
3500.0,226,1,21.817527770996094,-77.84123720368505,-51.133378019079615,5.115234375,7.257087707519531,29.513951309975496,0.0,0.10619469026548678,-44.72297668457031,-0.009366758167743683,-0.0014907659497112036,9.458226151764393
3500.0,226,2,23.799081802368164,-78.24375087091822,-52.970543077477245,5.5546875,7.911887168884277,29.79314060689121,0.0,0.09734513274336287,44.13813018798828,0.009244268760085106,0.001471271039918065,9.5835505053401
3500.0,227,0,13.045845031738281,-91.7275190761047,-59.689801226943686,1.328125,4.403565406799316,69.83978033006365,0.0,0.11894273127753308,-38.92478942871094,-0.008152388967573643,-0.0012974929995834827,10.867111384868622
3500.0,227,1,24.540189743041992,-77.83610960840528,-51.10083345137491,5.5546875,8.157137870788574,31.90396450338515,0.0,0.10572687224669608,9.555888175964355,0.0020013805478811264,0.00031852960819378495,44.265903532505035
3500.0,227,2,26.130393981933594,-78.15092275232045,-52.902951542805084,5.5546875,8.683841705322266,36.03421517235199,0.0,0.09691629955947134,43.224693298339844,0.009052959270775318,0.0014408230781555176,9.786073118448257
3500.0,228,0,12.947720527648926,-91.6934151211106,-59.71492806537844,2.5703125,4.372526168823242,41.21676118654914,0.0,0.11842105263157898,-39.78040313720703,-0.00833158940076828,-0.0013260134728625417,10.6333764269948
3500.0,228,1,23.611806869506836,-77.81483627757498,-51.070600286816564,5.5546875,7.849939346313477,29.239102941494487,0.0,0.10526315789473684,15.105894088745117,0.0031637712381780148,0.0005035297945141792,28.002316132187843
3500.0,228,2,25.035747528076172,-78.07682836028648,-52.83482948266857,5.5546875,8.321213722229004,33.246667067793254,0.0,0.0964912280701754,44.53899383544922,0.009328224696218967,0.0014846331905573606,9.497296065092087
3500.0,229,0,12.578590393066406,-91.68271522381008,-59.740005153028676,2.5703125,4.256068706512451,39.60829400928092,0.0,0.11790393013100442,-40.07868194580078,-0.008394059725105762,-0.0013359560398384929,10.554239153862
3500.0,229,1,20.91864013671875,-77.6201165474918,-51.04246543860118,5.5546875,6.960651874542236,20.19874574800078,0.0,0.10480349344978168,23.336273193359375,0.004887537565082312,0.0007778757717460394,18.126288428902626
3500.0,229,2,24.113815307617188,-78.00201710788903,-52.76616270211709,5.5546875,8.016020774841309,30.705175846928057,0.0,0.09606986899563319,44.26029968261719,0.009269855916500092,0.001475343364290893,9.557098150253296
3500.0,230,0,14.842479705810547,-91.66711884193006,-59.76502985958886,2.40625,4.977113246917725,51.65370204324433,0.0,0.11739130434782608,-39.739952087402344,-0.008323116227984428,-0.0013246650341898203,10.644200257956982
3500.0,230,1,26.614948272705078,-77.7986194514888,-51.01624322882186,5.5546875,8.844437599182129,37.195695738600065,0.0,0.10434782608695647,28.460168838500977,0.005960684269666672,0.0009486722992733121,14.862877316772938
3500.0,230,2,24.70587158203125,-77.92646783439496,-52.69693326058194,5.5546875,8.211986541748047,32.35878466481753,0.0,0.09565217391304348,42.996192932128906,0.009005102328956127,0.0014332064893096685,9.83808096498251
3500.0,231,0,11.354720115661621,-91.65576973113548,-59.79000844814489,3.029296875,3.8738791942596436,21.801978763590636,0.0,0.11688311688311692,-39.78471374511719,-0.008332490921020508,-0.0013261571293696761,10.632224380970001
3500.0,231,1,28.22814178466797,-77.96878755819579,-50.98935143518855,5.5546875,9.379353523254395,40.77750149593822,0.0,0.10389610389610393,24.632883071899414,0.005159099120646715,0.0008210961241275072,17.17216894030571
3500.0,231,2,26.85134506225586,-77.85020175954912,-52.62715848379689,5.5546875,8.922800064086914,37.74726027587596,0.0,0.09523809523809523,43.53391647338867,0.009117722511291504,0.0014511306071653962,9.716561995446682
3500.0,232,0,13.640121459960938,-91.64457754736887,-59.814942425977854,2.16015625,4.592235565185547,52.96068288882041,0.0,0.11637931034482762,-38.80414581298828,-0.00812712125480175,-0.001293471548706293,10.900896973907948
3500.0,232,1,26.284664154052734,-77.96958956475848,-50.96204793437174,5.5546875,8.734967231750488,36.40860517702434,0.0,0.10344827586206895,20.176637649536133,0.0042257849127054214,0.0006725545972585678,20.964842289686203
3500.0,232,2,25.406551361083984,-77.77322479191136,-52.55683852405055,5.5546875,8.444022178649902,34.21751645744578,0.0,0.09482758620689657,43.86735534667969,0.009187557734549046,0.001462245243601501,9.642706252634525
3500.0,233,0,14.832910537719727,-91.63305448227953,-59.83982885736747,2.56640625,4.974035263061523,48.40393937174513,0.0,0.11587982832618027,-40.861785888671875,-0.008558073081076145,-0.001362059498205781,10.351970791816711
3500.0,233,1,19.926637649536133,-77.97326770233687,-50.93454121421151,5.5546875,6.634084701538086,16.270476638440144,0.0,0.10300429184549353,-8.313685417175293,-0.0017412141896784306,-0.0002771228610072285,50.879962742328644
3500.0,233,2,26.76787757873535,-77.69550298171211,-52.48595435796119,5.5546875,8.895130157470703,37.553611901509775,0.0,0.09442060085836912,43.079193115234375,0.009022485464811325,0.0014359730994328856,9.81912575662136
3500.0,234,0,9.543452262878418,-91.62569792440904,-59.86466865994535,3.029296875,3.322235345840454,8.817511113630838,0.0,0.11538461538461542,-40.93478012084961,-0.008573360741138458,-0.0013644926948472857,10.333511047065258
3500.0,234,1,22.119373321533203,-77.25155279998535,-50.907061384137066,5.5546875,7.356725692749023,24.49511192900883,0.0,0.10256410256410253,-4.2710676193237305,-0.0008945303270593286,-0.0001423689245712012,99.03847426176071
3500.0,234,2,24.84064483642578,-77.61702880870872,-52.41450305667181,5.5546875,8.256608009338379,32.724340386299744,0.0,0.09401709401709402,43.480979919433594,0.009106636047363281,0.0014493659837171435,9.728391654789448
3500.0,235,0,15.726845741271973,-91.61341828542001,-59.88945675929368,1.6953125,5.262429237365723,67.78460244249017,0.0,0.11489361702127665,-39.23955535888672,-0.008218314498662949,-0.001307985163293779,10.779938660562038
3500.0,235,1,29.64554786682129,-77.42019861878825,-50.88197613739344,5.5546875,9.849602699279785,43.60495880299654,0.0,0.10212765957446812,-6.151453018188477,-0.001288357307203114,-0.00020504843269009143,68.76423954963684
3500.0,235,2,28.18655776977539,-77.53777869412471,-52.34245447747439,5.5546875,9.365561485290527,40.69028847096732,0.0,0.09361702127659577,43.95754623413086,0.009206447750329971,0.0014652515528723598,9.622921235859394
3500.0,236,0,12.580126762390137,-91.6011337836056,-59.914194987691495,3.322265625,4.256552696228027,21.949383407280543,0.0,0.11440677966101698,-40.25645065307617,-0.008431291207671165,-0.0013418816961348057,10.507632978260517
3500.0,236,1,25.20803451538086,-77.24722010556505,-50.85907883984145,5.5546875,8.378270149230957,33.70126051008434,0.0,0.10169491525423724,-16.700923919677734,-0.0034978336188942194,-0.0005566974868997931,25.32794140279293
3500.0,236,2,21.902305603027344,-77.45774378840193,-52.26980824997898,5.5546875,7.285068511962891,23.75243292662812,0.0,0.09322033898305082,42.72541809082031,0.008948391303420067,0.0014241805765777826,9.900430217385292
3500.0,237,0,12.569887161254883,-91.57455829444135,-59.93888729585722,2.5703125,4.253328800201416,39.56939092321564,0.0,0.11392405063291144,-40.254188537597656,-0.00843081809580326,-0.0013418062590062618,10.508223436772823
3500.0,237,1,22.33616065979004,-78.50094464720402,-50.838206456674946,5.5546875,7.428312301635742,25.222752161660765,0.0,0.10126582278481011,32.788063049316406,0.006867116317152977,0.0010929354466497898,12.901037000119686
3500.0,237,2,25.35798454284668,-77.3784027271823,-52.19657514625943,5.5546875,8.427935600280762,34.091956044194795,0.0,0.09282700421940926,43.743431091308594,0.009161602705717087,0.001458114362321794,9.670023806393147
3500.0,238,0,15.28148078918457,-91.56148819328618,-59.963536805139626,2.5703125,5.11853551864624,49.78422068897158,0.0,0.11344537815126055,-39.15827560424805,-0.008201289921998978,-0.0013052758295089006,10.80231461673975
3500.0,238,1,30.0,-78.48726417723319,-50.81921617223183,5.5546875,9.967226028442383,44.270477220550674,0.0,0.10084033613445376,24.226306915283203,0.005073945969343185,0.0008075435762293637,17.460359260439873
3500.0,238,2,27.90763282775879,-77.29678580256493,-52.12276386285674,5.5546875,9.273049354553223,40.0985879874288,0.0,0.09243697478991597,42.839927673339844,0.008972374722361565,0.0014279976021498442,9.873966686427593
3500.0,239,0,8.877869606018066,-91.54813313988504,-59.988132071597455,0.0,3.1248271465301514,100.0,1.0,0.11715481171548114,-42.20782470703125,-0.008839987218379974,-0.0014069274766370654,10.02183835953474
3500.0,239,1,20.74857521057129,-78.47634471856175,-50.799885840208404,5.5546875,6.90462064743042,19.551155905035888,0.0,0.10041841004184104,11.879366874694824,0.002488008700311184,0.0003959788882639259,35.60796007514
3500.0,239,2,24.07465934753418,-77.21482116316693,-52.04831044088394,5.5546875,8.003063201904297,30.59298221363185,0.0,0.09205020920502094,42.641029357910156,0.008930716663599014,0.0014213676331564784,9.920023381710052
3500.0,240,0,12.473348617553711,-91.53476861021522,-60.01268055800811,1.4765625,4.222959518432617,65.03488859992584,0.0,0.1166666666666667,-39.77611541748047,-0.008330689743161201,-0.0013258705148473382,10.634522885084152
3500.0,240,1,22.733308792114258,-78.65168257054987,-50.780484980629375,5.5546875,7.559510231018066,26.52053730666186,0.0,0.09999999999999998,24.50977325439453,0.005133314989507198,0.0008169924258254468,17.258422449231148
3500.0,240,2,30.0,-74.93863612878145,-51.973243905063086,5.5546875,9.967226028442383,44.270477220550674,0.0,0.09166666666666667,40.14293670654297,0.008407517336308956,0.0013380978489294648,10.53734589368105
3500.0,241,0,14.119392395019531,-91.52136594270769,-60.03718238270533,2.40625,4.745182991027832,49.29068057965888,0.0,0.11618257261410792,-39.710479736328125,-0.008316943421959877,-0.0013236827217042446,10.65209973603487
3500.0,241,1,19.24955940246582,-78.6349260430245,-50.76122557547798,5.5546875,6.411612033843994,13.36519629261218,0.0,0.09958506224066388,12.152044296264648,0.0025451183319091797,0.00040506816003471613,34.80895981192589
3500.0,241,2,26.675647735595703,-74.86611266570712,-51.89755727475267,5.5546875,8.864557266235352,37.338241119412444,0.0,0.09128630705394192,39.58053207397461,0.008289727382361889,0.001319351140409708,10.68707276135683
3500.0,242,0,11.38605785369873,-91.5074520167573,-60.061631310820964,2.73046875,3.8835813999176025,29.69199126203632,0.0,0.11570247933884292,-41.96055221557617,-0.008788198232650757,-0.0013986850390210748,10.080897249281406
3500.0,242,1,27.922340393066406,-78.67513233370191,-50.7440322087113,5.5546875,9.277926445007324,40.130076122891545,0.0,0.09917355371900827,30.527114868164062,0.006393584422767162,0.0010175704956054688,13.856533914804459
3500.0,242,2,28.280040740966797,-74.7920652448737,-51.821208684320254,5.5546875,9.396568298339844,40.885998764236255,0.0,0.09090909090909094,42.6263313293457,0.008927637711167336,0.0014208777574822307,9.923444129526615
3500.0,243,0,13.101868629455566,-92.24545009603725,-60.08603096143584,2.16015625,4.42130184173584,51.14207698717297,0.0,0.1152263374485597,-39.78679656982422,-0.008332927711308002,-0.001326226512901485,10.631667450070381
3500.0,243,1,22.787837982177734,-74.09680846692743,-50.72901428427712,5.5546875,7.57752799987793,26.69525602426698,0.0,0.09876543209876543,-17.594463348388672,-0.003684976138174534,-0.0005864821141585708,24.04165454208851
3500.0,243,2,30.0,-74.7183770603469,-51.74420824302832,5.5546875,9.967226028442383,44.270477220550674,0.0,0.09053497942386834,40.347320556640625,0.008450323715806007,0.0013449107063934207,10.483968071639538
3500.0,244,0,11.196934700012207,-92.22782251024586,-60.11038184414894,2.56640625,3.8251004219055176,32.9061732522694,0.0,0.11475409836065575,-39.964447021484375,-0.008370134979486465,-0.0013321482110768557,10.584407486021519
3500.0,244,1,25.204265594482422,-74.06357359155173,-50.71388448930688,5.5546875,8.377022743225098,33.69138809498465,0.0,0.09836065573770492,15.495991706848145,0.0032454729080200195,0.0005165330367162824,27.297381311655045
3500.0,244,2,11.721855163574219,-74.17686427742805,-51.666550440275365,0.0,3.987840175628662,100.0,1.0,0.09426229508196726,23.892803192138672,0.005004097241908312,0.0007964267861098051,17.704077064990997
3500.0,245,0,10.6017427444458,-92.20975676363344,-60.13468641122344,2.16015625,3.642256498336792,40.691814236959466,0.0,0.11428571428571432,-41.81835174560547,-0.008758414536714554,-0.0013939450727775693,10.115176439285278
3500.0,245,1,30.0,-74.28568542521697,-50.69888604649053,5.5546875,9.967226028442383,44.270477220550674,0.0,0.09795918367346934,13.0062837600708,0.0027240298222750425,0.0004335427947808057,32.522741705179214
3500.0,245,2,30.0,-74.10127038494083,-51.58824148046331,3.609375,9.967226028442383,63.78756747664474,0.0,0.09387755102040818,40.081722259521484,0.0083946967497468,0.0013360574375838041,10.553439147770405
3500.0,246,0,11.612774848937988,-92.19176616754503,-60.15894381132099,2.16015625,3.9539151191711426,45.36665090441212,0.0,0.11382113821138207,-39.86382293701172,-0.008349060080945492,-0.0013287941692396998,10.611125268042088
3500.0,246,1,25.23356819152832,-74.25306162589763,-50.6861552841965,5.5546875,8.386727333068848,33.7681162221898,0.0,0.09756097560975607,2.5066277980804443,0.0005249868845567107,8.355425961781293e-05,168.75262558460236
3500.0,246,2,28.92913055419922,-74.02431876092089,-51.50926858742929,5.5546875,9.611894607543945,42.210274594143236,0.0,0.0934959349593496,40.44237518310547,0.008470231667160988,0.0013480791822075844,10.459326207637787
3500.0,247,0,11.050518035888672,-92.17349498641978,-60.18315064913972,2.40625,3.7799477577209473,36.341712789945916,0.0,0.11336032388663964,-40.12900924682617,-0.00840460043400526,-0.0013376337010413408,10.541003197431564
3500.0,247,1,30.0,-74.21718077486993,-50.67546273083052,5.5546875,9.967226028442383,44.270477220550674,0.0,0.09716599190283404,12.834183692932129,0.002687985310330987,0.0004278061387594789,32.958853989839554
3500.0,247,2,26.528852462768555,-73.94756251563452,-51.429602282670444,5.5546875,8.815898895263672,36.99238652811403,0.0,0.09311740890688258,44.761619567871094,0.009374851360917091,0.0014920539688318968,9.450060315430164
3500.0,248,0,9.898249626159668,-92.15510978140816,-60.207303995649845,2.16015625,3.428736448287964,36.99847501902315,0.0,0.11290322580645162,-41.68742370605469,-0.008730994537472725,-0.0013895807787775993,10.146945714950562
3500.0,248,1,29.78323745727539,-74.18562147646514,-50.66479459268156,5.5546875,9.895293235778809,43.86535732043095,0.0,0.09677419354838712,11.844893455505371,0.0024807886220514774,0.0003948297817260027,35.71159392595291
3500.0,248,2,30.0,-73.87087206490165,-51.34921369620329,5.5546875,9.967226028442383,44.270477220550674,0.0,0.092741935483871,39.15142059326172,0.00819985382258892,0.0013050474226474762,10.804206132888794
3500.0,249,0,10.449043273925781,-92.13313494601368,-60.23141078477611,1.9140625,3.5956597328186035,46.76741843701699,0.0,0.1124497991967871,-39.94103240966797,-0.00836523063480854,-0.0013313677627593279,10.590612888336182
3500.0,249,1,24.028697967529297,-74.15249974056672,-50.65442367872639,5.5546875,7.987855911254883,30.460845041365236,0.0,0.09638554216867468,-7.698295593261719,-0.001612327410839498,-0.000256609870120883,54.947227239608765
3500.0,249,2,18.78478240966797,-73.79277574295487,-51.26813923495145,5.5546875,6.259129524230957,11.254632477309379,0.0,0.09236947791164662,22.987041473388672,0.004814394749701023,0.0007662347052246332,18.401673063635826
3500.0,250,0,11.317235946655273,-92.1142957458114,-60.2554674827072,2.16015625,3.8622803688049316,44.07044430416644,0.0,0.11199999999999999,-40.637840270996094,-0.00851116981357336,-0.0013545947149395943,10.409018024802208
3500.0,250,1,30.0,-74.12002337097816,-50.64617415317325,5.5546875,9.967226028442383,44.270477220550674,0.0,0.09599999999999997,14.070707321166992,0.002946962136775255,0.0004690235946327448,30.06245568394661
3500.0,250,2,30.0,-73.71327500887757,-51.186344906570525,5.5546875,9.967226028442383,44.270477220550674,0.0,0.09199999999999997,40.303443908691406,0.008441133424639702,0.001343448180705309,10.49538142979145
3500.0,251,0,10.968335151672363,-92.09497678694184,-60.279474658325306,2.40625,3.754652261734009,35.91284006448249,0.0,0.11155378486055778,-41.806724548339844,-0.008755980059504509,-0.0013935575261712074,10.117989964783192
3500.0,251,1,29.578479766845703,-72.42801431262366,-50.63985802852797,5.5546875,9.827347755432129,43.47724698223271,0.0,0.09561752988047811,7.547255516052246,0.0015806935261934996,0.0002515751984901726,56.04686588048935
3500.0,251,2,19.03032112121582,-73.6339954216792,-51.103825137875816,5.5546875,6.339660167694092,12.381936049099107,0.0,0.0916334661354582,37.35808181762695,0.007824258878827095,0.0012452694354578853,11.322851292788982
3500.0,252,0,14.263521194458008,-92.07571088313176,-60.30343503888992,2.16015625,4.791304588317871,54.91507145534267,0.0,0.11111111111111116,-39.891845703125,-0.008354928344488144,-0.0013297281693667173,10.603670962154865
3500.0,252,1,26.984296798706055,-72.45063167823544,-50.63380186433919,5.5546875,8.966875076293945,38.053252077915865,0.0,0.09523809523809523,30.097721099853516,0.006303652189671993,0.001003257348202169,14.054220169782639
3500.0,252,2,30.0,-73.55489788483618,-51.02059171895845,5.5546875,9.967226028442383,44.270477220550674,0.0,0.09126984126984128,39.06884002685547,0.008182559162378311,0.0013022946659475565,10.82704309374094
3500.0,253,0,11.958420753479004,-92.05657754808777,-60.32734692592551,3.029296875,4.061596393585205,25.41610289529497,0.0,0.11067193675889331,-41.08167266845703,-0.008604126051068306,-0.0013693891232833266,10.296562686562538
3500.0,253,1,20.75510597229004,-72.45544394128717,-50.62818343832631,5.5546875,6.906770706176758,19.576199409191087,0.0,0.09486166007905139,24.8809814453125,0.005211060866713524,0.000829366035759449,17.000937834382057
3500.0,253,2,28.390775680541992,-73.47431482181071,-50.936623047620074,5.5546875,9.433300018310547,41.11617897005237,0.0,0.09090909090909094,38.791542053222656,0.00812448188662529,0.0012930514058098197,10.90443879365921
3500.0,254,0,10.461840629577637,-92.03749351142011,-60.35120915600576,2.56640625,3.599559783935547,28.70221904762914,0.0,0.11023622047244097,-41.67095184326172,-0.00872754491865635,-0.0013890317641198635,10.150955989956856
3500.0,254,1,30.0,-72.47486754405593,-50.62455027142299,5.5546875,9.967226028442383,44.270477220550674,0.0,0.09448818897637801,5.2986226081848145,0.0011097409296780825,0.0001766207569744438,79.83206957578659
3500.0,254,2,27.307329177856445,-73.39230834739536,-50.85190056615544,5.5546875,9.07397747039795,38.784424822289175,0.0,0.09055118110236215,40.40385437011719,0.008462163619697094,0.0013467951212078333,10.46929880976677
3500.0,255,0,12.624127388000488,-92.01797138090834,-60.37502373675324,2.16015625,4.2704081535339355,49.41569582260227,0.0,0.1098039215686275,-39.86365509033203,-0.008349024690687656,-0.0013287884648889303,10.611169971525669
3500.0,255,1,30.0,-72.49464301701549,-50.62274152924205,5.5546875,9.967226028442383,44.270477220550674,0.0,0.09411764705882353,3.9637863636016846,0.0008301734924316406,0.00013212620979174972,106.71614855527878
3500.0,255,2,30.0,-73.31053216636661,-50.76643265329474,5.5546875,9.967226028442383,44.270477220550674,0.0,0.09019607843137256,38.077735900878906,0.007974982261657715,0.0012692578602582216,11.108853854238987
3500.0,256,0,10.343511581420898,-91.9988275685388,-60.398789925442216,2.73046875,3.563534736633301,23.377518340689775,0.0,0.109375,-41.78255844116211,-0.008750919252634048,-0.001392751932144165,10.1238414645195
3500.0,256,1,30.0,-72.51035572953,-50.621343066675195,5.5546875,9.967226028442383,44.270477220550674,0.0,0.09375,-4.236579895019531,-0.0008873072802089155,-0.00014121933782007545,99.84468668699265
3500.0,256,2,30.0,-73.2284636020103,-50.680204144708966,5.5546875,9.967226028442383,44.270477220550674,0.0,0.08984375,37.85399627685547,0.007928121834993362,0.0012617999454960227,11.174513958394527
3500.0,257,0,11.033616065979004,-91.97934766553176,-60.4225063980957,2.16015625,3.774742603302002,42.77341591158091,0.0,0.1089494163424124,-41.3418083190918,-0.008658608421683311,-0.0013780603185296059,10.231773369014263
3500.0,257,1,30.0,-72.52551180370212,-50.62052333319426,5.5546875,9.967226028442383,44.270477220550674,0.0,0.0933852140077821,-10.14034652709961,-0.002123789396136999,-0.0003380115667823702,41.71455278992653
3500.0,257,2,30.0,-73.14542695774072,-50.59319343396551,5.5546875,9.967226028442383,44.270477220550674,0.0,0.08949416342412453,37.714080810546875,0.007898818701505661,0.0012571359984576702,11.215969920158386
3500.0,258,0,11.87317943572998,-91.95992339670997,-60.44617305665783,2.5703125,4.03499174118042,36.299435912895675,0.0,0.10852713178294571,-39.97773742675781,-0.008372917771339417,-0.001332591287791729,10.580888949334621
3500.0,258,1,30.0,-72.54114507033619,-50.62153413445132,5.5546875,9.967226028442383,44.270477220550674,0.0,0.09302325581395354,6.1966376304626465,0.0012978208251297474,0.00020655458502005786,68.26283037662506
3500.0,258,2,30.0,-73.05967407487498,-50.5053932924652,5.5546875,9.967226028442383,44.270477220550674,0.0,0.08914728682170547,39.420021057128906,0.008256110362708569,0.001314000692218542,10.730587877333164
3500.0,259,0,10.418084144592285,-91.94037538526544,-60.469792069580826,2.56640625,3.586228609085083,28.437182072039167,0.0,0.10810810810810811,-42.335975646972656,-0.008866826072335243,-0.001411199220456183,9.99150238931179
3500.0,259,1,30.0,-72.55866862837337,-50.62421948667879,5.5546875,9.967226028442383,44.270477220550674,0.0,0.0926640926640927,5.456027507781982,0.0011427077697589993,0.00018186758097726852,77.5289386510849
3500.0,259,2,30.0,-72.97556302251921,-50.41681091065127,5.5546875,9.967226028442383,44.270477220550674,0.0,0.08880308880308885,38.802978515625,0.008126877248287201,0.001293432665988803,10.901224799454212
3500.0,260,0,11.408050537109375,-91.92091965710691,-60.49336358221408,2.5703125,3.8903937339782715,33.93181575553207,0.0,0.10769230769230764,-40.90983963012695,-0.00856813695281744,-0.0013636613730341196,10.339810512959957
3500.0,260,1,26.22219467163086,-72.61093656492675,-50.62747298773549,5.5546875,8.714263916015625,36.25752497819988,0.0,0.09230769230769231,5.092914581298828,0.001066657598130405,0.0001697638217592612,83.05656909942627
3500.0,260,2,28.850128173828125,-72.89163764596307,-50.327440426758855,5.5546875,9.585683822631836,42.05225623147133,0.0,0.08846153846153848,37.95282745361328,0.007948821410536766,0.0012650942662730813,11.145414784550667
3500.0,261,0,13.026752471923828,-91.90160497724408,-60.51689006779186,2.56640625,4.397522926330566,41.639730070913096,0.0,0.10727969348659006,-40.34869384765625,-0.008450610563158989,-0.0013449564576148987,10.48361137509346
3500.0,261,1,20.72703742980957,-72.62289807211604,-50.63148837599438,5.5546875,6.897524356842041,19.468388763426493,0.0,0.09195402298850575,20.684606552124023,0.004332174081355333,0.0006894869147799909,20.449990406632423
3500.0,261,2,30.0,-72.80627805511095,-50.237296452245495,5.5546875,9.967226028442383,44.270477220550674,0.0,0.08812260536398464,39.032100677490234,0.008174864575266838,0.001301070093177259,10.837233625352383
3500.0,262,0,9.636287689208984,-91.88213875005158,-60.54036623721022,0.0,3.350020408630371,100.0,1.0,0.11068702290076338,-42.073097229003906,-0.008811770007014275,-0.0014024366391822696,10.053930804133415
3500.0,262,1,30.0,-72.63337777984576,-50.63718875730364,5.5546875,9.967226028442383,44.270477220550674,0.0,0.09160305343511455,17.16442108154297,0.003594907931983471,0.0005721473717130721,24.644000455737114
3500.0,262,2,30.0,-72.70990798996016,-50.14632478316574,5.5546875,9.967226028442383,44.270477220550674,0.0,0.08778625954198471,38.15576171875,0.007991325110197067,0.0012718586949631572,11.086137033998966
3500.0,263,0,10.228510856628418,-91.8627186064021,-60.56379002567112,2.16015625,3.5286030769348145,38.78154604239422,0.0,0.11026615969581754,-40.64678192138672,-0.008513042703270912,-0.0013548927381634712,10.406727902591228
3500.0,263,1,30.0,-72.64537518628646,-50.64387857371743,5.5546875,9.967226028442383,44.270477220550674,0.0,0.09125475285171103,6.637236595153809,0.0013900995254516602,0.00022124122187960893,63.73134255409241
3500.0,263,2,27.151897430419922,-72.62354553187438,-50.05449351498869,5.5546875,9.022441864013672,38.43476540253401,0.0,0.0874524714828897,38.474090576171875,0.008057994768023491,0.0012824697187170386,10.994412004947662
3500.0,264,0,11.42457389831543,-91.84332675416084,-60.58716678033901,2.16015625,3.895512819290161,44.54757691200146,0.0,0.10984848484848486,-41.05968475341797,-0.008599520660936832,-0.0013686561724171042,10.302076116204262
3500.0,264,1,30.0,-72.65594844453975,-50.65171973266931,5.5546875,9.967226028442383,44.270477220550674,0.0,0.09090909090909094,4.1274518966674805,0.0008644516346976161,0.00013758173736277968,102.48453915119171
3500.0,264,2,30.0,-72.53741470894853,-49.96184653982663,5.5546875,9.967226028442383,44.270477220550674,0.0,0.08712121212121215,37.98899459838867,0.007956396788358688,0.001266299863345921,11.134804226458073
3500.0,265,0,11.689785957336426,-91.82375108561835,-60.610492910337236,2.5703125,3.977860689163208,35.38455212867958,0.0,0.10943396226415092,-40.94645309448242,-0.008575805462896824,-0.0013648817548528314,10.33056527376175
3500.0,265,1,24.831315994262695,-72.66525227101599,-50.66078715261514,5.5546875,8.253520965576172,32.69917743993722,0.0,0.09056603773584904,8.658868789672852,0.0018135092686861753,0.0002886289730668068,48.85164648294449
3500.0,265,2,30.0,-72.44978911604875,-49.86834093428134,5.5546875,9.967226028442383,44.270477220550674,0.0,0.08679245283018866,56.105194091796875,0.011750644072890282,0.0018701731460168958,7.539409212768078
3500.0,266,0,6.862889766693115,-94.9336801798631,-60.633771618123845,0.0,2.5499439239501953,100.0,1.0,0.1127819548872181,-40.78760528564453,-0.00854253675788641,-0.0013595868367701769,10.370797477662563
3500.0,266,1,24.237760543823242,-72.76142049417999,-50.671253380915374,5.5546875,8.057037353515625,31.05794032869593,0.0,0.09022556390977443,-2.6456117630004883,-0.0005540956044569612,-8.81870582816191e-05,159.8874032497406
3500.0,266,2,30.0,-72.36071972037516,-49.77400092407457,5.5546875,9.967226028442383,44.270477220550674,0.0,0.0864661654135338,38.71009826660156,0.008107423782348633,0.0012903366005048156,10.927380993962288
3500.0,267,0,2.323721408843994,-94.95671755894858,-60.65699970408666,0.0,1.4369852542877197,100.0,1.0,0.11610486891385763,-42.38560485839844,-0.008877220563590527,-0.0014128534821793437,9.97980311512947
3500.0,267,1,30.0,-72.77667873109387,-50.682704029782336,5.5546875,9.967226028442383,44.270477220550674,0.0,0.0898876404494382,1.3346810340881348,0.0002795349573716521,4.448936670087278e-05,316.9296681880951
3500.0,267,2,19.634225845336914,-72.27205098855414,-49.67878555965428,5.5546875,6.537959098815918,15.039427196691967,0.0,0.08614232209737827,38.564979553222656,0.008077031001448631,0.0012854993110522628,10.96850074827671
3500.0,268,0,8.463217735290527,-94.97971417041524,-60.68017857730336,0.490234375,3.0035579204559326,83.67821137520852,0.0,0.11567164179104472,-40.464210510253906,-0.008474805392324924,-0.0013488070107996464,10.453682392835617
3500.0,268,1,30.0,-72.78987335077198,-50.69503584061761,5.5546875,9.967226028442383,44.270477220550674,0.0,0.08955223880597019,4.742867469787598,0.0009933440014719963,0.00015809558681212366,89.18655663728714
3500.0,268,2,30.0,-72.18363233826403,-49.58270059496629,5.5546875,9.967226028442383,44.270477220550674,0.0,0.08582089552238803,37.41624069213867,0.007836439646780491,0.0012472079833969474,11.305251158773899
3500.0,269,0,8.598811149597168,-95.00264815076982,-60.70331289797935,1.328125,3.043060302734375,56.355613498470646,0.0,0.11524163568773238,-41.58214569091797,-0.008708944544196129,-0.0013860715553164482,10.172635316848755
3500.0,269,1,30.0,-72.8069741462142,-50.708199405320094,5.5546875,9.967226028442383,44.270477220550674,0.0,0.08921933085501854,-4.363093852996826,-0.0009138042805716395,-0.00014543646830134094,96.94955497980118
3500.0,269,2,30.0,-72.09375690838218,-49.48579660581262,5.5546875,9.967226028442383,44.270477220550674,0.0,0.08550185873605953,36.82403564453125,0.007712407968938351,0.0012274679029360414,11.487063020467758
3500.0,270,0,8.239472389221191,-95.02546663170173,-60.7263967648738,1.328125,2.938710927963257,54.805864457022714,0.0,0.11481481481481481,-41.90904998779297,-0.00877741165459156,-0.0013969683786854148,10.093285702168941
3500.0,270,1,30.0,-72.82163866638518,-50.722059877375834,5.5546875,9.967226028442383,44.270477220550674,0.0,0.0888888888888889,-28.156213760375977,-0.005897023715078831,-0.0009385404409840703,15.023327432572842
3500.0,270,2,30.0,-72.00250724505324,-49.38799991224565,5.5546875,9.967226028442383,44.270477220550674,0.0,0.08518518518518514,39.001670837402344,0.008168491534888744,0.0013000557664781809,10.845689103007317
3500.0,271,0,6.925693035125732,-95.0481210720649,-60.74943127227126,1.328125,2.567265510559082,48.26694027020331,0.0,0.11439114391143912,-40.495574951171875,-0.008481374010443687,-0.001349852536804974,10.44558547437191
3500.0,271,1,28.565675735473633,-72.8358891991908,-50.73725606107078,5.5546875,9.491318702697754,41.47612493065721,0.0,0.08856088560885611,-41.98796463012695,-0.008793938905000687,-0.0013995987828820944,10.074315592646599
3500.0,271,2,30.0,-71.90577295245632,-49.28931561478002,5.5546875,9.967226028442383,44.270477220550674,0.0,0.08487084870848705,37.2376708984375,0.007799040526151657,0.0012412556679919362,11.35946437716484
3500.0,272,0,4.43597412109375,-95.20707384451497,-60.77241803304291,1.17578125,1.9172933101654053,38.67494119099779,0.0,0.11397058823529416,-41.45437240600586,-0.008682183921337128,-0.001381812384352088,10.203990153968334
3500.0,272,1,21.538728713989258,-72.84769139904529,-50.753869750497074,5.5546875,7.165098667144775,22.475770983158128,0.0,0.08823529411764708,-39.47626876831055,-0.00826789066195488,-0.0013158756773918867,10.715298354625702
3500.0,272,2,19.040325164794922,-71.61020533995364,-49.18976147379588,5.5546875,6.34294319152832,12.427286004722859,0.0,0.0845588235294118,39.31627655029297,0.008234381675720215,0.001310542575083673,10.758902877569199
3500.0,273,0,7.690213680267334,-95.23552383572685,-60.79535619451385,0.740234375,2.781398057937622,73.38624822551016,0.0,0.1135531135531136,-41.64474868774414,-0.008722055703401566,-0.001388158299960196,10.157343000173569
3500.0,273,1,30.0,-72.86368655719541,-50.771945762731036,5.5546875,9.967226028442383,44.270477220550674,0.0,0.08791208791208793,-12.78207778930664,-0.0026770723052322865,-0.0004260692512616515,33.09321030974388
3500.0,273,2,30.0,-71.52370311984212,-49.089319988129866,5.5546875,9.967226028442383,44.270477220550674,0.0,0.08424908424908428,34.11917495727539,0.007145903538912535,0.001137305865995586,12.397720478475094
3500.0,274,0,6.981452465057373,-95.26343675878016,-60.81824464646653,1.328125,2.5826797485351562,48.57569930018286,0.0,0.11313868613138689,-41.37041473388672,-0.008664600551128387,-0.0013790138764306903,10.22469811141491
3500.0,274,1,30.0,-74.51671785721945,-50.79151959474307,5.5546875,9.967226028442383,44.270477220550674,0.0,0.08759124087591241,-8.681480407714844,-0.0018182451603934169,-0.0002893826749641448,48.72440919280052
3500.0,274,2,30.0,-71.43629310083236,-48.98797589043491,5.5546875,9.967226028442383,44.270477220550674,0.0,0.08394160583941601,35.061275482177734,0.007343216799199581,0.001168709248304367,12.06459291279316
3500.0,275,0,8.88339614868164,-95.29159171100488,-60.84108543849297,1.326171875,3.126452684402466,57.58221828796168,0.0,0.11272727272727268,-41.38292694091797,-0.008667219430208206,-0.0013794308761134744,10.22160705178976
3500.0,275,1,30.0,-74.57445171889816,-50.811666487346095,5.5546875,9.967226028442383,44.270477220550674,0.0,0.08727272727272728,-10.777261734008789,-0.0022571845911443233,-0.00035924205440096557,39.249300956726074
3500.0,275,2,28.88220977783203,-71.34926584545651,-48.885754578360206,5.5546875,9.596327781677246,42.11653013139207,0.0,0.08363636363636362,45.457393646240234,0.0095205744728446,0.0015152464620769024,9.305417537689209
3500.0,276,0,6.231842994689941,-95.31970374680085,-60.86387958147223,1.6953125,2.3783373832702637,28.718586693158322,0.0,0.1123188405797102,-41.72443389892578,-0.008738745003938675,-0.0013908144319429994,10.137944482266903
3500.0,276,1,27.32703971862793,-74.63019805047941,-50.83230630181213,5.5546875,9.080513000488281,38.82848359226719,0.0,0.08695652173913049,-14.474308013916016,-0.003031492233276367,-0.0004824769275728613,29.224196448922157
3500.0,276,2,30.0,-71.26243142575126,-48.78267267565614,5.5546875,9.967226028442383,44.270477220550674,0.0,0.08333333333333337,35.65032958984375,0.007466587238013744,0.0011883443221449852,11.86524797230959
3500.0,277,0,5.760992050170898,-95.34799635786653,-60.88662495312762,1.17578125,2.2533535957336426,47.82082793281312,0.0,0.11191335740072206,-41.634971618652344,-0.008720007725059986,-0.0013878324534744024,10.159728117287159
3500.0,277,1,30.0,-74.69053135580913,-50.853350665408925,5.5546875,9.967226028442383,44.270477220550674,0.0,0.08664259927797835,-14.413923263549805,-0.0030188453383743763,-0.0004804641066584736,29.34662625193596
3500.0,277,2,30.0,-71.16539918333702,-48.678696363899874,5.5546875,9.967226028442383,44.270477220550674,0.0,0.0830324909747292,35.38529586791992,0.007411079481244087,0.0011795099126175046,11.954118497669697
3500.0,278,0,8.61674976348877,-95.37633029946825,-60.909322962393674,1.02734375,3.048297882080078,66.29779011954804,0.0,0.11151079136690645,-41.51912307739258,-0.008695744909346104,-0.0013839708408340812,10.18807664513588
3500.0,278,1,29.784090042114258,-74.75418425104051,-50.8759464578133,5.5546875,9.895575523376465,43.86695865361161,0.0,0.08633093525179858,-14.331289291381836,-0.0030015381053090096,-0.0004777096619363874,29.515838250517845
3500.0,278,2,26.5331974029541,-71.07617487630941,-48.5738532810006,5.5546875,8.817338943481445,37.00267693455841,0.0,0.08273381294964033,11.540948867797852,0.0024171308614313602,0.00038469830178655684,36.6520993411541
3500.0,279,0,4.879936695098877,-95.40459305048864,-60.931974904778976,1.6953125,2.027172565460205,16.370587838182725,0.0,0.11111111111111116,-41.82744598388672,-0.008760320022702217,-0.0013942482182756066,10.112977586686611
3500.0,279,1,21.499614715576172,-74.81417430861946,-50.90013116760416,5.5546875,7.152196407318115,22.33592055279057,0.0,0.08602150537634412,-0.4535348415374756,-9.498815052211285e-05,-1.5117828297661617e-05,932.6736927032471
3500.0,279,2,28.11384391784668,-70.98067626607693,-48.46816662510416,5.5546875,9.341442108154297,40.53715223315228,0.0,0.08243727598566308,37.277984619140625,0.007807482499629259,0.0012425994500517845,11.347180232405663
3500.0,280,0,3.6519761085510254,-95.43298236753768,-60.954577008820365,1.02734375,1.7305094003677368,40.63344875320022,0.0,0.11071428571428577,-41.8782958984375,-0.00877097062766552,-0.0013959432253614068,10.100698098540306
3500.0,280,1,23.96659278869629,-74.87957851892602,-50.92466882360708,5.5546875,7.967306613922119,30.281489477338475,0.0,0.08571428571428574,-8.072352409362793,-0.0016906695673242211,-0.000269078416749835,52.40108445286751
3500.0,280,2,30.0,-70.86199753601349,-48.361585563403985,5.5546875,9.967226028442383,44.270477220550674,0.0,0.08214285714285718,36.78993225097656,0.007705266121774912,0.0012263311073184013,11.497710831463337
3500.0,281,0,6.120517253875732,-95.45357845165233,-60.97713150775363,0.740234375,2.3485424518585205,68.48111583360075,0.0,0.11032028469750887,-41.66992950439453,-0.008727329783141613,-0.0013889976544305682,10.151205584406853
3500.0,281,1,27.427860260009766,-74.94062738752015,-50.950403676693966,5.5546875,9.113944053649902,39.052868140270306,0.0,0.08540925266903909,-11.123893737792969,-0.002329783048480749,-0.0003707964497152716,38.02625462412834
3500.0,281,2,30.0,-70.76341045623994,-48.25414816840596,5.5546875,9.967226028442383,44.270477220550674,0.0,0.08185053380782914,36.93585205078125,0.0077358270063996315,0.0012311950558796525,11.452287435531616
3500.0,282,0,7.929961681365967,-95.48268655021474,-60.99964019258738,1.326171875,2.8497262001037598,53.46318271026481,0.0,0.10992907801418439,-41.622196197509766,-0.008717332035303116,-0.0013874066062271595,10.162847116589546
3500.0,282,1,30.0,-75.00314781115983,-50.97676793863562,5.5546875,9.967226028442383,44.270477220550674,0.0,0.08510638297872342,-16.53992462158203,-0.003464113688096404,-0.0005513307987712324,25.57448297739029
3500.0,282,2,30.0,-70.67225413150786,-48.14589821909563,5.5546875,9.967226028442383,44.270477220550674,0.0,0.08156028368794321,31.751039505004883,0.006649922579526901,0.0010583680123090744,13.322398997843266
3500.0,283,0,6.4164228439331055,-95.51147710676014,-61.02209980126213,1.6953125,2.428061008453369,30.178340078864686,0.0,0.10954063604240283,-41.870147705078125,-0.008769262582063675,-0.0013956716284155846,10.102663189172745
3500.0,283,1,30.0,-75.0709412859564,-51.003634497606726,5.5546875,9.967226028442383,44.270477220550674,0.0,0.0848056537102474,-19.716632843017578,-0.004129442386329174,-0.0006572211277671158,21.453967317938805
3500.0,283,2,30.0,-70.5787824549704,-48.03679133117629,5.5546875,9.967226028442383,44.270477220550674,0.0,0.08127208480565373,33.021583557128906,0.006916024722158909,0.001100719440728426,12.80980370938778
3500.0,284,0,6.514156341552734,-95.5399836068292,-61.044511693922516,1.328125,2.454549789428711,45.891299263107754,0.0,0.10915492957746475,-41.904754638671875,-0.008776511996984482,-0.0013968251878395677,10.09432040154934
3500.0,284,1,30.0,-75.1529474317011,-51.03168925344741,5.5546875,9.967226028442383,44.270477220550674,0.0,0.08450704225352113,-17.58721923828125,-0.0036834587808698416,-0.0005862406687811017,24.05155636370182
3500.0,284,2,30.0,-70.48821297097462,-47.92686688878294,5.5546875,9.967226028442383,44.270477220550674,0.0,0.08098591549295775,33.917579650878906,0.007103681564331055,0.0011305860243737698,12.47140858322382
3500.0,285,0,8.133724212646484,-95.5689391720749,-61.06687550698085,1.328125,2.908212423324585,54.33191229952434,0.0,0.10877192982456141,-41.79248046875,-0.008752996101975441,-0.0013930826680734754,10.121438652276993
3500.0,285,1,30.0,-75.21144618746874,-51.06096898395452,5.5546875,9.967226028442383,44.270477220550674,0.0,0.08421052631578951,-16.834346771240234,-0.003525777254253626,-0.0005611449014395475,25.127200409770012
3500.0,285,2,30.0,-70.39616048055764,-47.81613005827384,5.5546875,9.967226028442383,44.270477220550674,0.0,0.08070175438596494,34.398590087890625,0.00720442458987236,0.0011466196738183498,12.297015637159348
3500.0,286,0,7.9779462814331055,-95.59775690087827,-61.08919379978134,1.6953125,2.8634657859802246,40.795084463715405,0.0,0.10839160839160844,-41.92524719238281,-0.00878080353140831,-0.0013975083129480481,10.089386254549026
3500.0,286,1,25.724302291870117,-75.27844752152197,-51.09154292244347,5.5546875,8.549284934997559,35.02746086680071,0.0,0.08391608391608396,-16.013431549072266,-0.0033538450952619314,-0.0005337810725905001,26.415325701236725
3500.0,286,2,30.0,-70.30278171753682,-47.70465861195501,5.5546875,9.967226028442383,44.270477220550674,0.0,0.08041958041958042,26.665626525878906,0.005584836006164551,0.0008888542070053518,15.863118693232536
3500.0,287,0,6.680209159851074,-95.6267815779993,-61.1114667974731,1.6953125,2.4998040199279785,32.1821836237849,0.0,0.10801393728222997,-42.02192687988281,-0.008801051415503025,-0.0014007309218868613,10.06617397069931
3500.0,287,1,30.0,-75.3377808362847,-51.12248410498152,5.5546875,9.967226028442383,44.270477220550674,0.0,0.08362369337979092,-17.82870864868164,-0.0037340358830988407,-0.0005942903226241469,23.725779727101326
3500.0,287,2,30.0,-70.20983346095974,-47.59248290454445,5.5546875,9.967226028442383,44.270477220550674,0.0,0.08013937282229966,32.35657501220703,0.006776744965463877,0.0010785525664687157,13.07307742536068
3500.0,288,0,6.779965877532959,-95.17765137451235,-61.133688700861505,1.328125,2.5271384716033936,47.445499527481594,0.0,0.10763888888888884,-40.29933166503906,-0.008440272882580757,-0.0013433110434561968,10.496452450752258
3500.0,288,1,30.0,-75.40239831470485,-51.153662680042174,5.5546875,9.967226028442383,44.270477220550674,0.0,0.08333333333333337,-21.28033447265625,-0.004456942901015282,-0.0007093445165082812,19.877508282661438
3500.0,288,2,30.0,-70.11710627298685,-47.47950023834646,5.5546875,9.967226028442383,44.270477220550674,0.0,0.07986111111111116,30.162736892700195,0.006317269057035446,0.0010054245358332992,14.02392704039812
3500.0,289,0,4.390865325927734,-95.17111717536194,-61.155863066541635,1.4765625,1.906290888786316,22.54264505559864,0.0,0.10726643598615915,-44.59282684326172,-0.009339500218629837,-0.001486427616328001,9.485830552875996
3500.0,289,1,30.0,-75.45305658272113,-51.185063770719424,5.5546875,9.967226028442383,44.270477220550674,0.0,0.08304498269896199,-21.07455062866211,-0.0044138431549072266,-0.0007024850347079337,20.0716033577919
3500.0,289,2,30.0,-70.0229484772496,-47.365822768113475,5.5546875,9.967226028442383,44.270477220550674,0.0,0.07958477508650519,31.995967864990234,0.006701220758259296,0.0010665322188287973,13.220416381955147
3500.0,290,0,7.146296977996826,-95.16365694305529,-61.177992654839386,1.02734375,2.6284420490264893,60.91434656584865,0.0,0.10689655172413792,-41.77497863769531,-0.008749330416321754,-0.0013924993108958006,10.125678963959217
3500.0,290,1,30.0,-75.50932206152535,-51.21777952995101,5.5546875,9.967226028442383,44.270477220550674,0.0,0.08275862068965523,-22.286544799804688,-0.004667683504521847,-0.0007428848184645176,18.980061635375023
3500.0,290,2,29.470096588134766,-69.92749203160889,-47.25154788931697,5.5546875,9.791383743286133,43.26963741147617,0.0,0.07931034482758625,30.901018142700195,0.0064718942157924175,0.0010300339199602604,13.688869774341583
3500.0,291,0,10.077542304992676,-95.15362269794359,-61.200076155230306,1.6953125,3.48286771774292,51.32423515933442,0.0,0.10652920962199308,-40.073123931884766,-0.008392895571887493,-0.0013357708230614662,10.555703192949295
3500.0,291,1,30.0,-75.56205445049684,-51.251777700693026,5.5546875,9.967226028442383,44.270477220550674,0.0,0.08247422680412375,-20.080135345458984,-0.004205573815852404,-0.0006693378672935069,21.065594628453255
3500.0,291,2,30.0,-69.83252215189304,-47.13669042367485,5.5546875,9.967226028442383,44.270477220550674,0.0,0.07903780068728528,34.00305938720703,0.007121584843844175,0.001133435289375484,12.440057471394539
3500.0,292,0,8.405200004577637,-92.16922129183955,-61.22211024283518,2.40625,2.9867019653320312,19.43454593292513,0.0,0.10616438356164382,-40.21149444580078,-0.008421876467764378,-0.0013403831981122494,10.519380681216717
3500.0,292,1,30.0,-75.61558696984048,-51.28686510255196,5.5546875,9.967226028442383,44.270477220550674,0.0,0.0821917808219178,-20.8394775390625,-0.004364609718322754,-0.0006946492358110845,20.29801346361637
3500.0,292,2,30.0,-69.70490977057887,-47.021208203490836,5.5546875,9.967226028442383,44.270477220550674,0.0,0.07876712328767121,30.754608154296875,0.006441230420023203,0.0010251536732539535,13.754036277532578
3500.0,293,0,5.415493488311768,-92.13798703838302,-61.24409789406587,1.9140625,2.163421392440796,11.526136022879319,0.0,0.10580204778156999,-45.114784240722656,-0.009448818862438202,-0.00150382611900568,9.376084432005882
3500.0,293,1,30.0,-75.66995259623569,-51.322098684689344,5.5546875,9.967226028442383,44.270477220550674,0.0,0.08191126279863481,-23.879791259765625,-0.0050013717263937,-0.000795993022620678,17.713723704218864
3500.0,293,2,30.0,-69.60924327976858,-46.90523178994378,5.5546875,9.967226028442383,44.270477220550674,0.0,0.07849829351535831,31.791168212890625,0.006658326834440231,0.0010597056243568659,13.305582106113434
3500.0,294,0,12.528799057006836,-92.10409410120971,-61.26604060303876,1.328125,4.24039888381958,68.6792437129481,0.0,0.1054421768707483,-40.074012756347656,-0.00839308276772499,-0.0013358003925532103,10.555469430983067
3500.0,294,1,30.0,-75.71982596368778,-51.35744274419905,5.5546875,9.967226028442383,44.270477220550674,0.0,0.08163265306122447,-22.363901138305664,-0.004683884792029858,-0.0007454633596353233,18.91441084444523
3500.0,294,2,30.0,-69.51245798024743,-46.78885069131098,5.5546875,9.967226028442383,44.270477220550674,0.0,0.07823129251700678,34.518741607666016,0.007229588460177183,0.0011506247101351619,12.254212982952595
3500.0,295,0,14.038705825805664,-92.06818242696235,-61.28793752715322,3.029296875,4.719388008117676,35.81165884666828,0.0,0.10508474576271187,-40.74474334716797,-0.008533559739589691,-0.001358158071525395,10.381707921624184
3500.0,295,1,25.216999053955078,-75.51635059278674,-51.39286245505014,5.5546875,8.38123893737793,33.72474473639354,0.0,0.08135593220338988,-18.806045532226562,-0.00393872894346714,-0.00062686821911484,22.492768242955208
3500.0,295,2,26.444835662841797,-69.41075279302872,-46.672126116838285,5.5546875,8.78805160522461,36.792730066609224,0.0,0.07796610169491525,27.8110294342041,0.00582472886890173,0.0009270342998206615,15.209793113172054
3500.0,296,0,7.394713878631592,-92.02977096497173,-61.3097884354069,0.0,2.697934865951538,100.0,1.0,0.10810810810810811,-46.187110900878906,-0.00967340636998415,-0.001539570395834744,9.15839895606041
3500.0,296,1,27.197723388671875,-74.88785656684739,-51.42960091657163,5.5546875,9.037635803222656,38.538267961414206,0.0,0.08108108108108103,-18.984872817993164,-0.003976182546466589,-0.0006328290910460055,22.280897945165634
3500.0,296,2,30.0,-69.31501879652673,-46.55511135221357,5.5546875,9.967226028442383,44.270477220550674,0.0,0.07770270270270274,23.048086166381836,0.004827179946005344,0.0007682695286348462,18.3529332280159
3500.0,297,0,11.055976867675781,-91.98912433652751,-61.33159238348832,1.4765625,3.7816295623779297,60.95433263242417,0.0,0.1077441077441077,-40.81089782714844,-0.008547414094209671,-0.0013603633269667625,10.364878922700882
3500.0,297,1,30.0,-74.92822106258902,-51.46740181413608,5.5546875,9.967226028442383,44.270477220550674,0.0,0.08080808080808077,-24.99761199951172,-0.005235487595200539,-0.0008332537254318595,16.921617090702057
3500.0,297,2,28.465526580810547,-69.21811018620426,-46.43785224481455,5.5546875,9.458096504211426,41.270555893285156,0.0,0.07744107744107742,27.58258056640625,0.005776882171630859,0.0009194193407893181,15.335766598582268
3500.0,298,0,11.315401077270508,-91.94617495021748,-61.35334934777905,2.5703125,3.8617124557495117,33.44112153733276,0.0,0.10738255033557043,-38.99290084838867,-0.008166654035449028,-0.0012997633311897516,10.84812916815281
3500.0,298,1,24.0599365234375,-79.43515909181579,-51.50317644151412,5.5546875,7.9981913566589355,30.550705124410204,0.0,0.08053691275167785,-28.763504028320312,-0.006024214439094067,-0.0009587834938429296,14.706136658787727
3500.0,298,2,30.0,-69.120155177185,-46.320452152562154,5.5546875,9.967226028442383,44.270477220550674,0.0,0.07718120805369133,29.757736206054688,0.006232446059584618,0.0009919245494529605,14.214791357517242
3500.0,299,0,5.016461372375488,-91.9013330095072,-61.37506038295468,0.0,2.0615296363830566,100.0,1.0,0.11036789297658867,-46.212799072265625,-0.009678786620497704,-0.001540426630526781,9.153308346867561
3500.0,299,1,30.0,-78.2174249132861,-51.541962838824304,5.5546875,9.967226028442383,44.270477220550674,0.0,0.08026755852842804,-26.796802520751953,-0.005612309090793133,-0.0008932267664931715,15.785465016961098
3500.0,299,2,30.0,-69.02281325066,-46.203020608499685,5.5546875,9.967226028442383,44.270477220550674,0.0,0.07692307692307687,27.17401123046875,0.005691311787813902,0.0009058003779500723,15.566344372928143
3500.0,300,0,7.300583362579346,-91.85451110830866,-61.39672474627209,1.02734375,2.6715288162231445,61.54472511165348,0.0,0.10999999999999999,-40.89894104003906,-0.008565854281187057,-0.0013632980408146977,10.342566296458244
3500.0,300,1,20.17030906677246,-78.21626363817782,-51.58344315636414,5.5546875,6.714237689971924,17.270019971199034,0.0,0.07999999999999996,-13.419271469116211,-0.002810525707900524,-0.00044730905210599303,31.521830707788467
3500.0,300,2,30.0,-68.92597397667119,-46.08564686527126,5.5546875,9.967226028442383,44.270477220550674,0.0,0.07666666666666666,25.232736587524414,0.005284732207655907,0.0008410912123508751,16.76393672823906
3500.0,301,0,12.591986656188965,-91.8056565697917,-61.41834133643791,1.328125,4.260286331176758,68.82545217017957,0.0,0.10963455149501666,-39.69654083251953,-0.008314024657011032,-0.0013232179917395115,10.6558408588171
3500.0,301,1,25.779916763305664,-71.77747281924971,-51.6232114615015,5.5546875,8.567710876464844,35.1671924964403,0.0,0.07973421926910296,-17.578113555908203,-0.003681551432237029,-0.000585937115829438,24.064015597105026
3500.0,301,2,26.756128311157227,-68.82817859448585,-45.96840719143981,5.5546875,8.8912353515625,37.52625725935994,0.0,0.07641196013289031,27.627544403076172,0.005786299705505371,0.000920918129850179,15.310807153582573
3500.0,302,0,8.146988868713379,-91.75516256414548,-61.43991320823553,2.56640625,2.9120326042175293,11.868903999115766,0.0,0.10927152317880795,-43.445281982421875,-0.009099159389734268,-0.0014481761027127504,9.736385196447372
3500.0,302,1,30.0,-71.71383013699611,-51.66097418790942,5.5546875,9.967226028442383,44.270477220550674,0.0,0.07947019867549665,-15.522096633911133,-0.0032509402371942997,-0.0005174032412469387,27.2514745593071
3500.0,302,2,30.0,-68.72968467965177,-45.85152188111026,5.5546875,9.967226028442383,44.270477220550674,0.0,0.07615894039735094,23.189319610595703,0.004856759682297707,0.0007729773060418665,18.24115589261055
3500.0,303,0,10.258113861083984,-91.70299608565642,-61.461439267441726,1.6953125,3.5375874042510986,52.07715580503389,0.0,0.1089108910891089,-42.67039108276367,-0.0089368661865592,-0.0014223463367670774,9.913197718560696
3500.0,303,1,30.0,-71.65616296088871,-51.70196882179103,5.5546875,9.967226028442383,44.270477220550674,0.0,0.07920792079207917,-14.768531799316406,-0.003093114122748375,-0.0004922844236716628,28.64198014140129
3500.0,303,2,30.0,-68.63195431116942,-45.73509239530037,5.5546875,9.967226028442383,44.270477220550674,0.0,0.07590759075907594,27.9935302734375,0.0058629512786865234,0.0009331176988780499,15.11063426733017
3500.0,304,0,14.937195777893066,-91.64904638973158,-61.48291963439597,2.16015625,5.007588863372803,56.86234814922382,0.0,0.10855263157894735,-39.25542449951172,-0.008221637457609177,-0.0013085141545161605,10.775581002235413
3500.0,304,1,30.0,-71.60257170215931,-51.74586343321726,5.5546875,9.967226028442383,44.270477220550674,0.0,0.07894736842105265,-17.50223159790039,-0.0036656586453318596,-0.0005834077019244432,24.1683479398489
3500.0,304,2,30.0,-68.53503092068037,-45.61927086971667,5.5546875,9.967226028442383,44.270477220550674,0.0,0.07565789473684215,28.17168426513672,0.005900263786315918,0.0009390561608597636,15.015076845884323
3500.0,305,0,6.803792476654053,-91.59374514763368,-61.50435363382948,0.0,2.5336835384368896,100.0,1.0,0.11147540983606552,-39.916297912597656,-0.008360050618648529,-0.0013305433094501495,10.597174987196922
3500.0,305,1,28.33609390258789,-71.54087005886078,-51.787370482926825,5.5546875,9.415162086486816,41.00274165250529,0.0,0.07868852459016396,-11.88328742980957,-0.0024888301268219948,-0.0003961095935665071,35.59621050953865
3500.0,305,2,30.0,-68.43762340318452,-45.504186181776035,5.5546875,9.967226028442383,44.270477220550674,0.0,0.07540983606557372,30.765033721923828,0.006443413905799389,0.0010255011729896069,13.749375939369202
3500.0,306,0,7.677773952484131,-90.92240981142608,-61.52574562586423,1.326171875,2.777867317199707,52.25935138122875,0.0,0.11111111111111116,-43.197715759277344,-0.009047308005392551,-0.0014399238862097263,9.792184457182884
3500.0,306,1,30.0,-71.72935910277565,-51.82682954002486,5.5546875,9.967226028442383,44.270477220550674,0.0,0.07843137254901966,-17.001401901245117,-0.003560765413567424,-0.0005667133955284953,24.880301207304
3500.0,306,2,30.0,-68.34015477073237,-45.39019221281775,5.5546875,9.967226028442383,44.270477220550674,0.0,0.07516339869281041,22.560684204101562,0.004725098609924316,0.0007520228391513228,18.749432638287544
3500.0,307,0,6.805950164794922,-90.87194013874864,-61.5470898541683,1.328125,2.5342767238616943,47.593528855987664,0.0,0.11074918566775249,-39.04254913330078,-0.008177053183317184,-0.0013014182914048433,10.83433348685503
3500.0,307,1,22.02193832397461,-71.68208507615986,-51.86939828440523,5.5546875,7.324557781219482,24.16351040000687,0.0,0.07817589576547235,-14.78314208984375,-0.0030961742158979177,-0.0004927713889628649,28.613673523068428
3500.0,307,2,27.78993797302246,-68.24375368656271,-45.27724364728798,5.5546875,9.234015464782715,39.84537364936385,0.0,0.07491856677524433,26.351337432861328,0.005519011057913303,0.000878377933986485,16.05231687426567
3500.0,308,0,1.1925355195999146,-90.82003924202512,-61.56838776364067,0.0,1.2116308212280273,100.0,1.0,0.11363636363636365,-39.49008560180664,-0.00827078428119421,-0.001316336216405034,10.711549781262875
3500.0,308,1,30.0,-71.6391563986868,-51.91475474456958,5.5546875,9.967226028442383,44.270477220550674,0.0,0.07792207792207795,-22.11486053466797,-0.004631725139915943,-0.0007371620158664882,19.127409905195236
3500.0,308,2,30.0,-68.14861296793994,-45.16557700673567,5.5546875,9.967226028442383,44.270477220550674,0.0,0.07467532467532467,19.67596435546875,0.004120924510061741,0.0006558654713444412,21.498311311006546
3500.0,309,0,5.980118274688721,-90.76724930630334,-61.58963890444068,0.490234375,2.3111801147460938,78.78856901406591,0.0,0.11326860841423947,-39.60143280029297,-0.008294105529785156,-0.0013200477696955204,10.681431740522385
3500.0,309,1,28.243213653564453,-71.54528924017723,-51.95770850572926,5.5546875,9.384353637695312,40.809056068733504,0.0,0.07766990291262132,-17.71880340576172,-0.003711017780005932,-0.0005906267906539142,23.872943595051765
3500.0,309,2,30.0,-68.05370996347052,-45.05539191157206,5.5546875,9.967226028442383,44.270477220550674,0.0,0.0744336569579288,23.152427673339844,0.004849033430218697,0.0007717476109974086,18.2702224701643
3500.0,310,0,15.580093383789062,-90.71357563676042,-61.610846609603115,1.02734375,5.214970588684082,80.30010462131418,0.0,0.11290322580645162,-39.87715148925781,-0.008351851254701614,-0.0013292384101077914,10.607578791677952
3500.0,310,1,30.0,-71.50894984330002,-51.99857876130375,5.5546875,9.967226028442383,44.270477220550674,0.0,0.07741935483870965,-17.551715850830078,-0.0036760231014341116,-0.0005850571906194091,24.100208654999733
3500.0,310,2,30.0,-67.95937965465166,-44.947046136376684,5.5546875,9.967226028442383,44.270477220550674,0.0,0.0741935483870968,28.368776321411133,0.0059415427967906,0.000945625884924084,14.910759404301643
3500.0,311,0,6.979610443115234,-90.6587296395277,-61.63201230354812,0.0,2.582170248031616,100.0,1.0,0.11575562700964626,-47.70752716064453,-0.00999184139072895,-0.0015902508748695254,8.866525255143642
3500.0,311,1,30.0,-69.78131895941434,-52.04249701426123,5.5546875,9.967226028442383,44.270477220550674,0.0,0.07717041800643087,-22.036724090576172,-0.004615360870957375,-0.0007345574558712542,19.195230677723885
3500.0,311,2,30.0,-67.86721142872246,-44.84086805795131,5.5546875,9.967226028442383,44.270477220550674,0.0,0.07395498392282962,23.011425018310547,0.004819501657038927,0.0007670475170016289,18.382173031568527
3500.0,312,0,12.531563758850098,-90.60287080340291,-61.65313172032413,1.02734375,4.241268634796143,75.77744211787284,0.0,0.11538461538461542,-41.686737060546875,-0.008730851113796234,-0.0013895579613745213,10.147112421691418
3500.0,312,1,30.0,-69.8066862188281,-52.089101729863444,5.5546875,9.967226028442383,44.270477220550674,0.0,0.07692307692307687,-13.291728973388672,-0.002783813513815403,-0.00044305765186436474,31.824301928281784
3500.0,312,2,28.618043899536133,-67.77707917674797,-44.73689321333356,5.5546875,9.50869083404541,41.58304653137203,0.0,0.07371794871794868,20.796478271484375,0.004355603829026222,0.0006932159303687513,20.339982584118843
3500.0,313,0,11.532072067260742,-90.54642970157869,-61.674203220291126,2.16015625,3.9288511276245117,45.01811904219216,0.0,0.11501597444089462,-40.095489501953125,-0.008397579193115234,-0.001336516346782446,10.549815371632576
3500.0,313,1,30.0,-69.82967181110615,-52.13328231652245,5.5546875,9.967226028442383,44.270477220550674,0.0,0.07667731629392971,-18.631202697753906,-0.003902110271155834,-0.0006210401188582182,22.703848779201508
3500.0,313,2,30.0,-67.68801981223802,-44.63529172706643,5.5546875,9.967226028442383,44.270477220550674,0.0,0.07348242811501593,17.827983856201172,0.003733884310349822,0.0005942661082372069,23.726744577288628
3500.0,314,0,4.534878253936768,-90.48927435675827,-61.69523267061408,0.0,1.9415228366851807,100.0,1.0,0.11783439490445857,-39.49657440185547,-0.008272143080830574,-0.0013165525160729885,10.709789581596851
3500.0,314,1,30.0,-69.83462980563849,-52.17537736135897,5.5546875,9.967226028442383,44.270477220550674,0.0,0.07643312101910826,-18.446735382080078,-0.003863475751131773,-0.0006148911779746413,22.93088659644127
3500.0,314,2,30.0,-67.60073236028825,-44.536634560788286,5.5546875,9.967226028442383,44.270477220550674,0.0,0.07324840764331209,19.775829315185547,0.004141840152442455,0.0006591943092644215,21.38974890112877
3500.0,315,0,6.770475387573242,-89.84915424390884,-61.716219242134635,0.490234375,2.524533271789551,80.58118779902273,0.0,0.11746031746031749,-39.84331512451172,-0.00834476388990879,-0.0013281104620546103,10.616586543619633
3500.0,315,1,30.0,-69.87018395115321,-52.22040007594126,5.5546875,9.967226028442383,44.270477220550674,0.0,0.07619047619047614,-18.396438598632812,-0.0038529413286596537,-0.0006132146227173507,22.993581369519234
3500.0,315,2,30.0,-67.51644839436169,-44.44117815627081,5.5546875,9.967226028442383,44.270477220550674,0.0,0.07301587301587298,17.983009338378906,0.003766352543607354,0.0005994336679577827,23.522203788161278
3500.0,316,0,15.059050559997559,-89.7905686785515,-61.73716159612936,0.876953125,5.0468268394470215,82.623673193113,0.0,0.11708860759493667,-40.091270446777344,-0.008396696299314499,-0.001336375717073679,10.550925508141518
3500.0,316,1,30.0,-69.90489599193458,-52.268019653051255,5.5546875,9.967226028442383,44.270477220550674,0.0,0.07594936708860756,-24.526386260986328,-0.005136794410645962,-0.0008175462135113776,17.246732488274574
3500.0,316,2,30.0,-67.435284209476,-44.349121596043915,5.5546875,9.967226028442383,44.270477220550674,0.0,0.07278481012658233,19.028594970703125,0.003985339775681496,0.0006342864944599569,22.22970314323902
3500.0,317,0,0.8362485766410828,-89.73163206909422,-61.758057996636204,0.0,1.1455738544464111,100.0,1.0,0.11987381703470035,-42.44508743286133,-0.008889678865671158,-0.0014148362679407,9.96581744402647
3500.0,317,1,26.5395565032959,-69.93140958104462,-52.31322645555297,5.5546875,8.819446563720703,37.01773166981334,0.0,0.0757097791798107,-20.971630096435547,-0.004392288159579039,-0.0006990543333813548,20.17010562121868
3500.0,317,2,30.0,-67.35649462269797,-44.260676782903914,5.5546875,9.967226028442383,44.270477220550674,0.0,0.0725552050473186,15.25388240814209,0.003194765653461218,0.0005084627773612738,27.73064561188221
3500.0,318,0,19.41341781616211,-89.67218217299573,-61.778912468497815,0.490234375,6.465417385101318,92.4175912272937,0.0,0.11949685534591192,-39.58386993408203,-0.008290426805615425,-0.0013194623170420527,10.686171241104603
3500.0,318,1,30.0,-69.974107639907,-52.3563422193935,5.5546875,9.967226028442383,44.270477220550674,0.0,0.07547169811320753,-25.069795608520508,-0.005250605754554272,-0.0008356598555110395,16.872894018888474
3500.0,318,2,27.06598472595215,-67.28074773344004,-44.176383615920045,5.5546875,8.99395751953125,38.23978501190985,0.0,0.07232704402515722,14.611948013305664,0.00306031946092844,0.0004870649427175522,28.948912397027016
3500.0,319,0,10.905125617980957,-89.61249137713253,-61.799720327080735,0.0,3.7352206707000732,100.0,1.0,0.12225705329153602,-39.31053161621094,-0.008233178406953812,-0.0013103510718792677,10.76047495007515
3500.0,319,1,30.0,-70.01582798965364,-52.40224113533673,5.5546875,9.967226028442383,44.270477220550674,0.0,0.07523510971786829,-18.932640075683594,-0.003965242765843868,-0.0006310879834927619,22.342367097735405
3500.0,319,2,30.0,-67.2088691929425,-44.096232422869036,5.5546875,9.967226028442383,44.270477220550674,0.0,0.07210031347962387,13.912422180175781,0.0029138110112398863,0.00046374741941690445,30.404483899474144
3500.0,320,0,12.444000244140625,-89.55234055500563,-61.82048460766086,1.326171875,4.213733673095703,68.52739214470331,0.0,0.12187499999999996,-39.97985076904297,-0.008373361080884933,-0.0013326617190614343,10.580330155789852
3500.0,320,1,30.0,-70.0611146952668,-52.450636355834476,5.5546875,9.967226028442383,44.270477220550674,0.0,0.07499999999999996,-26.41852378845215,-0.005533082876354456,-0.0008806174737401307,16.011493280529976
3500.0,320,2,30.0,-67.14132632057108,-44.02073672458265,5.5546875,9.967226028442383,44.270477220550674,0.0,0.07187500000000002,11.630517959594727,0.0024358900263905525,0.0003876839473377913,36.36983409523964
3500.0,321,0,9.500245094299316,-89.46061121868568,-61.84120321760508,1.4765625,3.309323787689209,55.38174579674373,0.0,0.12149532710280375,-39.0527458190918,-0.008179187774658203,-0.001301758224144578,10.831505060195923
3500.0,321,1,30.0,-70.10873019651298,-52.49662180165956,5.5546875,9.967226028442383,44.270477220550674,0.0,0.07476635514018692,-23.24209976196289,-0.004867813549935818,-0.000774736690800637,18.199732527136803
3500.0,321,2,30.0,-67.07744729117051,-43.95004767790485,5.5546875,9.967226028442383,44.270477220550674,0.0,0.07165109034267914,9.708803176879883,0.002033407101407647,0.0003236267657484859,43.56870800256729
3500.0,322,0,5.3254194259643555,-89.4005840308199,-61.86187901868163,1.02734375,2.140233039855957,51.998509934733896,0.0,0.1211180124223602,-42.14583969116211,-0.008827004581689835,-0.001404861337505281,10.03657840192318
3500.0,322,1,30.0,-70.16154960888849,-52.54050751326653,5.5546875,9.967226028442383,44.270477220550674,0.0,0.07453416149068326,-20.80576515197754,-0.004357549361884594,-0.00069352553691715,20.33090405166149
3500.0,322,2,30.0,-67.01779297303027,-43.88462712770125,5.5546875,9.967226028442383,44.270477220550674,0.0,0.0714285714285714,11.314311981201172,0.002369664143770933,0.0003771437332034111,37.386275827884674
3500.0,323,0,6.661647319793701,-89.34023956541822,-61.882510781317826,0.490234375,2.494729995727539,80.34920108229858,0.0,0.1207430340557275,-38.843894958496094,-0.008135446347296238,-0.0012947964714840055,10.889742523431778
3500.0,323,1,30.0,-70.17834870233541,-52.58708965312887,5.5546875,9.967226028442383,44.270477220550674,0.0,0.07430340557275539,-19.63180160522461,-0.00411167461425066,-0.0006543933995999396,21.54667302966118
3500.0,323,2,30.0,-66.96331595171142,-43.82469068907275,5.5546875,9.967226028442383,44.270477220550674,0.0,0.07120743034055732,10.169944763183594,0.0021299882791936398,0.000338998157531023,41.593145579099655
3500.0,324,0,15.296530723571777,-89.28006141357105,-61.9030983887551,0.6015625,5.123391628265381,88.25851030631304,0.0,0.12037037037037035,-39.91332244873047,-0.008359426632523537,-0.001330444123595953,10.59796568006277
3500.0,324,1,30.0,-70.232230905748,-52.63605790347932,5.5546875,9.967226028442383,44.270477220550674,0.0,0.07407407407407407,-15.55221176147461,-0.003257247619330883,-0.0005184070905670524,27.198703959584236
3500.0,324,2,30.0,-66.91420386899347,-43.77048691452283,5.5546875,9.967226028442383,44.270477220550674,0.0,0.07098765432098764,6.1094489097595215,0.0012795600341632962,0.00020364830561447889,69.23701614141464
3500.0,325,0,0.12187566608190536,-89.21967924873383,-61.92364423886814,0.0,1.0203851461410522,100.0,1.0,0.12307692307692308,-23.27798080444336,-0.004875328857451677,-0.000775932683609426,18.171679228544235
3500.0,325,1,30.0,-70.58431370660682,-52.68265789894325,5.5546875,9.967226028442383,44.270477220550674,0.0,0.0738461538461539,-22.94778823852539,-0.004806173965334892,-0.0007649262552149594,18.43314990401268
3500.0,325,2,30.0,-66.870172673197,-43.722445056524464,5.5546875,9.967226028442383,44.270477220550674,0.0,0.0707692307692308,6.66554069519043,0.0013960276264697313,0.0002221846953034401,63.46072256565094
3500.0,326,0,19.919240951538086,-89.15925654539642,-61.94414609517961,0.490234375,6.631652355194092,92.60765871395482,0.0,0.12269938650306744,-39.35224151611328,-0.008241914212703705,-0.0013117414200678468,10.749069973826408
3500.0,326,1,25.100975036621094,-70.64644220279689,-52.727154743970615,5.5546875,8.342813491821289,33.41949325074296,0.0,0.07361963190184051,-9.927473068237305,-0.002079205121845007,-0.00033091576187871397,42.60903224349022
3500.0,326,2,29.341989517211914,-66.82511711724038,-43.68061944843451,5.5546875,9.748876571655273,43.02228098619918,0.0,0.07055214723926384,3.634359121322632,0.000761178438551724,0.00012114530545659363,116.38916283845901
3500.0,327,0,10.406709671020508,-89.66751030890565,-61.96460696443744,0.0,3.5827653408050537,100.0,1.0,0.12538226299694188,-39.91117858886719,-0.008358977735042572,-0.0013303726445883512,10.598534718155861
3500.0,327,1,25.143056869506836,-70.71145337787075,-52.77426066445588,5.5546875,8.35675048828125,33.53053309669362,0.0,0.07339449541284404,-19.66659927368164,-0.004118963144719601,-0.0006555533036589622,21.50854840874672
3500.0,327,2,23.879966735839844,-66.79263394158198,-43.6454220994987,5.5546875,7.93864631652832,30.0297899852888,0.0,0.07033639143730885,2.5537147521972656,0.0005348487757146358,8.512382919434458e-05,165.64105451107025
3500.0,328,0,4.933860778808594,-89.605602348272,-61.98502346178231,1.02734375,2.0407116413116455,49.65757389712905,0.0,0.125,-38.90742111206055,-0.00814875215291977,-0.0012969140661880374,10.87196171283722
3500.0,328,1,30.0,-70.77962834440832,-52.82365054377024,5.5546875,9.967226028442383,44.270477220550674,0.0,0.07317073170731703,-21.404287338256836,-0.004482903517782688,-0.0007134762709029019,19.762396812438965
3500.0,328,2,30.0,-66.76631289840849,-43.61680826567163,5.5546875,9.967226028442383,44.270477220550674,0.0,0.07012195121951215,2.3103115558624268,0.0004838705062866211,7.70103870308958e-05,183.09219181537628
3500.0,329,0,12.252501487731934,-89.54378035395266,-62.005397501184376,0.490234375,4.153619766235352,88.19741809336762,0.0,0.12462006079027355,-38.70709228515625,-0.008106795139610767,-0.0012902363669127226,10.928230360150337
3500.0,329,1,30.0,-70.85242361603832,-52.87069043021579,5.5546875,9.967226028442383,44.270477220550674,0.0,0.07294832826747721,-22.298315048217773,-0.004670148715376854,-0.0007432771963067353,18.97004432976246
3500.0,329,2,30.0,-66.7458478284429,-43.595035117240144,5.5546875,9.967226028442383,44.270477220550674,0.0,0.06990881458966569,1.340010643005371,0.00028065117658115923,4.466702011995949e-05,315.66914916038513
3500.0,330,0,6.1120147705078125,-89.48172201013077,-62.02573118929738,1.328125,2.346273183822632,43.39427270629367,0.0,0.12424242424242427,-35.8254280090332,-0.007503260392695665,-0.0011941809207201004,11.807256378233433
3500.0,330,1,30.0,-70.92822414164708,-52.91564305689734,5.5546875,9.967226028442383,44.270477220550674,0.0,0.07272727272727275,-21.211139678955078,-0.00444245059043169,-0.0007070379797369242,19.942352548241615
3500.0,330,2,30.0,-66.73157626343917,-43.58037781619929,5.5546875,9.967226028442383,44.270477220550674,0.0,0.0696969696969697,1.096969723701477,0.00022974880994297564,3.656565604615025e-05,385.6077194213867
3500.0,331,0,11.60483169555664,-89.41987544448727,-62.046019603077085,0.490234375,3.951446771621704,87.59354729207692,0.0,0.1238670694864048,-38.02069854736328,-0.007963037118315697,-0.001267356681637466,11.125518940389156
3500.0,331,1,30.0,-70.99977279296661,-52.9630820736566,5.5546875,9.967226028442383,44.270477220550674,0.0,0.07250755287009059,-22.05010223388672,-0.004618162754923105,-0.0007350034429691732,19.183585420250893
3500.0,331,2,30.0,-66.72376045300366,-43.572526329571716,5.5546875,9.967226028442383,44.270477220550674,0.0,0.06948640483383683,-0.2080102562904358,-4.356557474238798e-05,-6.933675194886746e-06,2033.5536003112793
3500.0,332,0,3.4984002113342285,-89.35793214253964,-62.0662667555361,1.17578125,1.6950569152832031,30.634703802641617,0.0,0.12349397590361444,-38.921836853027344,-0.008151769638061523,-0.001297394628636539,10.867935605347157
3500.0,332,1,27.965486526489258,-71.07458600776816,-53.012748060602036,5.5546875,9.292237281799316,40.22228090451421,0.0,0.07228915662650603,-22.41135025024414,-0.004693822469562292,-0.0007470450364053249,18.874365836381912
3500.0,332,2,30.0,-66.72267349124043,-43.5718291963427,5.5546875,9.967226028442383,44.270477220550674,0.0,0.06927710843373491,-2.262862205505371,-0.0004739327996503562,-7.54287393647246e-05,186.93140149116516
3500.0,333,0,11.747588157653809,-89.29614296669408,-62.08647239814709,0.490234375,3.9958510398864746,87.73141515770998,0.0,0.12312312312312312,-41.391334533691406,-0.008668981492519379,-0.0013797112042084336,10.219530202448368
3500.0,333,1,30.0,-71.1498189383085,-53.06019653942843,5.5546875,9.967226028442383,44.270477220550674,0.0,0.07207207207207211,-26.563488006591797,-0.005563444457948208,-0.0008854495827108622,15.924114733934402
3500.0,333,2,30.0,-66.73446547156041,-43.578271735774216,5.5546875,9.967226028442383,44.270477220550674,0.0,0.06906906906906907,-2.7205238342285156,-0.0005697851884178817,-9.068413055501878e-05,155.48476576805115
3500.0,334,0,12.62790584564209,-89.26537264953748,-62.106632880021444,1.328125,4.2715983390808105,68.90800832444855,0.0,0.1227544910179641,-40.11015319824219,-0.00840065162628889,-0.0013370051747187972,10.545958764851093
3500.0,334,1,20.601728439331055,-71.22735058962662,-53.10757044903341,5.5546875,6.856252193450928,18.983617532245656,0.0,0.07185628742514971,-24.197845458984375,-0.005067985504865646,-0.0008065948495641351,17.480894923210144
3500.0,334,2,23.081689834594727,-66.74545400336217,-43.59150000828027,5.5546875,7.6746506690979,27.622927225000147,0.0,0.06886227544910184,-5.956338882446289,-0.001247492735274136,-0.0001985446288017556,71.01678103208542
3500.0,335,0,5.543843746185303,-89.20355955667142,-62.12675192956347,1.4765625,2.1966495513916016,32.781153048988564,0.0,0.12238805970149258,-44.57764434814453,-0.0093363206833601,-0.0014859214425086975,9.489061310887337
3500.0,335,1,21.87493324279785,-71.30520684755665,-53.15531718517296,5.5546875,7.276034355163574,23.657761510457796,0.0,0.07164179104477608,-23.684871673583984,-0.004960548132658005,-0.000789495708886534,17.859501764178276
3500.0,335,2,22.976837158203125,-66.76306284505883,-43.61174347551648,5.5546875,7.6399922370910645,27.294592355306456,0.0,0.06865671641791049,-7.138278961181641,-0.0014950376935303211,-0.0002379426296101883,59.257980436086655
3500.0,336,0,14.593493461608887,-89.14192228132086,-62.14682848015282,0.490234375,4.897101879119873,89.98929597339504,0.0,0.12202380952380953,-39.71361541748047,-0.008317600935697556,-0.0013237871462479234,10.651258751749992
3500.0,336,1,30.0,-71.37585379450678,-53.20325325049703,5.5546875,9.967226028442383,44.270477220550674,0.0,0.0714285714285714,-22.012664794921875,-0.0046103219501674175,-0.0007337555289268494,19.216211512684822
3500.0,336,2,30.0,-66.78709436526334,-43.63880379566649,5.5546875,9.967226028442383,44.270477220550674,0.0,0.06845238095238093,-7.526350975036621,-0.0015763153787702322,-0.00025087836547754705,56.20253458619118
3500.0,337,0,7.211411476135254,-89.0803071502927,-62.16686721675863,1.9140625,2.646596670150757,27.678345492251744,0.0,0.12166172106824924,-38.91044998168945,-0.008149385452270508,-0.0012970149982720613,10.871116071939468
3500.0,337,1,23.31446647644043,-71.46008487810502,-53.25095954818751,5.5546875,7.751607894897461,28.341479918554658,0.0,0.07121661721068251,-22.245769500732422,-0.004659143276512623,-0.0007415256695821881,19.01485212147236
3500.0,337,2,24.63966178894043,-66.81716465923662,-43.672886021640025,5.5546875,8.190067291259766,32.17775504814444,0.0,0.06824925816023741,-8.079450607299805,-0.001692156307399273,-0.00026931503089144826,52.355047315359116
3500.0,338,0,4.346429347991943,-98.77385615083243,-62.18686401029973,0.6015625,1.8954825401306152,68.26335841856148,0.0,0.12130177514792895,-44.38546371459961,-0.009296070784330368,-0.0014795154565945268,9.530147537589073
3500.0,338,1,22.12584114074707,-71.54082743320188,-53.298411304939286,5.5546875,7.358861446380615,24.517025623141485,0.0,0.07100591715976334,-18.542203903198242,-0.0038834703154861927,-0.0006180734490044415,22.812822833657265
3500.0,338,2,26.052217483520508,-66.85273797497393,-43.71348252958258,5.5546875,8.657936096191406,35.84282168075269,0.0,0.06804733727810652,-12.305795669555664,-0.0025773197412490845,-0.00041019319905899465,34.37404707074165
3500.0,339,0,3.459394693374634,-98.77878480447029,-62.20681392201719,0.490234375,1.686113715171814,70.92518905523252,0.0,0.12094395280235992,-44.403526306152344,-0.009299852885305882,-0.0014801175566390157,9.526270441710949
3500.0,339,1,30.0,-71.60246710070078,-53.345691905702424,5.5546875,9.967226028442383,44.270477220550674,0.0,0.07079646017699115,-25.302288055419922,-0.005299299024045467,-0.0008434096234850585,16.717856749892235
3500.0,339,2,30.0,-66.8938055048001,-43.759988041824144,5.5546875,9.967226028442383,44.270477220550674,0.0,0.06784660766961648,-12.047737121582031,-0.0025232722982764244,-0.000401591241825372,35.11032834649086
3500.0,340,0,-1.6616947650909424,-98.7838115797007,-62.22672373398071,0.490234375,0.7502398490905762,34.65631349837641,0.0,0.12058823529411766,-44.42225646972656,-0.009303775615990162,-0.0014807418920099735,9.522253647446632
3500.0,340,1,24.007959365844727,-71.69037861020013,-53.39320688258306,5.5546875,7.980993270874023,30.40105020171645,0.0,0.07058823529411762,-23.66376495361328,-0.004956127610057592,-0.0007887921528890729,17.8754311054945
3500.0,340,2,28.305980682373047,-66.94074101970307,-43.81271666583808,5.5546875,9.405172348022461,40.940077497166406,0.0,0.0676470588235294,-12.291015625,-0.00257422449067235,-0.00040970052941702306,34.41538289189339
3500.0,341,0,4.781888008117676,-98.7887843270411,-62.24659080164134,0.490234375,2.0026605129241943,75.52084480438565,0.0,0.12023460410557185,-44.42903518676758,-0.00930519588291645,-0.0014809678541496396,9.520800784230232
3500.0,341,1,30.0,-71.77269178057588,-53.440934957471036,5.5546875,9.967226028442383,44.270477220550674,0.0,0.0703812316715543,-25.893531799316406,-0.005423128604888916,-0.0008631177479401231,16.336126253008842
3500.0,341,2,30.0,-66.99234081533824,-43.8711908056822,5.5546875,9.967226028442383,44.270477220550674,0.0,0.06744868035190621,-17.6232852935791,-0.003691012505441904,-0.0005874428316019475,24.002335965633392
3500.0,342,0,2.6268744468688965,-98.79394432540525,-62.26641826855406,0.490234375,1.5013097524642944,67.34622057871039,0.0,0.11988304093567248,-44.410560607910156,-0.009301327168941498,-0.0014803520170971751,9.524761699140072
3500.0,342,1,29.18560028076172,-71.85686438193513,-53.48890420800821,5.5546875,9.696986198425293,42.717382634802206,0.0,0.07017543859649122,-23.116413116455078,-0.004841490648686886,-0.0007705471361987293,18.298687413334846
3500.0,342,2,30.0,-67.04853221252172,-43.9353741676192,5.5546875,9.967226028442383,44.270477220550674,0.0,0.06725146198830412,-14.187948226928711,-0.0029715171549469233,-0.0004729315987788141,29.814036563038826
3500.0,343,0,2.3565146923065186,-98.79908617821562,-62.286202307821135,0.490234375,1.443865180015564,66.04708100276262,0.0,0.11953352769679304,-44.39529800415039,-0.009298129938542843,-0.0014798432821407914,9.52803622931242
3500.0,343,1,19.468563079833984,-71.94393503017052,-53.537134382839405,5.5546875,6.483530521392822,14.326191853775427,0.0,0.06997084548104959,-22.70250129699707,-0.0047548008151352406,-0.0007567500579170883,18.632307648658752
3500.0,343,2,24.692758560180664,-67.10947157872513,-44.00469068763519,5.5546875,8.20764446258545,32.323000523218994,0.0,0.06705539358600587,-14.169357299804688,-0.0029676230624318123,-0.0004723119200207293,29.853153973817825
3500.0,344,0,0.7809285521507263,-98.80425414794712,-62.3059469070602,0.490234375,1.1355324983596802,56.82779878971653,0.0,0.1191860465116279,-44.360836029052734,-0.009290912188589573,-0.0014786944957450032,9.535438381135464
3500.0,344,1,29.74085235595703,-72.01635706343623,-53.58503419512081,5.5546875,9.88122844696045,43.78545613214043,0.0,0.06976744186046513,-28.63019371032715,-0.005996293853968382,-0.0009543398045934737,14.77461215108633
3500.0,344,2,30.0,-67.17516621807269,-44.07912639576581,5.5546875,9.967226028442383,44.270477220550674,0.0,0.06686046511627908,-16.51577377319336,-0.0034590554423630238,-0.0005505257868207991,25.6118793040514
3500.0,345,0,1.8426027297973633,-98.809537096663,-62.32565089881539,0.490234375,1.3382713794708252,63.3680894233988,0.0,0.11884057971014494,-44.333824157714844,-0.009285255335271358,-0.0014777941396459937,9.541247971355915
3500.0,345,1,19.18767738342285,-72.1128293266969,-53.6325840988366,5.5546875,6.391298770904541,13.089847633365103,0.0,0.06956521739130439,-26.13520050048828,-0.005473744124174118,-0.0008711733389645815,16.18506759405136
3500.0,345,2,21.64548683166504,-67.24438774805623,-44.15827619998166,5.5546875,7.200318336486816,22.85497334399459,0.0,0.06666666666666665,-22.29644775390625,-0.0046697575598955154,-0.0007432149141095579,18.971633166074753
3500.0,346,0,2.6459174156188965,-98.81493579531666,-62.34531366949049,0.490234375,1.5054043531417847,67.43503670778692,0.0,0.11849710982658956,-44.306453704833984,-0.009279522113502026,-0.001476881792768836,9.547142311930656
3500.0,346,1,29.166587829589844,-72.20083808628219,-53.67978160640439,5.5546875,9.690677642822266,42.68009209743685,0.0,0.06936416184971095,-26.815994262695312,-0.0056163291446864605,-0.0008938664686866105,15.774168074131012
3500.0,346,2,30.0,-67.31672789705699,-44.24179392241345,5.5546875,9.967226028442383,44.270477220550674,0.0,0.06647398843930641,-19.76372718811035,-0.004139305558055639,-0.0006587909301742911,21.402845159173012
3500.0,347,0,-1.7482496500015259,-98.82015209673335,-62.36493425435079,0.490234375,0.7386496663093567,33.63100298285614,0.0,0.11815561959654175,-44.312713623046875,-0.009280833415687084,-0.0014770905254408717,9.545793756842613
3500.0,347,1,23.110139846801758,-72.28967709644186,-53.726634405671305,5.5546875,7.684055328369141,27.711510880298107,0.0,0.06916426512968299,-25.17491340637207,-0.005272621288895607,-0.0008391637820750475,16.802441328763962
3500.0,347,2,28.73598289489746,-67.39271635053254,-44.32927913096318,5.5546875,9.547816276550293,41.82242997655422,0.0,0.06628242074927959,-20.066831588745117,-0.0042027877643704414,-0.0006688943831250072,21.07956074178219
3500.0,348,0,3.469531297683716,-98.82561287960263,-62.38451485805266,0.490234375,1.6884355545043945,70.96517106073983,0.0,0.11781609195402298,-44.307952880859375,-0.009279835969209671,-0.0014769317349418998,9.546819142997265
3500.0,348,1,26.461652755737305,-72.53339851763559,-53.773877315941974,5.5546875,8.793625831604004,36.83279677381047,0.0,0.06896551724137934,-29.953432083129883,-0.00627343263477087,-0.000998447765596211,14.121920801699162
3500.0,348,2,29.4425106048584,-67.47219048135334,-44.42058449190045,5.5546875,9.782230377197266,43.216554039167,0.0,0.06609195402298851,-21.634857177734375,-0.004531193990260363,-0.0007211618940345943,19.551781937479973
3500.0,349,0,3.955003261566162,-98.83112298834743,-62.4040536490805,0.490234375,1.8015706539154053,72.78850130387285,0.0,0.11747851002865328,-44.3560791015625,-0.00928991474211216,-0.001478535938076675,9.536460973322392
3500.0,349,1,29.086017608642578,-72.60716952711677,-53.821339089219535,5.5546875,9.663946151733398,42.521539205765656,0.0,0.06876790830945556,-29.05020523071289,-0.006084260530769825,-0.0009683402022346854,14.560999348759651
3500.0,349,2,30.0,-67.55370553375458,-44.5152656602737,5.5546875,9.967226028442383,44.270477220550674,0.0,0.06590257879656158,-21.543140411376953,-0.004511984996497631,-0.0007181047112680972,19.635019823908806
3500.0,350,0,3.8936288356781006,-98.83669809149646,-62.42355436846064,0.490234375,1.7870607376098633,72.56755941850791,0.0,0.1171428571428571,-44.419410705566406,-0.009303180500864983,-0.0014806470135226846,9.522863663733006
3500.0,350,1,30.0,-72.71266790351217,-53.86899990808659,5.5546875,9.967226028442383,44.270477220550674,0.0,0.06857142857142862,-25.6605281829834,-0.005374328698962927,-0.0008553509251214564,16.484461724758148
3500.0,350,2,30.0,-67.63724190076316,-44.61327610748813,5.5546875,9.967226028442383,44.270477220550674,0.0,0.06571428571428573,-23.763160705566406,-0.004976944997906685,-0.0007921053911559284,17.80066266655922
3500.0,351,0,4.911457538604736,-98.84237485999873,-62.443014888025424,0.490234375,2.035081624984741,75.9108249526023,0.0,0.11680911680911676,-44.473846435546875,-0.00931458082050085,-0.001482461579144001,9.511208161711693
3500.0,351,1,30.0,-72.80847620597211,-53.9161820107073,5.5546875,9.967226028442383,44.270477220550674,0.0,0.06837606837606836,-25.68958282470703,-0.005380413960665464,-0.0008563194423913956,16.465818509459496
3500.0,351,2,30.0,-67.72339935534006,-44.71417363370449,5.5546875,9.967226028442383,44.270477220550674,0.0,0.06552706552706555,-24.849502563476562,-0.005204468034207821,-0.0008283167844638228,17.022473737597466
3500.0,352,0,-12.988504409790039,-114.63793390187953,-62.462436567863,0.0,0.07073492556810379,100.0,1.0,0.11931818181818177,-45.09321975708008,-0.009444301947951317,-0.0015031073708087206,9.380567818880081
3500.0,352,1,27.490703582763672,-72.87924351097737,-53.96320499727824,5.5546875,9.134783744812012,39.19191022825564,0.0,0.06818181818181823,-26.70601463317871,-0.005593294743448496,-0.0008902004919946194,15.83912968635559
3500.0,352,2,30.0,-67.81200101398073,-44.817760886253645,5.5546875,9.967226028442383,44.270477220550674,0.0,0.06534090909090906,-26.758106231689453,-0.005604204721748829,-0.000891936884727329,15.808293595910072
3500.0,353,0,-11.963828086853027,-114.64661401966242,-62.481817329503976,0.0,0.08898748457431793,100.0,1.0,0.12181303116147313,-45.08100891113281,-0.009441744536161423,-0.0015027002664282918,9.383108466863632
3500.0,353,1,29.455129623413086,-73.03129255144484,-54.010389888496675,5.5546875,9.786417007446289,43.240846003460206,0.0,0.06798866855524077,-29.082294464111328,-0.006090981420129538,-0.0009694098262116313,14.544932171702385
3500.0,353,2,30.0,-67.90146733299764,-44.92361372563316,5.5546875,9.967226028442383,44.270477220550674,0.0,0.06515580736543913,-31.015087127685547,-0.006495784502476454,-0.0010338362772017717,13.63852433860302
3500.0,354,0,-11.334245681762695,-114.65529217952127,-62.50115600036652,0.0,0.10238774120807648,100.0,1.0,0.12429378531073443,-45.08390808105469,-0.009442351758480072,-0.00150279700756073,9.382504969835281
3500.0,354,1,26.41547203063965,-73.12842774499333,-54.05763178161307,5.5546875,8.778319358825684,36.722654155714416,0.0,0.06779661016949157,-28.6762638092041,-0.0060059428215026855,-0.0009558754973113537,14.750875532627106
3500.0,354,2,30.0,-67.99151093432567,-45.03141276290898,5.5546875,9.967226028442383,44.270477220550674,0.0,0.06497175141242939,-33.1599006652832,-0.006944993976503611,-0.0011053300695493817,12.756370939314365
3500.0,355,0,-11.790666580200195,-114.66404456362949,-62.52045445561807,0.0,0.09249362349510193,100.0,1.0,0.12676056338028174,-45.08949279785156,-0.009443521499633789,-0.0015029831556603312,9.381343610584736
3500.0,355,1,22.97451400756836,-73.23640038366923,-54.10454691697823,5.5546875,7.639223575592041,27.287276710323127,0.0,0.06760563380281692,-30.542224884033203,-0.006396749056875706,-0.001018074224703014,13.849678449332714
3500.0,355,2,30.0,-68.08323898911118,-45.141013019309796,5.5546875,9.967226028442383,44.270477220550674,0.0,0.06478873239436622,-27.54045867919922,-0.005768060218542814,-0.0009180153138004243,15.359221957623959
3500.0,356,0,-15.828678131103516,-114.67281419059339,-62.53971413423131,0.0,0.03721290081739426,100.0,1.0,0.1292134831460674,-45.10004806518555,-0.009445732459425926,-0.0015033349627628922,9.379147551953793
3500.0,356,1,20.823909759521484,-73.33279298647632,-54.151177938026265,5.5546875,6.92943811416626,19.839279772998854,0.0,0.0674157303370787,-23.840957641601562,-0.004993238486349583,-0.0007946986006572843,17.742576077580452
3500.0,356,2,24.954627990722656,-68.17652521960865,-45.25228251188765,5.5546875,8.294350624084473,33.030471561320994,0.0,0.0646067415730337,-28.570938110351562,-0.005983883515000343,-0.0009523645858280361,14.805254526436329
3500.0,357,0,-30.0,-220.0,-62.55893521249315,0.0,0.0014419741928577423,100.0,,0.1292134831460674,0.0,0.0,0.0,1000000000000.0
3500.0,357,1,16.626766204833984,-73.42936151333078,-54.19810785468275,0.0,5.554324626922607,100.0,1.0,0.07002801120448177,-33.931663513183594,-0.007106631062924862,-0.001131055410951376,12.466232292354107
3500.0,357,2,16.947479248046875,-68.26985949620502,-45.36498965883721,0.0,5.6586761474609375,100.0,1.0,0.0672268907563025,-31.465408325195312,-0.006590100005269051,-0.0010488469852134585,13.44333402812481
3500.0,358,0,-30.0,-220.0,-62.57811366384326,0.0,0.0014419741928577423,100.0,,0.1292134831460674,0.0,0.0,0.0,1000000000000.0
3500.0,358,1,23.793624877929688,-73.52575382177858,-54.244215719874454,5.5546875,7.91008186340332,29.777117406341347,0.0,0.06983240223463683,-25.451871871948242,-0.0053306277841329575,-0.0008483957499265671,16.619602218270302
3500.0,358,2,29.17087745666504,-68.36288793767383,-45.47870538393835,5.5546875,9.69210147857666,42.68851278251642,0.0,0.06703910614525144,-26.476192474365234,-0.005545161198824644,-0.0008825397817417979,15.976617112755775
3500.0,359,0,-30.0,-220.0,-62.59725488722458,0.0,0.0014419741928577423,100.0,,0.1292134831460674,0.0,0.0,0.0,1000000000000.0
3500.0,359,1,27.16117286682129,-73.60889714345308,-54.2907950259877,5.5546875,9.025517463684082,38.455744810750616,0.0,0.0696378830083565,-25.059703826904297,-0.005248492583632469,-0.0008353234734386206,16.879688948392868
3500.0,359,2,30.0,-68.46493116967207,-45.5935282769218,5.5546875,9.967226028442383,44.270477220550674,0.0,0.06685236768802227,-27.69153594970703,-0.005799701437354088,-0.0009230512077920139,15.275426208972931
3500.0,360,0,-30.0,-220.0,-62.61635785428414,0.0,0.0014419741928577423,100.0,,0.1292134831460674,0.0,0.0,0.0,1000000000000.0
3500.0,360,1,30.0,-73.71369026920134,-54.337786349306555,5.5546875,9.967226028442383,44.270477220550674,0.0,0.06944444444444442,-29.600112915039062,-0.006199433468282223,-0.0009866704931482673,14.290486462414265
3500.0,360,2,30.0,-68.56015710104026,-45.70921157675109,5.5546875,9.967226028442383,44.270477220550674,0.0,0.06666666666666665,-27.714385986328125,-0.005804487504065037,-0.0009238128550350666,15.262831933796406
3500.0,361,0,-30.0,-220.0,-62.63542084651575,0.0,0.0014419741928577423,100.0,,0.1292134831460674,0.0,0.0,0.0,1000000000000.0
3500.0,361,1,21.76428985595703,-73.76077945213513,-54.38435825721657,5.5546875,7.2395195960998535,23.272705788482472,0.0,0.06925207756232687,-27.638063430786133,-0.005788502283394337,-0.0009212687727995217,15.304979868233204
3500.0,361,2,23.935972213745117,-68.65511063047572,-45.825499408991654,0.0,7.9571757316589355,100.0,1.0,0.06925207756232687,-35.52915954589844,-0.007441209629178047,-0.0011843052925541997,11.905713938176632
3500.0,362,0,-30.0,-220.0,-62.654445665748334,0.0,0.0014419741928577423,100.0,,0.1292134831460674,0.0,0.0,0.0,1000000000000.0
3500.0,362,1,29.04436492919922,-73.85568414293223,-54.42941714961985,5.5546875,9.650126457214355,42.439225800534864,0.0,0.06906077348066297,-30.279315948486328,-0.006341685075312853,-0.001009310595691204,13.969932682812214
3500.0,362,2,30.0,-68.7476620734298,-45.94231477481446,5.5546875,9.967226028442383,44.270477220550674,0.0,0.06906077348066297,-37.990562438964844,-0.007956724613904953,-0.0012663521338254213,11.134344153106213
3500.0,363,0,-30.0,-220.0,-62.67343079483551,0.0,0.0014419741928577423,100.0,,0.1292134831460674,0.0,0.0,0.0,1000000000000.0
3500.0,363,1,25.72905731201172,-73.95194100548522,-54.475698013399935,5.5546875,8.550859451293945,35.039424614101854,0.0,0.06887052341597799,-23.49098777770996,-0.004919941071420908,-0.0007830329122953117,18.006905913352966
3500.0,363,2,30.0,-68.8407115628606,-46.059444644119715,5.5546875,9.967226028442383,44.270477220550674,0.0,0.06887052341597799,-32.68635559082031,-0.006845814175903797,-0.0010895451996475458,12.941179797053337
3500.0,364,0,-30.0,-220.0,-62.69237866071484,0.0,0.0014419741928577423,100.0,,0.1292134831460674,0.0,0.0,0.0,1000000000000.0
3500.0,364,1,26.95512580871582,-74.04945813890224,-54.523097804186506,5.5546875,8.957204818725586,37.98637395912188,0.0,0.06868131868131866,-32.70915222167969,-0.006850589066743851,-0.0010903050424531102,12.93216086924076
3500.0,364,2,30.0,-68.93423220343263,-46.17686292114603,5.5546875,9.967226028442383,44.270477220550674,0.0,0.06868131868131866,-29.82766342163086,-0.006247091107070446,-0.0009942554170265794,14.181466773152351
3500.0,365,0,-30.0,-220.0,-62.71128611445886,0.0,0.0014419741928577423,100.0,,0.1292134831460674,0.0,0.0,0.0,1000000000000.0
3500.0,365,1,28.68914031982422,-74.14556736826368,-54.56909474911649,5.5546875,9.532276153564453,41.7275852009081,0.0,0.06849315068493156,-30.143047332763672,-0.006313145160675049,-0.0010047683026641607,14.033087529242039
3500.0,365,2,30.0,-69.02645353771221,-46.294291856687416,5.5546875,9.967226028442383,44.270477220550674,0.0,0.06849315068493156,-30.375730514526367,-0.006361878477036953,-0.0010125243570655584,13.925591483712196
3500.0,366,0,-18.084741592407227,-114.76415027329952,-62.73015480615045,0.0,0.022250857204198837,100.0,1.0,0.13165266106442575,-45.152000427246094,-0.009456613101065159,-0.001505066640675068,9.368356317281723
3500.0,366,1,18.01426124572754,-74.24006422534967,-54.61370740593543,0.0,6.0068206787109375,100.0,1.0,0.07103825136612019,-31.573015213012695,-0.0066126370802521706,-0.0010524338576942682,13.397516682744026
3500.0,366,2,20.787473678588867,-69.11735815826866,-46.41170651231394,5.5546875,6.917433738708496,19.700170470486135,0.0,0.06830601092896171,-30.689865112304688,-0.006427670828998089,-0.0010229955660179257,13.783051632344723
3500.0,367,0,-30.0,-220.0,-62.74898668156525,0.0,0.0014419741928577423,100.0,,0.13165266106442575,0.0,0.0,0.0,1000000000000.0
3500.0,367,1,19.949628829956055,-74.33614348455548,-54.6594986684499,5.5546875,6.6416449546813965,16.36578682085752,0.0,0.07084468664850141,-28.459030151367188,-0.00596044585108757,-0.0009486343478783965,14.863472431898117
3500.0,367,2,22.624588012695312,-69.21468356709524,-46.529081199676114,5.5546875,7.523587226867676,26.169693624824177,0.0,0.0681198910081744,-30.32465171813965,-0.006351180374622345,-0.0010108217829838395,13.949047774076462
3500.0,368,0,-30.0,-220.0,-62.767781124972096,0.0,0.0014419741928577423,100.0,,0.13165266106442575,0.0,0.0,0.0,1000000000000.0
3500.0,368,1,28.257795333862305,-74.52863275898616,-54.70638650885286,5.5546875,9.389189720153809,40.83954350100185,0.0,0.07065217391304346,-33.650020599365234,-0.007047643885016441,-0.0011216673301532865,12.570572085678577
3500.0,368,2,30.0,-69.38341500936477,-46.64628459322584,5.5546875,9.967226028442383,44.270477220550674,0.0,0.06793478260869568,-25.230667114257812,-0.0052842991426587105,-0.0008410222362726927,16.765311360359192
3500.0,369,0,-30.0,-220.0,-62.786536061928516,0.0,0.0014419741928577423,100.0,,0.13165266106442575,0.0,0.0,0.0,1000000000000.0
3500.0,369,1,21.82386589050293,-74.6259565790721,-54.75185232704364,5.5546875,7.259180545806885,23.480515948751957,0.0,0.07046070460704612,-32.17388916015625,-0.006738483905792236,-0.0010724629973992705,13.147307559847832
3500.0,369,2,27.43145179748535,-69.47521225518601,-46.76313744062725,5.5546875,9.115135192871094,39.06083253329806,0.0,0.0677506775067751,-37.51459503173828,-0.007857038639485836,-0.0012504864716902375,11.275611817836761
3500.0,370,0,-30.0,-220.0,-62.80525261710735,0.0,0.0014419741928577423,100.0,,0.13165266106442575,0.0,0.0,0.0,1000000000000.0
3500.0,370,1,26.424869537353516,-74.72261539847884,-54.796016617875694,5.5546875,8.781434059143066,36.74509809458101,0.0,0.07027027027027022,-26.902538299560547,-0.00563445407897234,-0.0008967512985691428,15.723424032330513
3500.0,370,2,30.0,-69.57957195375515,-46.87962846482934,5.5546875,9.967226028442383,44.270477220550674,0.0,0.06756756756756754,-32.33644104003906,-0.00677252933382988,-0.0010778814321383834,13.081217184662819
3500.0,371,0,9.113235473632812,-94.30916806057209,-62.823931469745034,0.490234375,3.194262742996216,84.65265964501842,0.0,0.13128491620111726,-43.69634246826172,-0.009151740930974483,-0.0014565447345376015,9.680444374680519
3500.0,371,1,30.0,-74.8155619928612,-54.84130132270835,5.5546875,9.967226028442383,44.270477220550674,0.0,0.07008086253369272,-29.48157501220703,-0.006174606271088123,-0.0009827191242948174,14.347944408655167
3500.0,371,2,30.0,-69.68589436607509,-46.99568494700366,5.5546875,9.967226028442383,44.270477220550674,0.0,0.06738544474393526,-35.21454620361328,-0.0073753176257014275,-0.001173818251118064,12.012082152068615
3500.0,372,0,9.359949111938477,-94.32680787095467,-62.84257299549913,0.490234375,3.267488718032837,84.9966008361571,0.0,0.13091922005571033,-43.72086715698242,-0.009156877174973488,-0.0014573622029274702,9.675013832747936
3500.0,372,1,30.0,-74.94431345546761,-54.887631707641276,5.5546875,9.967226028442383,44.270477220550674,0.0,0.06989247311827962,-34.053199768066406,-0.007132085971534252,-0.0011351066641509533,12.421740218997002
3500.0,372,2,30.0,-69.77729760381112,-47.11127874047653,5.5546875,9.967226028442383,44.270477220550674,0.0,0.06720430107526887,-34.740333557128906,-0.007275998592376709,-0.001158011145889759,12.176048941910267
3500.0,373,0,9.824543952941895,-94.34510198769107,-62.861176981782215,0.490234375,3.406543493270874,85.60903813591736,0.0,0.13055555555555554,-43.754554748535156,-0.009163932874798775,-0.0014584851451218128,9.667565114796162
3500.0,373,1,30.0,-75.03611482524029,-54.93255922039043,5.5546875,9.967226028442383,44.270477220550674,0.0,0.06970509383378021,-28.039840698242188,-0.005872650537639856,-0.000934661366045475,15.085677616298199
3500.0,373,2,30.0,-69.94456284530182,-47.22633444608669,5.5546875,9.967226028442383,44.270477220550674,0.0,0.06702412868632712,-34.121761322021484,-0.007146445102989674,-0.0011373920133337379,12.396780773997307
3500.0,374,0,10.05150032043457,-94.36324767599712,-62.879742035732605,0.490234375,3.4749929904937744,85.89250751466002,0.0,0.1301939058171745,-43.76112747192383,-0.009165309369564056,-0.0014587042387574911,9.666113182902336
3500.0,374,1,29.809192657470703,-75.13259854601066,-54.97622258521917,5.5546875,9.903905868530273,43.91417311779935,0.0,0.06951871657754005,-32.882118225097656,-0.006886814720928669,-0.001096070627681911,12.864135205745697
3500.0,374,2,30.0,-70.03710542632659,-47.34073885032461,5.5546875,9.967226028442383,44.270477220550674,0.0,0.0668449197860963,-29.734970092773438,-0.006227677688002586,-0.0009911656379699707,14.225674793124199
3500.0,375,0,10.238519668579102,-94.38083058941635,-62.898268249608115,0.490234375,3.53164005279541,86.11878991994206,0.0,0.12983425414364635,-43.76821517944336,-0.009166793897747993,-0.0014589405618607998,9.664547629654408
3500.0,375,1,26.66780662536621,-75.22965748614726,-55.02099073185652,5.5546875,8.861957550048828,37.31985886155148,0.0,0.06933333333333336,-32.65751647949219,-0.0068397740833461285,-0.001088583841919899,12.952608056366444
3500.0,375,2,28.985546112060547,-70.12985525724903,-47.45445037550747,5.5546875,9.63061237335205,42.322592949853885,0.0,0.06666666666666665,-57.355812072753906,-0.012012572959065437,-0.0019118604250252247,7.375015411525965
3500.0,376,0,8.196126937866211,-94.39893926533256,-62.91675849041001,0.490234375,2.9261980056762695,83.2467121483564,0.0,0.12947658402203854,-43.804954528808594,-0.009174488484859467,-0.0014601651346310973,9.656442329287529
3500.0,376,1,30.0,-75.41822510859984,-55.06673408113224,5.5546875,9.967226028442383,44.270477220550674,0.0,0.06914893617021278,-30.979515075683594,-0.006488334387540817,-0.0010326504707336426,13.654184527695179
3500.0,376,2,30.0,-70.22284479505068,-47.56754231004362,5.5546875,9.967226028442383,44.270477220550674,0.0,0.06648936170212771,-39.1697998046875,-0.008203703910112381,-0.0013056600000709295,10.799136012792587
3500.0,377,0,7.851641654968262,-94.41708366380001,-62.93521432147072,0.490234375,2.8273463249206543,82.66097185622431,0.0,0.1291208791208791,-43.816646575927734,-0.00917693693190813,-0.001460554893128574,9.653865359723568
3500.0,377,1,29.129322052001953,-75.54388727135581,-55.11111780382166,5.5546875,9.678313255310059,42.60686388764705,0.0,0.06896551724137934,-29.563735961914062,-0.006191814783960581,-0.000985457911156118,14.308069832623005
3500.0,377,2,30.0,-70.31564560491888,-47.68001731813942,5.5546875,9.967226028442383,44.270477220550674,0.0,0.06631299734748008,-36.719200134277344,-0.0076904515735805035,-0.0012239733478054404,11.519858613610268
3500.0,378,0,8.906970977783203,-94.43518965485015,-62.95363145317916,0.490234375,3.133389472961426,84.35450239332457,0.0,0.12876712328767126,-43.82570266723633,-0.009178834035992622,-0.0014608567580580711,9.651870466768742
3500.0,378,1,26.2152099609375,-75.64281532114849,-55.15428293349957,5.5546875,8.711949348449707,36.24059004672178,0.0,0.06878306878306883,-32.742347717285156,-0.006857541389763355,-0.0010914115700870752,12.919049710035324
3500.0,378,2,30.0,-70.49697189999833,-47.79170052295516,5.5546875,9.967226028442383,44.270477220550674,0.0,0.06613756613756616,-35.69023513793945,-0.007474945858120918,-0.0011896744836121798,11.851981282234192
3500.0,379,0,10.395922660827637,-94.45307999289133,-62.97200943825338,0.490234375,3.5794811248779297,86.30431736061415,0.0,0.12841530054644812,-43.83444595336914,-0.009180665016174316,-0.0014611482620239258,9.649945423007011
3500.0,379,1,18.449052810668945,-75.77730795784406,-55.19853511948596,5.5546875,6.149115562438965,9.666887154795845,0.0,0.06860158311345643,-24.194934844970703,-0.005067375488579273,-0.0008064978173933923,17.482997849583626
3500.0,379,2,30.0,-70.59214772607037,-47.90254172457457,5.5546875,9.967226028442383,44.270477220550674,0.0,0.06596306068601587,-48.008033752441406,-0.01005477923899889,-0.001600267831236124,8.811025880277157
3500.0,380,0,7.537199974060059,-94.47124761287469,-62.990351024304616,0.6015625,2.7380735874176025,78.02971758084267,0.0,0.12806539509536785,-43.85012435913086,-0.00918394885957241,-0.001461670850403607,9.646494872868061
3500.0,380,1,22.84598731994629,-75.88415132272709,-55.24364754991858,5.5546875,7.596745491027832,26.880695074484372,0.0,0.06842105263157894,-36.16051483154297,-0.007573441136628389,-0.0012053505051881075,11.697842739522457
3500.0,380,2,26.122896194458008,-70.72324577201,-48.01260247603885,5.5546875,8.681357383728027,36.01591024911066,0.0,0.06578947368421051,-39.938026428222656,-0.0083646010607481,-0.001331267529167235,10.591410100460052
3500.0,381,0,6.1346869468688965,-94.48939676420315,-63.00865501286454,0.490234375,2.3523263931274414,79.15959382030194,0.0,0.12771739130434778,-43.85426330566406,-0.009184815920889378,-0.0014618088025599718,9.645584970712662
3500.0,381,1,25.143356323242188,-75.98471324397178,-55.28744894975251,5.5546875,8.356850624084473,33.531329565813095,0.0,0.06824146981627299,-32.98406982421875,-0.006908167619258165,-0.0010994690237566829,12.82437238842249
3500.0,381,2,27.777456283569336,-70.81851786857223,-48.12183039982895,5.5546875,9.229876518249512,39.81839855585119,0.0,0.06561679790026242,-37.24720001220703,-0.0078010354191064835,-0.001241573365405202,11.35655865073204
3500.0,382,0,8.60997486114502,-94.50763723439637,-63.026923872967174,0.490234375,3.0463197231292725,83.90732360500833,0.0,0.12737127371273715,-43.863216400146484,-0.009186690673232079,-0.0014621071750298142,9.643616154789925
3500.0,382,1,15.554370880126953,-76.15773638455249,-55.33012366519174,0.0,5.206656455993652,100.0,1.0,0.0706806282722513,-27.56281280517578,-0.005772742442786694,-0.0009187604300677776,15.346764586865902
3500.0,382,2,24.795822143554688,-70.91250906911202,-48.23028763278282,5.5546875,8.241767883300781,32.60320384350136,0.0,0.06544502617801051,-40.620399475097656,-0.008507517166435719,-0.0013540133368223906,10.413487441837788
3500.0,383,0,9.62291431427002,-94.52592660275283,-63.045157483058254,0.490234375,3.3460144996643066,85.34870739355183,0.0,0.12702702702702706,-43.88111877441406,-0.00919044017791748,-0.0014627039199694991,9.639681316912174
3500.0,383,1,29.007234573364258,-76.28430377243012,-55.37384691214674,5.5546875,9.63780689239502,42.36564851301304,0.0,0.07049608355091386,-35.073402404785156,-0.0073457565158605576,-0.0011691134423017502,12.060421518981457
3500.0,383,2,30.0,-71.00695896265294,-48.337933248986005,5.5546875,9.967226028442383,44.270477220550674,0.0,0.06527415143603132,-37.64470672607422,-0.00788428820669651,-0.0012548235245049,11.236639693379402
3500.0,384,0,7.9358906745910645,-94.54416327500753,-63.0633520656478,0.490234375,2.8514225482940674,82.8073753820424,0.0,0.12668463611859837,-43.91025161743164,-0.009196542203426361,-0.0014636750565841794,9.63328592479229
3500.0,384,1,29.682939529418945,-76.38581425629356,-55.418296312401885,5.5546875,9.862010955810547,43.67591432529019,0.0,0.0703125,-34.906044006347656,-0.007310705259442329,-0.0011635348200798035,12.118245474994183
3500.0,384,2,30.0,-71.1022130593251,-48.444653208205835,5.5546875,9.967226028442383,44.270477220550674,0.0,0.06510416666666663,-36.63013458251953,-0.00767179811373353,-0.00122100452426821,11.547869071364403
3500.0,385,0,6.823867321014404,-94.56261417370526,-63.08151136184521,0.490234375,2.5392026901245117,80.69337367565718,0.0,0.12634408602150538,-43.9226188659668,-0.009199132211506367,-0.0014640872832387686,9.63057391345501
3500.0,385,1,21.13257598876953,-76.48588305816656,-55.46153877964058,5.5546875,7.031163215637207,20.99902491743537,0.0,0.07012987012987015,-23.905040740966797,-0.005006660241633654,-0.0007968347053974867,17.69501343369484
3500.0,385,2,24.145286560058594,-71.1964619325498,-48.55054262380828,5.5546875,8.026433944702148,30.79507614129966,0.0,0.06493506493506496,-38.868587493896484,-0.008140617981553078,-0.0012956196442246437,10.882824659347534
3500.0,386,0,7.0476250648498535,-94.58093368385148,-63.099635072329754,0.490234375,2.601015329360962,81.15219201263052,0.0,0.12600536193029488,-43.92034149169922,-0.009198655374348164,-0.0014640113804489374,9.631073102355003
3500.0,386,1,27.076417922973633,-76.58517368561317,-55.503741907728376,5.5546875,8.997417449951172,38.26353472095324,0.0,0.06994818652849744,-34.363792419433594,-0.007197135128080845,-0.0011454597115516663,12.309468351304531
3500.0,386,2,29.193145751953125,-71.2883818338268,-48.65557588334117,5.5546875,9.69948959350586,42.73216702331375,0.0,0.06476683937823835,-43.842079162597656,-0.009182264097034931,-0.0014614026295021176,9.648265317082405
3500.0,387,0,6.399662017822266,-94.59895253772532,-63.11772161369334,0.490234375,2.4235291481018066,79.77188038427478,0.0,0.1256684491978609,-43.92753219604492,-0.009200161322951317,-0.001464251079596579,9.62949637323618
3500.0,387,1,27.637189865112305,-76.68501787399575,-55.54689017455708,5.5546875,9.183359146118164,39.51355477207941,0.0,0.06976744186046513,-34.71940231323242,-0.007271614857017994,-0.0011573134688660502,12.183389626443386
3500.0,387,2,30.0,-71.38071173864539,-48.759702915379656,5.5546875,9.967226028442383,44.270477220550674,0.0,0.06459948320413433,-36.941307067871094,-0.00773696880787611,-0.0012313768966123462,11.45059708505869
3500.0,388,0,6.877287864685059,-94.61729704957119,-63.135772459696035,0.490234375,2.5539114475250244,80.80456644355925,0.0,0.1253333333333333,-43.94414138793945,-0.009203639812767506,-0.001464804750867188,9.625856764614582
3500.0,388,1,24.39478302001953,-76.78484337070913,-55.59068418350364,5.5546875,8.109006881713867,31.49978066332585,0.0,0.06958762886597936,-33.92071533203125,-0.007104339078068733,-0.0011306905653327703,12.47025653719902
3500.0,388,2,30.0,-71.4733465460121,-48.86296311570226,5.5546875,9.967226028442383,44.270477220550674,0.0,0.06443298969072164,-36.53202438354492,-0.007651249412447214,-0.0012177341850474477,11.578882113099098
3500.0,389,0,9.594202041625977,-94.63580700668501,-63.1537873682599,0.490234375,3.3374171257019043,85.31096484090531,0.0,0.125,-43.958011627197266,-0.009206544607877731,-0.0014652670361101627,9.622819721698761
3500.0,389,1,30.0,-76.88343516881,-55.6333541133775,5.5546875,9.967226028442383,44.270477220550674,0.0,0.06940874035989719,-33.66083526611328,-0.007049908861517906,-0.0011220278684049845,12.56653293967247
3500.0,389,2,30.0,-71.56696209248284,-48.96533977651876,5.5546875,9.967226028442383,44.270477220550674,0.0,0.06426735218508994,-50.532981872558594,-0.010583602823317051,-0.001684432732872665,8.370771072804928
3500.0,390,0,7.414961814880371,-94.65417315697297,-63.1717660176727,0.6015625,2.7036263942718506,77.74979186197749,0.0,0.12466843501326264,-43.976016998291016,-0.00921031553298235,-0.0014658672735095024,9.618879295885563
3500.0,390,1,17.886150360107422,-76.98127060724536,-55.6750672037361,0.0,5.964934825897217,100.0,1.0,0.07179487179487176,-31.660823822021484,-0.006631027907133102,-0.001055360771715641,13.360359705984592
3500.0,390,2,27.427621841430664,-71.65677899828175,-49.06682698209286,5.5546875,9.113865852355957,39.052345184956835,0.0,0.0641025641025641,-38.66571044921875,-0.008098127320408821,-0.001288857078179717,10.939925909042358
3500.0,391,0,5.571747779846191,-94.67279268244701,-63.189712314613544,0.490234375,2.203902006149292,77.75607201989217,0.0,0.1243386243386243,-44.014564514160156,-0.009218389168381691,-0.0014671521494165063,9.610455483198166
3500.0,391,1,20.327062606811523,-77.1243261898588,-55.71765246219808,5.5546875,6.7658233642578125,17.90079047372042,0.0,0.07161125319693096,-34.65058135986328,-0.007257200311869383,-0.0011550193885341287,12.207587249577045
3500.0,391,2,25.085378646850586,-71.74707618674923,-49.16751009399911,5.5546875,8.33764934539795,33.37825483070998,0.0,0.06393861892583119,-39.3079833984375,-0.008232644759118557,-0.001310266088694334,10.761172510683537
3500.0,392,0,8.592659950256348,-94.69094569943076,-63.20762237518051,0.490234375,3.0412652492523193,83.88057815343394,0.0,0.12401055408970973,-44.01115036010742,-0.009217673912644386,-0.0014670384116470814,9.611200541257858
3500.0,392,1,22.27587127685547,-77.22337804037424,-55.760812947830516,5.5546875,7.4084014892578125,25.02178090571494,0.0,0.0714285714285714,-33.717281341552734,-0.007061731070280075,-0.0011239093728363514,12.545495294034481
3500.0,392,2,28.876806259155273,-71.83761829435504,-49.26729586117257,5.5546875,9.594534873962402,42.10571358623875,0.0,0.06377551020408168,-38.267478942871094,-0.008014721795916557,-0.0012755825882777572,11.053772643208504
3500.0,393,0,3.701740264892578,-94.70984422564274,-63.22549488554698,0.490234375,1.7420787811279297,71.85923046014074,0.0,0.12368421052631584,-44.03220748901367,-0.009222084656357765,-0.001467740279622376,9.606604464352131
3500.0,393,1,22.12588119506836,-77.3213925580305,-55.80290926613533,5.5546875,7.358874797821045,24.517162574300933,0.0,0.07124681933842236,-30.165298461914062,-0.006317805498838425,-0.0010055099846795201,14.022735878825188
3500.0,393,2,30.0,-71.9265847546136,-49.3661477905391,5.5546875,9.967226028442383,44.270477220550674,0.0,0.06361323155216281,-38.05628967285156,-0.007970490492880344,-0.0012685429537668824,11.115114204585552
3500.0,394,0,7.884537696838379,-94.72806471075059,-63.24333253159965,0.490234375,2.8367393016815186,82.71838463585969,0.0,0.12335958005249348,-44.04261016845703,-0.00922426301985979,-0.0014680869644507766,9.604335762560368
3500.0,394,1,29.10713768005371,-77.5743348632112,-55.8441207425531,5.5546875,9.670953750610352,42.56318825173335,0.0,0.07106598984771573,-35.45097351074219,-0.007424834184348583,-0.00118169910274446,11.93197164684534
3500.0,394,2,30.0,-72.01412932092565,-49.46414052686731,5.5546875,9.967226028442383,44.270477220550674,0.0,0.06345177664974622,-36.39562225341797,-0.007622681092470884,-0.001213187468238175,11.622277088463306
3500.0,395,0,8.868420600891113,-94.7469485316664,-63.26113625238442,0.490234375,3.1220483779907227,84.29766884920907,0.0,0.12303664921465973,-44.06890106201172,-0.009229768998920918,-0.0014689633389934897,9.598605334758759
3500.0,395,1,17.633392333984375,-77.676864893808,-55.88611256521266,0.0,5.88235330581665,100.0,1.0,0.07341772151898729,-30.686798095703125,-0.006427028216421604,-0.0010228932369500399,13.784429989755154
3500.0,395,2,27.734161376953125,-73.62530154814849,-49.56128570804996,5.5546875,9.2155179977417,39.724630765615146,0.0,0.06329113924050633,-46.1555290222168,-0.009666791185736656,-0.001538517652079463,9.164665825664997
3500.0,396,0,8.207437515258789,-94.76530706221902,-63.2789043800445,0.6015625,2.929461717605591,79.4650841011266,0.0,0.12271540469973885,-44.07759094238281,-0.00923158973455429,-0.001469253096729517,9.596713818609715
3500.0,396,1,23.95841407775879,-77.77750323720768,-55.92863894810325,5.5546875,7.964599609375,30.257793581215708,0.0,0.0732323232323232,-35.480690002441406,-0.007431059144437313,-0.0011826896807178855,11.921977624297142
3500.0,396,2,28.21404457092285,-73.72850088627794,-49.657556752497335,5.5546875,9.374677658081055,40.7479627290245,0.0,0.06313131313131315,-46.012428283691406,-0.00963682122528553,-0.0015337476506829262,9.193168953061104
3500.0,397,0,6.709950923919678,-94.78388774714041,-63.29663709703793,0.490234375,2.507941961288452,80.45272248851634,0.0,0.12239583333333337,-44.07676315307617,-0.009231415577232838,-0.001469225506298244,9.596893563866615
3500.0,397,1,23.20940589904785,-77.87739405253484,-55.97016449306257,5.5546875,7.716871738433838,28.0189215490662,0.0,0.07304785894206545,-37.25105285644531,-0.0078018419444561005,-0.001241701771505177,11.35538425296545
3500.0,397,2,26.160022735595703,-73.83087743223511,-49.75295252497335,5.5546875,8.693660736083984,36.10646114881541,0.0,0.06297229219143574,-39.27244567871094,-0.008225202560424805,-0.001309081562794745,10.770910419523716
3500.0,398,0,9.667037010192871,-94.8025664807391,-63.31433498887516,0.490234375,3.359236717224121,85.40637602326812,0.0,0.12207792207792212,-44.10770797729492,-0.009237896651029587,-0.0014702569460496306,9.59016103297472
3500.0,398,1,29.95640754699707,-78.09867398486523,-56.01085142923414,5.5546875,9.952759742736816,44.18947464241141,0.0,0.07286432160804024,-29.497751235961914,-0.006177994422614574,-0.0009832583600655198,14.340076595544815
3500.0,398,2,30.0,-73.93242972132546,-49.84749492157744,5.5546875,9.967226028442383,44.270477220550674,0.0,0.06281407035175879,-41.78321838378906,-0.008751057088375092,-0.0013927739346399903,10.123682208359241
3500.0,399,0,5.313010215759277,-94.82126273693353,-63.33199830769103,0.740234375,2.1370468139648438,65.36180816616508,0.0,0.12176165803108807,-44.10066604614258,-0.00923642236739397,-0.0014700222527608275,9.591692127287388
3500.0,399,1,20.745166778564453,-78.20007653495142,-56.052250397456845,5.5546875,6.903497219085693,19.538064205439497,0.0,0.07268170426065168,-36.508766174316406,-0.007646378129720688,-0.0012169588590040803,11.586258187890053
3500.0,399,2,28.32948875427246,-67.71247113531055,-49.94119455937292,5.5546875,9.412970542907715,40.989005811930134,0.0,0.06265664160401008,-42.49443435668945,-0.008900013752281666,-0.0014164812164381146,9.954244829714298
3500.0,400,0,6.18076753616333,-94.84013254005774,-63.349626129278654,0.490234375,2.3646492958068848,79.26819948018048,0.0,0.12144702842377264,-44.10811996459961,-0.009237983264029026,-0.0014702706830576062,9.590070694684982
3500.0,400,1,21.78504753112793,-78.4778238806409,-56.09415172767955,5.5546875,7.246369361877441,23.34523369423096,0.0,0.07250000000000001,-32.53074264526367,-0.006813223008066416,-0.001084358082152903,13.003084808588028
3500.0,400,2,30.0,-67.6398771681165,-50.03403537637789,5.5546875,9.967226028442383,44.270477220550674,0.0,0.0625,-43.04840850830078,-0.009016036987304688,-0.001434947014786303,9.826146997511387
3500.0,401,0,5.84843111038208,-94.85872808618579,-63.36722054962321,0.490234375,2.2763562202453613,78.46407470676276,0.0,0.12113402061855671,-44.11526107788086,-0.009239478968083858,-0.0014705087523907423,9.588519111275673
3500.0,401,1,15.138520240783691,-78.58309897683085,-56.135106040729525,0.0,5.072434425354004,100.0,1.0,0.07481296758104738,-37.330467224121094,-0.007818475365638733,-0.0012443489395081997,11.331227608025074
3500.0,401,2,26.33261489868164,-67.57594119955624,-50.12606782821889,5.5546875,8.750858306884766,36.52408363611793,0.0,0.06234413965087282,-43.296363830566406,-0.009067969396710396,-0.00144321215339005,9.769873693585396
3500.0,402,0,5.897023677825928,-94.87708427811755,-63.38478103884944,0.490234375,2.2891809940338135,78.58472631575768,0.0,0.12082262210796912,-44.12178039550781,-0.009240844286978245,-0.0014707259833812714,9.587101638317108
3500.0,402,1,23.722660064697266,-78.68784597485885,-56.175260019945725,5.5546875,7.8866071701049805,29.56809715265607,0.0,0.07462686567164178,-34.865501403808594,-0.00730221439152956,-0.0011621833546087146,12.13233731687069
3500.0,402,2,30.0,-67.51733385185169,-50.217279826390595,5.5546875,9.967226028442383,44.270477220550674,0.0,0.062189054726368154,-43.23530197143555,-0.009055180475115776,-0.0014411767479032278,9.783672168850899
3500.0,403,0,6.012835502624512,-94.8958469122081,-63.4023063478579,0.490234375,2.3198649883270264,78.86797820275166,0.0,0.12051282051282053,-44.1345100402832,-0.009243510663509369,-0.0014711503172293305,9.584336541593075
3500.0,403,1,19.24964714050293,-78.79243533898762,-56.21606916541806,5.5546875,6.411641597747803,13.365595763319371,0.0,0.07444168734491319,-38.701904296875,-0.008105708286166191,-0.0012900634901598096,10.929695330560207
3500.0,403,2,30.0,-67.46208348376402,-50.30765580856278,5.5546875,9.967226028442383,44.270477220550674,0.0,0.06203473945409432,-42.80070877075195,-0.008964159525930882,-0.0014266902580857277,9.883014485239983
3500.0,404,0,5.729314804077148,-94.9145245165696,-63.4197981389593,0.490234375,2.245043992996216,78.16370741378044,0.0,0.12020460358056262,-44.14920425415039,-0.009246587753295898,-0.0014716401929035783,9.581146761775017
3500.0,404,1,23.93883514404297,-78.89667736344306,-56.257363879528235,5.5546875,7.958122253417969,30.2010282939007,0.0,0.07425742574257421,-37.2562255859375,-0.007802925538271666,-0.0012418741825968027,11.353807523846626
3500.0,404,2,30.0,-67.41036978863394,-50.39723319547272,5.5546875,9.967226028442383,44.270477220550674,0.0,0.061881188118811936,-43.181129455566406,-0.00904383510351181,-0.0014393710298463702,9.795946069061756
3500.0,405,0,5.836423873901367,-94.93342913357152,-63.43725515120745,0.490234375,2.2731919288635254,78.43409662090912,0.0,0.11989795918367352,-44.1670036315918,-0.009250315837562084,-0.0014722334453836083,9.577285498380661
3500.0,405,1,20.639984130859375,-79.00032250666084,-56.297742287639025,5.5546875,6.8688507080078125,19.132213872049086,0.0,0.07407407407407407,-10.101720809936523,-0.0021156994625926018,-0.00033672404242679477,41.874054819345474
3500.0,405,2,30.0,-67.36132282193567,-50.4859969428603,5.5546875,9.967226028442383,44.270477220550674,0.0,0.06172839506172845,-42.98889923095703,-0.009003574028611183,-0.001432963297702372,9.83974989503622
3500.0,406,0,5.22487735748291,-94.95207590921943,-63.45467665586524,0.490234375,2.114478349685669,76.8153514046206,0.0,0.11959287531806617,-44.168453216552734,-0.009250619448721409,-0.0014722817577421665,9.576971642673016
3500.0,406,1,18.877666473388672,-79.10328735583805,-56.33734216490818,5.5546875,6.289586544036865,11.684377643767707,0.0,0.07389162561576357,-36.61699295043945,-0.007669045589864254,-0.0012205664534121752,11.552013456821442
3500.0,406,2,29.466981887817383,-67.31514049482482,-50.57394098771659,5.5546875,9.790349960327148,43.26364713714087,0.0,0.061576354679802936,-43.16239547729492,-0.009039911441504955,-0.0014387465780600905,9.800197556614876
3500.0,407,0,6.421611309051514,-94.97119357121919,-63.472066763998065,0.490234375,2.429464340209961,79.82129776979428,0.0,0.11928934010152281,-44.1848030090332,-0.00925404392182827,-0.0014728268142789602,9.573427028954029
3500.0,407,1,24.46771240234375,-72.73261863523655,-56.37756983342086,5.5546875,8.133147239685059,31.703099227119182,0.0,0.07371007371007376,-31.512836456298828,-0.006600033491849899,-0.0010504279052838683,13.423101976513863
3500.0,407,2,30.0,-67.27193761375771,-50.66114565180517,5.5546875,9.967226028442383,44.270477220550674,0.0,0.061425061425061434,-43.83708190917969,-0.009181218221783638,-0.0014612360391765833,9.649365209043026
3500.0,408,0,5.249333381652832,-94.98998631899883,-63.489421031124316,0.490234375,2.120730400085449,76.88370124838842,0.0,0.11898734177215187,-44.19504928588867,-0.009256189689040184,-0.0014731683768332005,9.57120768725872
3500.0,408,1,23.025604248046875,-72.8376195357566,-56.418248472357874,5.5546875,7.6561102867126465,27.447655637350387,0.0,0.07352941176470584,-38.31874465942383,-0.008025459945201874,-0.0012772914487868547,11.038984172046185
3500.0,408,2,27.2133731842041,-67.23117070386078,-50.747534084264714,5.5546875,9.042824745178223,38.573535852700815,0.0,0.06127450980392157,-43.844276428222656,-0.009182724170386791,-0.0014614758547395468,9.64778196066618
3500.0,409,0,6.681644916534424,-95.00876226654731,-63.50674061567861,0.490234375,2.5001964569091797,80.39216583779809,0.0,0.11868686868686873,-44.210472106933594,-0.00925941951572895,-0.0014736824668943882,9.567868895828724
3500.0,409,1,30.0,-72.9348227364907,-56.45804540900188,5.5546875,9.967226028442383,44.270477220550674,0.0,0.07334963325183375,-37.20792007446289,-0.007792809046804905,-0.0012402640422806144,11.368547566235065
3500.0,409,2,30.0,-67.19263367707617,-50.833137067055084,5.5546875,9.967226028442383,44.270477220550674,0.0,0.06112469437652812,-43.83692932128906,-0.009181185625493526,-0.0014612310333177447,9.649398736655712
3500.0,410,0,5.09257173538208,-95.02714084716509,-63.524026765890284,0.490234375,2.080796241760254,76.44005861019409,0.0,0.11838790931989929,-44.2207145690918,-0.009261565282940865,-0.0014740237966179848,9.565653279423714
3500.0,410,1,22.655305862426758,-73.02807763053964,-56.49709775732138,5.5546875,7.533736228942871,26.269153429341262,0.0,0.07317073170731703,-36.925941467285156,-0.007733752019703388,-0.0012308647856116295,11.455361731350422
3500.0,410,2,26.87021827697754,-67.1565835824583,-50.91798665234049,5.5546875,8.929056167602539,37.79087738126034,0.0,0.060975609756097615,-43.477569580078125,-0.009105920791625977,-0.0014492523623630404,9.729154407978058
3500.0,411,0,6.163199424743652,-95.0459683110359,-63.54128011446267,0.490234375,2.35994815826416,79.22690067223392,0.0,0.11809045226130654,-44.240169525146484,-0.009265639819204807,-0.0014746723463758826,9.561446495354176
3500.0,411,1,30.0,-73.12432381970038,-56.53673250780483,5.5546875,9.967226028442383,44.270477220550674,0.0,0.07299270072992703,-37.266807556152344,-0.007805141620337963,-0.0012422269210219383,11.350583285093307
3500.0,411,2,30.0,-67.12288065054153,-51.00209804680836,5.5546875,9.967226028442383,44.270477220550674,0.0,0.06082725060827254,-43.55751419067383,-0.009122664108872414,-0.001451917109079659,9.711298160254955
3500.0,412,0,5.301589012145996,-95.06503282439142,-63.55849975568685,0.490234375,2.1341161727905273,77.02869313065655,0.0,0.1177944862155389,-44.240997314453125,-0.009265813045203686,-0.0014746999368071556,9.56126768141985
3500.0,412,1,24.89171028137207,-73.22261874518249,-56.57680745229605,5.5546875,8.273516654968262,32.861832136829015,0.0,0.07281553398058249,-37.00965881347656,-0.0077512855641543865,-0.0012336552608758211,11.42944861203432
3500.0,412,2,30.0,-67.09143189258396,-51.0854681916353,5.5546875,9.967226028442383,44.270477220550674,0.0,0.06067961165048541,-43.61737823486328,-0.009135203436017036,-0.0014539125841110945,9.697970002889633
3500.0,413,0,5.234147548675537,-95.08406844725619,-63.575687065291994,0.490234375,2.116847276687622,76.84129694197384,0.0,0.11750000000000005,-44.26863098144531,-0.009271600283682346,-0.0014756210148334503,9.555298835039139
3500.0,413,1,29.233657836914062,-73.39841736741512,-56.61604341348924,5.5546875,9.712931632995605,42.81142182520586,0.0,0.07263922518159804,-37.525447845458984,-0.007859311997890472,-0.0012508482905104756,11.272350326180458
3500.0,413,2,30.0,-67.0622213744258,-51.16812389659313,5.5546875,9.967226028442383,44.270477220550674,0.0,0.060532687651331685,-43.73866653442383,-0.009160605259239674,-0.001457955571822822,9.671077132225037
3500.0,414,0,5.697510719299316,-95.1029259198462,-63.59284182229761,0.490234375,2.2367141246795654,78.08238569288636,0.0,0.11720698254364093,-44.27566909790039,-0.009273074567317963,-0.0014758557081222534,9.553779847919941
3500.0,414,1,28.150209426879883,-73.48741064835235,-56.654560706093996,5.5546875,9.353504180908203,40.61383421052095,0.0,0.07246376811594202,-36.13334274291992,-0.007567749358713627,-0.001204444793984294,11.7066390812397
3500.0,414,2,30.0,-67.02997292971104,-51.2500659891562,5.5546875,9.967226028442383,44.270477220550674,0.0,0.06038647342995174,-44.07365417480469,-0.009230765514075756,-0.0014691217802464962,9.59757063537836
3500.0,415,0,5.158761024475098,-95.12199824953734,-63.60996435914728,0.490234375,2.097616672515869,76.62898176662489,0.0,0.1169154228855721,-44.28974151611328,-0.00927602220326662,-0.0014763247454538941,9.550744667649269
3500.0,415,1,28.198095321655273,-73.56246833700098,-56.693629112254904,5.5546875,9.369388580322266,40.714514587792415,0.0,0.07228915662650603,-37.683319091796875,-0.007892375811934471,-0.0012561106123030186,11.225125752389431
3500.0,415,2,30.0,-67.00551787061754,-51.331308395727945,5.5546875,9.967226028442383,44.270477220550674,0.0,0.06024096385542166,-44.51110076904297,-0.00932238344103098,-0.001483703381381929,9.50324721634388
3500.0,416,0,5.944976329803467,-95.1410245772662,-63.62705428842692,0.490234375,2.301866054534912,78.70274102030446,0.0,0.11662531017369726,-44.29936599731445,-0.009278037585318089,-0.0014766455860808492,9.548669680953026
3500.0,416,1,25.520774841308594,-73.65338084590086,-56.73312052868145,5.5546875,8.48185920715332,34.5109678864351,0.0,0.07211538461538458,-35.37603759765625,-0.0074091400019824505,-0.0011792012955993414,11.95724681019783
3500.0,416,2,30.0,-66.98307354415391,-51.41185441654538,5.5546875,9.967226028442383,44.270477220550674,0.0,0.060096153846153855,-44.47022247314453,-0.009313821792602539,-0.0014823407400399446,9.511983022093773
3500.0,417,0,5.2322492599487305,-95.1595621134333,-63.644110062054004,0.490234375,2.1163618564605713,76.83598513630963,0.0,0.11633663366336633,-44.30702209472656,-0.009279641322791576,-0.0014769007684662938,9.547019377350807
3500.0,417,1,27.904586791992188,-73.73520965411707,-56.771793756874764,5.5546875,9.272038459777832,40.09205716632569,0.0,0.07194244604316546,-38.326416015625,-0.00802706554532051,-0.0012775472132489085,11.036774143576622
3500.0,417,2,30.0,-66.96207776331318,-51.491681337253084,5.5546875,9.967226028442383,44.270477220550674,0.0,0.05995203836930452,-44.485538482666016,-0.009317029267549515,-0.0014828513376414776,9.508708491921425
3500.0,418,0,5.648526668548584,-95.17832091159303,-63.6611319013882,0.490234375,2.223909616470337,77.95619159298064,0.0,0.11604938271604937,-44.314266204833984,-0.009281158447265625,-0.0014771422138437629,9.545458480715752
3500.0,418,1,23.279813766479492,-73.74743262575126,-56.80976480804434,5.5546875,7.740150451660156,28.23540660235363,0.0,0.0717703349282297,-36.85517501831055,-0.007718930020928383,-0.0012285058619454503,11.477356776595116
3500.0,418,2,30.0,-66.94264322673118,-51.570807554383066,5.5546875,9.967226028442383,44.270477220550674,0.0,0.05980861244019142,-43.92380905151367,-0.009199380874633789,-0.0014641269808635116,9.630312211811543
3500.0,419,0,5.302459239959717,-95.1977211246863,-63.67812225325895,0.490234375,2.1343395709991455,77.03109750382843,0.0,0.11576354679802958,-44.327613830566406,-0.00928395427763462,-0.0014775871532037854,9.542584419250488
3500.0,419,1,26.261289596557617,-79.63152165947518,-56.84825917478886,5.5546875,8.727219581604004,36.3521514720604,0.0,0.0715990453460621,-41.43473434448242,-0.008678071200847626,-0.0013811577809974551,10.208826512098312
3500.0,419,2,30.0,-66.92490150266066,-51.6492711822705,5.5546875,9.967226028442383,44.270477220550674,0.0,0.059665871121718395,-44.011566162109375,-0.0092177614569664,-0.0014670522650703788,9.61111020296812
3500.0,420,0,5.3448486328125,-95.21665741550366,-63.69507890602841,0.490234375,2.145225763320923,77.1476558140393,0.0,0.11547911547911549,-44.32978820800781,-0.009284409694373608,-0.0014776596799492836,9.542116895318031
3500.0,420,1,27.39255714416504,-79.5890695386641,-56.887150904919835,5.5546875,9.102238655090332,38.974490666715276,0.0,0.0714285714285714,-43.42226791381836,-0.009094338864088058,-0.001447408925741911,9.741545654833317
3500.0,420,2,30.0,-66.90858427608093,-51.72705289458406,5.5546875,9.967226028442383,44.270477220550674,0.0,0.059523809523809534,-44.10884475708008,-0.009238135069608688,-0.0014702948974445462,9.589913301169872
3500.0,421,0,5.320444583892822,-95.23575586614731,-63.712004162153036,0.490234375,2.1389553546905518,77.08066351525493,0.0,0.11519607843137258,-44.35918426513672,-0.009290565736591816,-0.001478639547713101,9.535793215036392
3500.0,421,1,28.272802352905273,-79.54384587381932,-56.92526425861585,5.5546875,9.39416790008545,40.87089395166681,0.0,0.07125890736342044,-41.42185974121094,-0.008675375021994114,-0.001380728674121201,10.211999528110027
3500.0,421,2,30.0,-66.89384512223512,-51.80418687991097,5.5546875,9.967226028442383,44.270477220550674,0.0,0.05938242280285033,-44.2332878112793,-0.009264199063181877,-0.0014744428917765617,9.562933817505836
3500.0,422,0,5.202503681182861,-95.25474982783527,-63.72889694844657,0.490234375,2.1087656021118164,76.75254307500765,0.0,0.11491442542787289,-44.38215255737305,-0.00929537694901228,-0.0014794050948694348,9.530858136713505
3500.0,422,1,28.419023513793945,-79.49617335441152,-56.96270334362307,5.5546875,9.442669868469238,41.17460869252568,0.0,0.07109004739336489,-42.447479248046875,-0.008890179917216301,-0.0014149160124361515,9.965255856513977
3500.0,422,2,30.0,-66.8805328034527,-51.88067284548189,5.5546875,9.967226028442383,44.270477220550674,0.0,0.05924170616113744,-44.416046142578125,-0.009302475489675999,-0.0014805349055677652,9.523585438728333
3500.0,423,0,5.163138389587402,-95.27391952574128,-63.74575881794579,0.490234375,2.09873104095459,76.64139113428175,0.0,0.1146341463414634,-44.38329315185547,-0.009295615367591381,-0.0014794431626796722,9.530613198876381
3500.0,423,1,27.091890335083008,-79.45241192115888,-57.00064123798625,5.5546875,9.002547264099121,38.298713274727206,0.0,0.07092198581560283,-43.09437942504883,-0.009025665931403637,-0.0014364792732521892,9.81566496193409
3500.0,423,2,30.0,-66.86867892789854,-51.95653343051589,5.5546875,9.967226028442383,44.270477220550674,0.0,0.05910165484633567,-44.7649040222168,-0.009375540539622307,-0.001492163515649736,9.44936741143465
3500.0,424,0,5.097928047180176,-95.29252304978213,-63.76258739761101,0.490234375,2.082155227661133,76.45543576735746,0.0,0.11435523114355228,-44.386295318603516,-0.009296244010329247,-0.0014795431634411216,9.529968723654747
3500.0,424,1,25.41436767578125,-79.41207094892177,-57.038957053689344,5.5546875,8.446612358093262,34.23768885667301,0.0,0.07075471698113212,-42.16006851196289,-0.008829984813928604,-0.001405335613526404,10.033190250396729
3500.0,424,2,30.0,-66.85805370300612,-52.03174696190681,5.5546875,9.967226028442383,44.270477220550674,0.0,0.05896226415094341,-44.979278564453125,-0.009420438669621944,-0.0014993093209341168,9.404330514371395
3500.0,425,0,5.199987888336182,-95.3121053634375,-63.77938425876847,0.490234375,2.108123779296875,76.74546533678833,0.0,0.11407766990291257,-44.40523147583008,-0.009300210513174534,-0.0014801743673160672,9.525904431939125
3500.0,425,1,25.259241104125977,-79.36861463582966,-57.076519360096746,5.5546875,8.39522933959961,33.83519049564264,0.0,0.07058823529411762,-43.36600875854492,-0.009082555770874023,-0.0014455335913226008,9.754183702170849
3500.0,425,2,30.0,-66.8485861280245,-52.106336616213426,5.5546875,9.967226028442383,44.270477220550674,0.0,0.05882352941176472,-45.00499725341797,-0.009425824508070946,-0.0015001666033640504,9.398956783115864
3500.0,426,0,5.113801956176758,-95.33076459311049,-63.79614842643057,0.6015625,2.0861849784851074,71.16446977598183,0.0,0.1138014527845036,-44.402645111083984,-0.009299668483436108,-0.0014800882199779153,9.526459500193596
3500.0,426,1,23.248388290405273,-79.32321040845103,-57.11342681038005,5.5546875,7.72976016998291,28.138941211001622,0.0,0.07042253521126762,-40.84893035888672,-0.008555380627512932,-0.001361630973406136,10.355228558182716
3500.0,426,2,30.0,-66.84026870052114,-52.18029950579831,5.5546875,9.967226028442383,44.270477220550674,0.0,0.05868544600938963,-44.98699188232422,-0.009422053582966328,-0.0014995663659647107,9.402718394994736
3500.0,427,0,4.927469253540039,-95.35002820262783,-63.812881116847684,0.6015625,2.039104700088501,70.49869484514988,0.0,0.11352657004830913,-44.41661834716797,-0.00930259469896555,-0.0014805539976805449,9.523462504148483
3500.0,427,1,22.679462432861328,-79.28097618509442,-57.150806540334855,0.0,7.541718482971191,100.0,1.0,0.07259953161592503,-40.899070739746094,-0.008565881289541721,-0.0013633023481816053,10.342533700168133
3500.0,427,2,30.0,-66.8331083483975,-52.25366091529159,5.5546875,9.967226028442383,44.270477220550674,0.0,0.05854800936768145,-44.802207946777344,-0.009383353404700756,-0.0014934069477021694,9.441499598324299
3500.0,428,0,4.982677936553955,-95.36920060913874,-63.82958246859621,0.6015625,2.0530035495758057,70.69841890315797,0.0,0.11325301204819282,-44.42717361450195,-0.009304805658757687,-0.0014809058047831059,9.521200321614742
3500.0,428,1,24.88813018798828,-79.24278476256157,-57.188550845257666,5.5546875,8.272331237792969,32.85221130141819,0.0,0.07242990654205606,-43.295352935791016,-0.009067757986485958,-0.0014431783929467201,9.770101867616177
3500.0,428,2,30.0,-66.82708544799331,-52.326424877249174,5.5546875,9.967226028442383,44.270477220550674,0.0,0.05841121495327106,-44.95268249511719,-0.00941486842930317,-0.0014984228182584047,9.409894235432148
3500.0,429,0,4.890933990478516,-95.38828152322785,-63.84625202048127,0.6015625,2.029930353164673,70.36536258191515,0.0,0.11298076923076927,-44.43079376220703,-0.009305563755333424,-0.0014810265274718404,9.520424529910088
3500.0,429,1,22.090824127197266,-79.22920605515728,-57.22556740169572,5.5546875,7.347299575805664,24.39824397127698,0.0,0.07226107226107226,-44.056373596191406,-0.009227145463228226,-0.0014685457572340965,9.601335041224957
3500.0,429,2,30.0,-66.82210250453372,-52.39859792385432,5.5546875,9.967226028442383,44.270477220550674,0.0,0.0582750582750583,-44.83367156982422,-0.00938994251191616,-0.0014944557333365083,9.43487323820591
3500.0,430,0,17.896835327148438,-86.16874375659997,-63.862890584574686,0.6015625,5.968426704406738,89.9209200381762,0.0,0.11270983213429253,-44.43689727783203,-0.00930684246122837,-0.001481229905039072,9.519116953015327
3500.0,430,1,24.23095703125,-79.18467064900197,-57.26195628333542,5.5546875,8.05478572845459,31.038668348714282,0.0,0.0720930232558139,-39.843597412109375,-0.008344823494553566,-0.0013281198916956782,10.616511106491089
3500.0,430,2,30.0,-66.81813138577789,-52.470192161491426,5.5546875,9.967226028442383,44.270477220550674,0.0,0.05813953488372092,-44.60429382324219,-0.009341901168227196,-0.0014868098078295588,9.483392350375652
3500.0,431,0,17.8054256439209,-86.17003858145463,-63.87949832495416,3.322265625,5.938551902770996,44.0559638209141,0.0,0.11244019138755978,-44.45283508300781,-0.009310180321335793,-0.0014817612245678902,9.515703655779362
3500.0,431,1,22.501279830932617,-79.14399621969791,-57.29879711158595,5.5546875,7.482851505279541,25.767770533988564,0.0,0.07192575406032486,-43.380340576171875,-0.009085558354854584,-0.0014460113598033786,9.75096132606268
3500.0,431,2,30.0,-66.81522907242018,-52.54121637145861,5.5546875,9.967226028442383,44.270477220550674,0.0,0.058004640371229654,-44.67145538330078,-0.009355967864394188,-0.0014890484744682908,9.46913380175829
3500.0,432,0,16.63449478149414,-86.171298537152,-63.89607242555282,3.322265625,5.556838035583496,40.21302035931761,0.0,0.11217183770883055,-44.47001647949219,-0.009313778951764107,-0.0014823338715359569,9.51202679425478
3500.0,432,1,22.68674659729004,-79.10725298025642,-57.33597314592772,5.5546875,7.544124603271484,26.37068192655211,0.0,0.0717592592592593,-44.79512023925781,-0.009381868876516819,-0.0014931707410141826,9.442993439733982
3500.0,432,2,30.0,-66.81290222898197,-52.61164317424592,5.5546875,9.967226028442383,44.270477220550674,0.0,0.05787037037037035,-44.66126251220703,-0.00935383327305317,-0.0014887087745591998,9.471295401453972
3500.0,433,0,16.720495223999023,-86.17224304172758,-63.91261807112376,3.029296875,5.584805488586426,45.75823847059806,0.0,0.11190476190476195,-44.48823165893555,-0.009317593649029732,-0.0014829410938546062,9.508132934570312
3500.0,433,1,26.222740173339844,-79.06775534477035,-57.37245847528372,5.5546875,8.714444160461426,36.25884339012298,0.0,0.07159353348729791,-41.941810607910156,-0.008784272707998753,-0.0013980603544041514,10.085402056574821
3500.0,433,2,30.0,-66.81187325884,-52.68154564028019,5.5546875,9.967226028442383,44.270477220550674,0.0,0.05773672055427248,-44.73820495605469,-0.009369947947561741,-0.001491273520514369,9.455006569623947
3500.0,434,0,16.801286697387695,-86.17400810277452,-63.92913171203379,3.029296875,5.611089706420898,46.01232499395783,0.0,0.11163895486935871,-44.49319839477539,-0.009318633936345577,-0.001483106636442244,9.50707122683525
3500.0,434,1,27.633420944213867,-79.0256644407132,-57.40833273426151,5.5546875,9.182109832763672,39.50532501604671,0.0,0.0714285714285714,-41.54589080810547,-0.008701352402567863,-0.0013848630478605628,10.18151268362999
3500.0,434,2,30.0,-66.81152708348071,-52.75088306619989,5.5546875,9.967226028442383,44.270477220550674,0.0,0.05760368663594473,-44.83770751953125,-0.009390788152813911,-0.0014945903094485402,9.43402387201786
3500.0,435,0,16.772193908691406,-86.17500503157231,-63.945612700468246,3.029296875,5.60162353515625,45.92109134096778,0.0,0.11137440758293837,-44.49402618408203,-0.009318807162344456,-0.001483134226873517,9.506894275546074
3500.0,435,1,26.631990432739258,-78.98688287734187,-57.44463019337739,5.5546875,8.850085258483887,37.235774144942226,0.0,0.07126436781609191,-44.18806457519531,-0.009254726581275463,-0.0014729355461895466,9.57272108644247
3500.0,435,2,30.0,-66.81182281178266,-52.81965445838168,5.5546875,9.967226028442383,44.270477220550674,0.0,0.05747126436781613,-45.25031280517578,-0.009477203711867332,-0.0015083437319844961,9.348002262413502
3500.0,436,0,17.893936157226562,-86.17651100591507,-63.9620641464811,3.029296875,5.9674787521362305,49.23657040394863,0.0,0.11111111111111116,-44.50044250488281,-0.009320151060819626,-0.0014833480818197131,9.50552336871624
3500.0,436,1,26.78286361694336,-78.95240333839018,-57.481259597817605,5.5546875,8.900097846984863,37.58846705396848,0.0,0.07110091743119262,-43.67825698852539,-0.009147953242063522,-0.0014559419360011816,9.684452787041664
3500.0,436,2,30.0,-66.8130151852236,-52.88790299135157,5.5546875,9.967226028442383,44.270477220550674,0.0,0.05733944954128445,-45.1327018737793,-0.009452571161091328,-0.001504423446021974,9.372361935675144
3500.0,437,0,18.141603469848633,-86.17813936990764,-63.978486558719865,3.609375,6.048474311828613,40.325860474576594,0.0,0.11084905660377353,-44.50954818725586,-0.009322058409452438,-0.001483651576563716,9.503578767180443
3500.0,437,1,29.642417907714844,-78.91531686138268,-57.51721847902301,5.5546875,9.848564147949219,43.59901182999696,0.0,0.07093821510297482,-41.63833236694336,-0.00872071273624897,-0.001387944445014,10.158908553421497
3500.0,437,2,30.0,-66.81518368126346,-52.95564216348737,5.5546875,9.967226028442383,44.270477220550674,0.0,0.05720823798627006,-45.23944854736328,-0.009474927559494972,-0.0015079816803336143,9.350246749818325
3500.0,438,0,18.01016616821289,-86.17974802560954,-63.99487689067339,3.609375,6.005480766296387,39.89865024202015,0.0,0.11058823529411765,-44.51844787597656,-0.009323921985924244,-0.0014839483192190528,9.501678869128227
3500.0,438,1,29.01422119140625,-78.86604305481524,-57.55258609030944,5.5546875,9.640125274658203,42.37950916880647,0.0,0.07077625570776258,-42.56467819213867,-0.008914725854992867,-0.0014188226778060198,9.937817230820656
3500.0,438,2,30.0,-66.81793626208133,-53.02284189359109,5.5546875,9.967226028442383,44.270477220550674,0.0,0.057077625570776225,-45.352195739746094,-0.009498542174696922,-0.0015117399161681533,9.327001869678497
3500.0,439,0,17.887001037597656,-86.18138448377833,-64.01123719116973,3.609375,5.965211868286133,39.49292867217119,0.0,0.11032863849765262,-44.52983093261719,-0.00932630617171526,-0.0014843277167528868,9.49924997985363
3500.0,439,1,28.048948287963867,-78.83884111975198,-57.58836755726419,5.5546875,9.319918632507324,40.39982837805495,0.0,0.07061503416856496,-44.06170654296875,-0.009228263050317764,-0.0014687235234305263,9.600172750651836
3500.0,439,2,30.0,-66.82140808510029,-53.08953001979437,5.5546875,9.967226028442383,44.270477220550674,0.0,0.056947608200455635,-45.33237838745117,-0.009494392201304436,-0.0015110792592167854,9.331079199910164
3500.0,440,0,16.789669036865234,-86.18303125673756,-64.02756467891015,3.609375,5.607309341430664,35.630892104855874,0.0,0.11007025761124123,-44.536869049072266,-0.009327780455350876,-0.001484562293626368,9.49774868786335
3500.0,440,1,26.137042999267578,-78.80548064162271,-57.624448602705904,5.5546875,8.686044692993164,36.05043841783544,0.0,0.07045454545454544,-43.38323974609375,-0.009086165577173233,-0.001446107984520495,9.750309400260448
3500.0,440,2,30.0,-66.82530792129994,-53.15568191791175,5.5546875,9.967226028442383,44.270477220550674,0.0,0.05681818181818177,-45.45288848876953,-0.009519631043076515,-0.0015150962863117456,9.306339547038078
3500.0,441,0,16.9375057220459,-86.18437509824571,-64.04386207562743,3.322265625,5.655429363250732,41.255289181255606,0.0,0.10981308411214952,-44.54907989501953,-0.00933033786714077,-0.0014849693980067968,9.4951456412673
3500.0,441,1,27.56694793701172,-78.76936487295339,-57.65987626121144,5.5546875,9.160066604614258,39.35974769875688,0.0,0.07029478458049887,-41.56690216064453,-0.008705751970410347,-0.0013855634024366736,10.176366195082664
3500.0,441,2,30.0,-66.82978795770842,-53.22133216489509,5.5546875,9.967226028442383,44.270477220550674,0.0,0.05668934240362811,-45.542823791503906,-0.009538466110825539,-0.001518094097264111,9.287961758673191
3500.0,442,0,16.99868392944336,-86.18567928800358,-64.06013134876379,3.609375,5.675351619720459,36.402618871079206,0.0,0.10955710955710951,-44.559120178222656,-0.009332440793514252,-0.0014853039756417274,9.493006393313408
3500.0,442,1,27.025100708007812,-78.73260018177847,-57.69474860347678,5.5546875,8.980403900146484,38.14657378707216,0.0,0.07013574660633481,-42.110496520996094,-0.00881960242986679,-0.0014036832144483924,10.045001283288002
3500.0,442,2,30.0,-66.83520733374856,-53.28651330100175,5.5546875,9.967226028442383,44.270477220550674,0.0,0.0565610859728507,-45.506080627441406,-0.009530771523714066,-0.0015168694080784917,9.295460768043995
3500.0,443,0,16.993696212768555,-86.18804078334632,-64.07636940346478,3.609375,5.673727035522461,36.38440874222224,0.0,0.1093023255813953,-44.5790901184082,-0.00933662336319685,-0.0014859696384519339,9.488753974437714
3500.0,443,1,28.135204315185547,-78.78879522876022,-57.73001146690002,5.5546875,9.348527908325195,40.582222629368694,0.0,0.0699774266365688,-43.13458251953125,-0.009034086018800735,-0.0014378194464370608,9.806516580283642
3500.0,443,2,30.0,-66.84105793177251,-53.35119202062954,5.5546875,9.967226028442383,44.270477220550674,0.0,0.05643340857787815,-45.59973907470703,-0.009550387039780617,-0.0015199913177639246,9.276368655264378
3500.0,444,0,17.016582489013672,-86.18950428983686,-64.09257707415267,3.609375,5.68118143081665,36.46788007118504,0.0,0.10904872389791187,-44.59161376953125,-0.009339245967566967,-0.0014863871037960052,9.486088529229164
3500.0,444,1,28.280149459838867,-78.75854492994604,-57.76556337999966,5.5546875,9.396604537963867,40.88622674756477,0.0,0.06981981981981977,-43.74842071533203,-0.00916264858096838,-0.0014582807198166847,9.668920189142227
3500.0,444,2,30.0,-66.84742921201939,-53.4153830820337,5.5546875,9.967226028442383,44.270477220550674,0.0,0.056306306306306286,-45.630733489990234,-0.009556878358125687,-0.0015210245037451386,9.270068258047104
3500.0,445,0,18.039079666137695,-86.19138200919403,-64.10875399948807,3.609375,6.014936923980713,39.99313632683451,0.0,0.10879629629629628,-44.59471893310547,-0.009339896030724049,-0.0014864905970171094,9.485428221523762
3500.0,445,1,29.12302017211914,-78.72541890634777,-57.80048165952711,5.5546875,9.676222801208496,42.59446465715675,0.0,0.06966292134831464,-43.167236328125,-0.009040924720466137,-0.0014389079296961427,9.79909859597683
3500.0,445,2,30.0,-66.85424353871291,-53.47908944262663,5.5546875,9.967226028442383,44.270477220550674,0.0,0.0561797752808989,-45.65655517578125,-0.009562286548316479,-0.0015218851622194052,9.264824911952019
3500.0,446,0,16.973419189453125,-86.19333015483289,-64.1249012177372,3.90234375,5.667123317718506,31.140659357117684,0.0,0.10854503464203236,-44.61345291137695,-0.009343819692730904,-0.001487115165218711,9.481444954872131
3500.0,446,1,28.1082706451416,-78.68991512158642,-57.83485792112848,5.5546875,9.339593887329102,40.525385075512034,0.0,0.06950672645739908,-42.55293273925781,-0.008912265300750732,-0.001418431056663394,9.940560907125473
3500.0,446,2,30.0,-66.86163640722172,-53.54232838234691,5.5546875,9.967226028442383,44.270477220550674,0.0,0.056053811659192876,-45.778255462646484,-0.00958777591586113,-0.0015259418869391084,9.240195155143738
3500.0,447,0,17.9265193939209,-86.19520450999147,-64.14101858313536,3.609375,5.97813081741333,39.62368656292242,0.0,0.10829493087557607,-44.60620880126953,-0.009342302568256855,-0.00148687360342592,9.482985362410545
3500.0,447,1,29.073909759521484,-78.65846227189007,-57.86961224664026,5.5546875,9.659928321838379,42.497632332918926,0.0,0.06935123042505598,-43.24089431762695,-0.009056352078914642,-0.0014413631288334727,9.782406501471996
3500.0,447,2,30.0,-66.86950335549562,-53.60510230843627,5.5546875,9.967226028442383,44.270477220550674,0.0,0.055928411633109576,-45.6768913269043,-0.009566545486450195,-0.0015225630486384034,9.260700084269047
3500.0,448,0,18.007144927978516,-86.19729749200877,-64.15710496860797,3.90234375,6.00449275970459,35.00960187364789,0.0,0.10804597701149421,-44.60951614379883,-0.009342995472252369,-0.0014869838487356901,9.48228221386671
3500.0,448,1,30.0,-77.19841196620834,-57.904632796640016,5.5546875,9.967226028442383,44.270477220550674,0.0,0.0691964285714286,-43.46997833251953,-0.009104331023991108,-0.0014489992754533887,9.730854071676731
3500.0,448,2,30.0,-66.87768200788602,-53.667402767202454,5.5546875,9.967226028442383,44.270477220550674,0.0,0.0558035714285714,-45.62550735473633,-0.009555784985423088,-0.0015208502300083637,9.271129965782166
3500.0,449,0,16.568603515625,-86.19951552182171,-64.17316320963032,3.90234375,5.535417556762695,29.502269521972135,0.0,0.10779816513761464,-44.62100601196289,-0.009345402009785175,-0.0014873668551445007,9.479840286076069
3500.0,449,1,24.55657958984375,-77.16603763267142,-57.93905249118853,5.5546875,8.16256332397461,31.949226247530692,0.0,0.06904231625835189,-44.84661102294922,-0.009392652660608292,-0.001494887052103877,9.432150982320309
3500.0,449,2,30.0,-66.88653522453936,-53.72926928514387,5.5546875,9.967226028442383,44.270477220550674,0.0,0.055679287305122505,-45.67207717895508,-0.009565537795424461,-0.001522402628324926,9.261677041649818
3500.0,450,0,17.636770248413086,-86.201207197282,-64.18919192858189,3.609375,5.883456707000732,38.65213632480374,0.0,0.10755148741418763,-44.63777160644531,-0.009348913095891476,-0.0014879257651045918,9.476279839873314
3500.0,450,1,26.070262908935547,-77.13159785288582,-57.97295007108367,5.5546875,8.663915634155273,35.88710076882485,0.0,0.06888888888888889,-43.283294677734375,-0.009065233170986176,-0.0014427765272557735,9.772824123501778
3500.0,450,2,30.0,-66.8957915378938,-53.790686132597315,5.5546875,9.967226028442383,44.270477220550674,0.0,0.05555555555555558,-45.6949462890625,-0.009570328518748283,-0.0015231649158522487,9.257040917873383
