freq_mhz,step,ue_id,sinr_eff_db,prx_dbm,prx_dbm_theo,se_la,se_shannon,se_gap_pct,tbler_step,tbler_running,doppler_fd_hz,doppler_slope_rad_per_sym,doppler_nu,doppler_Tc_ms
3500.0,1,0,30.0,-79.7004327405606,-59.66707425199891,0.740234375,9.967226028442383,92.57331605716902,0.0,0.0,-0.7600137591362,-0.00015917691052891314,-2.533379301894456e-05,556.5688610076904
3500.0,1,1,15.934735298156738,-87.74402987990999,-58.321800735828155,0.740234375,5.329730987548828,86.11122443648065,0.0,0.0,2.5280494689941406,0.0005294734728522599,8.426831482211128e-05,167.32268035411835
3500.0,1,2,12.527005195617676,-88.79325311824417,-63.55717811076146,0.740234375,4.239834785461426,82.54096179553281,0.0,0.0,-0.13417181372642517,-2.81008815363748e-05,-4.472393811738584e-06,3152.6741981506348
3500.0,1,3,18.869064331054688,-83.42115359202234,-61.92090682053108,0.740234375,6.286765098571777,88.22551243137482,0.0,0.0,-0.41560667753219604,-8.704446372576058e-05,-1.3853556083631702e-05,1017.7892446517944
3500.0,1,4,3.952775239944458,-96.53657204832473,-60.125025442603814,0.740234375,1.801042914390564,58.89968145203912,0.0,0.0,-1.0430526733398438,-0.0002184564364142716,-3.4768421755870804e-05,405.540406703949
3500.0,1,5,30.0,-78.08086813309376,-54.18057955824861,0.740234375,9.967226028442383,92.57331605716902,0.0,0.0,-2.1905245780944824,-0.0004587823641486466,-7.301748701138422e-05,193.10443103313446
3500.0,1,6,30.0,-77.9278350149781,-52.739365414010294,0.740234375,9.967226028442383,92.57331605716902,0.0,0.0,-2.7188029289245605,-0.0005694247665815055,-9.062676690518856e-05,155.5831879377365
3500.0,1,7,1.1213303804397583,-103.53090238148229,-62.17845897443343,0.740234375,1.1982378959655762,38.22308762789572,0.0,0.0,-0.03697098791599274,-7.74318596086232e-06,-1.2323662303970195e-06,11441.404342651367
3500.0,1,8,-7.562985420227051,-108.21293119714082,-63.82563872773568,0.0,0.23298917710781097,100.0,1.0,1.0,0.6834328770637512,0.0001431378477718681,2.278109604958445e-05,618.9342141151428
3500.0,1,9,30.0,-73.21017803263395,-48.642996719139575,0.740234375,9.967226028442383,92.57331605716902,0.0,0.0,-3.5521090030670166,-0.0007439519977197051,-0.00011840363731607795,119.0841868519783
3500.0,2,0,27.965747833251953,-79.70354832052345,-59.66700625400336,5.5546875,9.292323112487793,40.22283305522221,0.0,0.0,-0.16423499584197998,-3.439730062382296e-05,-5.474500085256295e-06,2575.577735900879
3500.0,2,1,18.54620361328125,-87.74673706492197,-58.32203967991929,4.5234375,6.180939674377441,26.816346084859475,0.0,0.0,2.3860902786254883,0.0004997416399419308,7.953634485602379e-05,177.27746069431305
3500.0,2,2,13.058737754821777,-88.79619589827838,-63.55698868951284,3.322265625,4.407646179199219,24.624947422535868,0.0,0.0,0.5550822019577026,0.00011625615297816694,1.8502740203985013e-05,762.0493173599243
3500.0,2,3,19.221839904785156,-83.42435301869907,-61.920737820705085,5.33203125,6.402513027191162,16.71971259792644,0.0,0.0,0.3099457025527954,6.491487874882296e-05,1.0331523299100809e-05,1364.7551536560059
3500.0,2,4,4.398118495941162,-96.5394406609378,-60.12560151132674,1.328125,1.9080580472946167,30.39388912286436,0.0,0.0,-3.398588180541992,-0.0007117986679077148,-0.00011328627442708239,124.46344643831253
3500.0,2,5,30.0,-78.08350693406328,-54.18178342567152,5.5546875,9.967226028442383,44.270477220550674,0.0,0.0,-1.6057672500610352,-0.00033631111728027463,-5.352557491278276e-05,263.42546939849854
3500.0,2,6,30.0,-77.930130572498,-52.7411353342579,5.5546875,9.967226028442383,44.270477220550674,0.0,0.0,-2.1561787128448486,-0.0004515890032052994,-7.187262235675007e-05,196.18040323257446
3500.0,2,7,2.138932943344116,-103.53340330709531,-62.17832125060105,0.876953125,1.3985769748687744,37.29675657771481,0.0,0.0,1.020000696182251,0.00021362846018746495,3.400002242415212e-05,414.7056043148041
3500.0,2,8,-7.038329601287842,-108.21333606687642,-63.825464004360704,0.0,0.26035451889038086,100.0,1.0,1.0,1.6711713075637817,0.00035000930074602365,5.5705710110487416e-05,253.11589241027832
3500.0,2,9,30.0,-73.21817551558411,-48.65050202646137,5.5546875,9.967226028442383,44.270477220550674,0.0,0.0,-8.467514991760254,-0.0017734323628246784,-0.00028225049027241766,49.95562508702278
3500.0,3,0,28.51056671142578,-79.70629603807032,-59.666639704979985,5.5546875,9.473036766052246,41.36318017991988,0.0,0.0,0.5159121155738831,0.00010805238707689568,1.71970714291092e-05,819.9071288108826
3500.0,3,1,19.924715042114258,-87.7493584422754,-58.322040737199025,5.33203125,6.63345193862915,19.619056573704498,0.0,0.0,-5.733892440795898,-0.0012009036727249622,-0.00019112974405288696,73.7718790769577
3500.0,3,2,13.615751266479492,-88.79883070853529,-63.55659659821421,3.609375,4.584476470947266,21.269636285117322,0.0,0.0,1.343736171722412,0.0002814314793795347,4.479120616451837e-05,314.7939443588257
3500.0,3,3,20.39288902282715,-83.4273099856546,-61.920327524395674,5.5546875,6.787490367889404,18.162867290708938,0.0,0.0,1.1179261207580566,0.0002341378858545795,3.7264206184772775e-05,378.379225730896
3500.0,3,4,5.031834602355957,-96.54460086840784,-60.126210213727724,1.4765625,2.0654146671295166,28.51011840386971,0.0,0.0,-1.6317942142486572,-0.00034176220651715994,-5.4393141908803955e-05,259.2238783836365
3500.0,3,5,30.0,-78.08538789842433,-54.18272032565238,5.5546875,9.967226028442383,44.270477220550674,0.0,0.0,-1.048330545425415,-0.00021956184355076402,-3.494435077300295e-05,403.49870920181274
3500.0,3,6,30.0,-77.93204733463448,-52.74256903675279,5.5546875,9.967226028442383,44.270477220550674,0.0,0.0,-1.7639265060424805,-0.00036943593295291066,-5.8797551901079714e-05,239.8059070110321
3500.0,3,7,1.967124104499817,-103.53621551494606,-62.17796810176698,1.02734375,1.3634183406829834,24.649411017504143,0.0,0.0,1.5077900886535645,0.0003157908213324845,5.025967038818635e-05,280.5430293083191
3500.0,3,8,-8.073241233825684,-108.21374019415452,-63.825100631375044,0.0,0.208940327167511,100.0,1.0,1.0,1.8425211906433105,0.00038589671021327376,6.141737685538828e-05,229.5767366886139
3500.0,3,9,30.0,-73.22616444310421,-48.6579754224567,0.0,9.967226028442383,100.0,1.0,0.33333333333333337,-4.288931846618652,-0.0008982717990875244,-0.0001429644034942612,98.62595796585083
3500.0,4,0,28.905925750732422,-79.7086729388384,-59.66592770558371,5.5546875,9.604195594787598,42.16394860789124,0.0,0.0,1.3841222524642944,0.0002898898965213448,4.6137407480273396e-05,305.6088387966156
3500.0,4,1,19.514284133911133,-87.75152707378683,-58.32175485233171,5.5546875,6.498549461364746,14.524194467953278,0.0,0.0,1.914419174194336,0.0004009550320915878,6.38139754300937e-05,220.9547460079193
3500.0,4,2,14.170854568481445,-88.80164377434981,-63.555973980870256,3.90234375,4.7616448402404785,18.046307926592043,0.0,0.0,2.2999367713928223,0.00048169767251238227,7.666456076549366e-05,183.91810357570648
3500.0,4,3,21.593875885009766,-83.43001735717435,-61.91964127889988,5.5546875,7.183290958404541,22.67210764307207,0.0,0.0,2.0811381340026855,0.0004358725273050368,6.937127182027325e-05,203.25417816638947
3500.0,4,4,4.734707832336426,-96.54906008817854,-60.126798365429295,1.4765625,1.9909148216247559,25.83497375367373,0.0,0.0,-0.33017754554748535,-6.915222911629826e-05,-1.1005918167938944e-05,1281.1288833618164
3500.0,4,5,30.0,-78.08654029939268,-54.18339690103606,5.5546875,9.967226028442383,44.270477220550674,0.0,0.0,-0.5617313385009766,-0.00011764874216169119,-1.8724378605838865e-05,753.0290484428406
3500.0,4,6,30.0,-77.93363872888584,-52.74370748807618,5.5546875,9.967226028442383,44.270477220550674,0.0,0.0,-1.409665584564209,-0.0002952396753244102,-4.698885459220037e-05,300.07117986679077
3500.0,4,7,0.5574970245361328,-103.53879820790782,-62.17736728300913,1.02734375,1.0955679416656494,6.227289889655275,0.0,0.0,1.6889712810516357,0.0003537373268045485,5.629904262605123e-05,250.4483163356781
3500.0,4,8,-8.635090827941895,-108.21369338211937,-63.824521765658226,0.0,0.18514032661914825,100.0,1.0,1.0,1.7251919507980347,0.00036132335662841797,5.75064004806336e-05,245.1901137828827
3500.0,4,9,30.0,-73.23401833347407,-48.66530062676393,5.5546875,9.967226028442383,44.270477220550674,0.0,0.25,-3.0671072006225586,-0.0006423734594136477,-0.00010223691060673445,137.9149705171585
3500.0,5,0,28.351322174072266,-79.71069025390163,-59.66482596861172,5.5546875,9.420211791992188,41.034367138944184,0.0,0.0,2.421431541442871,0.0005071434425190091,8.071438787737861e-05,174.69005286693573
3500.0,5,1,19.54242515563965,-87.75346683381478,-58.321135449185704,5.5546875,6.507794380187988,14.645620689700657,0.0,0.0,4.245532035827637,0.0008891820907592773,0.00014151773939374834,99.63415563106537
3500.0,5,2,14.402144432067871,-88.80385944593768,-63.555095229982676,3.90234375,4.835716724395752,19.30164704824354,0.0,0.0,3.3962855339050293,0.0007113164174370468,0.00011320952035021037,124.54783171415329
3500.0,5,3,21.880413055419922,-83.4324494241197,-61.91864664345154,5.5546875,7.277842044830322,23.676723597681438,0.0,0.0,3.1638779640197754,0.0006626411341130733,0.00010546259727561846,133.69669020175934
3500.0,5,4,3.189068078994751,-96.55442555148319,-60.12731574820268,0.0,1.6248232126235962,100.0,1.0,0.19999999999999996,0.5925318002700806,0.00012409957707859576,1.975105988094583e-05,713.8857245445251
3500.0,5,5,30.0,-78.08796076045732,-54.18381401521634,5.5546875,9.967226028442383,44.270477220550674,0.0,0.0,-0.24557633697986603,-5.143338785273954e-05,-8.185877959476784e-06,1722.478747367859
3500.0,5,6,30.0,-77.93493137015369,-52.74458143862424,5.5546875,9.967226028442383,44.270477220550674,0.0,0.0,-1.1882548332214355,-0.0002488675236236304,-3.9608494262211025e-05,355.98424077033997
3500.0,5,7,-1.3978369235992432,-103.54080779502834,-62.17648869942018,0.0,0.7864263653755188,100.0,1.0,0.19999999999999996,1.5727028846740723,0.00032938612275756896,5.242343104328029e-05,268.9637243747711
3500.0,5,8,-7.718801498413086,-108.21366139418558,-63.823702672094285,0.0,0.22538688778877258,100.0,1.0,1.0,4.172366142272949,0.0008738583419471979,0.00013907886750530452,101.3813242316246
3500.0,5,9,30.0,-73.24159098196473,-48.67234881334589,5.5546875,9.967226028442383,44.270477220550674,0.0,0.19999999999999996,-1.1393818855285645,-0.00023863160458859056,-3.7979396438458934e-05,371.25393748283386
3500.0,6,0,27.236955642700195,-79.7123051757514,-59.663296663020375,5.5546875,9.050643920898438,38.62660437702207,0.0,0.0,3.640568256378174,0.0007624789141118526,0.0001213522773468867,116.19065701961517
3500.0,6,1,20.727092742919922,-87.75484449971188,-58.32014162750248,5.5546875,6.897542953491211,19.4686058868473,0.0,0.0,0.6687375903129578,0.00014006008859723806,2.229125311714597e-05,632.5350999832153
3500.0,6,2,14.461228370666504,-88.80639817801745,-63.55393861014154,4.212890625,4.854660987854004,13.219674132955216,0.0,0.0,4.628668785095215,0.0009694262407720089,0.0001542889658594504,91.38696640729904
3500.0,6,3,21.217510223388672,-83.43456119745083,-61.91731622576626,5.5546875,7.059163570404053,21.312384327112845,0.0,0.0,4.365111827850342,0.0009142269263975322,0.00014550372725352645,96.90473228693008
3500.0,6,4,1.4359492063522339,-96.55961511972583,-60.12771820046219,1.17578125,1.258131742477417,6.54545861113548,0.0,0.16666666666666663,0.80007004737854,0.0001675662788329646,2.666900218173396e-05,528.7036895751953
3500.0,6,5,22.891387939453125,-78.0885409512494,-54.183967772733624,5.5546875,7.611749172210693,27.02482209635473,0.0,0.0,-2.8613319396972656,-0.0005992759251967072,-9.537773439660668e-05,147.83325791358948
3500.0,6,6,30.0,-77.93595609261769,-52.74520925268452,5.5546875,9.967226028442383,44.270477220550674,0.0,0.0,-0.8039654493331909,-0.000168382131960243,-2.6798848921316676e-05,526.1420011520386
3500.0,6,7,-2.384720802307129,-103.54284386234873,-62.17530675176125,0.490234375,0.6576107740402222,25.45219842003147,0.0,0.16666666666666663,3.8342976570129395,0.0008030533790588379,0.00012780992256011814,110.3200763463974
3500.0,6,8,-7.316739559173584,-108.21282121014849,-63.8226225998777,0.0,0.24548634886741638,100.0,1.0,1.0,5.619952201843262,0.0011770400451496243,0.0001873317378340289,75.26754587888718
3500.0,6,9,30.0,-73.24874080980405,-48.67898586620722,5.5546875,9.967226028442383,44.270477220550674,0.0,0.16666666666666663,0.4344252645969391,9.098581358557567e-05,1.4480842764896806e-05,973.7002849578857
3500.0,7,0,27.947296142578125,-79.71338889458619,-59.661305134341454,5.5546875,9.286203384399414,40.18343912936761,0.0,0.0,4.941176414489746,0.0010348774958401918,0.00016470588161610067,85.607148706913
3500.0,7,1,21.41782569885254,-87.75601992634476,-58.31873554795308,5.5546875,7.125219345092773,22.041873646660694,0.0,0.0,2.5674266815185547,0.0005377206252887845,8.558089029975235e-05,164.7564172744751
3500.0,7,2,15.213515281677246,-88.80812384088209,-63.552484255880024,4.212890625,5.096612930297852,17.339403980325528,0.0,0.0,5.969533920288086,0.0012502563185989857,0.000198984460439533,70.85980474948883
3500.0,7,3,23.249061584472656,-83.4363272781066,-61.91562489715219,5.5546875,7.729982376098633,28.141006929391178,0.0,0.0,5.658294677734375,0.0011850704904645681,0.00018860981799662113,74.75750893354416
3500.0,7,4,3.488448143005371,-96.56437838927515,-60.12796471381742,0.876953125,1.6927727460861206,48.194279059158205,0.0,0.1428571428571429,0.6066708564758301,0.00012706084817182273,2.0222361854393966e-05,697.2479224205017
3500.0,7,5,27.147672653198242,-78.0886352638322,-54.183852066757275,5.5546875,9.021040916442871,38.42520445866357,0.0,0.0,0.37100347876548767,7.770278898533434e-05,1.2366782357275952e-05,1140.151023864746
3500.0,7,6,30.0,-77.93671795342837,-52.74560410747479,5.5546875,9.967226028442383,44.270477220550674,0.0,0.0,-0.43234094977378845,-9.054927795659751e-05,-1.441136555513367e-05,978.3945083618164
3500.0,7,7,0.041217196732759476,-103.54445753557216,-62.173798244369415,0.490234375,1.0068622827529907,51.31068236466385,0.0,0.1428571428571429,5.9409708976745605,0.001244274084456265,0.00019803237228188664,71.20048254728317
3500.0,7,8,-7.595151901245117,-108.2120439701279,-63.821262873523935,0.0,0.23140066862106323,100.0,1.0,1.0,5.806281089782715,0.0012160647893324494,0.00019354269898030907,72.85214215517044
3500.0,7,9,30.0,-73.25532847186389,-48.68507960708416,5.5546875,9.967226028442383,44.270477220550674,0.0,0.1428571428571429,0.48173531889915466,0.00010089440911542624,1.605784382263664e-05,878.0755400657654
3500.0,8,0,28.072153091430664,-79.71399772358423,-59.658820240845294,5.5546875,9.327614784240723,40.44900407567423,0.0,0.0,6.27127742767334,0.0013134533073753119,0.00020904258417431265,67.4503743648529
3500.0,8,1,20.127120971679688,-87.75651382625468,-58.31688295945527,5.5546875,6.700027942657471,17.09456217884351,0.0,0.0,5.598996162414551,0.001172651071101427,0.0001866332022473216,75.54925978183746
3500.0,8,2,14.525225639343262,-88.80984761213003,-63.550714533084154,0.0,4.8751912117004395,100.0,1.0,0.125,7.420689582824707,0.0015541857574135065,0.00024735633633099496,57.00279027223587
3500.0,8,3,23.48952865600586,-83.43770235369661,-61.913550460816246,5.5546875,7.809498310089111,28.872671720488306,0.0,0.0,7.057241439819336,0.0014780652709305286,0.00023524138669017702,59.93843451142311
3500.0,8,4,3.759702444076538,-96.56871053058424,-60.12801801754608,1.17578125,1.7556043863296509,33.02698152525447,0.0,0.125,-0.16876259446144104,-3.534555435180664e-05,-5.6254198170790914e-06,2506.4797401428223
3500.0,8,5,30.0,-78.08821184354743,-54.18346019432428,5.5546875,9.967226028442383,44.270477220550674,0.0,0.0,1.9278209209442139,0.0004037618637084961,6.426069739973173e-05,219.4187194108963
3500.0,8,6,30.0,-77.93720669398334,-52.74577577107329,5.5546875,9.967226028442383,44.270477220550674,0.0,0.0,-0.478709876537323,-0.00010026076779467985,-1.5956995412125252e-05,883.6249709129333
3500.0,8,7,1.1629862785339355,-103.54556072588174,-62.17194241400397,0.6015625,1.2060613632202148,50.1217335746655,0.0,0.125,7.416369438171387,0.001553280744701624,0.00024721233057789505,57.03599378466606
3500.0,8,8,-8.365033149719238,-108.21043026665666,-63.8196065841516,0.0,0.196245014667511,100.0,1.0,1.0,7.572196006774902,0.0015859170816838741,0.0002524065494071692,55.86226284503937
3500.0,8,9,30.0,-73.2612088622279,-48.69050252156871,5.5546875,9.967226028442383,44.270477220550674,0.0,0.125,1.4656447172164917,0.0003069639205932617,4.885482485406101e-05,288.61019015312195
3500.0,9,0,28.724348068237305,-79.71399941646224,-59.65581593579393,0.0,9.543956756591797,100.0,1.0,0.11111111111111116,7.507671356201172,0.0015724031254649162,0.0002502557181287557,56.34237080812454
3500.0,9,1,20.29087257385254,-87.75628102566854,-58.314554751341866,5.5546875,6.75391149520874,17.755992154464508,0.0,0.0,7.130510330200195,0.0014934106729924679,0.00023768367827869952,59.3225434422493
3500.0,9,2,14.787128448486328,-88.81107012901975,-63.54861514564863,3.90234375,4.959313869476318,21.312829703757586,0.0,0.11111111111111116,8.957069396972656,0.0018759642262011766,0.0002985689789056778,47.22527042031288
3500.0,9,3,23.673229217529297,-83.4386541237045,-61.91107438759904,0.0,7.870255470275879,100.0,1.0,0.11111111111111116,8.542186737060547,0.0017890713643282652,0.00028473956626839936,49.51893538236618
3500.0,9,4,3.0646982192993164,-96.57243230875467,-60.12784555999962,1.326171875,1.5970348119735718,16.9603652307896,0.0,0.11111111111111116,-0.5929312705993652,-0.0001241832214873284,-1.976437670236919e-05,713.4047746658325
3500.0,9,5,29.50484275817871,-78.08696937632274,-54.182784637673066,5.5546875,9.802912712097168,43.33635662036137,0.0,0.0,1.988412857055664,0.00041645223973318934,6.62804304738529e-05,212.7324789762497
3500.0,9,6,30.0,-77.93747657430177,-52.74572996104486,5.5546875,9.967226028442383,44.270477220550674,0.0,0.0,-0.028358060866594315,-5.939297807344701e-06,-9.452687095290457e-07,14916.394233703613
3500.0,9,7,0.5478469729423523,-103.54644683615442,-62.16972213155008,0.876953125,1.0938632488250732,19.829729544169073,0.0,0.11111111111111116,8.919088363647461,0.0018680095672607422,0.0002973029622808099,47.42637276649475
3500.0,9,8,-8.33873462677002,-108.20888262601164,-63.81763999398711,0.0,0.19735901057720184,100.0,1.0,1.0,9.515022277832031,0.00199282169342041,0.00031716740340925753,44.45601999759674
3500.0,9,9,30.0,-73.26630953500258,-48.69513673897271,5.5546875,9.967226028442383,44.270477220550674,0.0,0.11111111111111116,-0.5066572427749634,-0.00010611405014060438,-1.688857446424663e-05,834.883987903595
3500.0,10,0,27.988277435302734,-79.71347352743001,-59.652266886296594,5.5546875,9.299796104431152,40.270867902648845,0.0,0.09999999999999998,8.849467277526855,0.0018534280825406313,0.0002949822519440204,47.7994866669178
3500.0,10,1,21.270952224731445,-87.75546587255047,-58.31172334183342,5.5546875,7.076784610748291,21.508314785171144,0.0,0.0,4.27704381942749,0.0008957819663919508,0.00014256812573876232,98.90008717775345
3500.0,10,2,14.680047988891602,-88.81180472125638,-63.54617172348366,3.90234375,4.924899101257324,20.762970575301054,0.0,0.09999999999999998,10.572745323181152,0.002214350737631321,0.00035242486046627164,40.008530020713806
3500.0,10,3,22.040111541748047,-83.43916468029019,-61.90817845655845,5.5546875,7.3305583000183105,24.225587292769703,0.0,0.09999999999999998,10.115716934204102,0.002118630800396204,0.0003371905768290162,41.816119104623795
3500.0,10,4,0.917766809463501,-96.57615685102212,-60.127416274338174,0.0,1.1604762077331543,100.0,1.0,0.19999999999999996,1.9152470827102661,0.000401128432713449,6.38415731373243e-05,220.85922956466675
3500.0,10,5,23.16314697265625,-78.08544762492232,-54.1818253749801,5.5546875,7.701578140258789,27.875983352506108,0.0,0.0,-0.05929845571517944,-1.2419441191013902e-05,-1.9766152945521753e-06,7133.406639099121
3500.0,10,6,28.951984405517578,-77.93752417993133,-52.74548327147326,5.5546875,9.619476318359375,42.25582229046575,0.0,0.0,-0.031249649822711945,-6.544912139361259e-06,-1.0416549685032805e-06,13536.151885986328
3500.0,10,7,-3.1230108737945557,-103.54655125299892,-62.167120376527016,0.0,0.5725895166397095,100.0,1.0,0.19999999999999996,10.250043869018555,0.0021467641927301884,0.0003416681429371238,41.26811772584915
3500.0,10,8,-8.095398902893066,-108.20628082422874,-63.81534925670121,0.0,0.20795008540153503,100.0,1.0,1.0,11.136881828308105,0.0023325032088905573,0.00037122939829714596,37.98190504312515
3500.0,10,9,30.0,-73.27108697445931,-48.69889549058439,5.5546875,9.967226028442383,44.270477220550674,0.0,0.09999999999999998,3.2363157272338867,0.0006778123788535595,0.00010787718929350376,130.70417940616608
3500.0,11,0,25.42506980895996,-79.71227781831223,-59.64815295078295,5.5546875,8.450157165527344,34.26527588551246,0.0,0.09090909090909094,10.451017379760742,0.002188856014981866,0.00034836726263165474,40.474530309438705
3500.0,11,1,21.960391998291016,-87.75402108179904,-58.30836596567725,5.5546875,7.304241180419922,23.95257272048812,0.0,0.0,3.32961368560791,0.0006973526906222105,0.00011098712275270373,127.0417720079422
3500.0,11,2,15.57064151763916,-88.81231820739325,-63.543373198975466,3.90234375,5.211915016174316,25.126489248391014,0.0,0.09090909090909094,12.285259246826172,0.00257301889359951,0.0004095086478628218,34.43150967359543
3500.0,11,3,23.90748405456543,-83.43920260024213,-61.904848599300216,5.5546875,7.947749614715576,30.109933386486233,0.0,0.09090909090909094,11.799358367919922,0.002471251878887415,0.0003933119587600231,35.84940731525421
3500.0,11,4,2.803654909133911,-96.5793032052342,-60.12670396851057,0.6015625,1.5395634174346924,60.92642282950855,0.0,0.18181818181818177,2.9091432094573975,0.0006092895055189729,9.697143832454458e-05,145.4036384820938
3500.0,11,5,30.0,-78.08367867252188,-54.18057774232638,5.5546875,9.967226028442383,44.270477220550674,0.0,0.0,3.900038242340088,0.0008168220520019531,0.00013000128092244267,108.46047848463058
3500.0,11,6,30.0,-77.93735587575301,-52.745042941853896,5.5546875,9.967226028442383,44.270477220550674,0.0,0.0,0.137343168258667,2.8765089155058376e-05,4.578105745167704e-06,3079.876661300659
3500.0,11,7,-2.9107911586761475,-103.54627423422247,-62.164123809285705,0.490234375,0.5960656404495239,17.754968290021054,0.0,0.18181818181818177,11.144643783569336,0.002334128599613905,0.0003714881313499063,37.955451756715775
3500.0,11,8,-7.11409330368042,-108.20358950841006,-63.812723962967574,0.0,0.2562289535999298,100.0,1.0,1.0,12.794858932495117,0.0026797489263117313,0.00042649530223570764,33.06015580892563
3500.0,11,9,30.0,-73.27418467835103,-48.70168707513664,5.5546875,9.967226028442383,44.270477220550674,0.0,0.09090909090909094,3.8801941871643066,0.0008126660250127316,0.00012933980906382203,109.01516675949097
3500.0,12,0,22.879371643066406,-79.71048557646435,-59.643458675857524,5.5546875,7.607778549194336,26.98673516741308,0.0,0.08333333333333337,12.681281089782715,0.00265596155077219,0.00042270938865840435,33.35625305771828
3500.0,12,1,20.809925079345703,-87.75174076413748,-58.304465614335456,5.5546875,6.924830913543701,19.785947565361507,0.0,0.0,10.913660049438477,0.0022857515141367912,0.00036378868389874697,38.758765906095505
3500.0,12,2,17.248519897460938,-88.81238669590317,-63.54021087042694,4.5234375,5.7567667961120605,21.42399266451114,0.0,0.08333333333333337,14.312816619873047,0.002997669391334057,0.00047709388309158385,29.553931206464767
3500.0,12,3,21.6943416595459,-83.43876986677682,-61.90107353844292,5.5546875,7.2164387702941895,23.027303676913835,0.0,0.08333333333333337,13.820162773132324,0.002894488163292408,0.00046067210496403277,30.607454478740692
3500.0,12,4,0.5189335346221924,-96.58085002403195,-60.12568699350007,0.876953125,1.0887662172317505,19.454414444479852,0.0,0.16666666666666663,3.886558771133423,0.00081399898044765,0.0001295519614359364,108.83664339780807
3500.0,12,5,22.347949981689453,-78.08101109649824,-54.17904926175329,5.5546875,7.432206153869629,25.261929163416518,0.0,0.0,-5.768819332122803,-0.0012082187458872795,-0.00019229398458264768,73.32523167133331
3500.0,12,6,27.57245635986328,-77.93699492464349,-52.74443234477475,5.5546875,9.161892890930176,39.37183542607371,0.0,0.0,-0.023285139352083206,-4.876828370470321e-06,-7.761713050058461e-07,18166.093826293945
3500.0,12,7,-6.335111618041992,-103.54480526457084,-62.16072207938468,0.0,0.3016289174556732,100.0,1.0,0.25,12.156028747558594,0.002545952796936035,0.0004052009608130902,34.7975492477417
3500.0,12,8,-7.3170485496521,-108.20029508309887,-63.80975561465646,0.0,0.24547027051448822,100.0,1.0,1.0,14.504010200500488,0.0030377130024135113,0.00048346701078116894,29.164347797632217
3500.0,12,9,30.0,-73.27620131928421,-48.703472546482786,5.5546875,9.967226028442383,44.270477220550674,0.0,0.08333333333333337,4.032147407531738,0.000844490947201848,0.0001344049087492749,104.90687936544418
3500.0,13,0,19.140945434570312,-79.70818995953506,-59.63820894362425,5.5546875,6.375960826873779,12.880777488660655,0.0,0.07692307692307687,14.287643432617188,0.0029923971742391586,0.00047625479055568576,29.606003314256668
3500.0,13,1,20.90166473388672,-87.74896136610187,-58.30005047788989,5.5546875,6.9550580978393555,20.134563624628697,0.0,0.0,11.178121566772461,0.002341140527278185,0.00037260405952110887,37.84177824854851
3500.0,13,2,16.751270294189453,-88.81224255606867,-63.5366976824983,5.115234375,5.5948166847229,8.571903902275091,0.0,0.07692307692307687,16.319520950317383,0.003417952684685588,0.0005439840606413782,25.919878855347633
3500.0,13,3,21.438146591186523,-83.43797070378972,-61.896870195034815,5.5546875,7.131921768188477,22.11513697785692,0.0,0.07692307692307687,15.8506441116333,0.003319751238450408,0.0005283548380248249,26.686612516641617
3500.0,13,4,2.7021496295928955,-96.58196441773393,-60.12437845553528,0.6015625,1.517532229423523,60.35916151655505,0.0,0.15384615384615385,4.700411796569824,0.0009844519663602114,0.00015668039850424975,89.99211341142654
3500.0,13,5,30.0,-78.07753984974707,-54.17730045563492,5.5546875,9.967226028442383,44.270477220550674,0.0,0.0,5.841259956359863,0.0012233906891196966,0.00019470867118798196,72.41588830947876
3500.0,13,6,30.0,-77.93654181042373,-52.74373522634328,5.5546875,9.967226028442383,44.270477220550674,0.0,0.0,0.6243240237236023,0.0001307581114815548,2.0810801288462244e-05,677.5327920913696
3500.0,13,7,-4.034525394439697,-103.54312172704476,-62.15693073977896,0.0,0.48021838068962097,100.0,1.0,0.3076923076923077,14.985925674438477,0.0031386450864374638,0.0004995308700017631,28.22648547589779
3500.0,13,8,-7.344399929046631,-108.19652248100238,-63.8064564831117,0.0,0.24405249953269958,100.0,1.0,1.0,16.310802459716797,0.0034161265939474106,0.0005436934297904372,25.933733209967613
3500.0,13,9,30.0,-73.277393807266,-48.70446991488433,5.5546875,9.967226028442383,44.270477220550674,0.0,0.07692307692307687,5.512531757354736,0.0011545419692993164,0.0001837510644691065,76.73425227403641
3500.0,14,0,15.509783744812012,-79.70546160003633,-59.63246961281035,0.0,5.1922478675842285,100.0,1.0,0.1428571428571429,12.812814712524414,0.0026835096068680286,0.00042709382250905037,33.01382437348366
3500.0,14,1,17.139307022094727,-87.74553769793583,-58.295185638454996,0.0,5.721165180206299,100.0,1.0,0.0714285714285714,12.612255096435547,0.002641504630446434,0.0004204084980301559,33.538807183504105
3500.0,14,2,18.02425765991211,-88.81178495096157,-63.53287360671262,4.81640625,6.010089874267578,19.86132735515951,0.0,0.0714285714285714,17.808345794677734,0.00372977158986032,0.0005936115048825741,23.752909153699875
3500.0,14,3,17.867795944213867,-83.43687579329827,-61.8922881057537,0.0,5.958934783935547,100.0,1.0,0.1428571428571429,17.415637969970703,0.003647522535175085,0.0005805213004350662,24.288516491651535
3500.0,14,4,-0.9468275904655457,-96.58326133193272,-60.1228254996625,0.876953125,0.8512898683547974,0.0,0.0,0.1428571428571429,3.463164806365967,0.0007253235671669245,0.00011543883010745049,122.14261293411255
3500.0,14,5,19.974740982055664,-78.07431275922067,-54.17536251447544,5.5546875,6.649904251098633,16.469661964195826,0.0,0.0,-13.593111038208008,-0.002846934599801898,-0.0004531037120614201,31.11870400607586
3500.0,14,6,26.37540054321289,-77.93601754618297,-52.742966504073124,5.5546875,8.76503849029541,36.626775727795014,0.0,0.0,0.4448792338371277,9.317528747487813e-05,1.482930838392349e-05,950.8198499679565
3500.0,14,7,-5.033202648162842,-103.54081125329834,-62.15279516569929,0.0,0.3937669098377228,100.0,1.0,0.3571428571428571,16.92471694946289,0.0035447045229375362,0.0005641572643071413,24.993032217025757
3500.0,14,8,-8.051907539367676,-108.19261688950996,-63.80286450031634,0.0,0.20989786088466644,100.0,1.0,1.0,17.705608367919922,0.003708254313096404,0.000590186973568052,23.89073558151722
3500.0,14,9,30.0,-73.2779276106782,-48.70485141400175,0.0,9.967226028442383,100.0,1.0,0.1428571428571429,4.902859687805176,0.001026852522045374,0.0001634286600165069,86.27618104219437
3500.0,15,0,17.132688522338867,-79.70225882452445,-59.62626915501706,4.212890625,5.719008922576904,26.335302461781595,0.0,0.1333333333333333,13.899538040161133,0.0029111127369105816,0.00046331793419085443,30.432667583227158
3500.0,15,1,22.12967300415039,-87.74167731324053,-58.289892488383195,5.115234375,7.360126972198486,30.500731925932143,0.0,0.06666666666666665,13.979328155517578,0.002927823457866907,0.0004659776168409735,30.258964747190475
3500.0,15,2,17.55474090576172,-88.81118185695621,-63.52875987624519,5.33203125,5.856673240661621,8.958020519552711,0.0,0.06666666666666665,19.18051528930664,0.004017157945781946,0.0006393505027517676,22.053631022572517
3500.0,15,3,16.020126342773438,-83.43539861699719,-61.8873517558708,4.81640625,5.357398986816406,10.098048290741312,0.0,0.1333333333333333,18.961227416992188,0.003971230238676071,0.0006320409011095762,22.308683022856712
3500.0,15,4,3.112746477127075,-96.5836708514086,-60.121043806241055,0.490234375,1.6077395677566528,69.50784910493651,0.0,0.1333333333333333,6.322879791259766,0.0013242608401924372,0.0002107626642100513,66.89989566802979
3500.0,15,5,30.0,-78.07001279685116,-54.17319783189859,5.5546875,9.967226028442383,44.270477220550674,0.0,0.0,6.654415130615234,0.0013936974573880434,0.00022181383974384516,63.566818833351135
3500.0,15,6,30.0,-77.93532174778883,-52.74205246324327,5.5546875,9.967226028442383,44.270477220550674,0.0,0.0,0.044601574540138245,9.341332770418376e-06,1.4867191566736437e-06,9483.970642089844
3500.0,15,7,-1.2561886310577393,-103.53825155685179,-62.148337556740536,0.490234375,0.8063870668411255,39.206071729249835,0.0,0.33333333333333337,18.641551971435547,0.0039042779244482517,0.0006213850574567914,22.69124425947666
3500.0,15,8,-7.745545864105225,-108.18777395835201,-63.79899958659755,0.0,0.2241053283214569,100.0,1.0,1.0,19.06546401977539,0.003993061371147633,0.0006355154910124838,22.18671515583992
3500.0,15,9,30.0,-73.27765839326376,-48.70448129951127,5.5546875,9.967226028442383,44.270477220550674,0.0,0.1333333333333333,7.544620037078857,0.0015801414847373962,0.00025148733402602375,56.06644228100777
3500.0,16,0,22.00054359436035,-79.69859336670304,-59.61959570055326,4.5234375,7.317495822906494,38.1832581873166,0.0,0.125,18.152496337890625,0.003801849903538823,0.000605083245318383,23.302581161260605
3500.0,16,1,20.517114639282227,-87.7371889751587,-58.28415991653079,5.5546875,6.828389644622803,18.65303843089583,0.0,0.0625,10.648265838623047,0.0022301673889160156,0.0003549421962816268,39.72477838397026
3500.0,16,2,17.200714111328125,-88.81017984602178,-63.52434860162426,5.115234375,5.741179943084717,10.902733833289302,0.0,0.0625,20.881595611572266,0.004373431205749512,0.0006960532045923173,20.257072523236275
3500.0,16,3,10.727992057800293,-83.43359172048416,-61.88205175309149,0.0,3.6808810234069824,100.0,1.0,0.1875,21.042724609375,0.004407178610563278,0.0007014241418801248,20.101960748434067
3500.0,16,4,0.39024457335472107,-96.58408255388878,-60.1190167644353,0.0,1.066273808479309,100.0,1.0,0.1875,7.33656120300293,0.0015365658327937126,0.0002445520367473364,57.65644088387489
3500.0,16,5,21.850465774536133,-78.06556458911945,-54.17083059638086,5.5546875,7.26795768737793,23.57292462438686,0.0,0.0,0.9930680394172668,0.0002079877012874931,3.310226747998968e-05,425.9527027606964
3500.0,16,6,26.852388381958008,-77.93452005049659,-52.741039482993,5.5546875,8.923145294189453,37.74966878980347,0.0,0.0,-0.006375819444656372,-1.33534922497347e-06,-2.1252731130516622e-07,66344.41375732422
3500.0,16,7,-3.0098938941955566,-103.53483813972139,-62.143549279223166,0.490234375,0.5850074291229248,16.200316338719624,0.0,0.3125,20.458175659179688,0.004284750670194626,0.0006819391855970025,20.676331594586372
3500.0,16,8,-7.842193126678467,-108.1829143430347,-63.79485422998119,0.0,0.2195299118757248,100.0,1.0,1.0,20.76605224609375,0.004349231719970703,0.0006922017782926559,20.36978490650654
3500.0,16,9,30.0,-73.27663603192107,-48.70339396868782,5.5546875,9.967226028442383,44.270477220550674,0.0,0.125,9.085988998413086,0.0019029650138691068,0.0003028663049917668,46.55519872903824
3500.0,17,0,25.94322395324707,-79.69476751321434,-59.61248337174831,5.5546875,8.621819496154785,35.57406876266297,0.0,0.11764705882352944,20.744966506958008,0.0043448153883218765,0.0006914988625794649,20.39048820734024
3500.0,17,1,22.819576263427734,-87.73284338895031,-58.27802751461816,5.5546875,7.588016986846924,26.796585858617593,0.0,0.05882352941176472,12.709896087646484,0.002661954378709197,0.0004236632084939629,33.28115493059158
3500.0,17,2,17.194625854492188,-88.80904462757468,-63.51965733236,5.115234375,5.739196300506592,10.871939080590698,0.0,0.05882352941176472,22.451841354370117,0.004702302627265453,0.0007483946974389255,18.840325996279716
3500.0,17,3,7.5066609382629395,-83.4315753833569,-61.876411161799034,2.5703125,2.7294538021087646,5.830518251886618,0.0,0.17647058823529416,23.278837203979492,0.004875508137047291,0.0007759612635709345,18.17101053893566
3500.0,17,4,2.5338685512542725,-96.58358294083156,-60.11676694911234,0.490234375,1.4814033508300781,66.90743444550023,0.0,0.17647058823529416,8.09133529663086,0.0016946454998105764,0.0002697111922316253,52.278146147727966
3500.0,17,5,29.31121253967285,-78.0608054655728,-54.168337837130004,5.5546875,9.738663673400879,42.96252867658357,0.0,0.0,7.787191867828369,0.0016309457132592797,0.00025957307661883533,54.319966584444046
3500.0,17,6,29.558053970336914,-77.93373235847486,-52.74003230252937,5.5546875,9.82056999206543,43.43823724602613,0.0,0.0,0.6249129772186279,0.00013088146806694567,2.0830433641094714e-05,676.8942475318909
3500.0,17,7,-2.02143931388855,-103.53091273266456,-62.138451568265445,0.0,0.7029680013656616,100.0,1.0,0.3529411764705882,22.0845890045166,0.004625385627150536,0.0007361529860645533,19.15362849831581
3500.0,17,8,-7.30244255065918,-108.1773746079443,-63.7904449893181,0.0,0.24623049795627594,100.0,1.0,1.0,22.544178009033203,0.004721641540527344,0.0007514726021327078,18.763160333037376
3500.0,17,9,30.0,-73.27517315101532,-48.70188837932657,5.5546875,9.967226028442383,44.270477220550674,0.0,0.11764705882352944,8.964730262756348,0.0018775686621665955,0.0002988243359141052,47.184910625219345
3500.0,18,0,29.747390747070312,-79.69042557020398,-59.60499455088529,5.5546875,9.883398056030273,43.79779638025554,0.0,0.11111111111111116,21.171077728271484,0.004434060305356979,0.0007057025795802474,19.980087876319885
3500.0,18,1,22.889719009399414,-87.72698773162553,-58.27155257994501,5.5546875,7.611197471618652,27.019532462364293,0.0,0.05555555555555558,16.761489868164062,0.003510518465191126,0.0005587163614109159,25.236420333385468
3500.0,18,2,16.916990280151367,-88.80778374890139,-63.51472634041588,5.115234375,5.648749828338623,9.444841240128653,0.0,0.05555555555555558,23.515926361083984,0.004925164394080639,0.0007838642341084778,17.98781007528305
3500.0,18,3,5.447965621948242,-83.42934591501198,-61.870478801955564,1.6953125,2.1718077659606934,21.940029565642384,0.0,0.16666666666666663,24.53631591796875,0.005138874053955078,0.0008178771822713315,17.239753156900406
3500.0,18,4,3.815119743347168,-96.58275966960181,-60.11433958909486,0.876953125,1.7685861587524414,50.41501819630876,0.0,0.16666666666666663,7.919824600219727,0.0016587241552770138,0.0002639941521920264,53.41027304530144
3500.0,18,5,30.0,-78.05612012134274,-54.165707768208954,5.5546875,9.967226028442383,44.270477220550674,0.0,0.0,8.817411422729492,0.0018467145273461938,0.0002939137048088014,47.97326400876045
3500.0,18,6,30.0,-77.93285831116883,-52.73897955347114,5.5546875,9.967226028442383,44.270477220550674,0.0,0.0,1.048414707183838,0.00021957946592010558,3.494715565466322e-05,403.4663140773773
3500.0,18,7,-2.368408203125,-103.52673418794986,-62.13308903108457,0.490234375,0.659596860408783,25.676666396474523,0.0,0.33333333333333337,23.189010620117188,0.004856694955378771,0.0007729670032858849,18.2413998991251
3500.0,18,8,-6.63590669631958,-108.17194895238796,-63.785810079986305,0.0,0.2832992970943451,100.0,1.0,1.0,23.71276092529297,0.004966389387845993,0.0007904254016466439,17.8384967148304
3500.0,18,9,30.0,-73.27328710027638,-48.699980410156684,5.5546875,9.967226028442383,44.270477220550674,0.0,0.11111111111111116,10.584930419921875,0.0022169025614857674,0.00035283100442029536,39.96247425675392
3500.0,19,0,29.668231964111328,-79.68572550073657,-59.59713522218741,5.5546875,9.85713005065918,43.64802461312216,0.0,0.10526315789473684,22.428115844726562,0.00469733402132988,0.0007476038881577551,18.860256299376488
3500.0,19,1,21.614086151123047,-87.7217913043343,-58.26473413191098,5.5546875,7.1899590492248535,22.743822851135032,0.0,0.052631578947368474,16.909944534301758,0.0035416106693446636,0.0005636648274958134,25.014866143465042
3500.0,19,2,15.676912307739258,-88.80628628691522,-63.509563322684166,0.0,5.24627685546875,100.0,1.0,0.10526315789473684,24.61362075805664,0.005155065096914768,0.0008204540354199708,17.185606062412262
3500.0,19,3,7.495405197143555,-83.4267868900153,-61.86426233625261,1.328125,2.7262792587280273,51.28433759131301,0.0,0.1578947368421053,24.977718353271484,0.005231320858001709,0.0008325906237587333,16.935093328356743
3500.0,19,4,2.875678062438965,-96.5156896488268,-60.111732942512965,1.02734375,1.5553034543991089,33.94576813327313,0.0,0.1578947368421053,9.17930793762207,0.001922509865835309,0.0003059769223909825,46.08190804719925
3500.0,19,5,21.495075225830078,-78.05067257917672,-54.162893660624604,5.5546875,7.150698184967041,22.319648287244796,0.0,0.0,5.596046447753906,0.0011720332549884915,0.00018653488950803876,75.58908313512802
3500.0,19,6,29.26778221130371,-77.93187325276725,-52.7378052643957,5.5546875,9.724254608154297,42.878012517873564,0.0,0.0,1.0520755052566528,0.000220346191781573,3.50691843777895e-05,402.06241607666016
3500.0,19,7,-5.5422444343566895,-103.52266191436769,-62.12746832969169,0.0,0.35514041781425476,100.0,1.0,0.368421052631579,24.26740264892578,0.005082553252577782,0.0008089134353213012,17.43078976869583
3500.0,19,8,-6.349041938781738,-108.16597828654079,-63.78095685247724,0.0,0.3007569909095764,100.0,1.0,1.0,24.826339721679688,0.005199616774916649,0.0008275446598418057,17.038356512784958
3500.0,19,9,30.0,-73.27075776844907,-48.69747444865006,5.5546875,9.967226028442383,44.270477220550674,0.0,0.10526315789473684,11.460603713989258,0.002400303492322564,0.00038202013820409775,36.90905123949051
3500.0,20,0,29.537450790405273,-79.68046968326098,-59.588899738525285,5.5546875,9.813733100891113,43.398832606364444,0.0,0.09999999999999998,24.523536682128906,0.005136197432875633,0.0008174512186087668,17.248736694455147
3500.0,20,1,21.65730857849121,-87.71507478982403,-58.257570540677975,5.5546875,7.204219818115234,22.896751622811873,0.0,0.050000000000000044,19.582876205444336,0.0041014282032847404,0.0006527625373564661,21.600505337119102
3500.0,20,2,14.555254936218262,-88.80460798016719,-63.504162327032496,0.0,4.884827613830566,100.0,1.0,0.15000000000000002,26.044288635253906,0.005454703234136105,0.0008681429899297655,16.241565346717834
3500.0,20,3,10.242989540100098,-83.4240397651426,-61.85775554678659,1.9140625,3.532996654510498,45.82325750135203,0.0,0.15000000000000002,25.912960052490234,0.005427198018878698,0.0008637653663754463,16.3238774985075
3500.0,20,4,3.5604288578033447,-96.51371220450406,-60.10893740668805,0.876953125,1.7093300819396973,48.696092447816774,0.0,0.15000000000000002,9.375520706176758,0.0019636047072708607,0.00031251736800186336,45.117493718862534
3500.0,20,5,25.480379104614258,-78.04496557595029,-54.15994802773813,0.0,8.468477249145508,100.0,1.0,0.050000000000000044,7.059414386749268,0.0014785203384235501,0.0002353138115722686,59.91998687386513
3500.0,20,6,28.987844467163086,-77.93084500180345,-52.73659720009948,5.5546875,9.631373405456543,42.32715038487599,0.0,0.0,1.1176915168762207,0.00023408877314068377,3.725638453033753e-05,378.4586489200592
3500.0,20,7,-6.49867582321167,-103.51774105842445,-62.12158381129162,0.0,0.2915332615375519,100.0,1.0,0.4,25.592304229736328,0.005360039882361889,0.0008530768100172281,16.528407111763954
3500.0,20,8,-5.871426105499268,-108.15970758372603,-63.77587953318594,0.0,0.3319760859012604,100.0,1.0,1.0,26.21074676513672,0.00548956636339426,0.0008736915769986808,16.13841950893402
3500.0,20,9,30.0,-73.26776892121144,-48.69452421343773,5.5546875,9.967226028442383,44.270477220550674,0.0,0.09999999999999998,17.305034637451172,0.0036243582144379616,0.0005768344854004681,24.44375306367874
3500.0,21,0,30.0,-79.67526607958652,-59.5803395246306,5.5546875,9.967226028442383,44.270477220550674,0.0,0.09523809523809523,24.967445373535156,0.005229169502854347,0.0008322481880895793,16.942061483860016
3500.0,21,1,22.66520118713379,-87.70978276510175,-58.25011978624355,5.5546875,7.537006855010986,26.301148362271153,0.0,0.04761904761904767,18.55301856994629,0.0038857352919876575,0.0006184339872561395,22.799525409936905
3500.0,21,2,13.22269344329834,-88.80286712906911,-63.4985505725198,3.609375,4.459590435028076,19.06487708714272,0.0,0.1428571428571429,27.16216278076172,0.005688830278813839,0.0009054054389707744,15.573134645819664
3500.0,21,3,13.000312805175781,-83.42121454301633,-61.85099375082154,2.5703125,4.389157295227051,41.43949904016739,0.0,0.1428571428571429,26.8111572265625,0.005615315865725279,0.0008937052334658802,15.777014195919037
3500.0,21,4,5.08566427230835,-96.51231144414018,-60.105991215321005,1.02734375,2.0790443420410156,50.58577014324535,0.0,0.1428571428571429,9.795784950256348,0.002051624469459057,0.0003265261766500771,43.18184033036232
3500.0,21,5,30.0,-78.03904733906107,-54.156959500613226,5.5546875,9.967226028442383,44.270477220550674,0.0,0.04761904761904767,10.616390228271484,0.002223491668701172,0.0003538796736393124,39.844051003456116
3500.0,21,6,30.0,-77.92987686423044,-52.735467343826144,5.5546875,9.967226028442383,44.270477220550674,0.0,0.0,1.1565277576446533,0.00024222262436524034,3.855092654703185e-05,365.7499849796295
3500.0,21,7,-7.192842483520508,-103.51249565847897,-62.11546817071316,0.0,0.2520042359828949,100.0,1.0,0.4285714285714286,26.486696243286133,0.005547360982745886,0.0008828899008221924,15.970282256603241
3500.0,21,8,-5.37201452255249,-108.15334435609037,-63.77060376744069,0.0,0.3676702678203583,100.0,1.0,1.0,27.32267189025879,0.005722447298467159,0.0009107557125389576,15.481648966670036
3500.0,21,9,30.0,-73.26469726099137,-48.69150330375581,5.5546875,9.967226028442383,44.270477220550674,0.0,0.09523809523809523,16.561267852783203,0.0034685838036239147,0.0005520422710105777,25.541523471474648
3500.0,22,0,27.011486053466797,-79.66982906469566,-59.57150088913005,5.5546875,8.97589111328125,38.115475890956816,0.0,0.09090909090909094,27.505430221557617,0.005760723724961281,0.0009168476681225002,15.378781594336033
3500.0,22,1,22.867656707763672,-87.7019555489334,-58.242418946237706,5.5546875,7.603906631469727,26.94955673165126,0.0,0.045454545454545414,18.979543685913086,0.003975066356360912,0.0006326514412648976,22.2871545702219
3500.0,22,2,11.774580001831055,-88.80109896493443,-63.49276130242353,3.322265625,4.004256725311279,17.031652740953152,0.0,0.13636363636363635,27.80823516845703,0.0058241430670022964,0.0009269411675632,15.211321413516998
3500.0,22,3,13.420899391174316,-83.41823457733818,-61.84401575159625,3.322265625,4.522504806518555,26.539257178645315,0.0,0.13636363636363635,27.394285202026367,0.005737445782870054,0.0009131428669206798,15.441177412867546
3500.0,22,4,5.113111972808838,-96.51040173751879,-60.1029267071722,1.328125,2.0860097408294678,36.3317929919209,0.0,0.13636363636363635,9.698920249938965,0.0020313372369855642,0.00032329733949154615,43.61310228705406
3500.0,22,5,30.0,-78.03255857229962,-54.153869940750084,5.5546875,9.967226028442383,44.270477220550674,0.0,0.045454545454545414,10.369417190551758,0.002171765547245741,0.00034564724774099886,40.7930351793766
3500.0,22,6,30.0,-77.92891118706899,-52.73429998270511,5.5546875,9.967226028442383,44.270477220550674,0.0,0.0,0.4871025085449219,0.00010201851546298712,1.6236750525422394e-05,868.4003949165344
3500.0,22,7,-8.295303344726562,-103.5075097441939,-62.109156756960935,0.0,0.19921168684959412,100.0,1.0,0.4545454545454546,26.581523895263672,0.005567221902310848,0.0008860508096404374,15.913309529423714
3500.0,22,8,-5.192142486572266,-108.14654945347891,-63.765161134043666,0.0,0.38132989406585693,100.0,1.0,1.0,27.9072208404541,0.005844875238835812,0.0009302407270297408,15.157368034124374
3500.0,22,9,30.0,-73.26138459495994,-48.68823846972581,5.5546875,9.967226028442383,44.270477220550674,0.0,0.09090909090909094,15.683847427368164,0.003284817561507225,0.0005227949004620314,26.970423758029938
3500.0,23,0,24.85535430908203,-79.6640200608153,-59.56236747269924,5.5546875,8.261478424072266,32.76400161241393,0.0,0.08695652173913049,28.548328399658203,0.005979147739708424,0.0009516109712421894,14.816979877650738
3500.0,23,1,22.68214225769043,-87.69466698822305,-58.234443706629676,5.5546875,7.542603015899658,26.355828507866207,0.0,0.04347826086956519,16.479488372802734,0.0034514558501541615,0.0005493162898346782,25.668272748589516
3500.0,23,2,9.339517593383789,-88.79903468311774,-63.48678904623633,0.0,3.2614073753356934,100.0,1.0,0.17391304347826086,28.621856689453125,0.005994547624140978,0.0009540619212202728,14.778915792703629
3500.0,23,3,12.925450325012207,-83.41494471840588,-61.836812645902945,3.322265625,4.365485668182373,23.896998466535603,0.0,0.13043478260869568,28.281822204589844,0.005923330783843994,0.0009427274344488978,14.95660375803709
3500.0,23,4,3.400012493133545,-96.50814305846538,-60.099724819695055,1.328125,1.6725465059280396,20.592641502481367,0.0,0.13043478260869568,8.609685897827148,0.0018032086081802845,0.0002869895251933485,49.13071170449257
3500.0,23,5,25.14270782470703,-78.02641004017343,-54.150616973720666,5.5546875,8.356635093688965,33.52961523717879,0.0,0.04347826086956519,6.957737922668457,0.0014572252985090017,0.00023192459775600582,60.7956238090992
3500.0,23,6,27.88740348815918,-77.92773926840617,-52.73300726400544,5.5546875,9.266340255737305,40.05521762962692,0.0,0.0,0.4469747543334961,9.361417323816568e-05,1.4899158486514352e-05,946.3621973991394
3500.0,23,7,-8.838809967041016,-103.50159619825888,-62.102641244505534,0.0,0.17715604603290558,100.0,1.0,0.4782608695652174,27.876354217529297,0.005838410463184118,0.0009292117902077734,15.17415139824152
3500.0,23,8,-5.207220077514648,-108.13971914403442,-63.75954644598036,0.0,0.3801681101322174,100.0,1.0,1.0,28.658851623535156,0.006002296227961779,0.0009552950505167246,14.75983764976263
3500.0,23,9,30.0,-73.25750633554257,-48.68444982209053,5.5546875,9.967226028442383,44.270477220550674,0.0,0.08695652173913049,19.787471771240234,0.004144278354942799,0.0006595823797397316,21.377163007855415
3500.0,24,0,25.855493545532227,-79.65803135931894,-59.552941248844824,5.5546875,8.592751502990723,35.35612547311905,0.0,0.08333333333333337,30.621755599975586,0.0064134057611227036,0.0010207252344116569,13.813708908855915
3500.0,24,1,21.795612335205078,-87.68788608518454,-58.22620617990276,5.5546875,7.2498555183410645,23.382093809353023,0.0,0.04166666666666663,19.03594398498535,0.003986879251897335,0.0006345314905047417,22.221120074391365
3500.0,24,2,5.956144332885742,-88.79693654510235,-63.48062920416529,0.0,2.304824113845825,100.0,1.0,0.20833333333333337,29.516611099243164,0.006181944627314806,0.0009838870028033853,14.330913312733173
3500.0,24,3,10.53113079071045,-83.41159421902867,-61.82938140517478,0.0,3.620692253112793,100.0,1.0,0.16666666666666663,29.523208618164062,0.006183326244354248,0.0009841069113463163,14.327711425721645
3500.0,24,4,2.71216082572937,-96.50560460615701,-60.096383887593554,1.17578125,1.5196971893310547,22.63055704422542,0.0,0.125,6.989715576171875,0.0014639226719737053,0.0002329905255464837,60.517486184835434
3500.0,24,5,17.35418128967285,-78.01978883161311,-54.1473077173611,0.0,5.791224479675293,100.0,1.0,0.08333333333333337,-16.996356964111328,-0.0035597088281065226,-0.0005665452335961163,24.8876865953207
3500.0,24,6,26.366209030151367,-77.92663384759013,-52.73175752585009,5.5546875,8.761992454528809,36.604744539252025,0.0,0.0,0.35905808210372925,7.520095095969737e-05,1.1968602848355658e-05,1178.0823469161987
3500.0,24,7,-7.854649066925049,-103.49573492334017,-62.095918895030216,0.0,0.21894657611846924,100.0,1.0,0.5,29.24972915649414,0.0061260489746928215,0.0009749910095706582,14.461672864854336
3500.0,24,8,-5.379829406738281,-108.13233212727005,-63.75375510010292,0.0,0.3670866787433624,100.0,1.0,1.0,29.70821762084961,0.0062220748513937,0.0009902738966047764,14.238485135138035
3500.0,24,9,30.0,-73.25347600432794,-48.68050908256961,5.5546875,9.967226028442383,44.270477220550674,0.0,0.08333333333333337,23.969928741455078,0.005020250100642443,0.0007989976438693702,17.647111788392067
3500.0,25,0,30.0,-79.65198275826175,-59.54328676662158,5.5546875,9.967226028442383,44.270477220550674,0.0,0.07999999999999996,28.609542846679688,0.00599196832627058,0.000953651440795511,14.785276725888252
3500.0,25,1,23.48331069946289,-87.66068100927698,-58.217774726917604,5.5546875,7.8074421882629395,28.85394004773476,0.0,0.040000000000000036,22.79239273071289,0.00477362796664238,0.0007597464136779308,18.558824434876442
3500.0,25,2,4.062277793884277,-88.79498726490536,-63.47431818778822,1.17578125,1.8270736932754517,35.64675281968837,0.0,0.19999999999999996,28.79178237915039,0.0060301367193460464,0.0009597261087037623,14.691692776978016
3500.0,25,3,8.345097541809082,-83.40824498142558,-61.8217682868672,2.5703125,2.9692704677581787,13.436228598582156,0.0,0.16000000000000003,30.37152099609375,0.006360996980220079,0.001012384076602757,13.9275211840868
3500.0,25,4,6.662373065948486,-96.50307437192606,-60.092953483261454,1.02734375,2.4949281215667725,58.82271151944668,0.0,0.12,10.531685829162598,0.002205751370638609,0.0003510561946313828,40.164511650800705
3500.0,25,5,26.00122833251953,-78.01275127716815,-54.1440059342505,5.115234375,8.641039848327637,40.80302296036757,0.0,0.07999999999999996,8.264322280883789,0.0017308755777776241,0.00027547741774469614,51.18387192487717
3500.0,25,6,30.0,-77.92563935889618,-52.73061658896775,5.5546875,9.967226028442383,44.270477220550674,0.0,0.0,0.8739585876464844,0.00018304146942682564,2.9131953851901926e-05,484.0046465396881
3500.0,25,7,-4.695736408233643,-103.48952951328506,-62.089032364715294,0.0,0.4213465750217438,100.0,1.0,0.52,30.096166610717773,0.006303326692432165,0.001003205543383956,14.054946601390839
3500.0,25,8,-5.48289680480957,-108.12522367920025,-63.74782175486759,0.0,0.3594653606414795,100.0,1.0,1.0,30.290958404541016,0.0063441237434744835,0.0010096986079588532,13.964563608169556
3500.0,25,9,30.0,-73.2496129493773,-48.67672185015835,5.5546875,9.967226028442383,44.270477220550674,0.0,0.07999999999999996,19.872241973876953,0.004162032622843981,0.0006624080706387758,21.285973489284515
3500.0,26,0,30.0,-79.64569925918282,-59.533422778084464,5.5546875,9.967226028442383,44.270477220550674,0.0,0.07692307692307687,29.396099090576172,0.006156704854220152,0.000979869975708425,14.389664866030216
3500.0,26,1,23.61907386779785,-87.65231201820777,-58.20915340943413,5.5546875,7.85234260559082,29.26075976301523,0.0,0.038461538461538436,22.413421630859375,0.004694256000220776,0.0007471140706911683,18.872620537877083
3500.0,26,2,4.658004283905029,-88.79271078667773,-63.467875712952086,0.876953125,1.9718869924545288,55.527211835379944,0.0,0.1923076923076923,27.803709030151367,0.005823194980621338,0.0009267902933061123,15.2137978002429
3500.0,26,3,5.009471416473389,-83.40468909991763,-61.813994070304176,0.0,2.0597643852233887,100.0,1.0,0.1923076923076923,31.007713317871094,0.006494240835309029,0.0010335904080420732,13.64176720380783
3500.0,26,4,8.29745864868164,-96.50036134546781,-60.089443483075634,1.6953125,2.955475330352783,42.63824561182727,0.0,0.11538461538461542,11.280109405517578,0.002362500410526991,0.0003760036488529295,37.49963641166687
3500.0,26,5,30.0,-78.00612152107918,-54.14059239592377,5.5546875,9.967226028442383,44.270477220550674,0.0,0.07692307692307687,11.36641788482666,0.00238057691603899,0.00037888059159740806,37.214890122413635
3500.0,26,6,30.0,-77.92453110880928,-52.72938683944225,5.5546875,9.967226028442383,44.270477220550674,0.0,0.0,1.6920523643493652,0.00035438264603726566,5.640174640575424e-05,249.9922662973404
3500.0,26,7,-2.791321039199829,-103.48336209735754,-62.08200036689524,0.490234375,0.6096199750900269,19.58361027661476,0.0,0.5,30.543880462646484,0.006397095508873463,0.0010181294055655599,13.848927803337574
3500.0,26,8,-5.344100475311279,-108.11760216801326,-63.74176520508807,0.0,0.36976158618927,100.0,1.0,1.0,30.44023895263672,0.0063753891736269,0.0010146746644750237,13.896080665290356
3500.0,26,9,30.0,-73.24544232387807,-48.67265498289525,5.5546875,9.967226028442383,44.270477220550674,0.0,0.07692307692307687,18.643959045410156,0.0039047817699611187,0.0006214653258211911,22.68831431865692
3500.0,27,0,30.0,-79.63908704761317,-59.52331403299617,5.5546875,9.967226028442383,44.270477220550674,0.0,0.07407407407407407,29.458087921142578,0.006169687956571579,0.0009819362312555313,14.359384775161743
3500.0,27,1,22.58538818359375,-87.64484033972225,-58.200302859186486,5.5546875,7.510637283325195,26.04239440064179,0.0,0.03703703703703709,23.98653793334961,0.005023729056119919,0.0007995512569323182,17.634892836213112
3500.0,27,2,7.082603931427002,-88.79038760116161,-63.46128275884055,1.02734375,2.6107265949249268,60.64912534322492,0.0,0.18518518518518523,31.071109771728516,0.006507517769932747,0.0010357036953791976,13.613932766020298
3500.0,27,3,3.5294198989868164,-83.40088554007932,-61.806034015698835,1.02734375,1.702186942100525,39.64565673778216,0.0,0.18518518518518523,32.398460388183594,0.006785517558455467,0.001079948735423386,13.056175783276558
3500.0,27,4,8.332737922668457,-96.49730317515973,-60.085820515947965,2.16015625,2.9656894207000732,27.16175082520681,0.0,0.11111111111111116,11.564130783081055,0.0024219860788434744,0.0003854710375890136,36.578625440597534
3500.0,27,5,30.0,-77.99889277279853,-54.13703411806745,5.5546875,9.967226028442383,44.270477220550674,0.0,0.07407407407407407,11.75046157836914,0.0024610108230262995,0.00039168205694295466,35.99858656525612
3500.0,27,6,30.0,-77.9232714485359,-52.72803732741339,5.5546875,9.967226028442383,44.270477220550674,0.0,0.0,1.2443835735321045,0.0002606231137178838,4.1479452193016186e-05,339.9273455142975
3500.0,27,7,-2.0660457611083984,-103.47690720450048,-62.074800175967,0.490234375,0.6972708702087402,29.692405642409845,0.0,0.4814814814814815,31.20087432861328,0.006534695625305176,0.0010400291066616774,13.55731301009655
3500.0,27,8,-5.04810094833374,-108.10991097445145,-63.73556730416055,0.0,0.39258626103401184,100.0,1.0,1.0,31.213653564453125,0.006537372712045908,0.001040455186739564,13.551762327551842
3500.0,27,9,30.0,-73.2407850235914,-48.66811378121919,5.5546875,9.967226028442383,44.270477220550674,0.0,0.07407407407407407,15.798150062561035,0.0033087569754570723,0.0005266049993224442,26.775287464261055
3500.0,28,0,30.0,-79.6324547059508,-59.51298325138426,5.5546875,9.967226028442383,44.270477220550674,0.0,0.0714285714285714,30.918197631835938,0.006475492380559444,0.001030606566928327,13.681263662874699
3500.0,28,1,23.585838317871094,-87.63678902899434,-58.191261630765446,5.5546875,7.841350078582764,29.16159278270678,0.0,0.0357142857142857,22.469459533691406,0.00470599252730608,0.0007489820127375424,18.825553357601166
3500.0,28,2,10.73969841003418,-88.78794739897019,-63.45454393113895,1.4765625,3.68446683883667,59.92466306288677,0.0,0.1785714285714286,32.72254943847656,0.00685339467599988,0.0010907516116276383,12.926866300404072
3500.0,28,3,6.8163018226623535,-83.39710573272696,-61.79789775046614,0.876953125,2.5371222496032715,65.43512536153398,0.0,0.1785714285714286,33.89012908935547,0.007097932510077953,0.00112967099994421,12.481510639190674
3500.0,28,4,7.7524237632751465,-96.49430345013336,-60.082101347737485,2.16015625,2.7990763187408447,22.826103899455685,0.0,0.1071428571428571,9.939064025878906,0.002081632614135742,0.00033130214433185756,42.559340596199036
3500.0,28,5,30.0,-77.99120162159818,-54.13349260562751,5.5546875,9.967226028442383,44.270477220550674,0.0,0.0714285714285714,12.017769813537598,0.002516995882615447,0.00040059234015643597,35.19788011908531
3500.0,28,6,30.0,-77.90183895046192,-52.72681047771837,5.5546875,9.967226028442383,44.270477220550674,0.0,0.0,1.2199034690856934,0.0002554960083216429,4.066344990860671e-05,346.7487394809723
3500.0,28,7,-1.412559986114502,-103.09702148422252,-62.06744077813956,0.490234375,0.7843731045722961,37.499848969539116,0.0,0.4642857142857143,32.08869552612305,0.006720640696585178,0.0010696231620386243,13.182212598621845
3500.0,28,8,-4.703791618347168,-108.10151939470984,-63.7292320620325,0.490234375,0.4206693470478058,0.0,0.0,0.9642857142857143,32.29163360595703,0.00676314439624548,0.0010763878235593438,13.099368661642075
3500.0,28,9,30.0,-73.2362464833512,-48.66370477654002,5.5546875,9.967226028442383,44.270477220550674,0.0,0.0714285714285714,14.606925964355469,0.003059267532080412,0.00048689753748476505,28.958866372704506
3500.0,29,0,30.0,-79.62577386488094,-59.502500226265504,5.5546875,9.967226028442383,44.270477220550674,0.0,0.06896551724137934,30.824798583984375,0.006455930881202221,0.0010274932719767094,13.722717761993408
3500.0,29,1,22.834430694580078,-87.62846809002481,-58.18209845333338,5.5546875,7.592926025390625,26.84391390848254,0.0,0.03448275862068961,21.340251922607422,0.004469492472708225,0.0007113417377695441,19.82169784605503
3500.0,29,2,13.454835891723633,-88.78568030309671,-63.44770144307321,2.40625,4.533289909362793,46.92044744303091,0.0,0.1724137931034483,33.2635498046875,0.006966702174395323,0.0011087850434705615,12.716623023152351
3500.0,29,3,9.716028213500977,-83.39339405279364,-61.789637571901714,1.4765625,3.3739335536956787,56.23617132641425,0.0,0.1724137931034483,33.50934600830078,0.007018181495368481,0.0011169782374054193,12.623344548046589
3500.0,29,4,8.071922302246094,-96.49116558057864,-60.07833990437007,2.16015625,2.8904340267181396,25.26533281741471,0.0,0.10344827586206895,11.268531799316406,0.0023600757122039795,0.0003756177320610732,37.53816336393356
3500.0,29,5,30.0,-77.98384609376855,-54.129987554662605,5.5546875,9.967226028442383,44.270477220550674,0.0,0.06896551724137934,11.785387992858887,0.0024683261290192604,0.0003928462683688849,35.89190170168877
3500.0,29,6,30.0,-77.90080700602849,-52.72569921217517,5.5546875,9.967226028442383,44.270477220550674,0.0,0.0,1.014279842376709,0.00021243028459139168,3.380932685104199e-05,417.04466938972473
3500.0,29,7,-1.9939864873886108,-103.09039421434447,-62.05997024116913,0.490234375,0.7064921855926514,30.610078214982707,0.0,0.4482758620689655,32.25251770019531,0.0067549510858953,0.0010750839719548821,13.115255162119865
3500.0,29,8,-4.201542854309082,-108.09374352147924,-63.722799663685514,0.0,0.4647250771522522,100.0,1.0,0.9655172413793104,32.773006439208984,0.006863962858915329,0.001092433580197394,12.906963936984539
3500.0,29,9,30.0,-73.23201458441471,-48.659583554327384,5.5546875,9.967226028442383,44.270477220550674,0.0,0.06896551724137934,16.155078887939453,0.003383512143045664,0.0005385026452131569,26.18371695280075
3500.0,30,0,30.0,-79.61883552682292,-59.49184926531841,5.5546875,9.967226028442383,44.270477220550674,0.0,0.06666666666666665,31.653011322021484,0.006629391573369503,0.0010551003506407142,13.363657519221306
3500.0,30,1,22.999296188354492,-87.6199962535153,-58.17277811121443,5.5546875,7.647414684295654,27.365158954871028,0.0,0.033333333333333326,20.42371368408203,0.004277532920241356,0.0006807904574088752,20.711218938231468
3500.0,30,2,16.614255905151367,-88.7832023237608,-63.44075721511663,3.029296875,5.550258159637451,45.42061309815043,0.0,0.16666666666666663,33.56899642944336,0.007030674256384373,0.0011189666111022234,12.6009127125144
3500.0,30,3,11.08226490020752,-83.38944186274178,-61.781250896916916,2.16015625,3.789728879928589,42.999715324207976,0.0,0.16666666666666663,32.822811126708984,0.006874393671751022,0.001094093662686646,12.88737915456295
3500.0,30,4,8.829275131225586,-96.48797963736457,-60.07451796565068,2.16015625,3.110544204711914,30.553751760616276,0.0,0.09999999999999998,12.107545852661133,0.0025357985869050026,0.00040358485421165824,34.93689000606537
3500.0,30,5,30.0,-77.97627418020349,-54.126344816838625,5.5546875,9.967226028442383,44.270477220550674,0.0,0.06666666666666665,11.009075164794922,0.002305735368281603,0.0003669691795948893,38.4228453040123
3500.0,30,6,30.0,-77.89959099434486,-52.72443942108835,5.5546875,9.967226028442383,44.270477220550674,0.0,0.0,3.7042651176452637,0.0007758194697089493,0.00012347550364211202,114.19269442558289
3500.0,30,7,-3.2424631118774414,-103.08371047597578,-62.05238551407382,0.490234375,0.5597101449966431,12.412812348981051,0.0,0.43333333333333335,32.27838897705078,0.0067603699862957,0.0010759462602436543,13.10474332422018
3500.0,30,8,-3.774068832397461,-108.08571526195661,-63.71627203414991,0.0,0.5052465200424194,100.0,1.0,0.9666666666666667,33.148460388183594,0.006942597217857838,0.0011049486929550767,12.760774232447147
3500.0,30,9,30.0,-73.22737418826806,-48.655067960329355,5.5546875,9.967226028442383,44.270477220550674,0.0,0.06666666666666665,13.380715370178223,0.0028024506755173206,0.00044602385605685413,31.612660735845566
3500.0,31,0,30.0,-79.61162881534307,-59.48099334781929,5.5546875,9.967226028442383,44.270477220550674,0.0,0.06451612903225812,32.23942565917969,0.006752209737896919,0.001074647530913353,13.120581395924091
3500.0,31,1,22.294466018676758,-87.61134704844639,-58.16326585194816,5.5546875,7.4145426750183105,25.083882533776336,0.0,0.032258064516129004,23.955001831054688,0.0050171236507594585,0.0007985000847838819,17.658108845353127
3500.0,31,2,19.12381362915039,-88.78054113159918,-63.43368768213923,3.90234375,6.370338439941406,38.74197129727548,0.0,0.16129032258064513,34.37816619873047,0.007200146559625864,0.001145938877016306,12.304321862757206
3500.0,31,3,10.121723175048828,-83.38525836321752,-61.7727088866705,2.5703125,3.4962377548217773,26.48347508818023,0.0,0.16129032258064513,32.89895248413086,0.006890340708196163,0.0010966317495331168,12.857552617788315
3500.0,31,4,9.077399253845215,-96.48454243099991,-60.070602230163544,2.5703125,3.1836636066436768,19.265575212272246,0.0,0.09677419354838712,12.09579849243164,0.002533338498324156,0.00040319329127669334,34.97081995010376
3500.0,31,5,28.639074325561523,-77.96875735368633,-54.12258618005925,5.5546875,9.515666961669922,41.6258731797272,0.0,0.06451612903225812,10.104385375976562,0.00211625755764544,0.00033681283821351826,41.86301305890083
3500.0,31,6,29.227685928344727,-77.89824270467996,-52.72308681465424,5.5546875,9.710949897766113,42.79975122435974,0.0,0.0,-2.148624897003174,-0.0004500069480855018,-7.162083056755364e-05,196.8701034784317
3500.0,31,7,-5.241738319396973,-103.07675825283945,-62.04466030256499,0.0,0.3775199353694916,100.0,1.0,0.4516129032258065,32.79668045043945,0.0068689207546412945,0.0010932226432487369,12.897646985948086
3500.0,31,8,-3.2265453338623047,-108.07718124163492,-63.709626970551675,0.490234375,0.5614126324653625,12.678421066657064,0.0,0.935483870967742,34.024017333984375,0.007125973701477051,0.0011341338977217674,12.432394549250603
3500.0,31,9,30.0,-73.22232255717063,-48.65016659244797,5.5546875,9.967226028442383,44.270477220550674,0.0,0.06451612903225812,14.179651260375977,0.0029697795398533344,0.0004726550541818142,29.831482097506523
3500.0,32,0,27.478008270263672,-79.60448108823894,-59.46997879720947,5.5546875,9.130573272705078,39.16386918874881,0.0,0.0625,35.65969467163086,0.007468549069017172,0.001188656548038125,11.862131766974926
3500.0,32,1,19.885574340820312,-87.60250074429959,-58.15362776118777,5.5546875,6.620582103729248,16.09971127959957,0.0,0.03125,24.699748992919922,0.005173103883862495,0.0008233249536715448,17.125681042671204
3500.0,32,2,21.033109664916992,-88.77803566098461,-63.42650884313998,4.81640625,6.998376369476318,31.17823341129613,0.0,0.15625,35.19562911987305,0.007371355779469013,0.0011731876293197274,12.01853808015585
3500.0,32,3,7.754388809204102,-83.3812154274317,-61.764036609323966,2.16015625,2.799635648727417,22.841522218010557,0.0,0.15625,33.23492431640625,0.006960706319659948,0.0011078307870775461,12.72757537662983
3500.0,32,4,8.374939918518066,-96.48112302066993,-60.06662982734149,2.5703125,2.977921962738037,13.687714716448196,0.0,0.09375,12.68423080444336,0.00265657901763916,0.0004228077013976872,33.34849327802658
3500.0,32,5,26.342445373535156,-77.96097649984745,-54.118913219704226,5.5546875,8.75411605834961,36.54770552531136,0.0,0.0625,9.217288970947266,0.0019304645247757435,0.0003072429681196809,45.89201882481575
3500.0,32,6,28.07651710510254,-77.89707531772768,-52.72193389398815,5.5546875,9.329061508178711,40.45823907227698,0.0,0.0,3.880260705947876,0.0008126799366436899,0.00012934202095493674,109.01329666376114
3500.0,32,7,-7.69561243057251,-103.06970066674373,-62.03681815630199,0.0,0.22650359570980072,100.0,1.0,0.46875,32.70384979248047,0.006849478930234909,0.001090128323994577,12.93425727635622
3500.0,32,8,-2.393690347671509,-108.06876394005383,-63.702879486167596,0.490234375,0.6565206050872803,25.328409923276297,0.0,0.90625,34.92994689941406,0.007315712049603462,0.001164331566542387,12.109952978789806
3500.0,32,9,30.0,-73.21766721250165,-48.64567401901216,5.5546875,9.967226028442383,44.270477220550674,0.0,0.0625,14.786760330200195,0.003096932079643011,0.0004928919952362776,28.60667183995247
3500.0,33,0,25.692100524902344,-79.59737064997397,-59.45886625310474,5.5546875,8.538617134094238,34.946286819437866,0.0,0.06060606060606055,34.60649871826172,0.007247968576848507,0.001153549994342029,12.2231375426054
3500.0,33,1,19.897924423217773,-87.59370662167156,-58.14391725934847,5.5546875,6.624642372131348,16.151134084346218,0.0,0.030303030303030276,26.388486862182617,0.005526792258024216,0.0008796162437647581,16.02971740067005
3500.0,33,2,23.295333862304688,-88.77562142523367,-63.419261297771754,5.33203125,7.7452826499938965,31.15769312816231,0.0,0.1515151515151515,35.35865020751953,0.007405498065054417,0.001178621663711965,11.963126249611378
3500.0,33,3,8.205711364746094,-83.3772333095007,-61.75528255198454,1.6953125,2.9289631843566895,42.11902324158593,0.0,0.1515151515151515,33.41473388671875,0.006998365744948387,0.0011138244299218059,12.659086845815182
3500.0,33,4,8.037349700927734,-96.47777744603046,-60.06264686231389,2.40625,2.8805034160614014,16.464254595811667,0.0,0.09090909090909094,13.139291763305664,0.0027518868446350098,0.00043797638500109315,32.193515449762344
3500.0,33,5,26.271486282348633,-77.95283863822155,-54.11528366396766,5.5546875,8.730599403381348,36.37679106146277,0.0,0.06060606060606055,5.414166450500488,0.001133940415456891,0.00018047221237793565,78.1283751130104
3500.0,33,6,29.590850830078125,-77.90038849903496,-52.720881113624316,5.5546875,9.831452369689941,43.50084513326915,0.0,0.0,2.809450626373291,0.0005884099518880248,9.364835568703711e-05,150.56324005126953
3500.0,33,7,-7.256202220916748,-102.4576411537576,-62.02890314891483,0.0,0.24865151941776276,100.0,1.0,0.48484848484848486,33.968719482421875,0.007114391773939133,0.0011322906939312816,12.452633120119572
3500.0,33,8,-1.6036458015441895,-108.06024505745751,-63.696067653870635,0.0,0.7580903172492981,100.0,1.0,0.9090909090909091,35.17469787597656,0.007366972044110298,0.0011724899522960186,12.025689706206322
3500.0,33,9,30.0,-73.21514276348498,-48.64150711495721,5.5546875,9.967226028442383,44.270477220550674,0.0,0.06060606060606055,13.650081634521484,0.002858866471797228,0.00045500273699872196,30.988825485110283
3500.0,34,0,29.961685180664062,-79.58994634526633,-59.44761472894801,5.5546875,9.954511642456055,44.199296766008864,0.0,0.05882352941176472,33.874061584472656,0.007094567641615868,0.0011291353730484843,12.487431056797504
3500.0,34,1,20.76873016357422,-87.58463564028824,-58.134071552492095,5.5546875,6.911259174346924,19.628430075118874,0.0,0.02941176470588236,25.433761596679688,0.005326834507286549,0.0008477920782752335,16.631437465548515
3500.0,34,2,23.532312393188477,-88.77295294592872,-63.411932979155196,5.5546875,7.823647499084473,29.00130660730801,0.0,0.1470588235294118,35.49219512939453,0.007433468475937843,0.0011830731527879834,11.918113566935062
3500.0,34,3,10.875922203063965,-83.37297899244363,-61.74642617265249,1.9140625,3.726250410079956,48.63301471038473,0.0,0.1470588235294118,33.85895538330078,0.007091403007507324,0.0011286318767815828,12.493002228438854
3500.0,34,4,8.788097381591797,-96.47426173985927,-60.058614849665084,2.40625,3.0984556674957275,22.340344409548727,0.0,0.08823529411764708,12.611452102661133,0.002641336526721716,0.00042038175160996616,33.54094550013542
3500.0,34,5,23.541336059570312,-77.94473289312026,-54.11149693194123,5.5546875,7.826632499694824,29.028384810241338,0.0,0.05882352941176472,5.204034805297852,0.001089930534362793,0.000173467822605744,81.2830850481987
3500.0,34,6,28.893299102783203,-77.89907637311825,-52.71963735855306,5.5546875,9.600006103515625,42.138708662218306,0.0,0.0,-2.025125026702881,-0.00042414123890921474,-6.75041665090248e-05,208.87599885463715
3500.0,34,7,-10.398632049560547,-108.75557431952623,-62.02089603506309,0.0,0.12595494091510773,100.0,1.0,0.5,33.708595275878906,0.007059911731630564,0.0011236198479309678,12.548728846013546
3500.0,34,8,-1.1213839054107666,-108.05160004340493,-63.68918047834969,0.490234375,0.8257322311401367,40.630345224249666,0.0,0.8823529411764706,35.34348678588867,0.007402322720736265,0.0011781161883845925,11.968258768320084
3500.0,34,9,30.0,-73.21030526255302,-48.636852444961704,5.5546875,9.967226028442383,44.270477220550674,0.0,0.05882352941176472,13.635457038879395,0.002855803584679961,0.00045451524783857167,31.02206252515316
3500.0,35,0,30.0,-79.5822760403189,-59.436190318910214,5.5546875,9.967226028442383,44.270477220550674,0.0,0.05714285714285716,33.856990814208984,0.007090991362929344,0.0011285663349553943,12.493726797401905
3500.0,35,1,20.870819091796875,-87.57536673037347,-58.1240629754067,5.5546875,6.944893836975098,20.017675858103722,0.0,0.02857142857142858,23.54273223876953,0.004930778406560421,0.0007847577217034996,17.967328429222107
3500.0,35,2,24.165796279907227,-88.77011043627061,-63.40449968377024,5.5546875,8.033222198486328,30.853555861474234,0.0,0.1428571428571429,36.200313568115234,0.007581776008009911,0.0012066771741956472,11.684982106089592
3500.0,35,3,13.362129211425781,-83.36851807658084,-61.73743922892786,2.5703125,4.503836631774902,42.93060094883872,0.0,0.1428571428571429,34.88731384277344,0.007306781597435474,0.0011629104847088456,12.124751694500446
3500.0,35,4,9.001723289489746,-96.47052409078071,-60.05450411472893,2.5703125,3.1613128185272217,18.694775001815678,0.0,0.08571428571428574,10.672481536865234,0.0022352393716573715,0.00035574939101934433,39.634644985198975
3500.0,35,5,24.543861389160156,-77.93640652245611,-54.10760936469174,5.5546875,8.158352851867676,31.914105691955008,0.0,0.05714285714285716,-0.649281919002533,-0.00013598529039882123,-2.164273064408917e-05,651.4889597892761
3500.0,35,6,30.0,-77.8976171869335,-52.71830959015995,5.5546875,9.967226028442383,44.270477220550674,0.0,0.0,4.004539489746094,0.0008387088309973478,0.000133484645630233,105.63012212514877
3500.0,35,7,-10.594446182250977,-108.75104371833135,-62.01277108153059,0.0,0.12062771618366241,100.0,1.0,0.5142857142857142,34.31859588623047,0.007187670096755028,0.001143953180871904,12.325678952038288
3500.0,35,8,-0.8085978627204895,-108.04250377800261,-63.682195069988836,0.490234375,0.8719372153282166,43.77641344102226,0.0,0.8571428571428572,36.043479919433594,0.007548928260803223,0.001201449311338365,11.735825799405575
3500.0,35,9,30.0,-73.20510651405178,-48.63185361423295,0.0,9.967226028442383,100.0,1.0,0.08571428571428574,13.664918899536133,0.002861974062398076,0.00045549729838967323,30.955178663134575
3500.0,36,0,30.0,-79.57472117631039,-59.424653426751064,5.5546875,9.967226028442383,44.270477220550674,0.0,0.05555555555555558,34.17117691040039,0.007156794890761375,0.001139039290137589,12.378853745758533
3500.0,36,1,20.80896759033203,-87.56606121035003,-58.11397316422099,5.5546875,6.924515247344971,19.7822908667895,0.0,0.02777777777777779,21.587976455688477,0.004521375522017479,0.0007195992511697114,19.594240933656693
3500.0,36,2,24.477548599243164,-88.76747001452237,-63.39698494750824,5.5546875,8.136402130126953,31.7304207540031,0.0,0.13888888888888884,36.847293853759766,0.007717279251664877,0.001228243112564087,11.479811742901802
3500.0,36,3,14.850645065307617,-83.36423174345497,-61.728356408990415,3.322265625,4.979739189147949,33.284344846010875,0.0,0.13888888888888884,35.83464050292969,0.007505189627408981,0.0011944880243390799,11.804221197962761
3500.0,36,4,9.660000801086426,-96.46701466655486,-60.05036359232291,2.56640625,3.3571274280548096,23.553505042642065,0.0,0.08333333333333337,11.200267791748047,0.0023457787465304136,0.0003733422781806439,37.7669557929039
3500.0,36,5,24.3630313873291,-77.92857637433487,-54.10383894106609,5.5546875,8.09849739074707,31.410887328969174,0.0,0.05555555555555558,-0.9298372268676758,-0.00019474464352242649,-3.099457535427064e-05,454.91835474967957
3500.0,36,6,29.482816696166992,-77.89640726637725,-52.717207644103816,5.5546875,9.79560375213623,43.294077215111614,0.0,0.0,3.1591856479644775,0.0006616582977585495,0.00010530618601478636,133.89526307582855
3500.0,36,7,-10.90118408203125,-108.74585592090372,-62.00456059941055,0.0,0.11271463334560394,100.0,1.0,0.5277777777777778,34.873382568359375,0.007303863763809204,0.001162446103990078,12.129594571888447
3500.0,36,8,-0.5910890102386475,-108.03413127114987,-63.67513351558102,0.490234375,0.9051602482795715,45.840045899962654,0.0,0.8333333333333334,36.68918991088867,0.007684166077524424,0.0012229729909449816,11.529281735420227
3500.0,36,9,30.0,-73.20043683410576,-48.62738907636631,5.5546875,9.967226028442383,44.270477220550674,0.0,0.08333333333333337,12.754446983337402,0.002671285066753626,0.0004251482314430177,33.16490352153778
3500.0,37,0,30.0,-79.5671777951066,-59.41305078296807,5.5546875,9.967226028442383,44.270477220550674,0.0,0.05405405405405406,34.185821533203125,0.007159861735999584,0.0011395274195820093,12.373550795018673
3500.0,37,1,19.82561492919922,-87.55676270946809,-58.103837245539644,5.5546875,6.60086727142334,15.849126007312563,0.0,0.027027027027026973,25.94757843017578,0.0054344478994607925,0.0008649192750453949,16.30209945142269
3500.0,37,2,24.72026252746582,-88.76488108360039,-63.389423287280586,5.5546875,8.216750144958496,32.39799918452969,0.0,0.1351351351351351,36.812652587890625,0.007710023783147335,0.0012270883889868855,11.490615084767342
3500.0,37,3,15.87019157409668,-83.35999177048689,-61.71921758327203,3.609375,5.308826923370361,32.01181631838635,0.0,0.1351351351351351,36.19374084472656,0.007580399513244629,0.001206458080559969,11.687103658914566
3500.0,37,4,9.981196403503418,-96.46342089582632,-60.04622794496529,2.73046875,3.453754186630249,20.942006800314374,0.0,0.08108108108108103,13.18661117553711,0.0027617975138127804,0.0004395536961965263,32.07799047231674
3500.0,37,5,23.910045623779297,-77.92033167000358,-54.10010029077951,5.5546875,7.9485979080200195,30.11739222089217,0.0,0.05405405405405406,2.965026617050171,0.0006209937273524702,9.88342217169702e-05,142.6631361246109
3500.0,37,6,29.869802474975586,-77.89092785199502,-52.71617236962683,5.5546875,9.924019813537598,44.027847541953555,0.0,0.0,-0.7128880620002747,-0.00014930692850612104,-2.3762935597915202e-05,593.3610200881958
3500.0,37,7,-10.9799222946167,-108.74058094397571,-61.99630071112698,0.0,0.11076531559228897,100.0,1.0,0.5405405405405406,34.710906982421875,0.007269836030900478,0.0011570302303880453,12.186371721327305
3500.0,37,8,-0.44764387607574463,-108.02519026281956,-63.66802847456391,0.490234375,0.9275630712509155,47.148135777024,0.0,0.8108108108108107,36.65364074707031,0.00767672061920166,0.0012217879993841052,11.54046319425106
3500.0,37,9,30.0,-73.19603384232767,-48.623199683480536,5.5546875,9.967226028442383,44.270477220550674,0.0,0.08108108108108103,14.365168571472168,0.003008633852005005,0.0004788389487657696,29.446225613355637
3500.0,38,0,30.0,-79.55933491034331,-59.401329520046794,5.5546875,9.967226028442383,44.270477220550674,0.0,0.052631578947368474,33.823875427246094,0.007084055803716183,0.0011274624848738313,12.505958788096905
3500.0,38,1,18.83698272705078,-87.54720525078213,-58.0935832520665,5.5546875,6.2762451171875,11.496644947972378,0.0,0.02631578947368418,25.642547607421875,0.005370562896132469,0.0008547516190446913,16.496021300554276
3500.0,38,2,24.800344467163086,-88.76204809938129,-63.381794323701726,5.5546875,8.243266105651855,32.61545328263122,0.0,0.13157894736842102,36.89616394042969,0.007727514952421188,0.0012298721121624112,11.46460697054863
3500.0,38,3,13.631464958190918,-83.35547532199851,-61.70999242134685,3.90234375,4.589479923248291,14.971983421641323,0.0,0.13157894736842102,36.969383239746094,0.0077428496442735195,0.001232312759384513,11.44190039485693
3500.0,38,4,9.972225189208984,-96.45977424821766,-60.04205010620261,3.029296875,3.4510464668273926,12.220918955493353,0.0,0.07894736842105265,13.303812026977539,0.0027863439172506332,0.0004434604197740555,31.795397400856018
3500.0,38,5,24.003633499145508,-77.91149854519685,-54.09621080194862,5.5546875,7.9795613288879395,30.388560585521297,0.0,0.052631578947368474,-1.2004057168960571,-0.00025141239166259766,-4.0013524994719774e-05,352.3808717727661
3500.0,38,6,30.0,-77.8895373901308,-52.714947645239576,5.5546875,9.967226028442383,44.270477220550674,0.0,0.0,3.198892593383789,0.0006699744844809175,0.00010662975546438247,132.23326206207275
3500.0,38,7,-10.80412769317627,-108.73517468553635,-61.987963383410815,0.0,0.1151629164814949,100.0,1.0,0.5526315789473684,34.763023376464844,0.007280751131474972,0.0011587674962356687,12.168101966381073
3500.0,38,8,-0.3281559646129608,-108.01619866353923,-63.66086068350822,0.490234375,0.946523904800415,48.20686804488352,0.0,0.7894736842105263,36.701969146728516,0.0076868426986038685,0.0012233989546075463,11.525267735123634
3500.0,38,9,30.0,-73.19111049961684,-48.61852274683577,5.5546875,9.967226028442383,44.270477220550674,0.0,0.07894736842105265,14.853824615478516,0.0031109778210520744,0.0004951275186613202,28.477514162659645
3500.0,39,0,24.46026039123535,-79.55134200852635,-59.389469122724186,5.5546875,8.130680084228516,31.682375367655858,0.0,0.05128205128205132,35.137081146240234,0.007359093055129051,0.0011712360428646207,12.038564309477806
3500.0,39,1,16.694799423217773,-87.5380222098756,-58.0832014968736,0.0,5.576447486877441,100.0,1.0,0.05128205128205132,28.405256271362305,0.005949183367192745,0.0009468419011682272,14.891610480844975
3500.0,39,2,24.338571548461914,-88.75908080353585,-63.37407913381604,5.5546875,8.090402603149414,31.342261041030472,0.0,0.1282051282051282,37.56935119628906,0.007868506945669651,0.001252311747521162,11.259177699685097
3500.0,39,3,11.936765670776367,-83.35084557595246,-61.70066027493945,3.322265625,4.054835319519043,18.066570817133343,0.0,0.1282051282051282,38.27617263793945,0.008016543462872505,0.0012758724624291062,11.05126179754734
3500.0,39,4,8.724647521972656,-96.45592370132725,-60.037812130243054,0.0,3.079854965209961,100.0,1.0,0.10256410256410253,12.742080688476562,0.0026686950586736202,0.000424736033892259,33.19709002971649
3500.0,39,5,22.066911697387695,-77.90288861810437,-54.09227306472527,5.5546875,7.339405536651611,24.316929044717106,0.0,0.05128205128205132,4.118552207946777,0.0008625875925645232,0.0001372850820189342,102.70599275827408
3500.0,39,6,29.049694061279297,-77.88806324522909,-52.71370561250937,5.5546875,9.651894569396973,42.449770249126914,0.0,0.0,2.836160182952881,0.0005940039991401136,9.453867096453905e-05,149.14532005786896
3500.0,39,7,-10.619647026062012,-108.72972989879841,-61.979529878446385,0.0,0.11995800584554672,100.0,1.0,0.5641025641025641,35.41852569580078,0.007418039254844189,0.001180617487989366,11.942902579903603
3500.0,39,8,-0.34349390864372253,-108.00691541629152,-63.65361215628659,0.490234375,0.9440746903419495,48.07250104094686,0.0,0.7692307692307692,37.32093048095703,0.007816477678716183,0.0012440310092642903,11.334123089909554
3500.0,39,9,30.0,-73.18597432710428,-48.613693834420914,5.5546875,9.967226028442383,44.270477220550674,0.0,0.07692307692307687,15.17989444732666,0.0031792698428034782,0.0005059964605607092,27.865806594491005
3500.0,40,0,9.553010940551758,-79.54355884172367,-59.37754779581274,0.0,3.3250935077667236,100.0,1.0,0.07499999999999996,33.68385314941406,0.0070547303184866905,0.0011227951617911458,12.557946145534515
3500.0,40,1,16.283935546875,-87.52782487663171,-58.0727909780098,0.0,5.442958354949951,100.0,1.0,0.07499999999999996,29.502948760986328,0.006179083604365587,0.0009834315860643983,14.337549917399883
3500.0,40,2,24.191553115844727,-88.75645924165498,-63.366311944104595,5.5546875,8.04174518585205,30.92684023646465,0.0,0.125,37.99846267700195,0.007958379574120045,0.0012666154652833939,11.132029816508293
3500.0,40,3,16.163291931152344,-83.34646300338935,-61.691269287059335,3.029296875,5.403815269470215,43.94151679990739,0.0,0.125,38.23182678222656,0.008007255382835865,0.0012743942206725478,11.064080521464348
3500.0,40,4,6.6649580001831055,-96.45233077160013,-60.03357746167377,0.0,2.4956345558166504,100.0,1.0,0.125,11.014559745788574,0.002306884154677391,0.0003671520098578185,38.4037159383297
3500.0,40,5,25.08623695373535,-77.89476895182112,-54.08850265853897,5.5546875,8.337932586669922,33.38051798499272,0.0,0.050000000000000044,0.17023730278015137,3.56544042006135e-05,5.6745766414678656e-06,2484.766960144043
3500.0,40,6,30.0,-77.8868893283304,-52.71274070077074,5.5546875,9.967226028442383,44.270477220550674,0.0,0.0,1.133183240890503,0.00023733335547149181,3.7772773794131353e-05,373.2847273349762
3500.0,40,7,-10.326107025146484,-108.72371542833716,-61.9710447304778,0.0,0.12798461318016052,100.0,1.0,0.575,35.85603332519531,0.007509670220315456,0.0011952010681852698,11.797177605330944
3500.0,40,8,-0.6600597500801086,-107.99796784502229,-63.64631510419768,0.490234375,0.8945280909538269,45.196313010442445,0.0,0.75,37.69007110595703,0.007893789559602737,0.0012563357595354319,11.223115026950836
3500.0,40,9,30.0,-73.18161004097712,-48.60961037963692,5.5546875,9.967226028442383,44.270477220550674,0.0,0.07499999999999996,15.392093658447266,0.003223712556064129,0.0005130697973072529,27.481641620397568
3500.0,41,0,19.561494827270508,-79.53576603869959,-59.36558853504233,2.73046875,6.514060974121094,58.08346343628743,0.0,0.07317073170731703,33.213409423828125,0.006956201046705246,0.0011071136686950922,12.7358203753829
3500.0,41,1,17.805702209472656,-87.51817425755186,-58.062356330369425,5.115234375,5.9386420249938965,13.86525145864037,0.0,0.07317073170731703,23.166553497314453,0.004851991310715675,0.0007722184527665377,18.25908198952675
3500.0,41,2,23.052837371826172,-88.75377423438633,-63.35851696078188,5.5546875,7.665112495422363,27.532863955783004,0.0,0.12195121951219512,37.77813720703125,0.007912235334515572,0.0012592712882906199,11.196952313184738
3500.0,41,3,20.863025665283203,-83.34208972808439,-61.68184494987539,4.212890625,6.942326068878174,39.31586354196166,0.0,0.12195121951219512,37.431663513183594,0.007839668542146683,0.0012477220734581351,11.300593614578247
3500.0,41,4,8.265145301818848,-96.44872875605577,-60.02936130632539,1.6953125,2.946129560470581,42.45628153131153,0.0,0.12195121951219512,13.35426139831543,0.002796910237520933,0.00044514203909784555,31.67528286576271
3500.0,41,5,24.9100399017334,-77.88630174794386,-54.084744300969575,5.5546875,8.279585838317871,32.911046416199454,0.0,0.04878048780487809,7.985939979553223,0.0016725714085623622,0.0002661980106495321,52.968092262744904
3500.0,41,6,28.902732849121094,-77.88570091251043,-52.71179920502884,5.5546875,9.603137016296387,42.15757319120018,0.0,0.0,-1.7660064697265625,-0.00036987155908718705,-5.886688450118527e-05,239.52347040176392
3500.0,41,7,-9.80396842956543,-108.71817500340299,-61.96253085306325,0.0,0.14354649186134338,100.0,1.0,0.5853658536585367,35.75267028808594,0.007488022558391094,0.0011917556403204799,11.831284500658512
3500.0,41,8,-0.9218766689300537,-107.98868973723114,-63.63899248168583,0.490234375,0.8549900650978088,42.66197994430282,0.0,0.7317073170731707,37.400718688964844,0.007833188399672508,0.0012466906337067485,11.309943161904812
3500.0,41,9,30.0,-73.1773994545665,-48.6057257487884,5.5546875,9.967226028442383,44.270477220550674,0.0,0.07317073170731703,15.536125183105469,0.0032538785599172115,0.0005178708233870566,27.226867154240608
3500.0,42,0,24.76563262939453,-79.52763201177416,-59.35352227172671,5.5546875,8.231772422790527,32.52136703122084,0.0,0.0714285714285714,35.83377456665039,0.007505008019506931,0.0011944591533392668,11.804506182670593
3500.0,42,1,17.54316520690918,-87.50882011518131,-58.05180866158843,5.33203125,5.852893352508545,8.899224215067992,0.0,0.0714285714285714,23.595378875732422,0.004941805265843868,0.0007865126244723797,17.92723871767521
3500.0,42,2,20.593408584594727,-88.75088039223813,-63.35066469115187,5.5546875,6.853512763977051,18.95123433349164,0.0,0.11904761904761907,37.76556396484375,0.007909601554274559,0.0012588521931320429,11.200680397450924
3500.0,42,3,25.432769775390625,-83.33739266498716,-61.67234517642041,5.5546875,8.45270824432373,34.285115025351146,0.0,0.11904761904761907,37.22582244873047,0.007796558551490307,0.0012408607872202992,11.363080702722073
3500.0,42,4,8.617796897888184,-96.44537480211243,-60.02510396151746,2.16015625,3.0486040115356445,29.14277348497337,0.0,0.11904761904761907,13.819232940673828,0.0028942932840436697,0.00046064110938459635,30.60951456427574
3500.0,42,5,25.719722747802734,-77.87748906527283,-54.08080762507741,5.5546875,8.547767639160156,35.01592773121095,0.0,0.04761904761904767,8.210456848144531,0.0017195941181853414,0.0002736818860284984,51.519665867090225
3500.0,42,6,30.0,-77.88419067117574,-52.71062118169476,5.5546875,9.967226028442383,44.270477220550674,0.0,0.0,2.8389670848846436,0.0005945918965153396,9.463223977945745e-05,148.99785816669464
3500.0,42,7,-9.323858261108398,-108.71333615060462,-61.9539492417087,0.0,0.1594303697347641,100.0,1.0,0.5952380952380952,35.881561279296875,0.007515016943216324,0.0011960520641878247,11.78878452628851
3500.0,42,8,-0.9620333909988403,-107.9795556004875,-63.63161674260713,0.490234375,0.849040687084198,42.260202313321614,0.0,0.7142857142857143,37.37903594970703,0.007828647270798683,0.0012459679273888469,11.316504329442978
3500.0,42,9,30.0,-73.1724986809593,-48.60122562200605,5.5546875,9.967226028442383,44.270477220550674,0.0,0.0714285714285714,15.335760116577148,0.0032119140960276127,0.0005111920181661844,27.582591399550438
3500.0,43,0,27.696054458618164,-79.51938720071665,-59.34134239753229,5.5546875,9.202880859375,39.64186231595702,0.0,0.06976744186046513,34.71305847167969,0.007270285859704018,0.0011571019422262907,12.185616418719292
3500.0,43,1,17.488130569458008,-87.47466598630683,-58.041158381820885,0.0,5.834930419921875,100.0,1.0,0.09302325581395354,25.454124450683594,0.005331099033355713,0.0008484708378091455,16.61813259124756
3500.0,43,2,18.394590377807617,-88.74787666903006,-63.34274097479772,5.5546875,6.131280422210693,9.404119245989362,0.0,0.11627906976744184,38.21858215332031,0.008004480972886086,0.00127395277377218,11.06791477650404
3500.0,43,3,27.659225463867188,-83.33262277923451,-61.66275699081486,5.5546875,9.190667152404785,39.561650880299936,0.0,0.11627906976744184,37.787864685058594,0.00791427306830883,0.0012595955049619079,11.194069869816303
3500.0,43,4,8.900219917297363,-96.44077257945335,-60.02079968977479,2.16015625,3.1314022541046143,31.016328318455844,0.0,0.11627906976744184,13.875890731811523,0.0029061599634587765,0.00046252968604676425,30.484529212117195
3500.0,43,5,25.52570152282715,-77.86862080752525,-54.07685044253299,5.5546875,8.483490943908691,34.52356421753038,0.0,0.046511627906976716,10.941496849060059,0.0022915818262845278,0.00036471657222136855,38.66015747189522
3500.0,43,6,30.0,-77.88268317571323,-52.70945696567091,5.5546875,9.967226028442383,44.270477220550674,0.0,0.0,1.9085972309112549,0.00039973569801077247,6.36199110886082e-05,221.62874042987823
3500.0,43,7,-8.890195846557617,-108.70754843600679,-61.94528843528444,0.0,0.17519386112689972,100.0,1.0,0.6046511627906976,36.54013442993164,0.0076529486104846,0.0012180045014247298,11.576312594115734
3500.0,43,8,-0.9854957461357117,-107.97021342939621,-63.624174295650235,0.490234375,0.8455787301063538,42.023804816100316,0.0,0.6976744186046512,37.91313934326172,0.007940509356558323,0.00126377132255584,11.15708239376545
3500.0,43,9,30.0,-73.16751194184023,-48.59667258933947,5.5546875,9.967226028442383,44.270477220550674,0.0,0.06976744186046513,13.184682846069336,0.0027613937854766846,0.0004394894349388778,32.082684338092804
3500.0,44,0,25.703388214111328,-79.5113998247893,-59.32913719424109,5.5546875,8.542356491088867,34.97476362881267,0.0,0.06818181818181823,36.52607727050781,0.007650003768503666,0.0012175359297543764,11.58076710999012
3500.0,44,1,15.220039367675781,-87.46480274580121,-58.03051418998014,0.0,5.098716735839844,100.0,1.0,0.11363636363636365,30.67500114440918,0.006424557417631149,0.0010225001024082303,13.789731077849865
3500.0,44,2,14.98760986328125,-88.7451518147437,-63.33478607117898,0.0,5.023818016052246,100.0,1.0,0.13636363636363635,38.218841552734375,0.008004534989595413,0.0012739613885059953,11.067839339375496
3500.0,44,3,27.0974178314209,-83.32813598593064,-61.65313585851009,5.5546875,9.004379272460938,38.31126686335282,0.0,0.11363636363636365,38.262718200683594,0.008013725280761719,0.001275423914194107,11.05514820665121
3500.0,44,4,7.517760276794434,-96.43747368921677,-60.01651994618233,0.0,2.7325854301452637,100.0,1.0,0.13636363636363635,14.059892654418945,0.0029446971602737904,0.00046866308548487723,30.085578560829163
3500.0,44,5,28.538301467895508,-77.86002026731961,-54.07308667771724,5.5546875,9.482237815856934,41.4200781727809,0.0,0.045454545454545414,9.253044128417969,0.001937953056767583,0.0003084347990807146,45.714687556028366
3500.0,44,6,30.0,-77.88146815690139,-52.70859294117461,0.0,9.967226028442383,100.0,1.0,0.022727272727272707,2.548231363296509,0.0005337003385648131,8.494104986311868e-05,165.9974902868271
3500.0,44,7,-6.622281074523926,-109.33172417347248,-61.93659949895704,0.0,0.2841073274612427,100.0,1.0,0.6136363636363636,36.96105194091797,0.007741104811429977,0.0012320351088419557,11.44447922706604
3500.0,44,8,-0.8782586455345154,-107.9606870544668,-63.616702721221564,0.490234375,0.8614867925643921,43.09438296311928,0.0,0.6818181818181819,38.26525115966797,0.00801425613462925,0.0012755084317177534,11.054416187107563
3500.0,44,9,30.0,-73.16335195491298,-48.59297447359314,5.5546875,9.967226028442383,44.270477220550674,0.0,0.06818181818181823,13.4550199508667,0.0028180130757391453,0.00044850067934021354,31.438082456588745
3500.0,45,0,23.40037727355957,-79.50339055633422,-59.3169142356332,5.5546875,7.7800164222717285,28.603139138643908,0.0,0.06666666666666665,33.903587341308594,0.007100751623511314,0.0011301195481792092,12.47655600309372
3500.0,45,1,15.855035781860352,-87.45550025198396,-58.01986195698673,3.90234375,5.303919315338135,26.42528066528067,0.0,0.11111111111111116,29.799339294433594,0.00624115951359272,0.000993311288766563,14.194945804774761
3500.0,45,2,10.048211097717285,-88.74250565185692,-63.32681677762283,0.0,3.473998546600342,100.0,1.0,0.15555555555555556,37.16857147216797,0.007784567307680845,0.0012389523908495903,11.380583047866821
3500.0,45,3,25.68571662902832,-83.32362499631182,-61.64349719926277,5.5546875,8.536500930786133,34.93015996791481,0.0,0.11111111111111116,38.397823333740234,0.00804202165454626,0.001279927440918982,11.016249656677246
3500.0,45,4,7.465149402618408,-96.4339618586701,-60.012267415714724,1.6953125,2.7177517414093018,37.62077403284494,0.0,0.1333333333333333,12.505352020263672,0.002619114937260747,0.00041684508323669434,33.82551670074463
3500.0,45,5,28.32992935180664,-77.85089764779136,-54.06932810434523,5.5546875,9.413116455078125,40.98992053791712,0.0,0.0444444444444444,13.283164978027344,0.0027820197865366936,0.00044277217239141464,31.844820827245712
3500.0,45,6,30.0,-77.8801787509205,-52.70773228002408,5.5546875,9.967226028442383,44.270477220550674,0.0,0.022222222222222254,-0.5054776668548584,-0.00010586700227577239,-1.6849255189299583e-05,836.8322253227234
3500.0,45,7,-6.661856174468994,-109.32534120177874,-61.92789624359115,0.0,0.2817661464214325,100.0,1.0,0.6222222222222222,36.717491149902344,0.007690093945711851,0.001223916420713067,11.520395055413246
3500.0,45,8,-0.4309459328651428,-107.95134421035529,-63.60921829962172,0.490234375,0.9301963448524475,47.29775302678022,0.0,0.6666666666666667,38.13077163696289,0.007986091077327728,0.0012710257433354855,11.093403212726116
3500.0,45,9,30.0,-73.1593022331951,-48.58944081182095,5.5546875,9.967226028442383,44.270477220550674,0.0,0.06666666666666665,12.246179580688477,0.002564833965152502,0.0004082059895154089,34.54138711094856
3500.0,46,0,15.712376594543457,-79.49503679794759,-59.30460115937421,0.0,5.257748126983643,100.0,1.0,0.08695652173913049,34.84619903564453,0.007298171520233154,0.0011615399271249771,12.139057740569115
3500.0,46,1,17.95125961303711,-87.44540928463921,-58.0091105307686,4.212890625,5.98621940612793,29.623517963819058,0.0,0.10869565217391308,25.994354248046875,0.005444245412945747,0.000866478483658284,16.272764652967453
3500.0,46,2,7.575181484222412,-88.7395170126053,-63.318801249971074,2.16015625,2.7488064765930176,21.41475697200097,0.0,0.15217391304347827,36.28886032104492,0.007600321434438229,0.0012096286518499255,11.656469665467739
3500.0,46,3,23.483739852905273,-83.31882037419166,-61.633796329136494,5.5546875,7.807583808898926,28.855230555849044,0.0,0.10869565217391308,38.899688720703125,0.008147131651639938,0.0012966563226655126,10.874123312532902
3500.0,46,4,7.218304634094238,-96.43072112705772,-60.007980607106255,1.6953125,2.6485209465026855,35.990217398936444,0.0,0.13043478260869568,11.615253448486328,0.002432693261653185,0.00038717512506991625,36.417629569768906
3500.0,46,5,30.0,-77.84191222239943,-54.06538916383224,5.5546875,9.967226028442383,44.270477220550674,0.0,0.04347826086956519,11.754600524902344,0.0024618778843432665,0.0003918200090993196,35.98590940237045
3500.0,46,6,30.0,-77.87861791649179,-52.7066263836943,5.5546875,9.967226028442383,44.270477220550674,0.0,0.021739130434782594,0.5863314867019653,0.00012280097871553153,1.9544382666936144e-05,721.4348912239075
3500.0,46,7,-6.833277702331543,-109.32039326825094,-61.91913738952249,0.0,0.2718258202075958,100.0,1.0,0.6304347826086957,36.6555290222168,0.007677116431295872,0.0012218509800732136,11.539869010448456
3500.0,46,8,-0.15408000349998474,-107.94187191580303,-63.60169122657332,0.490234375,0.9746348857879639,49.7007154013721,0.0,0.6521739130434783,38.2022819519043,0.00800106767565012,0.0012734094634652138,11.072637513279915
3500.0,46,9,30.0,-73.1545534156547,-48.58527616808507,0.0,9.967226028442383,100.0,1.0,0.08695652173913049,1.4932115077972412,0.00031273748027160764,4.9773716455092654e-05,283.2820415496826
3500.0,47,0,21.70181655883789,-79.486607236923,-59.29219412786174,4.5234375,7.2189040184021,37.338999265413975,0.0,0.08510638297872342,31.48386001586914,0.0065939645282924175,0.0010494620073586702,13.435455970466137
3500.0,47,1,19.18109130859375,-87.43514845937764,-57.998274268088664,5.115234375,6.3891377449035645,19.938580458994192,0.0,0.1063829787234043,26.52338409423828,0.005555044859647751,0.0008841127855703235,15.948191285133362
3500.0,47,2,9.847426414489746,-88.73642877102816,-63.31072635856261,1.4765625,3.4134297370910645,56.74255474031432,0.0,0.14893617021276595,37.650794982910156,0.007885564118623734,0.0012550265528261662,11.234822683036327
3500.0,47,3,22.468191146850586,-83.31396902964525,-61.624021682694305,5.5546875,7.471920967102051,25.659177546756638,0.0,0.1063829787234043,39.516578674316406,0.008276333101093769,0.0013172193430364132,10.704368352890015
3500.0,47,4,7.944674968719482,-96.42723915653364,-60.00365643115358,1.6953125,2.8539369106292725,40.597407963506946,0.0,0.12765957446808507,13.772403717041016,0.0028844857588410378,0.00045908012543804944,30.71359358727932
3500.0,47,5,30.0,-77.83279422237761,-54.061439407925114,5.5546875,9.967226028442383,44.270477220550674,0.0,0.04255319148936165,14.252431869506836,0.002985022496432066,0.00047508106217719615,29.67914566397667
3500.0,47,6,30.0,-77.8770336145499,-52.705540854981564,5.5546875,9.967226028442383,44.270477220550674,0.0,0.021276595744680882,0.5994141697883606,0.00012554101704154164,1.998047264351044e-05,705.689013004303
3500.0,47,7,-7.117085933685303,-109.31494271779047,-61.91031258055804,0.0,0.25606727600097656,100.0,1.0,0.6382978723404256,37.153900146484375,0.007781494874507189,0.0012384633300825953,11.385076679289341
3500.0,47,8,0.020345235243439674,-107.9326132951588,-63.59410886694185,0.490234375,1.0033832788467407,51.14186320072416,0.0,0.6382978723404256,38.85762023925781,0.008138321340084076,0.0012952539836987853,10.885896161198616
3500.0,47,9,30.0,-73.14968232353776,-48.5810898920994,5.5546875,9.967226028442383,44.270477220550674,0.0,0.08510638297872342,10.455376625061035,0.0021897689439356327,0.00034851254895329475,40.45765474438667
3500.0,48,0,23.092588424682617,-79.47836129837286,-59.279782308008976,5.5546875,7.678252696990967,27.656880813823324,0.0,0.08333333333333337,37.068058013916016,0.007763516157865524,0.0012356019578874111,11.411442421376705
3500.0,48,1,19.224750518798828,-87.42418402176429,-57.987461464371115,5.33203125,6.403467655181885,16.732128010591964,0.0,0.10416666666666663,22.678348541259766,0.004749742336571217,0.0007559449877589941,18.65215227007866
3500.0,48,2,14.600625991821289,-88.73373528991749,-63.302633179369096,2.16015625,4.8993916511535645,55.909704636668714,0.0,0.14583333333333337,38.79933547973633,0.008126113563776016,0.0012933112448081374,10.902248322963715
3500.0,48,3,23.21556282043457,-83.30936715508827,-61.61422972239913,5.5546875,7.718907356262207,28.03790428325863,0.0,0.10416666666666663,39.27571105957031,0.008225886151194572,0.0013091904111206532,10.77001541852951
3500.0,48,4,7.5888166427612305,-96.42371244236548,-59.99936663595968,1.9140625,2.7526631355285645,30.465065801360293,0.0,0.125,14.045042037963867,0.0029415867757052183,0.0004681680875364691,30.117390677332878
3500.0,48,5,30.0,-77.82392647305201,-54.05768028503531,5.5546875,9.967226028442383,44.270477220550674,0.0,0.04166666666666663,13.070343017578125,0.0027374462224543095,0.0004356781137175858,32.363343983888626
3500.0,48,6,29.9066104888916,-77.87571004716588,-52.704740794042465,5.5546875,9.936234474182129,44.096654377138,0.0,0.02083333333333337,1.6102102994918823,0.00033724168315529823,5.367367703001946e-05,262.69862055778503
3500.0,48,7,-7.599745750427246,-109.30913251200406,-61.90147393011524,0.0,0.23117463290691376,100.0,1.0,0.6458333333333333,37.341651916503906,0.007820818573236465,0.0012447217013686895,11.3278329372406
3500.0,48,8,0.1435920000076294,-107.92315435776338,-63.58650988057431,0.490234375,1.0240472555160522,52.12775852292537,0.0,0.625,39.244873046875,0.00821942649781704,0.0013081624638289213,10.778478346765041
3500.0,48,9,30.0,-73.14561398479663,-48.57774575938976,5.5546875,9.967226028442383,44.270477220550674,0.0,0.08333333333333337,7.431180953979492,0.001556382980197668,0.0002477060479577631,56.9223128259182
3500.0,49,0,25.926250457763672,-79.47018086730994,-59.26737480389224,5.5546875,8.616194725036621,35.53201062344385,0.0,0.08163265306122447,34.998512268066406,0.007330071181058884,0.0011666170321404934,12.086228467524052
3500.0,49,1,19.4960994720459,-87.41409444634363,-57.97666217720198,5.33203125,6.4925761222839355,17.874952105693342,0.0,0.10204081632653061,28.4884090423584,0.005966598633676767,0.0009496136335656047,14.848144724965096
3500.0,49,2,18.512409210205078,-88.73093660546405,-63.29453826126373,3.322265625,6.169868469238281,46.1533800669472,0.0,0.1428571428571429,38.84083938598633,0.008134806528687477,0.0012946946080774069,10.890599340200424
3500.0,49,3,29.06378173828125,-83.30476886163652,-61.60443617127568,5.5546875,9.65656852722168,42.47762562507123,0.0,0.10204081632653061,38.599464416503906,0.008084254339337349,0.001286648795939982,10.958701372146606
3500.0,49,4,7.7818498611450195,-96.4197669436522,-59.995115937548306,1.9140625,2.807451009750366,31.822051627885926,0.0,0.12244897959183676,11.443929672241211,0.0023968112654983997,0.00038146431325003505,36.962829530239105
3500.0,49,5,30.0,-77.81501702782049,-54.05394479280845,5.5546875,9.967226028442383,44.270477220550674,0.0,0.04081632653061229,14.359075546264648,0.0030073579400777817,0.0004786358622368425,29.458722099661827
3500.0,49,6,30.0,-77.89467578730932,-52.70396305638663,5.5546875,9.967226028442383,44.270477220550674,0.0,0.020408163265306145,1.3613992929458618,0.00028513080906122923,4.5379976654658094e-05,310.70974469184875
3500.0,49,7,-7.920660495758057,-109.30372163793618,-61.89263550113915,0.0,0.21587897837162018,100.0,1.0,0.653061224489796,36.94411087036133,0.0077375564724206924,0.0012314703781157732,11.449727229773998
3500.0,49,8,0.16065603494644165,-107.91361112838251,-63.578909938447474,0.490234375,1.0269311666488647,52.26219722206324,0.0,0.6122448979591837,39.043174743652344,0.00817718356847763,0.0013014391297474504,10.834160260856152
3500.0,49,9,30.0,-73.1417328348762,-48.57463647367078,5.5546875,9.967226028442383,44.270477220550674,0.0,0.08163265306122447,3.8070287704467773,0.0007973422179929912,0.00012690096627920866,111.11027002334595
3500.0,50,0,25.563831329345703,-79.46172322624125,-59.25489270976112,5.5546875,8.496122360229492,34.620909816440545,0.0,0.07999999999999996,37.056365966796875,0.007761066779494286,0.0012352121993899345,11.415042914450169
3500.0,50,1,19.33905029296875,-87.38372265499976,-57.96577726058448,5.5546875,6.440995216369629,13.760415690374995,0.0,0.09999999999999998,29.002483367919922,0.006074266042560339,0.0009667494450695813,14.584958553314209
3500.0,50,2,20.401531219482422,-88.72807957702548,-63.286407027983266,4.5234375,6.790335655212402,33.3841840862798,0.0,0.14,38.88483810424805,0.008144021034240723,0.0012961613247171044,10.878276079893112
3500.0,50,3,29.796602249145508,-83.29988904716586,-61.59459230309247,5.5546875,9.899728775024414,43.89050825297684,0.0,0.09999999999999998,38.39823913574219,0.0080421082675457,0.0012799412943422794,11.016130447387695
3500.0,50,4,7.771012306213379,-96.41571198094546,-59.99083813988183,1.9140625,2.804365634918213,31.747041963170318,0.0,0.12,11.261067390441895,0.0023585124872624874,0.00037536892341449857,37.56304830312729
3500.0,50,5,30.0,-77.80588507446355,-54.05003462777661,5.5546875,9.967226028442383,44.270477220550674,0.0,0.040000000000000036,13.584108352661133,0.0028450489044189453,0.0004528036224655807,31.139329075813293
3500.0,50,6,30.0,-77.89302959200724,-52.70294206330068,5.5546875,9.967226028442383,44.270477220550674,0.0,0.020000000000000018,1.4613534212112427,0.00030606513610109687,4.871177952736616e-05,289.4577085971832
3500.0,50,7,-8.0100736618042,-109.2979544554471,-61.88375224505994,0.0,0.2117873877286911,100.0,1.0,0.6599999999999999,36.798309326171875,0.0077070202678442,0.0012266102712601423,11.495093815028667
3500.0,50,8,-0.06219996511936188,-107.90401580945888,-63.57127668415971,0.490234375,0.9897058010101318,50.46665640439332,0.0,0.6,38.980430603027344,0.008164042606949806,0.0012993477284908295,10.851599276065826
3500.0,50,9,30.0,-73.137095517867,-48.57091070509675,5.5546875,9.967226028442383,44.270477220550674,0.0,0.07999999999999996,7.642291069030762,0.0016005977522581816,0.00025474303402006626,55.34989386796951
3500.0,51,0,24.64881706237793,-79.45314545276835,-59.24232754352175,5.5546875,8.193098068237305,32.20284373826545,0.0,0.07843137254901966,35.61183166503906,0.007458524778485298,0.001187061076052487,11.878075078129768
3500.0,51,1,20.045989990234375,-87.37341708637707,-57.95481496519957,5.33203125,6.673337936401367,20.099486931193443,0.0,0.0980392156862745,28.098621368408203,0.005884962156414986,0.0009366206941194832,15.054119750857353
3500.0,51,2,21.523462295532227,-88.72481774458954,-63.27822467408764,5.115234375,7.160062313079834,28.55880086887499,0.0,0.13725490196078427,39.450599670410156,0.0082625150680542,0.0013150200247764587,10.722270235419273
3500.0,51,3,28.48587989807129,-83.29492654540994,-61.584684020482996,5.5546875,9.464847564697266,41.31244626993982,0.0,0.0980392156862745,39.05150604248047,0.008178927935659885,0.0013017168967053294,10.831848718225956
3500.0,51,4,8.316143035888672,-96.4128175418733,-59.986526451483705,1.9140625,2.960883855819702,35.35502933565411,0.0,0.11764705882352944,13.853771209716797,0.0029015270993113518,0.00046179236960597336,30.5332038551569
3500.0,51,5,30.0,-77.79706478642923,-54.04610171391738,5.5546875,9.967226028442383,44.270477220550674,0.0,0.039215686274509776,15.033349990844727,0.003148577641695738,0.000501111673656851,28.137441724538803
3500.0,51,6,29.688823699951172,-77.89129389557486,-52.70191863588952,5.5546875,9.86396312713623,43.687061393013614,0.0,0.019607843137254943,0.9426364302635193,0.00019742531003430486,3.142121568089351e-05,448.7414062023163
3500.0,51,7,-7.951074600219727,-109.2922584296642,-61.87481137899981,0.0,0.21447902917861938,100.0,1.0,0.6666666666666667,37.29297637939453,0.007810622453689575,0.0012430992210283875,11.342618614435196
3500.0,51,8,-0.41877463459968567,-107.89423251481075,-63.56359592489569,0.490234375,0.9321191310882568,47.406467837684296,0.0,0.5882352941176471,39.483177185058594,0.008269337937235832,0.0013161059468984604,10.713423602283001
3500.0,51,9,30.0,-73.13227420614092,-48.5671079184505,5.5546875,9.967226028442383,44.270477220550674,0.0,0.07843137254901966,4.833626747131348,0.00101235241163522,0.00016112088633235544,87.51192688941956
3500.0,52,0,23.334260940551758,-79.44479063398212,-59.229764463365704,5.5546875,7.758152961730957,28.401933715410166,0.0,0.07692307692307687,38.772499084472656,0.008120493963360786,0.0012924165930598974,10.909794829785824
3500.0,52,1,22.173017501831055,-87.363214733857,-57.943880142144494,5.5546875,7.3744378089904785,24.676461530015835,0.0,0.09615384615384615,27.528377532958984,0.005765530280768871,0.0009176125749945641,15.36596193909645
3500.0,52,2,23.557519912719727,-88.72211938391959,-63.27002943665215,5.5546875,7.831984519958496,29.076883568336832,0.0,0.13461538461538458,39.741146087646484,0.008323365822434425,0.001324704848229885,10.643880814313889
3500.0,52,3,26.594602584838867,-83.29021172615171,-61.574764632886065,5.5546875,8.837693214416504,37.14776735020734,0.0,0.09615384615384615,39.766502380371094,0.008328676223754883,0.0013255501398816705,10.637093335390091
3500.0,52,4,8.590930938720703,-96.40883949658503,-59.98224947364827,2.16015625,3.0407605171203613,28.96000070253164,0.0,0.11538461538461542,14.163898468017578,0.002966479863971472,0.0004721299628727138,29.864659532904625
3500.0,52,5,30.0,-77.78809722227945,-54.04234808260583,5.5546875,9.967226028442383,44.270477220550674,0.0,0.038461538461538436,13.626899719238281,0.0028540114872157574,0.0004542300011962652,31.041543930768967
3500.0,52,6,30.0,-77.88982916481935,-52.701161098176236,5.5546875,9.967226028442383,44.270477220550674,0.0,0.019230769230769273,0.9348158836364746,0.00019578737556003034,3.116052903351374e-05,452.4955153465271
3500.0,52,7,-7.560763835906982,-109.28661431293008,-61.86586209388659,0.0,0.23309919238090515,100.0,1.0,0.6730769230769231,37.59034729003906,0.00787290371954441,0.0012530116364359856,11.252889409661293
3500.0,52,8,-0.999778151512146,-107.88488817651769,-63.55590357726296,0.490234375,0.843476414680481,41.879302554570344,0.0,0.5769230769230769,39.72862243652344,0.008320743218064308,0.0013242873828858137,10.647235438227654
3500.0,52,9,30.0,-73.12815624219934,-48.56409004742126,5.5546875,9.967226028442383,44.270477220550674,0.0,0.07692307692307687,7.805593490600586,0.0016347996424883604,0.000260186439845711,54.19190973043442
3500.0,53,0,22.135324478149414,-79.43641956633678,-59.21721169921964,5.5546875,7.361992359161377,24.549127070368915,0.0,0.07547169811320753,41.0765495300293,0.008603053167462349,0.0013692183420062065,10.297846980392933
3500.0,53,1,22.580915451049805,-87.3530117187558,-57.93296276069349,5.5546875,7.509159564971924,26.027840373628173,0.0,0.09433962264150941,23.333633422851562,0.004886984825134277,0.0007777877617627382,18.12833920121193
3500.0,53,2,24.244258880615234,-88.71933574583215,-63.26183718294194,5.5546875,8.059186935424805,31.076328859131873,0.0,0.13207547169811318,39.39616775512695,0.008251113817095757,0.0013132055755704641,10.737084783613682
3500.0,53,3,21.899147033691406,-83.28550747801054,-61.5648489701918,5.5546875,7.2840256690979,23.741516678538453,0.0,0.09433962264150941,39.96405792236328,0.0083700530230999,0.0013321352889761329,10.584510862827301
3500.0,53,4,8.496676445007324,-96.40628184036309,-59.9780116267274,2.16015625,3.013291120529175,28.31239453489488,0.0,0.1132075471698113,12.828336715698242,0.0026867606211453676,0.0004276112304069102,32.97387808561325
3500.0,53,5,30.0,-77.78088188174655,-54.038613180866975,5.5546875,9.967226028442383,44.270477220550674,0.0,0.037735849056603765,14.552804946899414,0.003047932405024767,0.00048509350745007396,29.06656265258789
3500.0,53,6,30.0,-77.88832119373436,-52.700416395816625,5.5546875,9.967226028442383,44.270477220550674,0.0,0.018867924528301883,0.739608108997345,0.00015490315854549408,2.465360375936143e-05,571.9245076179504
3500.0,53,7,-7.095387935638428,-109.28107827498275,-61.856917579940706,0.0,0.2572419345378876,100.0,1.0,0.679245283018868,37.32134246826172,0.007816564291715622,0.001244044746272266,11.33399736136198
3500.0,53,8,-1.7436237335205078,-107.87514602329196,-63.548214657550375,0.490234375,0.7392656207084656,33.68630147710775,0.0,0.5660377358490566,39.33301544189453,0.008237887173891068,0.0013111005537211895,10.754324495792389
3500.0,53,9,30.0,-73.12416344571608,-48.56127316946615,5.5546875,9.967226028442383,44.270477220550674,0.0,0.07547169811320753,4.431276321411133,0.0009280843078158796,0.00014770921552553773,95.45782953500748
3500.0,54,0,23.358306884765625,-79.42782632952394,-59.20459032579785,5.5546875,7.766104221343994,28.475238785313238,0.0,0.07407407407407407,36.299869537353516,0.007602626923471689,0.0012099957093596458,11.652934364974499
3500.0,54,1,21.738027572631836,-87.34258909927014,-57.92196608407154,5.5546875,7.230853080749512,23.180744540528952,0.0,0.09259259259259256,26.4438533782959,0.005538388155400753,0.0008814617758616805,15.996156260371208
3500.0,54,2,24.487648010253906,-88.71625705171125,-63.25361214464078,5.5546875,8.139745712280273,31.758464006808563,0.0,0.12962962962962965,39.31120681762695,0.008233319967985153,0.0013103735400363803,10.760290548205376
3500.0,54,3,24.647968292236328,-83.28052481316291,-61.55488750078273,5.5546875,8.192816734313965,32.200515645183316,0.0,0.09259259259259256,39.62958526611328,0.008300000801682472,0.0013209861936047673,10.673844255506992
3500.0,54,4,8.536513328552246,-96.40266021359673,-59.97374766802103,2.16015625,3.0248923301696777,28.587334218311543,0.0,0.11111111111111116,12.932937622070312,0.0027086681220680475,0.0004310979275032878,32.70718827843666
3500.0,54,5,30.0,-77.7715251283864,-54.0347178311843,5.5546875,9.967226028442383,44.270477220550674,0.0,0.03703703703703709,13.981603622436523,0.0029283002950251102,0.00046605346142314374,30.254041776061058
3500.0,54,6,30.0,-77.88653439952327,-52.69944887746506,5.5546875,9.967226028442383,44.270477220550674,0.0,0.01851851851851849,1.26575767993927,0.0002650996611919254,4.219192487653345e-05,334.18717980384827
3500.0,54,7,1.8070554733276367,-102.83747347939597,-61.847932321061435,0.490234375,1.3311446905136108,63.171969321317945,0.0,0.6666666666666667,36.39854431152344,0.007623293437063694,0.0012132847914472222,11.621343903243542
3500.0,54,8,-2.4173388481140137,-107.86562441987938,-63.54049596652065,0.490234375,0.653653621673584,25.000893631580134,0.0,0.5555555555555556,39.14533996582031,0.008198581635951996,0.0013048446271568537,10.805884376168251
3500.0,54,9,30.0,-73.11942765896634,-48.55787873907938,5.5546875,9.967226028442383,44.270477220550674,0.0,0.07407407407407407,5.010917663574219,0.0010494841262698174,0.00016703059372957796,84.41567420959473
3500.0,55,0,24.169633865356445,-79.4191628006794,-59.19190705078029,5.5546875,8.034491539001465,30.864480060298348,0.0,0.07272727272727275,36.544151306152344,0.007653789594769478,0.0012181383790448308,11.575039476156235
3500.0,55,1,21.84988784790039,-87.33210053937088,-57.91091758995971,5.5546875,7.267767906188965,23.570928905560784,0.0,0.09090909090909094,27.700918197631836,0.005801666993647814,0.0009233639575541019,15.270251780748367
3500.0,55,2,24.37002944946289,-88.7131656936006,-63.24534625824948,5.5546875,8.100813865661621,31.43050078528956,0.0,0.12727272727272732,39.77012252807617,0.008329435251653194,0.0013256707461550832,10.636125691235065
3500.0,55,3,29.353431701660156,-83.27553696713113,-61.54487539659837,5.5546875,9.752673149108887,43.0444616047905,0.0,0.09090909090909094,39.491432189941406,0.008271066471934319,0.0013163810363039374,10.711184702813625
3500.0,55,4,8.912226676940918,-96.39904407035273,-59.96946328069792,2.16015625,3.134936571121216,31.094100279438308,0.0,0.10909090909090913,13.824820518493652,0.0028954637236893177,0.000460827344795689,30.59714287519455
3500.0,55,5,30.0,-77.76218885057688,-54.03085245545032,5.5546875,9.967226028442383,44.270477220550674,0.0,0.036363636363636376,13.52946662902832,0.0028336048126220703,0.00045098221744410694,31.26509115099907
3500.0,55,6,30.0,-77.88472760216442,-52.698549432825544,5.5546875,9.967226028442383,44.270477220550674,0.0,0.018181818181818188,0.8567448854446411,0.00017943623242899776,2.8558162739500403e-05,493.72923374176025
3500.0,55,7,1.748233437538147,-102.82786501848165,-61.83890228256187,0.490234375,1.3194023370742798,62.84420898578409,0.0,0.6545454545454545,36.85068130493164,0.007717988919466734,0.001228356035426259,11.478756554424763
3500.0,55,8,-3.0423295497894287,-107.85592892807323,-63.53273929095252,0.490234375,0.5814244747161865,15.68391144192882,0.0,0.5454545454545454,39.3915901184082,0.008250155486166477,0.0013130530714988708,10.738332755863667
3500.0,55,9,30.0,-73.11468665898175,-48.554610079254125,5.5546875,9.967226028442383,44.270477220550674,0.0,0.07272727272727275,9.405241966247559,0.0019698292016983032,0.0003135080623906106,44.9749194085598
3500.0,56,0,24.210132598876953,-79.41077121129717,-59.179251063335734,5.5546875,8.047894477844238,30.97961814370217,0.0,0.0714285714285714,37.09496307373047,0.0077691515907645226,0.0012364988215267658,11.403165757656097
3500.0,56,1,22.76995849609375,-87.32233911512256,-57.8999230589766,5.5546875,7.571620941162109,26.63806676054422,0.0,0.0892857142857143,27.82784652709961,0.005828250665217638,0.0009275948978029191,15.200601890683174
3500.0,56,2,23.906930923461914,-88.71052466639563,-63.23708201420916,5.5546875,7.947566509246826,30.108323176191874,0.0,0.125,39.89518737792969,0.008355628699064255,0.0013298395788297057,10.602782480418682
3500.0,56,3,30.0,-83.27082426042018,-61.534870536613504,5.5546875,9.967226028442383,44.270477220550674,0.0,0.0892857142857143,39.33392333984375,0.008238077163696289,0.0013111308217048645,10.754075832664967
3500.0,56,4,9.464407920837402,-96.39519071426872,-59.96522997982427,2.40625,3.298624038696289,27.052917465822535,0.0,0.1071428571428571,16.54722023010254,0.0034656417556107044,0.0005515739903785288,25.563206523656845
3500.0,56,5,30.0,-77.75271597206705,-54.02719029511471,5.5546875,9.967226028442383,44.270477220550674,0.0,0.0357142857142857,13.880962371826172,0.0029072221368551254,0.0004626987501978874,30.473392456769943
3500.0,56,6,30.0,-77.87884128114713,-52.69793900178999,5.5546875,9.967226028442383,44.270477220550674,0.0,0.017857142857142905,1.2554641962051392,0.0002629438240546733,4.184880526736379e-05,336.9271755218506
3500.0,56,7,1.5834304094314575,-102.8183241701822,-61.829880671315905,0.490234375,1.286842942237854,61.90410197630882,0.0,0.6428571428571428,36.950443267822266,0.007738883141428232,0.0012316814390942454,11.447765864431858
3500.0,56,8,-3.5725173950195312,-107.84623280903104,-63.524984602891806,0.0,0.5253542065620422,100.0,1.0,0.5535714285714286,39.31622314453125,0.00823437049984932,0.0013105408288538456,10.758917778730392
3500.0,56,9,30.0,-73.11090508249933,-48.552227574902275,5.5546875,9.967226028442383,44.270477220550674,0.0,0.0714285714285714,1.0831284523010254,0.000226849879254587,3.6104283935856074e-05,390.5354142189026
3500.0,57,0,28.042999267578125,-79.40233540489125,-59.166609249466276,0.0,9.31794548034668,100.0,1.0,0.08771929824561409,35.48992156982422,0.0074329921044409275,0.001182997366413474,11.918877251446247
3500.0,57,1,23.53699493408203,-87.31143843791777,-57.88894631327235,5.5546875,7.825196266174316,29.01535870721812,0.0,0.08771929824561409,26.033292770385742,0.0054524000734090805,0.0008677764562889934,16.248425468802452
3500.0,57,2,23.071256637573242,-88.70781167013828,-63.228825860499676,5.5546875,7.671201229095459,27.590382078205835,0.0,0.1228070175438597,39.49163818359375,0.00827110931277275,0.0013163879048079252,10.711128823459148
3500.0,57,3,30.0,-83.2660856574968,-61.52487477578662,5.5546875,9.967226028442383,44.270477220550674,0.0,0.08771929824561409,38.943511962890625,0.008156310766935349,0.001298117102123797,10.861886665225029
3500.0,57,4,9.606139183044434,-96.3923357673974,-59.96103549769017,2.5703125,3.3409910202026367,23.06736281368077,0.0,0.10526315789473684,15.26862907409668,0.00319785438477993,0.0005089542828500271,27.703862637281418
3500.0,57,5,30.0,-77.74392044453185,-54.023518059694936,5.5546875,9.967226028442383,44.270477220550674,0.0,0.03508771929824561,13.159704208374023,0.002756162080913782,0.0004386568034533411,32.14358165860176
3500.0,57,6,30.0,-77.87718296163412,-52.697294921292,5.5546875,9.967226028442383,44.270477220550674,0.0,0.01754385964912286,0.3206688165664673,6.71607194817625e-05,1.0688961083360482e-05,1319.1180229187012
3500.0,57,7,1.398952841758728,-102.80844104224634,-61.820868711648764,0.490234375,1.2509926557540894,60.812369861237094,0.0,0.631578947368421,36.645774841308594,0.007675073575228453,0.001221525832079351,11.542940512299538
3500.0,57,8,-3.6600914001464844,-107.8365321809612,-63.51723839295269,0.0,0.5165371298789978,100.0,1.0,0.5614035087719298,38.98255157470703,0.008164487779140472,0.0012994183925911784,10.85100881755352
3500.0,57,9,30.0,-73.10661850719859,-48.549926770797995,5.5546875,9.967226028442383,44.270477220550674,0.0,0.07017543859649122,7.0515007972717285,0.0014768629334867,0.000235050029004924,59.987232089042664
3500.0,58,0,27.955045700073242,-79.39362948729114,-59.1538984952006,5.5546875,9.288772583007812,40.19998390141093,0.0,0.08620689655172409,36.41230773925781,0.007626175880432129,0.0012137435842305422,11.616951785981655
3500.0,58,1,23.58173179626465,-87.30202200857987,-57.877888434741706,5.5546875,7.839992046356201,29.149322254967647,0.0,0.08620689655172409,24.476837158203125,0.0051264166831970215,0.0008158945711329579,17.28164404630661
3500.0,58,2,21.85683822631836,-88.70446131165828,-63.220539029519415,5.5546875,7.270062446594238,23.595051063114724,0.0,0.12068965517241381,39.34339141845703,0.00824006088078022,0.0013114464236423373,10.751488618552685
3500.0,58,3,29.539751052856445,-83.26104667335649,-61.514835200680885,5.5546875,9.814496040344238,43.40323255349572,0.0,0.08620689655172409,39.127410888671875,0.008194826543331146,0.001304247067309916,10.810835286974907
3500.0,58,4,4.612107753753662,-98.58896568690007,-59.956812256934654,0.0,1.9605425596237183,100.0,1.0,0.12068965517241381,12.89130973815918,0.0026999497786164284,0.00042971031507477164,32.812803983688354
3500.0,58,5,30.0,-77.73446832686666,-54.019671801965316,5.5546875,9.967226028442383,44.270477220550674,0.0,0.03448275862068961,13.499765396118164,0.0028273845091462135,0.0004499921924434602,31.33387863636017
3500.0,58,6,30.0,-77.87525367442345,-52.69640746802469,5.5546875,9.967226028442383,44.270477220550674,0.0,0.017241379310344862,2.3294413089752197,0.0004878770560026169,7.764804468024522e-05,181.58860504627228
3500.0,58,7,0.8476628661155701,-103.15970226886787,-61.81181785592428,0.490234375,1.1476529836654663,57.28374500153783,0.0,0.6206896551724138,36.611419677734375,0.007667877711355686,0.0012203806545585394,11.55377272516489
3500.0,58,8,-3.8047354221343994,-107.82688243452111,-63.50946427357168,0.0,0.5022441148757935,100.0,1.0,0.5689655172413793,39.01882553100586,0.008172083646059036,0.001300627482123673,10.840920731425285
3500.0,58,9,30.0,-73.10174471743382,-48.54698098159395,5.5546875,9.967226028442383,44.270477220550674,0.0,0.06896551724137934,6.185499668121338,0.0012954880949109793,0.00020618332200683653,68.38574260473251
3500.0,59,0,28.39151382446289,-79.38491483100552,-59.14112944205177,5.5546875,9.433545112609863,41.117708839119,0.0,0.0847457627118644,35.33055114746094,0.007399613503366709,0.0011776851024478674,11.97264064103365
3500.0,59,1,22.4158992767334,-87.29080715334464,-57.8667813428164,5.5546875,7.454648971557617,25.48693411060278,0.0,0.0847457627118644,26.460979461669922,0.005541974678635597,0.0008820326765999198,15.985803678631783
3500.0,59,2,20.22368812561035,-88.70157359375145,-63.21221596044692,5.5546875,6.731801986694336,17.48587508992314,0.0,0.11864406779661019,39.72386169433594,0.00831974670290947,0.0013241287088021636,10.648511350154877
3500.0,59,3,23.522977828979492,-83.25597717529038,-61.504750149645886,5.5546875,7.820560932159424,28.973285315657883,0.0,0.0847457627118644,40.21910095214844,0.008423469960689545,0.0013406367506831884,10.517391376197338
3500.0,59,4,2.947347640991211,-98.75144451046324,-59.95256932762362,1.17578125,1.5710548162460327,25.159756499809582,0.0,0.11864406779661019,9.82421875,0.002057579578831792,0.0003274739719927311,43.05686056613922
3500.0,59,5,30.0,-77.72459414010692,-54.01584212846224,5.5546875,9.967226028442383,44.270477220550674,0.0,0.03389830508474578,11.56376838684082,0.0024219101760536432,0.00038545895949937403,36.57977283000946
3500.0,59,6,30.0,-77.87328941717108,-52.69556541357484,5.5546875,9.967226028442383,44.270477220550674,0.0,0.016949152542372836,0.36029043793678284,7.545905828010291e-05,1.2009681086055934e-05,1174.0528345108032
3500.0,59,7,0.7846946120262146,-103.14950684444945,-61.80272682015586,0.490234375,1.136214256286621,56.85370322652125,0.0,0.6101694915254237,37.05320739746094,0.007760405540466309,0.001235106959939003,11.416016146540642
3500.0,59,8,-3.821753740310669,-107.8175033347413,-63.50165639821144,0.0,0.5005843639373779,100.0,1.0,0.576271186440678,39.66083526611328,0.00830654613673687,0.0013220278779044747,10.66543348133564
3500.0,59,9,30.0,-73.09675883521953,-48.54410151808674,5.5546875,9.967226028442383,44.270477220550674,0.0,0.06779661016949157,3.9348549842834473,0.0008241140749305487,0.00013116183981765062,107.50078409910202
3500.0,60,0,26.148298263549805,-79.37638834603625,-59.128393245189244,5.5546875,8.689774513244629,36.07788681359047,0.0,0.08333333333333337,36.645206451416016,0.007674954365938902,0.0012215068563818932,11.543120257556438
3500.0,60,1,21.566946029663086,-87.2798362285077,-57.85573445573089,5.5546875,7.174407005310059,22.576353754550603,0.0,0.08333333333333337,28.351909637451172,0.005938010290265083,0.0009450636571273208,14.919630251824856
3500.0,60,2,18.026823043823242,-88.69856245359712,-63.20389986659331,5.33203125,6.010928630828857,11.294384321033657,0.0,0.1166666666666667,39.672637939453125,0.0083090178668499,0.001322421245276928,10.662260465323925
3500.0,60,3,22.637266159057617,-83.25115120991633,-61.49467854146202,5.5546875,7.52777624130249,26.210778297006044,0.0,0.08333333333333337,40.59093475341797,0.008501345291733742,0.0013530311407521367,10.421046055853367
3500.0,60,4,3.69313383102417,-98.74791167931731,-59.9483799850749,0.876953125,1.7400752305984497,49.60257409684541,0.0,0.1166666666666667,12.791339874267578,0.0026790122501552105,0.000426378013798967,33.069249242544174
3500.0,60,5,30.0,-77.7152929266718,-54.012210500789,5.5546875,9.967226028442383,44.270477220550674,0.0,0.033333333333333326,13.150442123413086,0.0027542223688215017,0.0004383480700198561,32.166220247745514
3500.0,60,6,30.0,-77.87153980791015,-52.695000689126545,5.5546875,9.967226028442383,44.270477220550674,0.0,0.01666666666666672,1.0118818283081055,0.00021192803978919983,3.372939318069257e-05,418.03300380706787
3500.0,60,7,0.7729846239089966,-103.13929600866986,-61.79364973881616,0.490234375,1.1340954303741455,56.77309317450751,0.0,0.6,37.07939147949219,0.0077658891677856445,0.0012359797256067395,11.40795461833477
3500.0,60,8,-3.9358272552490234,-107.80748964211637,-63.493855390546614,0.0,0.4895772337913513,100.0,1.0,0.5833333333333333,39.88126754760742,0.008352713659405708,0.0013293755473569036,10.606483556330204
3500.0,60,9,30.0,-73.09245867606393,-48.54208375515303,5.5546875,9.967226028442383,44.270477220550674,0.0,0.06666666666666665,3.242455005645752,0.0006790982442907989,0.00010808183287736028,130.45671582221985
3500.0,61,0,25.883325576782227,-79.36787492082485,-59.115677029087934,5.5546875,8.601972579956055,35.425421920743005,0.0,0.08196721311475408,34.55056381225586,0.007236253470182419,0.001151685486547649,12.24292628467083
3500.0,61,1,22.068988800048828,-87.27047192342135,-57.844712843886974,5.5546875,7.340090751647949,24.323994240086233,0.0,0.08196721311475408,25.81795883178711,0.005407300777733326,0.00086059863679111,16.3839440792799
3500.0,61,2,15.165685653686523,-88.69580921240457,-63.19559726882147,4.81640625,5.081191062927246,5.211077671515563,0.0,0.11475409836065575,38.983951568603516,0.008164780214428902,0.001299465075135231,10.850618593394756
3500.0,61,3,27.396921157836914,-83.2463302831141,-61.48462249677064,5.5546875,9.103684425354004,38.98418222263892,0.0,0.08196721311475408,39.52475357055664,0.008278045803308487,0.0013174917548894882,10.702154599130154
3500.0,61,4,4.1665191650390625,-98.74488532015775,-59.9442329154752,1.17578125,1.8520262241363525,36.51379042711466,0.0,0.11475409836065575,13.547706604003906,0.002837425097823143,0.00045159022556617856,31.2229972332716
3500.0,61,5,29.869646072387695,-77.70601194631865,-54.008571632036315,5.5546875,9.923967361450195,44.02755170701922,0.0,0.032786885245901676,10.554555892944336,0.0022105411626398563,0.0003518185403663665,40.07748141884804
3500.0,61,6,29.453462600708008,-77.86972410592162,-52.69440322250669,5.5546875,9.785863876342773,43.23763777842444,0.0,0.016393442622950838,0.4106788635253906,8.601238369010389e-05,1.36892958835233e-05,1030.0018787384033
3500.0,61,7,0.7380508184432983,-103.12995219782212,-61.78458810191836,0.490234375,1.1277894973754883,56.53139383361534,0.0,0.5901639344262295,36.64794921875,0.007675528526306152,0.0012215983588248491,11.542255990207195
3500.0,61,8,-4.337474822998047,-107.79795128658512,-63.486067800221775,0.0,0.45243000984191895,100.0,1.0,0.5901639344262295,39.33055877685547,0.00823737308382988,0.0013110185973346233,10.754995979368687
3500.0,61,9,30.0,-73.08812251801018,-48.54015308476191,5.5546875,9.967226028442383,44.270477220550674,0.0,0.06557377049180324,-0.24833810329437256,-5.201180465519428e-05,-8.27793701319024e-06,1703.3230066299438
3500.0,62,0,19.289262771606445,-79.35913191659262,-59.102896204197904,5.5546875,6.424647331237793,13.54097410153382,0.0,0.08064516129032262,36.388092041015625,0.00762110436335206,0.0012129363603889942,11.624682694673538
3500.0,62,1,22.458345413208008,-87.25921629399656,-57.83361801964065,5.5546875,7.4686689376831055,25.626807850942868,0.0,0.08064516129032262,24.772838592529297,0.005188411101698875,0.0008257612935267389,17.075153067708015
3500.0,62,2,12.197537422180176,-88.6927644294853,-63.18726824086713,0.0,4.1363935470581055,100.0,1.0,0.12903225806451613,38.5935173034668,0.008083008229732513,0.0012864505406469107,10.960389859974384
3500.0,62,3,28.920001983642578,-83.24125885560532,-61.47452770936686,5.5546875,9.608866691589355,42.19206407700483,0.0,0.08064516129032262,38.95282745361328,0.008158260956406593,0.0012984275817871094,10.859289206564426
3500.0,62,4,2.9137015342712402,-98.74157525196053,-59.94006032301173,1.17578125,1.5636491775512695,24.805303716443905,0.0,0.11290322580645162,13.088918685913086,0.0027413368225097656,0.0004362972977105528,32.31741487979889
3500.0,62,5,29.127517700195312,-77.69686424153176,-54.004773476148316,5.5546875,9.677714347839355,42.60331210085635,0.0,0.032258064516129004,12.346704483032227,0.002585887908935547,0.00041155682993121445,34.26015377044678
3500.0,62,6,29.148792266845703,-77.86761996353555,-52.69358258713767,5.5546875,9.684772491455078,42.645142104257715,0.0,0.016129032258064502,2.2538020610809326,0.0004720352008007467,7.51267361920327e-05,187.6828521490097
3500.0,62,7,0.7266355752944946,-103.11983305487672,-61.77549234772216,0.490234375,1.1257339715957642,56.45202264749308,0.0,0.5806451612903225,36.53369903564453,0.007651600055396557,0.0012177899479866028,11.578351259231567
3500.0,62,8,-4.968774318695068,-107.78824990854693,-63.47825613972557,0.0,0.3989081084728241,100.0,1.0,0.5967741935483871,39.12849426269531,0.008195053786039352,0.0013042831560596824,10.810536332428455
3500.0,62,9,30.0,-73.08288698610005,-48.53762805056387,5.5546875,9.967226028442383,44.270477220550674,0.0,0.06451612903225812,5.111223220825195,0.0010704920860007405,0.00017037411453202367,82.75905251502991
3500.0,63,0,17.830398559570312,-79.35034368265048,-59.090070357787916,0.0,5.946712970733643,100.0,1.0,0.09523809523809523,34.04722595214844,0.007130834273993969,0.0011349075939506292,12.423919513821602
3500.0,63,1,22.408357620239258,-87.24911406785678,-57.82249383474021,5.5546875,7.452157497406006,25.462022213922463,0.0,0.07936507936507942,26.909160614013672,0.005635841749608517,0.0008969720220193267,15.719553455710411
3500.0,63,2,11.438828468322754,-88.68959279708005,-63.178910541885955,2.73046875,3.899930715560913,29.98673696675438,0.0,0.12698412698412698,38.89192199707031,0.00814550556242466,0.0012963974149897695,10.876295156776905
3500.0,63,3,29.200679779052734,-83.23618445493832,-61.46439806148564,5.5546875,9.701990127563477,42.74692689885282,0.0,0.07936507936507942,39.24787139892578,0.008220055140554905,0.0013082623481750488,10.777655057609081
3500.0,63,4,1.257422924041748,-98.73798670217325,-59.93587881118945,0.0,1.2239184379577637,100.0,1.0,0.12698412698412698,12.574197769165039,0.0026335339061915874,0.0004191399202682078,33.64031761884689
3500.0,63,5,29.079544067382812,-77.68693107486031,-54.001030543251176,5.5546875,9.661798477172852,42.50876259607763,0.0,0.031746031746031744,9.907190322875977,0.0020749568939208984,0.00033023967989720404,42.696263641119
3500.0,63,6,27.969451904296875,-77.86551905222032,-52.69285855918791,5.5546875,9.293551445007324,40.230733827980416,0.0,0.015873015873015928,1.3174159526824951,0.0002759189810603857,4.391386391944252e-05,321.08309864997864
3500.0,63,7,0.7678972482681274,-103.10978368494091,-61.76636628532146,0.490234375,1.1331756114959717,56.738005122364676,0.0,0.5714285714285714,36.91748046875,0.007731979712843895,0.0012305827112868428,11.457987129688263
3500.0,63,8,-5.746366024017334,-107.77834959144053,-63.4704183007709,0.0,0.34061378240585327,100.0,1.0,0.6031746031746033,39.561180114746094,0.008285675197839737,0.0013187059666961432,10.692300274968147
3500.0,63,9,30.0,-73.07768077413222,-48.53531968459356,5.5546875,9.967226028442383,44.270477220550674,0.0,0.06349206349206349,-0.23083904385566711,-4.834681749343872e-05,-7.694635314692277e-06,1832.4456214904785
3500.0,64,0,17.64398765563965,-79.34188551277748,-59.077292481883106,5.115234375,5.885813236236572,13.092139188046769,0.0,0.09375,24.34988021850586,0.00509982742369175,0.0008116626995615661,17.371749505400658
3500.0,64,1,19.8192195892334,-87.2320823749677,-57.811449791047345,5.5546875,6.598764419555664,15.822309347209096,0.0,0.078125,29.058574676513672,0.006086013745516539,0.0009686191915534437,14.556804671883583
3500.0,64,2,11.919042587280273,-88.68709134709766,-63.170569790865706,2.56640625,4.049302101135254,36.6210229342857,0.0,0.125,39.105613708496094,0.008190261200070381,0.0013035205192863941,10.816861875355244
3500.0,64,3,27.41385841369629,-83.23140388617477,-61.454295039766855,5.5546875,9.109301567077637,39.02180689598133,0.0,0.078125,39.40874481201172,0.008253747597336769,0.001313624787144363,10.733658447861671
3500.0,64,4,1.007709264755249,-98.73535327549185,-59.93176299863392,0.6015625,1.1770644187927246,48.89298407159377,0.0,0.125,12.844533920288086,0.002690152730792761,0.00042815113556571305,32.93229639530182
3500.0,64,5,26.25563621520996,-77.67803317187455,-53.997505410467646,5.5546875,8.725346565246582,36.33848858079115,0.0,0.03125,12.038880348205566,0.002521417336538434,0.0004012960125692189,35.136159509420395
3500.0,64,6,27.997255325317383,-77.8636863329761,-52.692432394982745,5.5546875,9.302773475646973,40.289984330574136,0.0,0.015625,1.3808122873306274,0.00028919667238369584,4.6027078496990725e-05,306.3414394855499
3500.0,64,7,0.9422683119773865,-103.1000531326666,-61.757266320518355,0.490234375,1.1649799346923828,57.91907135898884,0.0,0.5625,36.97554016113281,0.007744139060378075,0.0012325179995968938,11.439994908869267
3500.0,64,8,-6.677341461181641,-107.76879079594389,-63.46259682246518,0.0,0.28085482120513916,100.0,1.0,0.609375,39.95464324951172,0.008368080481886864,0.0013318214332684875,10.587004944682121
3500.0,64,9,30.0,-73.0731744188486,-48.533955658530914,5.5546875,9.967226028442383,44.270477220550674,0.0,0.0625,1.655900478363037,0.0003468109935056418,5.5196684115799144e-05,255.45012950897217
3500.0,65,0,17.6012020111084,-79.33334091180598,-59.06453400304967,5.115234375,5.871841907501221,12.885352576244635,0.0,0.09230769230769231,36.42082214355469,0.00762795889750123,0.0012140274047851562,11.614235118031502
3500.0,65,1,18.34561538696289,-87.22155582126355,-57.800432372089304,0.0,6.115243911743164,100.0,1.0,0.09230769230769231,29.069698333740234,0.006088343448936939,0.0009689899743534625,14.551234431564808
3500.0,65,2,13.858870506286621,-88.68419484113149,-63.1622460088178,2.73046875,4.661961078643799,41.430897771580824,0.0,0.12307692307692308,38.964988708496094,0.008160808123648167,0.0012988329399377108,10.8559001237154
3500.0,65,3,22.611473083496094,-83.22655413988147,-61.444211390129254,5.5546875,7.519254684448242,26.127153114144065,0.0,0.07692307692307687,39.56800842285156,0.008287104777991772,0.0013189336750656366,10.69045439362526
3500.0,65,4,1.1405184268951416,-98.73250550904328,-59.927689832661606,0.6015625,1.201837420463562,49.946432873760024,0.0,0.12307692307692308,13.667312622070312,0.002862475346773863,0.0004555771010927856,30.949756503105164
3500.0,65,5,26.75271224975586,-77.6769196112111,-53.9939572208775,5.5546875,8.890103340148926,37.51830223486527,0.0,0.03076923076923077,9.514608383178711,0.001992735080420971,0.00031715360819362104,44.45795342326164
3500.0,65,6,26.40067481994629,-77.86169083145028,-52.691948092736624,5.5546875,8.773415565490723,36.687286057111436,0.0,0.01538461538461533,0.26118117570877075,5.470165706356056e-05,8.706038897798862e-06,1619.565486907959
3500.0,65,7,1.1779494285583496,-103.08900399696681,-61.74818546221481,0.490234375,1.2088794708251953,59.44720819310794,0.0,0.5538461538461539,36.59201431274414,0.007663813419640064,0.001219733851030469,11.559899896383286
3500.0,65,8,0.16011866927146912,-102.47545441569372,-63.45479216823777,0.490234375,1.0268402099609375,52.257968645516016,0.0,0.6,39.7037353515625,0.00831553153693676,0.001323457807302475,10.653909295797348
3500.0,65,9,30.0,-73.06848850310345,-48.53261330222344,5.5546875,9.967226028442383,44.270477220550674,0.0,0.06153846153846154,2.497199773788452,0.0005230123060755432,8.323999645654112e-05,169.3897396326065
3500.0,66,0,26.394245147705078,-79.32455926178304,-59.05170660070511,5.115234375,8.771285057067871,41.68204155127575,0.0,0.09090909090909094,34.860816955566406,0.007301233243197203,0.0011620272416621447,12.133967131376266
3500.0,66,1,19.77012825012207,-87.13425005792689,-57.789339837134335,5.33203125,6.5826263427734375,18.998421414977784,0.0,0.09090909090909094,28.055313110351562,0.005875891074538231,0.0009351770859211683,15.077358111739159
3500.0,66,2,15.91222095489502,-88.68120990210586,-63.153897785283135,3.322265625,5.322438716888428,37.580011687908296,0.0,0.12121212121212122,39.101951599121094,0.008189493790268898,0.0013033983996137977,10.81787422299385
3500.0,66,3,15.533158302307129,-83.22143645541476,-61.43409102316204,0.0,5.199800968170166,100.0,1.0,0.09090909090909094,40.7974967956543,0.008544608019292355,0.0013599165249615908,10.368283838033676
3500.0,66,4,1.3699369430541992,-98.72908573275066,-59.92358946436831,0.6015625,1.2454116344451904,51.69769710173089,0.0,0.12121212121212122,15.160795211791992,0.003175269579514861,0.0005053598433732986,27.90091186761856
3500.0,66,5,26.220884323120117,-77.667343626852,-53.990231850602285,5.5546875,8.71382999420166,36.25435079986424,0.0,0.030303030303030276,6.9153594970703125,0.0014483495615422726,0.00023051198513712734,61.168186366558075
3500.0,66,6,28.220293045043945,-77.85941790227518,-52.69121401188288,5.5546875,9.376749992370605,40.7610578876522,0.0,0.015151515151515138,0.6152186989784241,0.0001288511120947078,2.0507290173554793e-05,687.5603795051575
3500.0,66,7,1.4337878227233887,-103.07874244191687,-61.7390721385147,0.490234375,1.2577139139175415,61.021789647455485,0.0,0.5454545454545454,36.51765441894531,0.007648240774869919,0.0012172551359981298,11.583438143134117
3500.0,66,8,0.6303141117095947,-102.47363596659295,-63.44696546602474,0.490234375,1.1084882020950317,55.77450674951145,0.0,0.5909090909090908,39.94438171386719,0.008365931920707226,0.00133147940505296,10.589724406599998
3500.0,66,9,30.0,-73.06286660394343,-48.53060209937982,5.5546875,9.967226028442383,44.270477220550674,0.0,0.06060606060606055,4.646892547607422,0.0009732429753057659,0.00015489642100874335,91.02857857942581
3500.0,67,0,29.36571502685547,-79.31571244216322,-59.03882807803603,5.5546875,9.756747245788574,43.06824436394374,0.0,0.08955223880597019,36.52691650390625,0.007650180719792843,0.0012175638694316149,11.580501683056355
3500.0,67,1,21.153059005737305,-87.12362359243326,-57.77821505289879,5.5546875,7.037915229797363,21.074816637711457,0.0,0.08955223880597019,28.53816032409668,0.005977018736302853,0.0009512720280326903,14.822259545326233
3500.0,67,2,17.3687744140625,-88.6781897817703,-63.14552230425648,3.90234375,5.795985221862793,32.67160628222218,0.0,0.11940298507462688,39.70186996459961,0.008315140381455421,0.0013233956415206194,10.654410347342491
3500.0,67,3,18.91964340209961,-83.21632763841608,-61.42393653935542,4.5234375,6.303353786468506,28.237607260590003,0.0,0.08955223880597019,40.41443634033203,0.008464379236102104,0.001347147859632969,10.466556996107101
3500.0,67,4,1.9563231468200684,-98.72640853006276,-59.91947748642667,0.6015625,1.3612258434295654,55.8072965699518,0.0,0.11940298507462688,14.092090606689453,0.0029514404013752937,0.0004697363474406302,30.016837641596794
3500.0,67,5,25.494482040405273,-77.65775743026293,-53.98654563661887,5.5546875,8.473149299621582,34.44364894823608,0.0,0.02985074626865669,9.58549690246582,0.0020075819920748472,0.0003195165772922337,44.12916675209999
3500.0,67,6,29.464170455932617,-77.85714285026073,-52.69055224107975,5.5546875,9.789416313171387,43.258236014272654,0.0,0.014925373134328401,0.5741757154464722,0.00012025509204249829,1.913919004437048e-05,736.7082834243774
3500.0,67,7,1.2042275667190552,-103.80803427648117,-61.729929181561474,0.490234375,1.213839054107666,59.61290145171776,0.0,0.5373134328358209,36.82832717895508,0.007713307160884142,0.0012276109773665667,11.485723778605461
3500.0,67,8,2.589256525039673,-102.4721177765558,-63.43911337366393,0.490234375,1.4932399988174438,67.16975332912082,0.0,0.582089552238806,40.99324035644531,0.008585604839026928,0.0013664413709193468,10.318774729967117
3500.0,67,9,30.0,-73.06161302228409,-48.52873601819598,5.5546875,9.967226028442383,44.270477220550674,0.0,0.05970149253731338,-1.563942313194275,-0.0003275513299740851,-5.213141048443504e-05,270.47035098075867
3500.0,68,0,30.0,-79.30569381281629,-59.02599213954459,5.5546875,9.967226028442383,44.270477220550674,0.0,0.08823529411764708,36.02086639404297,0.007544192485511303,0.0012006955221295357,11.743193492293358
3500.0,68,1,21.326845169067383,-87.11316103122434,-57.767169338277476,5.5546875,7.09521484375,21.71220150024087,0.0,0.08823529411764708,28.438838958740234,0.005956216715276241,0.0009479612926952541,14.874025247991085
3500.0,68,2,18.137706756591797,-88.67541193633402,-63.13716526512385,4.5234375,6.04719877243042,25.197803640544258,0.0,0.11764705882352944,39.86595153808594,0.008349506184458733,0.0013288650661706924,10.610558092594147
3500.0,68,3,23.278779983520508,-83.21147575071693,-61.41381014501959,5.5546875,7.739808559417725,28.232236529402144,0.0,0.08823529411764708,39.42851257324219,0.00825788825750351,0.0013142838142812252,10.728277266025543
3500.0,68,4,1.6124634742736816,-98.72366102881242,-59.915429139548344,0.740234375,1.292542576789856,42.7303681679533,0.0,0.11764705882352944,12.636962890625,0.0026466792915016413,0.000421232107328251,33.47323462367058
3500.0,68,5,25.541526794433594,-77.647498035376,-53.98306314849577,5.5546875,8.488734245300293,34.56400754829496,0.0,0.02941176470588236,6.4712934494018555,0.0013553446624428034,0.00021570977696683258,65.36560505628586
3500.0,68,6,30.0,-77.85507384927774,-52.69016639645346,5.5546875,9.967226028442383,44.270477220550674,0.0,0.014705882352941124,-0.10272853076457977,-2.1515414118766785e-05,-3.4242843867104966e-06,4117.648601531982
3500.0,68,7,1.0888582468032837,-103.79766693836856,-61.72081361904368,0.490234375,1.1921619176864624,58.878540932480014,0.0,0.5294117647058824,36.850990295410156,0.007718054112046957,0.0012283663963899016,11.478660628199577
3500.0,68,8,3.2444379329681396,-102.47060427544235,-63.431279169653166,0.490234375,1.6372781991958618,70.05796722629208,0.0,0.5735294117647058,41.0433349609375,0.008596096187829971,0.0013681112322956324,10.306180454790592
3500.0,68,9,30.0,-73.05642053998494,-48.52774982237558,5.5546875,9.967226028442383,44.270477220550674,0.0,0.05882352941176472,-3.2662792205810547,-0.0006840879213996232,-0.00010887597454711795,129.50515747070312
3500.0,69,0,30.0,-79.2971288008993,-59.01317832887674,5.5546875,9.967226028442383,44.270477220550674,0.0,0.08695652173913049,36.154258728027344,0.007572131231427193,0.0012051420053467155,11.699866503477097
3500.0,69,1,20.832868576049805,-87.10272554785439,-57.756161500082094,5.5546875,6.932390213012695,19.873415527398166,0.0,0.08695652173913049,28.487321853637695,0.005966370925307274,0.0009495774284005165,14.848710969090462
3500.0,69,2,18.461061477661133,-88.67259979291626,-63.128829549066026,4.81640625,6.153049468994141,21.72326463048323,0.0,0.1159420289855072,39.459346771240234,0.008264346048235893,0.0013153115287423134,10.719893500208855
3500.0,69,3,22.93303871154785,-83.20661130606138,-61.403709187257675,5.5546875,7.625515460968018,27.156563665338595,0.0,0.08695652173913049,38.64143371582031,0.008093043230473995,0.0012880477588623762,10.94679906964302
3500.0,69,4,3.1283657550811768,-98.72062170462215,-59.9114287009041,0.740234375,1.6112277507781982,54.05774418653861,0.0,0.1159420289855072,12.340004920959473,0.002584484638646245,0.00041133351624011993,34.278754144907
3500.0,69,5,25.398460388183594,-77.63895867400896,-53.97958052360959,5.5546875,8.4413423538208,34.19663286745165,0.0,0.02898550724637683,6.684840679168701,0.0014000697992742062,0.00022282802092377096,63.27749788761139
3500.0,69,6,30.0,-77.85287312288014,-52.68975304868424,5.5546875,9.967226028442383,44.270477220550674,0.0,0.01449275362318836,1.3598908185958862,0.00028481485787779093,4.532969614956528e-05,311.05437874794006
3500.0,69,7,1.016847014427185,-103.78679133435661,-61.71172274164886,0.490234375,1.178758144378662,58.410944828855584,0.0,0.5217391304347826,36.38597106933594,0.007620659656822681,0.0012128656962886453,11.625359766185284
3500.0,69,8,2.9198899269104004,-102.46909587423103,-63.42346596799349,0.490234375,1.5650097131729126,68.67531422497723,0.0,0.5652173913043479,40.04426193237305,0.008386850357055664,0.0013348087668418884,10.563311167061329
3500.0,69,9,30.0,-73.05103421711675,-48.52687080718778,5.5546875,9.967226028442383,44.270477220550674,0.0,0.05797101449275366,3.216766834259033,0.0006737180519849062,0.00010722556180553511,131.49850070476532
3500.0,70,0,30.0,-79.28830334854096,-59.00029624004388,5.5546875,9.967226028442383,44.270477220550674,0.0,0.08571428571428574,35.55294418334961,0.007446191739290953,0.001185098197311163,11.89774926751852
3500.0,70,1,21.081836700439453,-87.09207402555077,-57.74508615362277,5.5546875,7.014436721801758,20.8106406785975,0.0,0.08571428571428574,29.783504486083984,0.006237843073904514,0.0009927834616973996,14.202493242919445
3500.0,70,2,18.46133804321289,-88.73235288349622,-63.120474351214426,4.81640625,6.153139591217041,21.724411114044727,0.0,0.11428571428571432,39.32155227661133,0.008235487155616283,0.0013107184786349535,10.757459327578545
3500.0,70,3,18.378511428833008,-83.2014764302997,-61.39357747553723,5.5546875,6.1260151863098145,9.326253183090305,0.0,0.08571428571428574,38.60386657714844,0.008085175417363644,0.0012867955956608057,10.957451537251472
3500.0,70,4,4.071377277374268,-98.62088158727174,-59.9074056419332,0.876953125,1.8292453289031982,52.05929400810254,0.0,0.11428571428571432,13.074300765991211,0.002738275332376361,0.0004358100413810462,32.35354647040367
3500.0,70,5,25.6032772064209,-77.62928506371091,-53.975925807085275,5.5546875,8.509190559387207,34.72131736581977,0.0,0.02857142857142858,6.839761734008789,0.0014325163792818785,0.0002279920590808615,61.84425950050354
3500.0,70,6,30.0,-77.85038729435104,-52.68909391765774,5.5546875,9.967226028442383,44.270477220550674,0.0,0.014285714285714235,0.7253371477127075,0.00015191425336524844,2.4177905288524926e-05,583.1770896911621
3500.0,70,7,0.943104088306427,-103.7751415091181,-61.70260509515449,0.490234375,1.1651337146759033,57.924625403500166,0.0,0.5142857142857142,36.21909713745117,0.007585709914565086,0.0012073032557964325,11.678921990096569
3500.0,70,8,2.7783422470092773,-102.46750073209533,-63.415635172050614,0.490234375,1.5340524911880493,68.04318119386272,0.0,0.5571428571428572,39.42256164550781,0.008256642147898674,0.001314085442572832,10.7298968359828
3500.0,70,9,30.0,-73.04474564529283,-48.525343166142555,5.5546875,9.967226028442383,44.270477220550674,0.0,0.05714285714285716,4.806805610656738,0.001006735023111105,0.00016022686031647027,88.00023049116135
3500.0,71,0,30.0,-79.27946209693306,-58.98735795739083,5.5546875,9.967226028442383,44.270477220550674,0.0,0.08450704225352113,36.51005172729492,0.007646647281944752,0.0012170016998425126,11.585850268602371
3500.0,71,1,22.319263458251953,-87.08138085082993,-57.73398112212836,5.5546875,7.422731876373291,25.16653447121423,0.0,0.08450704225352113,31.196163177490234,0.006533709354698658,0.0010398720623925328,13.559360057115555
3500.0,71,2,19.124053955078125,-88.72940327042288,-63.11209335495915,5.115234375,6.370416641235352,19.7032994374438,0.0,0.11267605633802813,39.74135208129883,0.008323409594595432,0.0013247117167338729,10.643824934959412
3500.0,71,3,11.980958938598633,-83.19634447315956,-61.38341392145783,0.0,4.068635940551758,100.0,1.0,0.09859154929577463,40.362998962402344,0.008453607559204102,0.0013454332947731018,10.479895398020744
3500.0,71,4,3.426504135131836,-98.6193641369548,-59.903371248526405,1.17578125,1.6785920858383179,29.954319460955013,0.0,0.11267605633802813,13.258354187011719,0.0027768234722316265,0.0004419451579451561,31.904414296150208
3500.0,71,5,25.336732864379883,-77.6196524628148,-53.97231256830157,5.5546875,8.420896530151367,34.03686317589567,0.0,0.028169014084507005,8.60464096069336,0.0018021520227193832,0.0002868213632609695,49.159519374370575
3500.0,71,6,30.0,-77.84786800462344,-52.688509808123015,5.5546875,9.967226028442383,44.270477220550674,0.0,0.014084507042253502,1.3181166648864746,0.0002760656934697181,4.3937223381362855e-05,320.9124207496643
3500.0,71,7,1.0233397483825684,-103.76479067985413,-61.693459915880226,0.490234375,1.1799627542495728,58.45340259813734,0.0,0.5070422535211268,36.59185791015625,0.00766378128901124,0.0012197286123409867,11.55994925647974
3500.0,71,8,2.3551712036132812,-102.46577491462709,-63.40778077791802,0.490234375,1.4435827732086182,66.04043882358285,0.0,0.5492957746478873,39.454742431640625,0.008263382129371166,0.0013151580933481455,10.721145197749138
3500.0,71,9,30.0,-73.03823759539527,-48.523962615164464,5.5546875,9.967226028442383,44.270477220550674,0.0,0.05633802816901412,0.9569056034088135,0.00020041383686475456,3.1896852306090295e-05,442.04989075660706
3500.0,72,0,29.36020851135254,-79.27087013962479,-58.97445565643518,5.5546875,9.754920959472656,43.057585775658794,0.0,0.08333333333333337,36.59040832519531,0.007663478143513203,0.0012196802999824286,11.560406535863876
3500.0,72,1,20.952280044555664,-87.07084366079019,-57.7229572933321,5.5546875,6.971736907958984,20.32562941870728,0.0,0.08333333333333337,32.0362548828125,0.006709657143801451,0.0010678751859813929,13.203790411353111
3500.0,72,2,16.970945358276367,-88.72672594228453,-63.10373109120611,5.115234375,5.666317939758301,9.725602597968718,0.0,0.11111111111111116,39.825435638427734,0.008341019973158836,0.0013275145320221782,10.621353052556515
3500.0,72,3,12.003005027770996,-83.19147243095479,-61.37327894521041,3.322265625,4.07552433013916,18.482498057211693,0.0,0.09722222222222221,42.51145935058594,0.008903579786419868,0.0014170486247166991,9.950258769094944
3500.0,72,4,2.258234739303589,-98.61703792966124,-59.899399315719144,1.02734375,1.4233042001724243,27.81980479819115,0.0,0.11111111111111116,12.118101119995117,0.0025380090810358524,0.00040393671952188015,34.90645810961723
3500.0,72,5,26.09051513671875,-77.60937170908548,-53.96891321204264,5.5546875,8.670626640319824,35.93672371763997,0.0,0.02777777777777779,5.647531509399414,0.0011828162241727114,0.00018825105507858098,74.89997893571854
3500.0,72,6,30.0,-77.84558908445544,-52.68821635895908,5.5546875,9.967226028442383,44.270477220550674,0.0,0.01388888888888884,-1.1984740495681763,-0.0002510078193154186,-3.994913640781306e-05,352.9488146305084
3500.0,72,7,1.1128621101379395,-103.75376173921086,-61.68434271313952,0.490234375,1.1966513395309448,59.032814420935786,0.0,0.5,36.725303649902344,0.0076917302794754505,0.001224176841787994,11.517944745719433
3500.0,72,8,2.1568663120269775,-102.46432715296174,-63.399944276320234,0.490234375,1.4022778272628784,65.04013930271621,0.0,0.5416666666666667,39.049072265625,0.00817841850221157,0.001301635755226016,10.832523927092552
3500.0,72,9,30.0,-73.03224809059873,-48.523488910165575,5.5546875,9.967226028442383,44.270477220550674,0.0,0.05555555555555558,-5.362140655517578,-0.0011230441741645336,-0.00017873801698442549,78.88640463352203
3500.0,73,0,27.14785385131836,-79.26228650149197,-58.961587963051265,5.5546875,9.021101951599121,38.42562106267571,0.0,0.0821917808219178,37.646453857421875,0.007884655147790909,0.0012548818485811353,11.236118152737617
3500.0,73,1,17.4461669921875,-87.04182615442258,-57.71197300907486,0.0,5.821235656738281,100.0,1.0,0.09589041095890416,29.082117080688477,0.00609094463288784,0.0009694038890302181,14.545021578669548
3500.0,73,2,15.076180458068848,-88.72403425834821,-63.0953925739987,4.5234375,5.052345275878906,10.468559589623405,0.0,0.1095890410958904,39.35736083984375,0.008242987096309662,0.001311912084929645,10.74767205864191
3500.0,73,3,19.737516403198242,-83.1865641080082,-61.36317201649597,3.322265625,6.571906089782715,49.447457410185805,0.0,0.09589041095890416,38.994354248046875,0.008166958577930927,0.0012998118763789535,10.847724042832851
3500.0,73,4,2.661691904067993,-98.61479545497717,-59.89547558003597,0.876953125,1.508800983428955,41.87748187922008,0.0,0.1095890410958904,11.63484001159668,0.0024367952719330788,0.00038782801129855216,36.35632246732712
3500.0,73,5,25.855749130249023,-77.60076746456727,-53.965507909935184,5.5546875,8.592835426330566,35.356756828147,0.0,0.0273972602739726,5.559256553649902,0.0011643280740827322,0.0001853085559559986,76.08931511640549
3500.0,73,6,29.979562759399414,-77.843202786469,-52.68788549416989,5.5546875,9.960444450378418,44.23253372203722,0.0,0.013698630136986356,0.7293132543563843,0.00015274703036993742,2.4310442313435487e-05,579.997718334198
3500.0,73,7,1.267238736152649,-103.74272896595303,-61.675252566139285,0.490234375,1.2257840633392334,60.00646527704704,0.0,0.4931506849315068,36.3009033203125,0.007602843455970287,0.0012100301682949066,11.652602814137936
3500.0,73,8,1.0764033794403076,-102.46268395105089,-63.39213082718971,0.490234375,1.1898366212844849,58.79817731019501,0.0,0.5342465753424658,38.205230712890625,0.00800168514251709,0.0012735077179968357,11.071782559156418
3500.0,73,9,30.0,-73.02606939186008,-48.52309571761458,5.5546875,9.967226028442383,44.270477220550674,0.0,0.0547945205479452,1.947394609451294,0.0004078613710589707,6.49131543468684e-05,217.21330285072327
3500.0,74,0,24.379146575927734,-79.25346247621563,-58.94866419716077,5.5546875,8.10383129119873,31.45603233333918,0.0,0.08108108108108103,40.89705276489258,0.00856545940041542,0.0013632350601255894,10.343044064939022
3500.0,74,1,16.69514274597168,-87.03180618367996,-57.70092356343273,0.0,5.576559543609619,100.0,1.0,0.10810810810810811,27.80140495300293,0.005822712555527687,0.0009267135174013674,15.21505881100893
3500.0,74,2,13.047735214233398,-88.72107625757559,-63.08703679901649,0.0,4.404163360595703,100.0,1.0,0.1216216216216216,39.09331130981445,0.00818768423050642,0.0013031103881075978,10.820265859365463
3500.0,74,3,22.14960289001465,-83.18143311820896,-61.353037168144915,5.5546875,7.3667073249816895,24.597418426504312,0.0,0.09459459459459463,38.075923919677734,0.007974603213369846,0.0012691974407061934,11.109382845461369
3500.0,74,4,3.176337242126465,-98.61176704239915,-59.89153028541311,0.876953125,1.62196683883667,45.93273401144374,0.0,0.10810810810810811,12.807794570922852,0.0026824583765119314,0.0004269265045877546,33.026762306690216
3500.0,74,5,25.891984939575195,-77.5902156665909,-53.96192868690065,5.5546875,8.604841232299805,35.44694957125425,0.0,0.027027027027026973,9.070905685424805,0.001899806084111333,0.00030236353632062674,46.63261026144028
3500.0,74,6,27.9294490814209,-77.84045598492703,-52.687305503283156,5.5546875,9.28028392791748,40.14528495954664,0.0,0.013513513513513487,-1.0242769718170166,-0.00021452407236211002,-3.414256570977159e-05,412.9742383956909
3500.0,74,7,1.3206777572631836,-103.7316249130045,-61.66613819627066,0.490234375,1.23597252368927,60.336142947846994,0.0,0.4864864864864865,36.10742950439453,0.007562323473393917,0.001203580992296338,11.715040542185307
3500.0,74,8,1.010221242904663,-102.46106875570985,-63.38430196527777,0.490234375,1.1775299310684204,58.367565692772615,0.0,0.527027027027027,38.01005554199219,0.007960807532072067,0.0012670018477365375,11.128634214401245
3500.0,74,9,30.0,-73.01880364215565,-48.52204522198531,5.5546875,9.967226028442383,44.270477220550674,0.0,0.05405405405405406,5.313565254211426,0.0011128706391900778,0.00017711883992888033,79.60756868124008
3500.0,75,0,27.793025970458984,-79.24459809743978,-58.93568787423879,5.5546875,9.235039710998535,39.8520453205566,0.0,0.07999999999999996,36.55108642578125,0.007655241526663303,0.001218369579873979,11.572843417525291
3500.0,75,1,17.91789436340332,-87.01074051308746,-57.68983576473302,4.5234375,5.975310802459717,24.297870863253813,0.0,0.10666666666666669,30.17303466796875,0.006319425534456968,0.0010057678446173668,14.019140042364597
3500.0,75,2,11.243042945861816,-88.71809783723816,-63.078654960892315,3.029296875,3.8393421173095703,21.09854286382824,0.0,0.12,39.35063552856445,0.008241578005254269,0.0013116878690198064,10.749508626759052
3500.0,75,3,22.149658203125,-83.17623742451443,-61.34286870055746,0.0,7.366725444793701,100.0,1.0,0.10666666666666669,38.276222229003906,0.0080165546387434,0.0012758740922436118,11.051247827708721
3500.0,75,4,1.496225118637085,-98.50445020485643,-59.88756829060342,1.02734375,1.2698172330856323,19.095148244005657,0.0,0.10666666666666669,12.900726318359375,0.0027019218541681767,0.00043002422899007797,32.788850367069244
3500.0,75,5,27.343048095703125,-77.58139300508216,-53.958360139869896,5.5546875,9.085822105407715,38.864227853482284,0.0,0.026666666666666616,6.554601192474365,0.001372792525216937,0.0002184867043979466,64.53482061624527
3500.0,75,6,30.0,-77.83769150398089,-52.686755857820614,5.5546875,9.967226028442383,44.270477220550674,0.0,0.013333333333333308,2.168020725250244,0.00045406920253299177,7.226735760923475e-05,195.10884582996368
3500.0,75,7,1.3209730386734009,-103.72062708970894,-61.65699457190333,0.490234375,1.2360291481018066,60.337960010663004,0.0,0.48,36.41065216064453,0.007625829428434372,0.0012136884033679962,11.617479845881462
3500.0,75,8,1.89741849899292,-102.4592936468469,-63.376449073895635,0.490234375,1.349306583404541,63.66768079030258,0.0,0.52,38.606658935546875,0.008085760287940502,0.0012868886115029454,10.956658981740475
3500.0,75,9,30.0,-73.01122641480957,-48.52101373302594,5.5546875,9.967226028442383,44.270477220550674,0.0,0.053333333333333344,4.883889198303223,0.0010228793835267425,0.00016279630654025823,86.6113007068634
3500.0,76,0,30.0,-79.2360201780769,-58.92276024637411,5.5546875,9.967226028442383,44.270477220550674,0.0,0.07894736842105265,37.16688919067383,0.007784215267747641,0.0012388962786644697,11.381098069250584
3500.0,76,1,19.319049835205078,-87.00076246787813,-57.678835701920896,5.115234375,6.434427261352539,20.502102716679715,0.0,0.10526315789473684,30.31729507446289,0.006349639501422644,0.0010105764959007502,13.952432200312614
3500.0,76,2,8.849455833435059,-88.71541093342118,-63.07029337190511,2.56640625,3.116473913192749,17.65032143744847,0.0,0.11842105263157898,39.19462585449219,0.00820890348404646,0.0013064875965937972,10.792296379804611
3500.0,76,3,19.44068145751953,-83.17131844657511,-61.332731330926244,5.5546875,6.474372863769531,14.205010788242877,0.0,0.10526315789473684,38.399635314941406,0.00804240070283413,0.0012799878604710102,11.01572997868061
3500.0,76,4,0.7010652422904968,-98.503127002843,-59.88367070443741,0.876953125,1.1211386919021606,21.780139126932408,0.0,0.10526315789473684,7.403820991516113,0.0015506527852267027,0.00024679405032657087,57.13266134262085
3500.0,76,5,27.630346298217773,-77.57187971213432,-53.95502448168251,5.5546875,9.181090354919434,39.49860762427119,0.0,0.02631578947368418,8.429229736328125,0.001765413791872561,0.00028097431641072035,50.1825213432312
3500.0,76,6,29.228944778442383,-77.83515174107674,-52.68652258074347,5.5546875,9.7113676071167,42.802211545061844,0.0,0.013157894736842146,-0.8628214597702026,-0.00018070891383104026,-2.8760716304532252e-05,490.2520775794983
3500.0,76,7,1.2571467161178589,-103.70954808031846,-61.647881232328096,0.490234375,1.2238658666610718,59.94378237400735,0.0,0.4736842105263158,36.50829315185547,0.007646279409527779,0.0012169431429356337,11.58640906214714
3500.0,76,8,3.469627857208252,-102.45784099528225,-63.36861553138832,0.490234375,1.688457727432251,70.96555234784991,0.0,0.513157894736842,39.06087112426758,0.0081808902323246,0.0013020290061831474,10.829252190887928
3500.0,76,9,30.0,-73.00415732013504,-48.52095248155923,5.5546875,9.967226028442383,44.270477220550674,0.0,0.052631578947368474,-2.36118221282959,-0.0004945248365402222,-7.87060780567117e-05,179.14755642414093
3500.0,77,0,30.0,-79.22746673522411,-58.909868756375154,5.5546875,9.967226028442383,44.270477220550674,0.0,0.07792207792207795,35.62574768066406,0.007461439818143845,0.0011875249911099672,11.873435229063034
3500.0,77,1,19.51500701904297,-86.9950810252888,-57.667890433202196,5.33203125,6.498786926269531,17.953437918594428,0.0,0.10389610389610393,28.676082611083984,0.006005905102938414,0.0009558694437146187,14.750968664884567
3500.0,77,2,6.169857501983643,-88.71274529543436,-63.06196047556141,0.0,2.361729383468628,100.0,1.0,0.1298701298701299,38.24396514892578,0.00800979696214199,0.0012747988803312182,11.060568504035473
3500.0,77,3,12.206753730773926,-83.16641378043323,-61.32262935911575,0.0,4.139281272888184,100.0,1.0,0.11688311688311692,38.48076629638672,0.008059393614530563,0.00128269218839705,10.99250465631485
3500.0,77,4,1.825833797454834,-98.50151141477384,-59.879829363303124,0.740234375,1.3349065780639648,44.54785172505681,0.0,0.10389610389610393,13.080949783325195,0.0027396678924560547,0.0004360316670499742,32.33710303902626
3500.0,77,5,28.856075286865234,-77.56152841122369,-53.95171350858455,5.5546875,9.587657928466797,42.06418771462914,0.0,0.025974025974025983,9.428869247436523,0.0019747777841985226,0.00031429564114660025,44.86222192645073
3500.0,77,6,30.0,-77.8324989364525,-52.68629379839301,5.5546875,9.967226028442383,44.270477220550674,0.0,0.012987012987012991,1.5007084608078003,0.0003143076610285789,5.00236164953094e-05,281.8668782711029
3500.0,77,7,1.192315697669983,-103.69863767556393,-61.638801833440546,0.490234375,1.2115893363952637,59.537909399355414,0.0,0.4675324675324676,36.072349548339844,0.007554975338280201,0.0012024117168039083,11.726433411240578
3500.0,77,8,4.230130672454834,-102.4563461382263,-63.36081003143381,0.490234375,1.8673349618911743,73.74684322819581,0.0,0.5064935064935066,38.81084442138672,0.008128523826599121,0.0012936948332935572,10.899015702307224
3500.0,77,9,30.0,-72.9968800387215,-48.521092846713216,5.5546875,9.967226028442383,44.270477220550674,0.0,0.051948051948051965,-9.00650691986084,-0.0018863184377551079,-0.00030021689599379897,46.96604609489441
3500.0,78,0,30.0,-79.21871612400784,-58.896913761160334,5.5546875,9.967226028442383,44.270477220550674,0.0,0.07692307692307687,35.94702911376953,0.007528727874159813,0.0011982342693954706,11.767314746975899
3500.0,78,1,18.996797561645508,-86.984365258732,-57.65688297883516,5.33203125,6.328662395477295,15.747895577263304,0.0,0.10256410256410253,30.79509735107422,0.006449710577726364,0.0010265032760798931,13.735952787101269
3500.0,78,2,4.454395771026611,-88.7098237982549,-63.05361318667791,1.326171875,1.92179536819458,30.993075696406493,0.0,0.1282051282051282,37.53196716308594,0.007860677316784859,0.0012510656379163265,11.270392686128616
3500.0,78,3,0.5974007248878479,-83.16125411004387,-61.31250261468112,0.0,1.1026357412338257,100.0,1.0,0.1282051282051282,44.808162689208984,0.009384600445628166,0.0014936054358258843,9.440244175493717
3500.0,78,4,2.975764036178589,-98.49896051652215,-59.87596839119341,0.876953125,1.5773242712020874,44.402483306005976,0.0,0.10256410256410253,13.474462509155273,0.002822084818035364,0.0004491487634368241,31.392719596624374
3500.0,78,5,29.7884521484375,-77.55275348499835,-53.94822487065133,5.5546875,9.897024154663086,43.87517486877254,0.0,0.02564102564102566,9.244558334350586,0.0019361756276339293,0.0003081519389525056,45.75664922595024
3500.0,78,6,30.0,-77.82955303123603,-52.685809114044915,5.5546875,9.967226028442383,44.270477220550674,0.0,0.012820512820512775,-0.8563240766525269,-0.00017934809147845954,-2.854413651220966e-05,493.97188425064087
3500.0,78,7,1.1723846197128296,-103.68766215335926,-61.62970152411162,0.490234375,1.2078310251235962,59.41200674574204,0.0,0.46153846153846156,35.88653564453125,0.007516059093177319,0.0011962178396061063,11.787150986492634
3500.0,78,8,4.2970290184021,-102.4545853874311,-63.35299190756427,0.490234375,1.8835012912750244,73.97217738735189,0.0,0.5,38.62373733520508,0.008089336566627026,0.0012874578824266791,10.951814241707325
3500.0,78,9,30.0,-72.98855837998781,-48.52056339448046,5.5546875,9.967226028442383,44.270477220550674,0.0,0.05128205128205132,-0.5064009428024292,-0.00010606036812532693,-1.688003249000758e-05,835.3065252304077
3500.0,79,0,30.0,-79.20993638029692,-58.8838938220254,5.5546875,9.967226028442383,44.270477220550674,0.0,0.07594936708860756,35.71573257446289,0.007480285596102476,0.0011905244318768382,11.84352021664381
3500.0,79,1,19.78021240234375,-86.92923655862538,-57.64583476517452,5.33203125,6.585940837860107,19.039186939728502,0.0,0.10126582278481011,27.673856735229492,0.005795999430119991,0.0009224619134329259,15.285184606909752
3500.0,79,2,4.975747585296631,-88.70676861811896,-63.04523964764973,1.02734375,2.0512564182281494,49.91636633671537,0.0,0.12658227848101267,38.12872314453125,0.007985660806298256,0.001270957407541573,11.093998327851295
3500.0,79,3,6.3943586349487305,-83.1560513233666,-61.302341956124444,0.490234375,2.4220962524414062,79.75991356636396,0.0,0.12658227848101267,38.626686096191406,0.008089954033493996,0.001287556253373623,10.950978845357895
3500.0,79,4,3.615386486053467,-98.49632185382245,-59.87208853349321,1.17578125,1.7220280170440674,31.72113122652457,0.0,0.10126582278481011,15.331058502197266,0.0032109294552356005,0.0005110352649353445,27.591049671173096
3500.0,79,5,30.0,-77.5429726671323,-53.944738829362876,5.5546875,9.967226028442383,44.270477220550674,0.0,0.025316455696202556,10.571269989013672,0.0022140417713671923,0.00035237567499279976,40.0141142308712
3500.0,79,6,30.0,-77.82649658198623,-52.68534335762329,5.5546875,9.967226028442383,44.270477220550674,0.0,0.012658227848101222,1.3713496923446655,0.0002872148179449141,4.571165845845826e-05,308.4552586078644
3500.0,79,7,1.2476794719696045,-103.67661713488292,-61.62057211612202,0.490234375,1.222068190574646,59.88485922626954,0.0,0.45569620253164556,36.2628173828125,0.00759486760944128,0.001208760542795062,11.664841324090958
3500.0,79,8,4.0654191970825195,-102.4528957545657,-63.34514963029804,0.490234375,1.8278231620788574,73.179332379045,0.0,0.49367088607594933,38.974510192871094,0.008162802085280418,0.0012991504045203328,10.853247717022896
3500.0,79,9,30.0,-72.97973743561407,-48.52001520847054,5.5546875,9.967226028442383,44.270477220550674,0.0,0.05063291139240511,3.6033968925476074,0.0007546937558799982,0.00012011323269689456,117.3892393708229
3500.0,80,0,30.0,-79.20144363350343,-58.870925501482596,5.5546875,9.967226028442383,44.270477220550674,0.0,0.07499999999999996,36.390316009521484,0.007621570490300655,0.001213010516948998,11.623972095549107
3500.0,80,1,21.192392349243164,-86.91767619584753,-57.63486150928792,5.5546875,7.050881862640381,21.219960733820788,0.0,0.09999999999999998,25.265491485595703,0.005291592329740524,0.00084218307165429,16.742203384637833
3500.0,80,2,6.950981616973877,-88.7041448935655,-63.03688305283131,1.17578125,2.5742523670196533,54.32533091690372,0.0,0.125,38.88041687011719,0.008143095299601555,0.0012960139429196715,10.879512876272202
3500.0,80,3,9.13060474395752,-83.15107389805932,-61.292207161305846,1.328125,3.1994032859802246,58.48835294319288,0.0,0.125,37.3517951965332,0.007822941988706589,0.0012450598878785968,11.324756778776646
3500.0,80,4,3.261592149734497,-98.49435789066618,-59.868264144244186,1.326171875,1.6411473751068115,19.19239581310068,0.0,0.09999999999999998,12.946998596191406,0.0027116131968796253,0.00043156661558896303,32.67166391015053
3500.0,80,5,30.0,-77.53344094918117,-53.94145434717881,5.5546875,9.967226028442383,44.270477220550674,0.0,0.025000000000000022,10.757858276367188,0.0022531207650899887,0.0003585952799767256,39.320096373558044
3500.0,80,6,30.0,-77.82364968166789,-52.68515049364315,5.5546875,9.967226028442383,44.270477220550674,0.0,0.012499999999999956,-0.6780223846435547,-0.00014200469013303518,-2.2600746888201684e-05,623.873233795166
3500.0,80,7,1.3264625072479248,-103.66567131717798,-61.611468569121975,0.490234375,1.2370787858963013,60.37161249638516,0.0,0.44999999999999996,36.33076095581055,0.007609096821397543,0.001211025402881205,11.643026024103165
3500.0,80,8,3.916548490524292,-102.45132559430147,-63.33732368838094,0.490234375,1.792472243309021,72.65037844630747,0.0,0.48750000000000004,38.939064025878906,0.008155378513038158,0.0012979687890037894,10.863127186894417
3500.0,80,9,30.0,-72.97125547335057,-48.52030028778282,5.5546875,9.967226028442383,44.270477220550674,0.0,0.050000000000000044,3.0108280181884766,0.0006305863498710096,0.00010036093590315431,140.49291610717773
3500.0,81,0,30.0,-79.19308157686743,-58.858009700244466,5.5546875,9.967226028442383,44.270477220550674,0.0,0.07407407407407407,35.26685333251953,0.007386272773146629,0.001175561803393066,11.99426595121622
3500.0,81,1,20.499675750732422,-86.9071021882497,-57.62394911909455,5.5546875,6.8226470947265625,18.58456955375294,0.0,0.09876543209876543,25.76833724975586,0.005396908149123192,0.000858944607898593,16.415495425462723
3500.0,81,2,9.216075897216797,-88.70147358915602,-63.02855712817112,1.4765625,3.2247323989868164,54.211316868837756,0.0,0.12345679012345678,38.868553161621094,0.00814061053097248,0.0012956184800714254,10.88283397257328
3500.0,81,3,10.102323532104492,-83.14614228025256,-61.282110719781265,1.9140625,3.490365743637085,45.16154923049758,0.0,0.12345679012345678,36.26463317871094,0.007595246657729149,0.001208821078762412,11.664257384836674
3500.0,81,4,3.3994596004486084,-98.44974580181088,-59.864498406316535,1.17578125,1.6724205017089844,29.695836136993492,0.0,0.09876543209876543,13.024065017700195,0.002727753948420286,0.0004341354942880571,32.47833997011185
3500.0,81,5,30.0,-77.52296779715174,-53.93820929810317,5.5546875,9.967226028442383,44.270477220550674,0.0,0.024691358024691357,12.004316329956055,0.002514178166165948,0.00040014387923292816,35.237327218055725
3500.0,81,6,30.0,-77.82074115256903,-52.68498253397417,5.5546875,9.967226028442383,44.270477220550674,0.0,0.012345679012345734,0.851412832736969,0.00017831948935054243,2.8380427465890534e-05,496.8212842941284
3500.0,81,7,1.3796234130859375,-103.6546260314252,-61.60240195157425,0.490234375,1.2472730875015259,60.695506067399194,0.0,0.4444444444444444,35.895957946777344,0.007518031634390354,0.0011965319281443954,11.784057132899761
3500.0,81,8,4.229739665985107,-102.44977503853244,-63.32952734377385,0.490234375,1.8672406673431396,73.74551745932436,0.0,0.4814814814814815,38.233638763427734,0.008007634431123734,0.001274454640224576,11.06355618685484
3500.0,81,9,30.0,-72.96255493032649,-48.520840264024,5.5546875,9.967226028442383,44.270477220550674,0.0,0.04938271604938271,-2.2901182174682617,-0.0004796413122676313,-7.633727364009246e-05,184.70662832260132
3500.0,82,0,30.0,-79.18478554507882,-58.845042274103946,5.5546875,9.967226028442383,44.270477220550674,0.0,0.07317073170731703,35.75697326660156,0.007488923147320747,0.0011918990639969707,11.829860508441925
3500.0,82,1,20.730361938476562,-86.8975074191392,-57.61297549688488,5.5546875,6.898620128631592,19.481180345817563,0.0,0.09756097560975607,26.677738189697266,0.005587371997535229,0.0008892579353414476,15.85591770708561
3500.0,82,2,10.880172729492188,-88.6985046695078,-63.020217349900236,1.9140625,3.727555274963379,48.650996194313855,0.0,0.12195121951219512,38.84246826171875,0.008135148324072361,0.0012947489740327,10.890142060816288
3500.0,82,3,12.037759780883789,-83.14095910787209,-61.27199040290701,2.16015625,4.0863871574401855,47.13774865734515,0.0,0.12195121951219512,36.1336669921875,0.007567817810922861,0.0012044556206092238,11.706533841788769
3500.0,82,4,4.160035610198975,-98.44654973843092,-59.860712994505356,1.326171875,1.8504693508148193,28.333215872176154,0.0,0.09756097560975607,11.893584251403809,0.002490986604243517,0.00039645281503908336,35.565394908189774
3500.0,82,5,30.0,-77.51418229043202,-53.93478901894473,5.5546875,9.967226028442383,44.270477220550674,0.0,0.024390243902439046,11.771520614624023,0.0024654215667396784,0.0003923840122297406,35.93418747186661
3500.0,82,6,30.0,-77.81750310684626,-52.68456294811168,5.5546875,9.967226028442383,44.270477220550674,0.0,0.012195121951219523,0.860141396522522,0.00018014758825302124,2.8671380277955905e-05,491.779625415802
3500.0,82,7,1.3843095302581787,-103.6436599757107,-61.59331527790369,0.490234375,1.2481741905212402,60.723881432344214,0.0,0.4390243902439024,35.623680114746094,0.007461006287485361,0.0011874560732394457,11.87412440776825
3500.0,82,8,4.089894771575928,-102.44802770502774,-63.32171892449375,0.490234375,1.8336679935455322,73.26482347264536,0.0,0.47560975609756095,37.75847625732422,0.007908117026090622,0.0012586158700287342,11.202782392501831
3500.0,82,9,30.0,-72.95278677645221,-48.520716834914474,5.5546875,9.967226028442383,44.270477220550674,0.0,0.04878048780487809,-8.297719955444336,-0.0017378702759742737,-0.00027659066836349666,50.977859646081924
3500.0,83,0,30.0,-79.17704335663527,-58.8320199893629,5.5546875,9.967226028442383,44.270477220550674,0.0,0.07228915662650603,35.32511520385742,0.007398475427180529,0.0011775038437917829,11.974483728408813
3500.0,83,1,20.92735481262207,-86.88565852587976,-57.60196061292465,5.5546875,6.963522911071777,20.23164753047304,0.0,0.09638554216867468,27.600482940673828,0.005780632141977549,0.000920016085729003,15.3258191421628
3500.0,83,2,12.121514320373535,-88.69556232642978,-63.011851974313906,2.5703125,4.112586975097656,37.50132178204046,0.0,0.12048192771084343,39.385162353515625,0.008248809725046158,0.0013128387508913875,10.740085504949093
3500.0,83,3,15.519336700439453,-83.13571449396461,-61.2618366092113,2.73046875,5.1953349113464355,47.443835737389165,0.0,0.12048192771084343,37.27115249633789,0.00780605198815465,0.001242371741682291,11.349259875714779
3500.0,83,4,5.694488048553467,-98.44564401654577,-59.856907815796006,1.4765625,2.2359232902526855,33.961844467699464,0.0,0.09638554216867468,14.390562057495117,0.0030139521695673466,0.00047968540457077324,29.39426526427269
3500.0,83,5,30.0,-77.50440948624671,-53.9313681435934,5.5546875,9.967226028442383,44.270477220550674,0.0,0.02409638554216864,12.871801376342773,0.0026958640664815903,0.00042906004819087684,32.86253288388252
3500.0,83,6,30.0,-77.81414577886622,-52.68415680400621,5.5546875,9.967226028442383,44.270477220550674,0.0,0.012048192771084376,-0.5960747003555298,-0.0001248415937880054,-1.9869157767971046e-05,709.6425890922546
3500.0,83,7,1.3238977193832397,-103.63262372511194,-61.5842002036768,0.490234375,1.2365882396697998,60.35589218195177,0.0,0.4337349397590361,36.01103210449219,0.007542133331298828,0.001200367696583271,11.746400967240334
3500.0,83,8,3.7171971797943115,-102.44624592551135,-63.313886701850116,0.490234375,1.7456804513931274,71.91729021146041,0.0,0.4698795180722891,38.23984909057617,0.008008935488760471,0.0012746616266667843,11.061759665608406
3500.0,83,9,30.0,-72.94247182580884,-48.52055768499888,5.5546875,9.967226028442383,44.270477220550674,0.0,0.048192771084337394,-0.0024448856711387634,-5.120564310345799e-07,-8.149618935249237e-08,173014.22119140625
3500.0,84,0,27.15506935119629,-79.23018829400505,-58.81904453755162,0.0,9.023493766784668,100.0,1.0,0.08333333333333337,36.74372863769531,0.007695588283240795,0.001224790932610631,11.512168683111668
3500.0,84,1,20.84255027770996,-86.87606766133351,-57.591034240907256,5.5546875,6.935579299926758,19.910258973483884,0.0,0.09523809523809523,29.631999969482422,0.00620611198246479,0.0009877333650365472,14.275108464062214
3500.0,84,2,12.990445137023926,-88.69275829633807,-63.00350603976268,2.73046875,4.3860368728637695,37.74633389670529,0.0,0.11904761904761907,39.6173095703125,0.008297430351376534,0.0013205769937485456,10.677151381969452
3500.0,84,3,16.99080467224121,-83.1307420290304,-61.25171309869837,3.90234375,5.67278528213501,31.20938734823199,0.0,0.11904761904761907,38.186241149902344,0.007997708395123482,0.0012728747678920627,11.077288538217545
3500.0,84,4,5.472806453704834,-98.44304280393638,-59.85316380273145,1.6953125,2.178232431411743,22.170266333733537,0.0,0.09523809523809523,13.64237117767334,0.0028572515584528446,0.00045474572107195854,31.0063399374485
3500.0,84,5,30.0,-77.4938726770231,-53.928188454202974,5.5546875,9.967226028442383,44.270477220550674,0.0,0.023809523809523836,12.865023612976074,0.002694444265216589,0.0004288341151550412,32.879848033189774
3500.0,84,6,30.0,-77.81103352097432,-52.68407855955563,5.5546875,9.967226028442383,44.270477220550674,0.0,0.011904761904761862,1.4875893592834473,0.0003115599974989891,4.958631325280294e-05,284.3526601791382
3500.0,84,7,1.2916369438171387,-103.62220738958462,-61.575115339352365,0.490234375,1.23042893409729,60.15744092041668,0.0,0.4285714285714286,36.130767822265625,0.007567211054265499,0.0012043589958921075,11.707473546266556
3500.0,84,8,2.675093412399292,-102.44470296906823,-63.30607312251211,0.490234375,1.5116900205612183,67.5704431244443,0.0,0.4642857142857143,38.68132781982422,0.00810139812529087,0.0012893775710836053,10.935508646070957
3500.0,84,9,30.0,-72.9325298765182,-48.5213763207297,5.5546875,9.967226028442383,44.270477220550674,0.0,0.04761904761904767,5.756523132324219,0.001205643406137824,0.00019188410078641027,73.48185777664185
3500.0,85,0,24.96394157409668,-79.22082417343123,-58.806111090601135,5.5546875,8.29743480682373,33.05536434667883,0.0,0.08235294117647063,34.75474548339844,0.007279017008841038,0.001158491475507617,12.171000242233276
3500.0,85,1,20.33213996887207,-86.8655921586419,-57.580172666570036,5.5546875,6.767493724822998,17.921054294804218,0.0,0.09411764705882353,27.84699249267578,0.005832260474562645,0.0009282330865971744,15.19015058875084
3500.0,85,2,13.677206993103027,-88.69022409639967,-62.99519249185578,3.029296875,4.604045867919922,34.20359045274637,0.0,0.11764705882352944,39.25017547607422,0.008220537565648556,0.0013083391822874546,10.777021758258343
3500.0,85,3,15.51573371887207,-83.12583033727874,-61.24163027279906,4.212890625,5.1941704750061035,18.891945397786557,0.0,0.11764705882352944,38.786109924316406,0.00812334381043911,0.0012928703799843788,10.90596616268158
3500.0,85,4,4.422186851501465,-98.44220524498296,-59.849479978551955,0.0,1.9139273166656494,100.0,1.0,0.10588235294117643,11.38502311706543,0.002384473569691181,0.0003795007651206106,37.154074758291245
3500.0,85,5,30.0,-77.48437707925527,-53.925052465417934,5.5546875,9.967226028442383,44.270477220550674,0.0,0.02352941176470591,12.474771499633789,0.0026127099990844727,0.00041582572157494724,33.90843793749809
3500.0,85,6,29.420801162719727,-77.80782744210035,-52.684029446772826,5.5546875,9.775026321411133,43.174705444699825,0.0,0.0117647058823529,-1.3204874992370605,-0.0002765622630249709,-4.401625119498931e-05,320.336252450943
3500.0,85,7,1.3083550930023193,-103.61059337389986,-61.56606980382556,0.490234375,1.2336184978485107,60.26045524973953,0.0,0.42352941176470593,35.77104568481445,0.007491870783269405,0.0011923682177439332,11.825206689536572
3500.0,85,8,2.1818885803222656,-102.44315064335726,-63.29829077412555,0.490234375,1.407450795173645,65.16863135243622,0.0,0.45882352941176474,38.614524841308594,0.008087407797574997,0.0012871508952230215,10.954427532851696
3500.0,85,9,30.0,-72.92233799566827,-48.52246203549579,5.5546875,9.967226028442383,44.270477220550674,0.0,0.04705882352941182,7.206325054168701,0.0015092892572283745,0.00024021083663683385,58.69843438267708
3500.0,86,0,20.530841827392578,-79.21132187296236,-58.793121865572594,5.5546875,6.832909107208252,18.7068434125637,0.0,0.08139534883720934,35.42042922973633,0.007418437860906124,0.0011806809343397617,11.942260898649693
3500.0,86,1,20.347858428955078,-86.84545155398837,-57.56925892270453,5.5546875,6.77266788482666,17.983760691342876,0.0,0.09302325581395354,26.05075454711914,0.0054560573771595955,0.0008683584746904671,16.2375345826149
3500.0,86,2,15.456280708312988,-88.68730740304728,-62.98687157292368,3.322265625,5.17496395111084,35.80118322782029,0.0,0.11627906976744184,38.92530059814453,0.008152496069669724,0.0012975099962204695,10.866967961192131
3500.0,86,3,10.1739501953125,-83.1206639170132,-61.23153133267687,0.0,3.5120580196380615,100.0,1.0,0.12790697674418605,39.46467590332031,0.008265462704002857,0.0013154891785234213,10.718446224927902
3500.0,86,4,4.749804496765137,-98.4403941566707,-59.84578349108246,1.328125,1.9946696758270264,33.41629363020545,0.0,0.10465116279069764,9.244324684143066,0.0019361269660294056,0.00030814416822977364,45.757804065942764
3500.0,86,5,30.0,-77.47563079396109,-53.92173924312028,5.5546875,9.967226028442383,44.270477220550674,0.0,0.023255813953488413,13.357004165649414,0.0027974843978881836,0.0004452334833331406,31.668778508901596
3500.0,86,6,30.0,-77.80431581039069,-52.68372172018375,5.5546875,9.967226028442383,44.270477220550674,0.0,0.011627906976744207,2.1531572341918945,0.0004509562277235091,7.177190855145454e-05,196.4557021856308
3500.0,86,7,1.315207600593567,-103.60774016926946,-61.55701145588344,0.490234375,1.2349272966384888,60.30257195428156,0.0,0.41860465116279066,35.390419006347656,0.007412151899188757,0.0011796806938946247,11.952388100326061
3500.0,86,8,1.38621187210083,-102.44135351519232,-63.290502203761996,0.490234375,1.2485401630401611,60.73539406163013,0.0,0.4534883720930233,38.489356994628906,0.00806119292974472,0.0012829785700887442,10.990051552653313
3500.0,86,9,30.0,-72.91105622203648,-48.522890164196895,5.5546875,9.967226028442383,44.270477220550674,0.0,0.046511627906976716,7.334787368774414,0.0015361943515017629,0.00024449292686767876,57.670384645462036
3500.0,87,0,19.353113174438477,-79.20165475943045,-58.78005326712675,5.5546875,6.44561243057251,13.822192075134998,0.0,0.08045977011494254,33.1889762878418,0.006951082963496447,0.001106299227103591,12.745195999741554
3500.0,87,1,21.526273727416992,-86.83463189590873,-57.55828742503473,5.5546875,7.160990238189697,22.43129350495765,0.0,0.09195402298850575,27.288055419921875,0.005715196952223778,0.0009096018620766699,15.501287765800953
3500.0,87,2,15.922398567199707,-88.6842833191931,-62.97852242617253,3.90234375,5.325734615325928,26.72665778782555,0.0,0.11494252873563215,39.25920104980469,0.0082224290817976,0.0013086399994790554,10.774544440209866
3500.0,87,3,11.440030097961426,-83.11537118742402,-61.22139397332357,2.16015625,3.9003028869628906,44.61567953554288,0.0,0.12643678160919536,39.12565231323242,0.008194457739591599,0.0013041883939877152,10.811321437358856
3500.0,87,4,7.485628604888916,-98.49132578169134,-59.842058156414105,1.328125,2.723522663116455,51.2350303529231,0.0,0.10344827586206895,12.886393547058105,0.002698920201510191,0.00042954646050930023,32.82532095909119
3500.0,87,5,30.0,-77.46576469200022,-53.91837348692914,5.5546875,9.967226028442383,44.270477220550674,0.0,0.02298850574712641,12.66617202758789,0.0026527969166636467,0.0004222057468723506,33.39604288339615
3500.0,87,6,30.0,-77.80064392729413,-52.68335412677182,5.5546875,9.967226028442383,44.270477220550674,0.0,0.011494252873563204,-1.5031200647354126,-0.0003148127580061555,-5.0104001275030896e-05,281.414657831192
3500.0,87,7,1.251012921333313,-103.59606692326402,-61.54792100189986,0.490234375,1.2227009534835815,59.905619309179436,0.0,0.4137931034482759,35.67366409301758,0.007471474818885326,0.001189122092910111,11.857487261295319
3500.0,87,8,0.7202644348144531,-102.43958314168431,-63.28268783292207,0.490234375,1.1245877742767334,56.40763787288289,0.0,0.4482758620689655,38.914329528808594,0.008150198496878147,0.001297144335694611,10.870032012462616
3500.0,87,9,30.0,-72.89896612944088,-48.52307594682358,5.5546875,9.967226028442383,44.270477220550674,0.0,0.04597701149425293,6.3052473068237305,0.001320568029768765,0.00021017491235397756,67.08697974681854
3500.0,88,0,20.301494598388672,-79.19220527236735,-58.76702491226334,5.5546875,6.757408142089844,17.798549633230852,0.0,0.07954545454545459,30.448766708374023,0.006377174984663725,0.0010149589506909251,13.892188668251038
3500.0,88,1,20.646291732788086,-88.32523923553964,-57.54737911152564,5.5546875,6.8709282875061035,19.156666063587323,0.0,0.09090909090909094,21.26861572265625,0.004454488400369883,0.000708953884895891,19.888460636138916
3500.0,88,2,14.909843444824219,-88.68152715607826,-62.970182480492326,3.90234375,4.998785972595215,21.93417018864634,0.0,0.11363636363636365,39.479576110839844,0.008268583565950394,0.0013159859227016568,10.714400559663773
3500.0,88,3,16.206907272338867,-83.11029643789693,-61.21127323311344,2.5703125,5.417963981628418,52.5594391414269,0.0,0.125,38.65235137939453,0.008095329627394676,0.0012884116731584072,10.943707078695297
3500.0,88,4,7.802266597747803,-98.49042098537026,-59.838376152918336,1.9140625,2.8132665157318115,31.962987178905898,0.0,0.10227272727272729,12.759931564331055,0.002672433853149414,0.0004253310617059469,33.15064683556557
3500.0,88,5,30.0,-77.4561386996293,-53.915211181338876,5.5546875,9.967226028442383,44.270477220550674,0.0,0.022727272727272707,13.300344467163086,0.002785617718473077,0.00044334481935948133,31.803689897060394
3500.0,88,6,30.0,-77.79709418305757,-52.68326754184437,5.5546875,9.967226028442383,44.270477220550674,0.0,0.011363636363636354,1.0705465078353882,0.00022421473113354295,3.568488318705931e-05,395.12529969215393
3500.0,88,7,1.1966747045516968,-103.58510968569911,-61.53884887677861,0.490234375,1.2124123573303223,59.56537624876456,0.0,0.40909090909090906,35.85611343383789,0.0075096869841217995,0.0011952037457376719,11.797151528298855
3500.0,88,8,0.20046377182006836,-102.43795422626042,-63.27488252390569,0.490234375,1.0336804389953613,52.5738945513508,0.0,0.44318181818181823,39.19281768798828,0.00820852443575859,0.0013064272934570909,10.792793706059456
3500.0,88,9,30.0,-72.88701036291155,-48.52406581516193,5.5546875,9.967226028442383,44.270477220550674,0.0,0.045454545454545414,0.7602465748786926,0.00015922568854875863,2.5341552827740088e-05,556.3984513282776
3500.0,89,0,22.85744285583496,-79.18282173979674,-58.75406930101996,5.5546875,7.600531101226807,26.917113738230547,0.0,0.0786516853932584,35.74500274658203,0.007486416958272457,0.0011915001086890697,11.83382235467434
3500.0,89,1,21.002609252929688,-88.31613722822144,-57.53655887482024,5.5546875,6.98832368850708,20.51473647199288,0.0,0.0898876404494382,25.86116600036621,0.005416349973529577,0.000862038868945092,16.3565706461668
3500.0,89,2,15.118056297302246,-88.67888556292677,-62.96187999667776,3.90234375,5.06583833694458,22.967463814613797,0.0,0.1123595505617978,39.11041259765625,0.008191266097128391,0.0013036804739385843,10.815533809363842
3500.0,89,3,19.699966430664062,-83.10535297391901,-61.20120159797706,3.90234375,6.559564113616943,40.50909965344866,0.0,0.1235955056179775,38.063507080078125,0.007972002029418945,0.0012687835842370987,11.113006621599197
3500.0,89,4,6.742276191711426,-98.4881654703714,-59.83476579335436,2.16015625,2.516798257827759,14.17046466551417,0.0,0.101123595505618,10.724096298217773,0.002246049465611577,0.0003574698930606246,39.443884044885635
3500.0,89,5,30.0,-77.44657885636435,-53.91215675059205,5.5546875,9.967226028442383,44.270477220550674,0.0,0.022471910112359605,12.600301742553711,0.0026390012353658676,0.0004200100665912032,33.57062488794327
3500.0,89,6,30.0,-77.79359194112916,-52.68329945275403,5.5546875,9.967226028442383,44.270477220550674,0.0,0.011235955056179803,1.192838191986084,0.00024982745526358485,3.976127482019365e-05,354.6164333820343
3500.0,89,7,1.3038023710250854,-103.57406100100567,-61.52982475080026,0.490234375,1.232749581336975,60.232444413542794,0.0,0.4044943820224719,35.51211929321289,0.007437641266733408,0.001183737302199006,11.911426670849323
3500.0,89,8,-0.41701388359069824,-102.43635397638806,-63.2671131403686,0.490234375,0.9323975443840027,47.42217223192302,0.0,0.4382022471910112,38.695091247558594,0.00810428149998188,0.0012898363638669252,10.931619442999363
3500.0,89,9,30.0,-72.87501030169986,-48.52556994973308,5.5546875,9.967226028442383,44.270477220550674,0.0,0.0449438202247191,-12.343690872192383,-0.0025852567050606012,-0.0004114563635084778,34.26852077245712
3500.0,90,0,25.471744537353516,-79.17333836049735,-58.74108522493007,5.5546875,8.465617179870605,34.38532144817702,0.0,0.07777777777777772,34.8145751953125,0.007291547488421202,0.001160485902801156,12.150083668529987
3500.0,90,1,20.511316299438477,-88.30754660484516,-57.525702319129614,5.5546875,6.826478958129883,18.630269952202283,0.0,0.0888888888888889,27.50356674194336,0.005760333966463804,0.0009167855605483055,15.379823744297028
3500.0,90,2,15.151041984558105,-88.67616920287048,-62.953577101149016,3.90234375,5.076470375061035,23.12879891566231,0.0,0.11111111111111116,38.68918991088867,0.008103045634925365,0.0012896396219730377,10.933286510407925
3500.0,90,3,21.334470748901367,-83.10017269285456,-61.191123175694734,5.115234375,7.097729206085205,27.93139571154,0.0,0.12222222222222223,37.67169952392578,0.007889943197369576,0.0012557232985273004,11.228588409721851
3500.0,90,4,7.29766321182251,-98.48703000937857,-59.83115301008883,1.9140625,2.670711040496826,28.331351801955652,0.0,0.09999999999999998,10.313508033752441,0.0021600560285151005,0.0003437836130615324,41.0141721367836
3500.0,90,5,30.0,-77.43688000442577,-53.908946725894296,5.5546875,9.967226028442383,44.270477220550674,0.0,0.022222222222222254,12.544936180114746,0.0026274053379893303,0.0004181645344942808,33.7187834084034
3500.0,90,6,29.487524032592773,-77.78974142993839,-52.68309894523865,5.5546875,9.797165870666504,43.30311874548152,0.0,0.011111111111111072,-1.8938648700714111,-0.00039665010990574956,-6.312882760539651e-05,223.35278987884521
3500.0,90,7,1.4035568237304688,-103.562949977926,-61.520797362107174,0.490234375,1.2518798112869263,60.840140516680954,0.0,0.4,35.13273239135742,0.007358182687312365,0.0011710911057889462,12.04005442559719
3500.0,90,8,-1.4661873579025269,-102.4344235674689,-63.25934410602928,0.490234375,0.7769286036491394,36.900974851816684,0.0,0.43333333333333335,37.972694396972656,0.007952982559800148,0.001265756436623633,11.139583773911
3500.0,90,9,30.0,-72.86199659690418,-48.526510690152904,5.5546875,9.967226028442383,44.270477220550674,0.0,0.0444444444444444,-11.616592407226562,-0.002432973589748144,-0.0003872197412420064,36.41343116760254
3500.0,91,0,27.403186798095703,-79.16371108896189,-58.728026660760065,5.5546875,9.10576343536377,38.998113234224455,0.0,0.07692307692307687,35.04114532470703,0.007339000701904297,0.0011680382303893566,12.071523815393448
3500.0,91,1,20.210969924926758,-88.416958377899,-57.5147760641178,5.5546875,6.727616786956787,17.434543674229662,0.0,0.08791208791208793,28.922435760498047,0.0060575008392333984,0.0009640812058933079,14.625324867665768
3500.0,91,2,14.760980606079102,-88.67306405552202,-62.94524459261579,3.90234375,4.9509077072143555,21.17922650196874,0.0,0.10989010989010994,38.916168212890625,0.008150583133101463,0.001297205570153892,10.869518853724003
3500.0,91,3,21.345224380493164,-83.09487382669096,-61.18100330969129,5.33203125,7.10127592086792,24.91446171903826,0.0,0.1208791208791209,38.11747360229492,0.007983305491507053,0.0012705824337899685,11.097272858023643
3500.0,91,4,7.284399509429932,-98.70446829995055,-59.827505309242845,2.16015625,2.6669979095458984,19.004201605549696,0.0,0.09890109890109888,11.962532997131348,0.0025054272264242172,0.00039875111542642117,35.36040335893631
3500.0,91,5,27.755598068237305,-77.42702878921145,-53.90564453499589,5.5546875,9.222627639770508,39.77109651433113,0.0,0.02197802197802201,10.862536430358887,0.0022750443313270807,0.0003620845382101834,38.94118219614029
3500.0,91,6,30.0,-77.78570971975996,-52.68278269179904,5.5546875,9.967226028442383,44.270477220550674,0.0,0.01098901098901095,1.5431222915649414,0.00032319079036824405,5.1437411457300186e-05,274.1195559501648
3500.0,91,7,1.4295787811279297,-103.55260906199786,-61.511735529701525,0.490234375,1.256900668144226,60.99656978273267,0.0,0.39560439560439564,35.358131408691406,0.007405389565974474,0.0011786044342443347,11.96330226957798
3500.0,91,8,-4.267035484313965,-102.43262097743256,-63.251547727825304,0.0,0.45876625180244446,100.0,1.0,0.43956043956043955,37.97735595703125,0.007953958585858345,0.0012659118510782719,11.138216592371464
3500.0,91,9,30.0,-72.8480137353869,-48.52705395416704,5.5546875,9.967226028442383,44.270477220550674,0.0,0.04395604395604391,0.5125488042831421,0.00010734796524047852,1.7084959836211056e-05,825.2872824668884
3500.0,92,0,28.927593231201172,-79.099577614163,-58.714991828847296,5.5546875,9.611383438110352,42.20720111971643,0.0,0.07608695652173914,36.16722106933594,0.0075748455710709095,0.0012055740226060152,11.695673689246178
3500.0,92,1,21.73187828063965,-88.40687552530687,-57.50391640461471,5.5546875,7.228823661804199,23.159178313479035,0.0,0.08695652173913049,27.72632598876953,0.005806988105177879,0.0009242108790203929,15.25625865906477
3500.0,92,2,15.429115295410156,-88.67046033083264,-62.93691905051379,3.90234375,5.166190147399902,24.463799460342837,0.0,0.10869565217391308,39.184173583984375,0.008206713944673538,0.0013061391655355692,10.795175097882748
3500.0,92,3,21.39507484436035,-83.08978459311729,-61.17089803028445,5.33203125,7.117715835571289,25.087888120613133,0.0,0.11956521739130432,38.718528747558594,0.008109190501272678,0.0012906176270917058,10.92500239610672
3500.0,92,4,6.6138129234313965,-98.70313269220068,-59.82389979027171,0.0,2.4816715717315674,100.0,1.0,0.10869565217391308,12.450115203857422,0.002607546281069517,0.00041500385850667953,33.97559002041817
3500.0,92,5,24.709882736206055,-77.41734917557635,-53.90257493487145,5.5546875,8.2133150100708,32.369725340023,0.0,0.021739130434782594,5.254071235656738,0.0011004101252183318,0.0001751357049215585,80.5089995265007
3500.0,92,6,28.18143081665039,-77.78186003953819,-52.682791006002184,5.5546875,9.363861083984375,40.679518307885346,0.0,0.010869565217391353,-2.28298282623291,-0.00047814680146984756,-7.609942986164242e-05,185.28391420841217
3500.0,92,7,1.3865081071853638,-103.54110308800385,-61.50269092064055,0.490234375,1.2485971450805664,60.73718597455488,0.0,0.3913043478260869,35.60577392578125,0.007457256317138672,0.0011868590954691172,11.880096048116684
3500.0,92,8,-1.13528311252594,-99.14086169874608,-63.24375826938602,0.490234375,0.8237218260765076,40.485445513196,0.0,0.4347826086956522,38.58362579345703,0.008080936968326569,0.0012861208524554968,10.963199660182
3500.0,92,9,30.0,-72.8341692747592,-48.528496345160605,5.5546875,9.967226028442383,44.270477220550674,0.0,0.04347826086956519,5.059300899505615,0.0010596176143735647,0.00016864336794242263,83.60838890075684
3500.0,93,0,30.0,-79.0888719421059,-58.7020077461989,5.5546875,9.967226028442383,44.270477220550674,0.0,0.07526881720430112,34.91876983642578,0.007313370704650879,0.0011639590375125408,12.113829143345356
3500.0,93,1,20.258041381835938,-88.3970243645676,-57.49313886436961,5.5546875,6.743106842041016,17.624210469743986,0.0,0.08602150537634412,26.66083526611328,0.005583832506090403,0.0008886945433914661,15.865970402956009
3500.0,93,2,14.52904987335205,-88.66779857176127,-62.928627378416465,3.90234375,4.876418113708496,19.975201900144622,0.0,0.10752688172043012,38.82496643066406,0.008131482638418674,0.0012941656168550253,10.895051062107086
3500.0,93,3,21.40593719482422,-83.08482056958752,-61.16083741494961,5.5546875,7.121297359466553,21.998938962772165,0.0,0.11827956989247312,38.571163177490234,0.008078325539827347,0.0012857054825872183,10.966742411255836
3500.0,93,4,4.654880046844482,-98.70162569202982,-59.820360174314594,1.6953125,1.971113920211792,13.992160340593497,0.0,0.10752688172043012,11.22150993347168,0.002350227441638708,0.0003740503452718258,37.69546374678612
3500.0,93,5,16.398202896118164,-77.40680295580331,-53.89961203871113,0.0,5.480055332183838,100.0,1.0,0.032258064516129004,-14.794862747192383,-0.0030986289493739605,-0.0004931620787829161,28.591005131602287
3500.0,93,6,28.890764236450195,-77.77797908104026,-52.682919095145024,5.5546875,9.599164962768555,42.133638482675494,0.0,0.010752688172043001,0.7587625980377197,0.00015891487419139594,2.5292087229900062e-05,557.4866533279419
3500.0,93,7,1.3992267847061157,-103.52948264538497,-61.49369061592127,0.490234375,1.25104558467865,60.814027801718815,0.0,0.3870967741935484,35.280616760253906,0.0073891556821763515,0.0011760205961763859,11.989586986601353
3500.0,93,8,-3.007359266281128,-99.13725314528376,-63.236001367093834,0.490234375,0.5852881669998169,16.240511488052455,0.0,0.4301075268817204,38.77177047729492,0.00812034122645855,0.0012923923786729574,10.90999972075224
3500.0,93,9,30.0,-72.82022204280203,-48.53043333791723,5.5546875,9.967226028442383,44.270477220550674,0.0,0.043010752688172005,6.25010871887207,0.0013090197462588549,0.00020833696180488914,67.67882406711578
3500.0,94,0,28.275009155273438,-79.07926071431227,-58.68897800403586,5.5546875,9.394899368286133,40.87549762639644,0.0,0.07446808510638303,35.27223205566406,0.007387399673461914,0.0011757410829886794,11.992436833679676
3500.0,94,1,18.90801239013672,-88.38816558563127,-57.48232184512249,5.5546875,6.299539566040039,11.823912815079929,0.0,0.08510638297872342,26.410659790039062,0.0055314358323812485,0.0008803553646430373,16.016259789466858
3500.0,94,2,13.124258041381836,-88.66494564706497,-62.92033471194142,3.90234375,4.428393363952637,11.879017303085792,0.0,0.1063829787234043,38.375938415527344,0.008037437684834003,0.0012791979825124145,11.022532358765602
3500.0,94,3,22.927200317382812,-83.07964174210382,-61.150769155721825,5.5546875,7.623586177825928,27.138129347098563,0.0,0.11702127659574468,37.938697814941406,0.007945863530039787,0.0012646232498809695,11.149565689265728
3500.0,94,4,4.422910690307617,-98.70000926047214,-59.81681611711523,1.328125,1.9141039848327637,30.61374875534575,0.0,0.1063829787234043,10.133956909179688,0.0021224510855972767,0.0003377985558472574,41.74085333943367
3500.0,94,5,19.112524032592773,-77.39707558951737,-53.89648332016928,5.5546875,6.366633892059326,12.753150343260856,0.0,0.03191489361702127,-3.8489151000976562,-0.0008061148691922426,-0.00012829716433770955,109.90110039710999
3500.0,94,6,28.733661651611328,-77.77380593351316,-52.68280115576433,5.5546875,9.547045707702637,41.81773430163395,0.0,0.010638297872340385,0.6751279830932617,0.00014139847189653665,2.2504265871248208e-05,626.5478730201721
3500.0,94,7,1.4155123233795166,-103.5196961835215,-61.48468672393755,0.490234375,1.2541849613189697,60.91211502931413,0.0,0.3829787234042553,34.86894226074219,0.007302934769541025,0.001162298140116036,12.131139636039734
3500.0,94,8,-3.0050148963928223,-99.13401402632644,-63.228244636647474,0.490234375,0.585547924041748,16.277668339056806,0.0,0.42553191489361697,38.409263610839844,0.008044417947530746,0.001280308817513287,11.012968607246876
3500.0,94,9,30.0,-72.80521642049055,-48.5317662323976,5.5546875,9.967226028442383,44.270477220550674,0.0,0.04255319148936165,6.262549877166748,0.0013116253539919853,0.00020875166228506714,67.5443708896637
3500.0,95,0,30.0,-79.06989012122378,-58.6758881434778,5.5546875,9.967226028442383,44.270477220550674,0.0,0.0736842105263158,34.84741973876953,0.007298426702618599,0.0011615806724876165,12.138632126152515
3500.0,95,1,20.493854522705078,-88.3698811371974,-57.47143236273236,5.5546875,6.820730686187744,18.56169440543274,0.0,0.08421052631578951,26.64322280883789,0.005580144003033638,0.0008881074609234929,15.87645709514618
3500.0,95,2,10.787765502929688,-88.6619536972732,-62.91201246990635,0.0,3.6991989612579346,100.0,1.0,0.11578947368421055,38.58441162109375,0.008081100881099701,0.0012861470459029078,10.962977074086666
3500.0,95,3,27.15477180480957,-83.07425347240638,-61.140658892533104,5.5546875,9.023394584655762,38.44126566906739,0.0,0.11578947368421055,37.83805847167969,0.00792478397488594,0.0012612686259672046,11.179220862686634
3500.0,95,4,6.047905445098877,-98.69829538308812,-59.81323552320126,1.326171875,2.3291893005371094,43.062941483794994,0.0,0.10526315789473684,11.930399894714355,0.002498697256669402,0.000397680007154122,35.45564413070679
3500.0,95,5,26.524715423583984,-77.38714440776099,-53.893252610811466,5.5546875,8.81452751159668,36.98258366438731,0.0,0.03157894736842104,5.509737491607666,0.0011539567494764924,0.00018365791765972972,76.77316665649414
3500.0,95,6,28.318058013916016,-77.76936379978446,-52.68255352976277,5.5546875,9.409178733825684,40.96522494539205,0.0,0.010526315789473717,-1.1700751781463623,-0.00024505998590029776,-3.900250521837734e-05,361.51525378227234
3500.0,95,7,1.4063559770584106,-103.50859936281424,-61.47564834913566,0.490234375,1.2524192333221436,60.85700682673056,0.0,0.3789473684210526,35.058326721191406,0.007342598866671324,0.0011686108773574233,12.065607123076916
3500.0,95,8,-2.1693429946899414,-99.13017528433151,-63.220460662081614,0.490234375,0.6842156052589417,28.3508924333185,0.0,0.42105263157894735,38.53140640258789,0.008069999516010284,0.0012843802105635405,10.978057980537415
3500.0,95,9,30.0,-72.78918824312134,-48.53266334363806,5.5546875,9.967226028442383,44.270477220550674,0.0,0.04210526315789476,6.185751914978027,0.0012955409474670887,0.00020619173301383853,68.38295608758926
3500.0,96,0,28.89630126953125,-79.06074748743242,-58.6628108369308,5.5546875,9.60100269317627,42.144714697894116,0.0,0.07291666666666663,35.433570861816406,0.0074211903847754,0.0011811190051957965,11.937831528484821
3500.0,96,1,20.561538696289062,-88.35980719866353,-57.460574207605916,5.5546875,6.843017101287842,18.826923595520185,0.0,0.08333333333333337,25.394901275634766,0.005318695679306984,0.0008464967249892652,16.656886786222458
3500.0,96,2,8.054224014282227,-88.65924928677956,-62.903687758651245,0.0,2.8853490352630615,100.0,1.0,0.125,38.96876525878906,0.008161598816514015,0.0012989589013159275,10.854847729206085
3500.0,96,3,28.847402572631836,-83.06903132437553,-61.13054878537113,5.5546875,9.584779739379883,42.0467903171724,0.0,0.11458333333333337,38.051090240478516,0.007969401776790619,0.001268369727768004,11.11663319170475
3500.0,96,4,6.526778221130371,-98.69706073567275,-59.809676240985304,1.4765625,2.4579784870147705,39.92776959601083,0.0,0.10416666666666663,13.158540725708008,0.00275591854006052,0.00043861803715117276,32.14642405509949
3500.0,96,5,30.0,-77.37844557121295,-53.89017028739673,5.5546875,9.967226028442383,44.270477220550674,0.0,0.03125,11.126533508300781,0.0023303357884287834,0.00037088445969857275,38.01723197102547
3500.0,96,6,30.0,-77.76502131055055,-52.68251571531363,5.5546875,9.967226028442383,44.270477220550674,0.0,0.01041666666666663,1.8285341262817383,0.0003829672932624817,6.095113712945022e-05,231.33285343647003
3500.0,96,7,1.4493273496627808,-103.4974217845834,-61.46661411678476,0.490234375,1.2607195377349854,61.11471581690901,0.0,0.375,35.38834762573242,0.0074117183685302734,0.0011796115431934595,11.953087523579597
3500.0,96,8,-1.885222315788269,-99.12625984064285,-63.21267454093036,0.490234375,0.7205892205238342,31.96756750765397,0.0,0.41666666666666663,38.68336868286133,0.008101826533675194,0.001289445674046874,10.93493215739727
3500.0,96,9,30.0,-72.77297795163106,-48.53411709030573,5.5546875,9.967226028442383,44.270477220550674,0.0,0.04166666666666663,5.860732078552246,0.0012274689506739378,0.00019535774481482804,72.1752867102623
3500.0,97,0,30.0,-79.05171271893623,-58.64976308418989,5.5546875,9.967226028442383,44.270477220550674,0.0,0.07216494845360821,35.26824951171875,0.007386565208435059,0.0011756083695217967,11.993790976703167
3500.0,97,1,20.2127742767334,-88.35063150034274,-57.449751375926894,5.5546875,6.72821044921875,17.44182882024765,0.0,0.08247422680412375,23.3581600189209,0.004892122000455856,0.0007786053465679288,18.10930296778679
3500.0,97,2,5.326770305633545,-88.65639865337151,-62.895383864973574,1.4765625,2.14057993888855,31.020445759821826,0.0,0.12371134020618557,38.912933349609375,0.008149906061589718,0.0012970977695658803,10.87042223662138
3500.0,97,3,29.563302993774414,-83.06378982077032,-61.120463397151504,5.5546875,9.822311401367188,43.448265148396416,0.0,0.11340206185567014,37.86196517944336,0.007929791696369648,0.00126206548884511,11.172162368893623
3500.0,97,4,6.26361083984375,-98.69558059830067,-59.80615542800697,1.6953125,2.386866807937622,28.97330951345213,0.0,0.1030927835051546,12.443026542663574,0.0026060615200549364,0.0004147675645072013,33.994946628808975
3500.0,97,5,30.0,-77.36762967412042,-53.88708819330226,5.5546875,9.967226028442383,44.270477220550674,0.0,0.030927835051546393,11.86233139038086,0.002484440803527832,0.0003954110434278846,35.659097135066986
3500.0,97,6,29.827388763427734,-77.76055108045193,-52.68245496351382,5.5546875,9.909944534301758,43.948349248844956,0.0,0.010309278350515427,-1.764837384223938,-0.0003696266794577241,-5.88279144722037e-05,239.682137966156
3500.0,97,7,1.4626660346984863,-103.48665146939061,-61.45760848924669,0.490234375,1.2633029222488403,61.19423406958322,0.0,0.3711340206185567,35.14225387573242,0.007360176648944616,0.0011714084539562464,12.036792002618313
3500.0,97,8,-1.9867180585861206,-99.12260491525703,-63.20490854012975,0.490234375,0.7074275612831116,30.701827037834494,0.0,0.41237113402061853,38.177467346191406,0.00799586996436119,0.0012725822161883116,11.079833842813969
3500.0,97,9,30.0,-72.75629173176458,-48.53563535853701,5.5546875,9.967226028442383,44.270477220550674,0.0,0.04123711340206182,4.598104476928711,0.0009630247950553894,0.00015327015717048198,91.99443459510803
3500.0,98,0,30.0,-79.04246367794153,-58.63664931504536,5.5546875,9.967226028442383,44.270477220550674,0.0,0.0714285714285714,34.568206787109375,0.007239948958158493,0.0011522736167535186,12.236678041517735
3500.0,98,1,19.340816497802734,-88.3403136446786,-57.43884480423894,0.0,6.441575050354004,100.0,1.0,0.09183673469387754,25.348901748657227,0.005309061612933874,0.0008449634187854826,16.687113791704178
3500.0,98,2,4.182377815246582,-88.65338164241173,-62.88706684478513,1.17578125,1.8558368682861328,36.6441485190541,0.0,0.12244897959183676,39.813133239746094,0.00833844393491745,0.0013271044008433819,10.62463503330946
3500.0,98,3,27.81659698486328,-83.05821945716998,-61.11035165134418,5.5546875,9.242856979370117,39.90291624767149,0.0,0.11224489795918369,37.84468078613281,0.007926171645522118,0.0012614893494173884,11.177264153957367
3500.0,98,4,6.485690116882324,-98.69378097892472,-59.80260499493678,1.6953125,2.4468233585357666,30.713735665229525,0.0,0.10204081632653061,10.686665534973145,0.0022382100578397512,0.00035622218274511397,39.582040160894394
3500.0,98,5,30.0,-77.35520357253476,-53.88374109550267,5.5546875,9.967226028442383,44.270477220550674,0.0,0.030612244897959218,12.50830078125,0.0026197326369583607,0.0004169433668721467,33.81754457950592
3500.0,98,6,30.0,-77.75560013311238,-52.682017317803606,5.5546875,9.967226028442383,44.270477220550674,0.0,0.010204081632653073,0.5187580585479736,0.0001086484408006072,1.7291935364482924e-05,815.4090642929077
3500.0,98,7,1.4986485242843628,-103.47559122315135,-61.44858491454775,0.490234375,1.2702884674072266,61.407633968321186,0.0,0.36734693877551017,34.843379974365234,0.007297581061720848,0.0011614459799602628,12.14003935456276
3500.0,98,8,-2.0050137042999268,-99.1183787989465,-63.19713115157063,0.490234375,0.7050749659538269,30.470602606517183,0.0,0.40816326530612246,37.657196044921875,0.00788690522313118,0.001255239825695753,11.232913471758366
3500.0,98,9,30.0,-72.7383743443079,-48.53615745738939,5.5546875,9.967226028442383,44.270477220550674,0.0,0.04081632653061229,3.0692319869995117,0.000642818515188992,0.00010230773477815092,137.81949877738953
3500.0,99,0,30.0,-79.03297668627425,-58.62344051101391,5.5546875,9.967226028442383,44.270477220550674,0.0,0.07070707070707072,35.37722396850586,0.007409388665109873,0.0011792407603934407,11.956845410168171
3500.0,99,1,19.60328483581543,-88.33027207568186,-57.42783991250545,5.5546875,6.527791500091553,14.907093770962277,0.0,0.09090909090909094,26.078594207763672,0.005461888387799263,0.0008692864794284105,16.220198944211006
3500.0,99,2,6.030482769012451,-88.64994766989233,-62.87871603855995,0.876953125,2.3245551586151123,62.27436799037036,0.0,0.12121212121212122,38.79845428466797,0.008125929161906242,0.0012932817917317152,10.902496054768562
3500.0,99,3,24.745027542114258,-83.05239727260951,-61.100190457902954,5.5546875,8.224950790405273,32.46540141638585,0.0,0.11111111111111116,38.448997497558594,0.008052739314734936,0.001281633274629712,11.001587845385075
3500.0,99,4,7.267910003662109,-98.69190928751637,-59.799005511001376,1.9140625,2.662384033203125,28.107197304019905,0.0,0.101010101010101,12.057043075561523,0.002525221323594451,0.00040190143045037985,35.08323058485985
3500.0,99,5,30.0,-77.34491493131087,-53.88021422533277,0.0,9.967226028442383,100.0,1.0,0.04040404040404044,12.614065170288086,0.0026418836787343025,0.0004204688302706927,33.53399410843849
3500.0,99,6,30.0,-77.7503654286919,-52.68134223963959,5.5546875,9.967226028442383,44.270477220550674,0.0,0.010101010101010055,2.286029100418091,0.00047878484474495053,7.620097312610596e-05,185.0370168685913
3500.0,99,7,1.5312122106552124,-103.46465212884445,-61.43952273767707,0.490234375,1.2766311168670654,61.59937130444803,0.0,0.36363636363636365,35.05687713623047,0.007342295255511999,0.0011685625649988651,12.06610631197691
3500.0,99,8,-1.7120963335037231,-99.11415410319952,-63.189323075305744,0.490234375,0.743474006652832,34.06166582648036,0.0,0.4040404040404041,37.766761779785156,0.00790985208004713,0.0012588921235874295,11.20032463222742
3500.0,99,9,30.0,-72.71905185671302,-48.53594837851843,5.5546875,9.967226028442383,44.270477220550674,0.0,0.04040404040404044,1.0562150478363037,0.0002212131512351334,3.520716927596368e-05,400.48661828041077
3500.0,100,0,30.0,-79.02354454896303,-58.61021382853728,5.5546875,9.967226028442383,44.270477220550674,0.0,0.06999999999999995,34.98479461669922,0.0073271989822387695,0.001166159869171679,12.090967036783695
3500.0,100,1,20.409095764160156,-88.32987253661105,-57.41684367397018,5.5546875,6.792825698852539,18.22714513433914,0.0,0.08999999999999997,27.093393325805664,0.005674427375197411,0.0009031131048686802,15.612662769854069
3500.0,100,2,9.702384948730469,-88.64637325880665,-62.870360814565835,1.326171875,3.3698389530181885,60.64583816944079,0.0,0.12,38.74721145629883,0.008115196600556374,0.0012915737461298704,10.91691479086876
3500.0,100,3,26.948165893554688,-83.04660962443239,-61.09002450958918,5.5546875,8.9548978805542,37.97039816543132,0.0,0.10999999999999999,38.507057189941406,0.00806489959359169,0.001283568562939763,10.985000059008598
3500.0,100,4,7.8697662353515625,-98.68987820767072,-59.79541730589005,1.9140625,2.8325204849243164,32.425466640494825,0.0,0.09999999999999998,12.333840370178223,0.0025831935927271843,0.00041112801409326494,34.295886754989624
3500.0,100,5,30.0,-77.33466855134354,-53.87675277308,5.5546875,9.967226028442383,44.270477220550674,0.0,0.040000000000000036,12.223037719726562,0.0025599871296435595,0.00040743459248915315,34.60678085684776
3500.0,100,6,29.70779037475586,-77.74504809272804,-52.68075924176294,0.0,9.870256423950195,100.0,1.0,0.020000000000000018,-1.2900373935699463,-0.0002701848279684782,-4.300124783185311e-05,327.89748907089233
3500.0,100,7,1.4994666576385498,-103.4536909784987,-61.430463003172605,0.490234375,1.2704477310180664,61.41247191593209,0.0,0.36,35.16326141357422,0.007364576682448387,0.0011721086921170354,12.029601261019707
3500.0,100,8,-1.0390232801437378,-99.11036087373915,-63.18151153769443,0.490234375,0.8377195000648499,41.47988975282898,0.0,0.4,37.80078125,0.007916977629065514,0.0012600260088220239,11.190244928002357
3500.0,100,9,30.0,-72.69931312035389,-48.53598253146931,5.5546875,9.967226028442383,44.270477220550674,0.0,0.040000000000000036,-0.32358020544052124,-6.777048110961914e-05,-1.0786006896523759e-05,1307.2493076324463
