freq_mhz,step,ue_id,sinr_eff_db,prx_dbm,prx_dbm_theo,se_la,se_shannon,se_gap_pct,tbler_step,tbler_running,doppler_fd_hz,doppler_slope_rad_per_sym,doppler_nu,doppler_Tc_ms
3500.0,1,0,13.307891845703125,-88.74871868819753,-62.44140041956835,0.740234375,4.486618518829346,83.50128561424602,0.0,0.0,0.048076510429382324,1.0069121344713494e-05,1.6025503555283649e-06,8798.47526550293
3500.0,1,1,12.17946720123291,-90.02523725342789,-63.58027481833143,0.740234375,4.130733013153076,82.07983007754443,0.0,0.0,0.03208119422197342,6.719069460814353e-06,1.0693731837818632e-06,13185.295104980469
3500.0,1,2,-7.498640537261963,-108.36767837560978,-65.50662368346676,0.0,0.23619695007801056,100.0,1.0,1.0,0.05743568390607834,1.2029301615257282e-05,1.914522727020085e-06,7364.75944519043
3500.0,1,3,7.668623447418213,-91.93422571741272,-65.27454915830339,0.740234375,2.775271415710449,73.3274961573261,0.0,0.0,0.058729276061058044,1.2300231901463121e-05,1.9576425529521657e-06,7202.540874481201
3500.0,1,4,10.175098419189453,-90.7656265404907,-64.22263624945704,0.740234375,3.51240611076355,78.92514841232061,0.0,0.0,0.06674957275390625,1.3979998584545683e-05,2.2249857920542127e-06,6337.119102478027
3500.0,2,0,14.112323760986328,-88.74867181094126,-62.441363087134654,3.90234375,4.742922782897949,17.7228066189252,0.0,0.0,0.03304491937160492,6.9209118009894155e-06,1.101497332456347e-06,12800.75740814209
3500.0,2,1,13.478394508361816,-90.02519633395728,-63.5802469221873,3.322265625,4.540778636932373,26.834891311847066,0.0,0.0,0.026609279215335846,5.5730342864990234e-06,8.869760108609626e-07,15896.710395812988
3500.0,2,2,-7.452919006347656,-108.36546848966657,-65.50660664208473,0.0,0.23850098252296448,100.0,1.0,1.0,0.04708690941333771,9.861860235105269e-06,1.5695636648160871e-06,8983.388900756836
3500.0,2,3,7.76188850402832,-91.9342069001616,-65.27453107445203,2.16015625,2.801769256591797,22.900280067041813,0.0,0.0,0.048173531889915466,1.0089441275340505e-05,1.6057844050010317e-06,8780.755996704102
3500.0,2,4,10.452695846557617,-90.76559059574501,-64.22261258097252,2.73046875,3.5967721939086914,24.08557999241149,0.0,0.0,0.05474500358104706,1.1465766874607652e-05,1.8248334754389361e-06,7726.7327308654785
3500.0,3,0,14.008625984191895,-88.74862069836497,-62.44132977428725,3.90234375,4.709775924682617,17.143749248262353,0.0,0.0,0.03290262818336487,6.891110388096422e-06,1.0967543175866012e-06,12856.11629486084
3500.0,3,1,13.413430213928223,-90.02516753900538,-63.580222029680215,3.90234375,4.520131587982178,13.667474628940235,0.0,0.0,0.02466241642832756,5.1652846195793245e-06,8.220805511882645e-07,17151.60369873047
3500.0,3,2,-16.60979461669922,-109.44211541436832,-65.50659143562444,0.0,0.031152836978435516,100.0,1.0,1.0,0.05407233163714409,1.1324882507324219e-05,1.8024110204351018e-06,7822.854995727539
3500.0,3,3,7.704604148864746,-91.93418925906272,-65.27451493776564,2.40625,2.7854840755462646,13.614656026058691,0.0,0.0,0.04605203494429588,9.645115824241657e-06,1.5350678950198926e-06,9185.261726379395
3500.0,3,4,10.37117862701416,-90.7655685797352,-64.22259146094558,0.0,3.571950674057007,100.0,1.0,0.33333333333333337,0.052364781498909,1.0967254638671875e-05,1.7454926819482353e-06,8077.948570251465
3500.0,4,0,14.107807159423828,-88.74858822383618,-62.44130006455102,3.90234375,4.741478443145752,17.697743503585873,0.0,0.0,0.026635151356458664,5.5784530559321865e-06,8.878383823684999e-07,15881.269454956055
3500.0,4,1,13.540116310119629,-90.02512813569638,-63.580199829587166,3.90234375,4.560406684875488,14.429917775928692,0.0,0.0,0.02237275056540966,4.685738076659618e-06,7.45758370612748e-07,18906.92901611328
3500.0,4,2,-7.410432815551758,-108.36211197040134,-65.50657787395139,0.0,0.24066047370433807,100.0,1.0,1.0,0.03860091790556908,8.084557521215174e-06,1.2866972838310176e-06,10958.28914642334
3500.0,4,3,7.759698867797852,-91.93417250008515,-65.27450054648,2.40625,2.8011457920074463,14.097652222680047,0.0,0.0,0.03948055952787399,8.268789315479808e-06,1.3160187108951504e-06,10714.134216308594
3500.0,4,4,10.451486587524414,-90.76554701313992,-64.2225726253123,2.73046875,3.5964038372039795,24.0778045626044,0.0,0.25,0.04486192390322685,9.395859706273768e-06,1.4953974414311233e-06,9428.93123626709
3500.0,5,0,14.121678352355957,-88.7485551847822,-62.44127404484251,4.212890625,4.745913982391357,11.231205609056971,0.0,0.0,0.016718117520213127,3.5014343211514642e-06,5.572705958911683e-07,25301.891326904297
3500.0,5,1,13.544086456298828,-90.02511184404808,-63.58018038683934,3.90234375,4.561670303344727,14.453621360169155,0.0,0.0,0.016118209809064865,3.3757903565856395e-06,5.372736495701247e-07,26243.610382080078
3500.0,5,2,-7.362312316894531,-108.36053919191829,-65.50656599671998,0.0,0.24312804639339447,100.0,1.0,1.0,0.027941683307290077,5.8520927268546075e-06,9.313894793194777e-07,15138.672828674316
3500.0,5,3,7.7591552734375,-91.93415956337478,-65.27448794267637,2.40625,2.8009912967681885,14.092914077371288,0.0,0.0,0.02845912054181099,5.9604644775390625e-06,9.486373642175749e-07,14863.425254821777
3500.0,5,4,10.453536987304688,-90.76552814245689,-64.22255612915745,2.73046875,3.597029209136963,24.091004235822634,0.0,0.19999999999999996,0.032288167625665665,6.762418252037605e-06,1.0762722695289995e-06,13100.774765014648
3500.0,6,0,14.019036293029785,-88.74852440503497,-62.441252592163195,4.212890625,4.7131028175354,10.613224703571689,0.0,0.0,0.015812598168849945,3.3117830753326416e-06,5.270866267892416e-07,26750.822067260742
3500.0,6,1,13.415423393249512,-90.02508986936347,-63.580164356744554,3.90234375,4.52076530456543,13.67957664028474,0.0,0.0,0.01654105633497238,3.4643508115550503e-06,5.513685437108506e-07,25572.73292541504
3500.0,6,2,-16.440797805786133,-109.43765473400515,-65.50655620423535,0.0,0.03237522020936012,100.0,1.0,1.0,0.03384048119187355,7.087533958838321e-06,1.128016037910129e-06,12499.822616577148
3500.0,6,3,7.70122766494751,-91.93414780276242,-65.27447755114909,2.5703125,2.784525156021118,7.692968963053371,0.0,0.0,0.02939051017165184,6.155534265417373e-06,9.79683704827039e-07,14392.400741577148
3500.0,6,4,10.362336158752441,-90.76550927185586,-64.2225425284696,2.73046875,3.569260358810425,23.50043214807619,0.0,0.16666666666666663,0.03332304209470749,6.979162208153866e-06,1.110768039325194e-06,12693.91918182373
3500.0,7,0,14.119319915771484,-88.74850435595917,-62.441233071741465,4.212890625,4.74515962600708,11.217093690375378,0.0,0.0,0.009876608848571777,2.068552248601918e-06,3.2922028481152665e-07,42828.46450805664
3500.0,7,1,13.542527198791504,-90.02507509334495,-63.58014977051076,3.90234375,4.561174392700195,14.444320387192445,0.0,0.0,0.011855406686663628,2.482990794305806e-06,3.9518022276752163e-07,35679.92401123047
3500.0,7,2,-7.339559555053711,-108.35814298043238,-65.50654729379195,0.0,0.24430285394191742,100.0,1.0,1.0,0.019921384751796722,4.172325134277344e-06,6.640461833740119e-07,21233.463287353516
3500.0,7,3,7.757818222045898,-91.93413427809759,-65.27446809561938,2.5703125,2.8006110191345215,8.223152646371112,0.0,0.0,0.02023184671998024,4.2373485484858975e-06,6.74394925681554e-07,20907.63282775879
3500.0,7,4,10.450980186462402,-90.76550927185586,-64.22253015282882,2.73046875,3.59624981880188,24.074553004505173,0.0,0.1428571428571429,0.02307775989174843,4.833394996239804e-06,7.692586905250209e-07,18329.336166381836
3500.0,8,0,14.119078636169434,-88.7484817655621,-62.441216859228845,0.0,4.745082855224609,100.0,1.0,0.125,0.009346234612166882,1.957470885827206e-06,3.115411573162419e-07,45258.86917114258
3500.0,8,1,13.54257583618164,-90.0250599385064,-63.58013765605803,3.90234375,4.561189651489258,14.44460660113399,0.0,0.0,0.011468540877103806,2.401965502940584e-06,3.822846963430493e-07,36883.506774902344
3500.0,8,2,-7.32454252243042,-108.35741631023643,-65.50653989332082,0.0,0.2450810819864273,100.0,1.0,1.0,0.0188865065574646,3.955581178161083e-06,6.295502430475608e-07,22396.942138671875
3500.0,8,3,7.756688117980957,-91.93412722176743,-65.27446024243179,0.0,2.8002893924713135,100.0,1.0,0.125,0.019248714670538902,4.031441676488612e-06,6.416238420570153e-07,21975.494384765625
3500.0,8,4,10.450671195983887,-90.765496242203,-64.22251987436765,2.73046875,3.5961554050445557,24.0725596516269,0.0,0.125,0.02183590643107891,4.57330179415294e-06,7.278635507645959e-07,19371.763229370117
3500.0,9,0,14.104620933532715,-88.74846708186702,-62.44120250091357,3.90234375,4.740459442138672,17.680051952106858,0.0,0.11111111111111116,0.006823721341788769,1.4291567822510842e-06,2.274573773775046e-07,61989.6354675293
3500.0,9,1,13.541498184204102,-90.0250379640844,-63.58012692712514,3.90234375,4.56084680557251,14.438175269731513,0.0,0.0,0.008130254223942757,1.7027964531735051e-06,2.710084743284824e-07,52027.89306640625
3500.0,9,2,-7.301957130432129,-108.35680627537468,-65.50653333924285,0.0,0.24625582993030548,100.0,1.0,1.0,0.013660377822816372,2.86102294921875e-06,4.5534594050877786e-07,30965.469360351562
3500.0,9,3,7.74867057800293,-91.93411928340971,-65.27445328741388,2.16015625,2.798008680343628,22.79665659454967,0.0,0.11111111111111116,0.01376386545598507,2.882697344830376e-06,4.587955118040554e-07,30732.646942138672
3500.0,9,4,10.450736045837402,-90.76547782103637,-64.22251077144954,2.73046875,3.5961754322052,24.072982492801877,0.0,0.11111111111111116,0.01562664471566677,3.2728369205869967e-06,5.208881361795648e-07,27069.150924682617
3500.0,10,0,14.103792190551758,-88.74844477404065,-62.4411908061285,3.90234375,4.740194320678711,17.675447755879038,0.0,0.09999999999999998,0.0058858636766672134,1.2327325293881586e-06,1.961954581020109e-07,71867.11120605469
3500.0,10,1,13.539666175842285,-90.02503341766615,-63.58011818846355,3.90234375,4.5602641105651855,14.427242471349865,0.0,0.0,0.007333074696362019,1.5358356222350267e-06,2.444358244702016e-07,57683.85314941406
3500.0,10,2,-7.2993268966674805,-108.35588594211106,-65.50652800098464,0.0,0.24639293551445007,100.0,1.0,1.0,0.011694110929965973,2.4492092052241787e-06,3.898036879945721e-07,36172.054290771484
3500.0,10,3,7.7477898597717285,-91.93411281512896,-65.2744476225919,2.16015625,2.7977583408355713,22.78974854722966,0.0,0.09999999999999998,0.011797599494457245,2.470883600835805e-06,3.9325331613326853e-07,35854.75158691406
3500.0,10,4,10.45071792602539,-90.76547018301457,-64.22250335717155,2.73046875,3.596169948577881,24.072866715329333,0.0,0.09999999999999998,0.013401659205555916,2.8068370738765225e-06,4.467219696380198e-07,31563.257217407227
3500.0,11,0,14.106183052062988,-88.74843376135848,-62.44118065617853,3.90234375,4.7409586906433105,17.688720686353776,0.0,0.09090909090909094,0.009805461391806602,2.0536510874080705e-06,3.268487205332349e-07,43139.225006103516
3500.0,11,1,13.570487022399902,-90.02501598977362,-63.580110604150114,4.212890625,4.570070266723633,7.815626913318807,0.0,0.0,0.011584155261516571,2.4261798898805864e-06,3.861385096115555e-07,36515.39611816406
3500.0,11,2,-7.281774520874023,-108.35554132084368,-65.50652336789639,0.0,0.24730995297431946,100.0,1.0,1.0,0.019352201372385025,4.0531158447265625e-06,6.450733849305834e-07,21857.97882080078
3500.0,11,3,7.748034477233887,-91.93410722889425,-65.27444270607769,2.16015625,2.79782772064209,22.7916631870295,0.0,0.09090909090909094,0.01955917663872242,4.096464635949815e-06,6.519725843645574e-07,21626.678466796875
3500.0,11,4,10.462251663208008,-90.76545850136017,-64.22249692229708,3.029296875,3.599684953689575,15.845499982017696,0.0,0.09090909090909094,0.022146370261907578,4.6383252083614934e-06,7.382123499155568e-07,19100.194931030273
3500.0,12,0,14.102819442749023,-88.74842754908855,-62.441173056306525,3.90234375,4.7398834228515625,17.670047934379152,0.0,0.08333333333333337,0.005484848748892546,1.1487441042845603e-06,1.828282876203957e-07,77121.54388427734
3500.0,12,1,13.566706657409668,-90.02500538152545,-63.580104925326246,4.212890625,4.568866729736328,7.791343582413301,0.0,0.0,0.007074355147778988,1.4816496332059614e-06,2.3581183938858885e-07,59793.43795776367
3500.0,12,2,-7.286404132843018,-108.35472441569675,-65.50651989883158,0.0,0.24706776440143585,100.0,1.0,1.0,0.01133190467953682,2.3733487068966497e-06,3.777301742502459e-07,37328.2356262207
3500.0,12,3,7.750770092010498,-91.93410458278558,-65.27443902479502,2.40625,2.7986059188842773,14.019691598476225,0.0,0.08333333333333337,0.01138364803045988,2.384185791015625e-06,3.7945494568703e-07,37158.56170654297
3500.0,12,4,10.459636688232422,-90.76545625489177,-64.22249210412735,3.029296875,3.5988879203796387,15.826862574802103,0.0,0.08333333333333337,0.01293596439063549,2.7093021799373673e-06,4.311988277549972e-07,32699.535369873047
3500.0,13,0,14.103669166564941,-88.74841879545056,-62.44116619972083,3.90234375,4.74015474319458,17.674760394635257,0.0,0.07692307692307687,0.006377430632710457,1.3356859653868014e-06,2.1258102833598969e-07,66327.65197753906
3500.0,13,1,13.567403793334961,-90.02501068564628,-63.580099801907814,4.212890625,4.569088935852051,7.795827917839082,0.0,0.0,0.008012212812900543,1.6780739997557248e-06,2.670737728749373e-07,52794.403076171875
3500.0,13,2,-7.270801067352295,-108.35438230423574,-65.50651676905304,0.0,0.2478848099708557,100.0,1.0,1.0,0.012522012926638126,2.6226043701171875e-06,4.174004288870492e-07,33780.513763427734
3500.0,13,3,7.750959873199463,-91.93410046661974,-65.27443570355409,2.40625,2.7986598014831543,14.02134697740669,0.0,0.07692307692307687,0.012522012926638126,2.6226043701171875e-06,4.174004288870492e-07,33780.513763427734
3500.0,13,4,10.460646629333496,-90.76545131266539,-64.22248775718953,3.029296875,3.599195718765259,15.834060948504591,0.0,0.07692307692307687,0.014177816919982433,2.969395154650556e-06,4.725939106720034e-07,29835.34049987793
3500.0,14,0,14.103719711303711,-88.74841314795154,-62.441161691913834,3.90234375,4.740171432495117,17.675050247161717,0.0,0.0714285714285714,0.005497784819453955,1.1514533753143041e-06,1.832595017958738e-07,76940.07873535156
3500.0,14,1,13.567803382873535,-90.02500197173688,-63.5800964335589,4.212890625,4.569215774536133,7.798387450247013,0.0,0.0,0.006519726011902094,1.3654882877744967e-06,2.1732419952513737e-07,64880.027770996094
3500.0,14,2,-7.263203144073486,-108.35443428409957,-65.506514711407,0.0,0.24828356504440308,100.0,1.0,1.0,0.010866209864616394,2.2758138129574945e-06,3.6220700394551386e-07,38928.016662597656
3500.0,14,3,7.7508978843688965,-91.9340954684236,-65.27443352003264,2.40625,2.79864239692688,14.020812282332184,0.0,0.0714285714285714,0.01091795414686203,2.2866511244501453e-06,3.6393180380400736e-07,38743.52264404297
3500.0,14,4,10.460861206054688,-90.76544771832246,-64.22248489933179,3.029296875,3.5992610454559326,15.835588562699899,0.0,0.0714285714285714,0.012366781011223793,2.5900926630129106e-06,4.122260293115687e-07,34204.53643798828
3500.0,15,0,14.102243423461914,-88.74840354722005,-62.44115757790344,3.90234375,4.739698886871338,17.666842490580102,0.0,0.06666666666666665,0.0009313893970102072,1.9506975945660088e-07,3.1046312187754666e-08,454160.21728515625
3500.0,15,1,13.590036392211914,-90.02499439443858,-63.58009335946576,0.0,4.576291561126709,100.0,1.0,0.06666666666666665,0.0012030445504933596,2.5196510478053824e-07,4.0101486575849776e-08,351607.9406738281
3500.0,15,2,-7.265064239501953,-108.35442541927256,-65.50651283351556,0.0,0.24818584322929382,100.0,1.0,1.0,0.0019662664271891117,4.1181391452482785e-07,6.554221698706897e-08,215128.52478027344
3500.0,15,3,7.749582290649414,-91.9340954684236,-65.27443152726215,2.40625,2.7982680797576904,14.00931106613761,0.0,0.06666666666666665,0.0019662664271891117,4.1181391452482785e-07,6.554221698706897e-08,215128.52478027344
3500.0,15,4,10.458508491516113,-90.76545445771788,-64.22248229113413,3.029296875,3.598543643951416,15.81880964284621,0.0,0.06666666666666665,0.0022767295595258474,4.76837158203125e-07,7.589098771632052e-08,185792.81616210938
3500.0,16,0,14.116528511047363,-88.74840665333673,-62.441155022184496,4.212890625,4.744266986846924,11.200389086873052,0.0,0.0625,-4.527587225311436e-05,-9.482556961870614e-09,-1.5091957683566193e-09,9342724.609375
3500.0,16,1,13.538586616516113,-90.02499098465864,-63.58009144976801,3.90234375,4.559920787811279,14.420799579874066,0.0,0.0625,8.408376743318513e-05,1.7610464198014597e-08,2.802792220535366e-09,5030697.75390625
3500.0,16,2,-7.27179479598999,-108.35409179257641,-65.50651166692629,0.0,0.24783271551132202,100.0,1.0,1.0,-0.00010348771320423111,-2.167441692790817e-08,-3.4495903911135883e-09,4087441.89453125
3500.0,16,3,7.752447128295898,-91.93409223429978,-65.2744302893073,2.5703125,2.7990829944610596,8.173051492712435,0.0,0.0625,-0.00010348771320423111,-2.167441692790817e-08,-3.4495903911135883e-09,4087441.89453125
3500.0,16,4,10.459389686584473,-90.76544457327485,-64.2224806708616,3.029296875,3.5988123416900635,15.825094854004229,0.0,0.0625,-0.00010348771320423111,-2.167441692790817e-08,-3.4495903911135883e-09,4087441.89453125
3500.0,17,0,14.11661434173584,-88.74839818211464,-62.44115302924371,4.212890625,4.7442946434021,11.200906738394178,0.0,0.05882352941176472,-0.0018175027798861265,-3.806569282005512e-07,-6.058342449932752e-08,232736.92321777344
3500.0,17,1,13.538650512695312,-90.0249860594257,-63.58008996059253,3.90234375,4.559940814971924,14.421175441856537,0.0,0.05882352941176472,-0.0028265081346035004,-5.919824843658716e-07,-9.421693647482243e-08,149654.6173095703
3500.0,17,2,-7.26296329498291,-108.3541268463504,-65.50651075722428,0.0,0.24829614162445068,100.0,1.0,1.0,-0.0043464838527143,-9.103255251829978e-07,-1.4488279020952177e-07,97320.0454711914
3500.0,17,3,7.752391338348389,-91.93409194028862,-65.27442932395469,2.5703125,2.7990670204162598,8.172527443885247,0.0,0.05882352941176472,-0.004036020953208208,-8.453022815047007e-07,-1.3453403369112493e-07,104806.19812011719
3500.0,17,4,10.459440231323242,-90.76544232681364,-64.22247940737894,3.029296875,3.598828077316284,15.82546290294019,0.0,0.05882352941176472,-0.004656946752220392,-9.75348712017876e-07,-1.5523156093877333e-07,90832.04650878906
3500.0,18,0,14.009608268737793,-88.7484032648459,-62.441151680918274,0.0,4.710090160369873,100.0,1.0,0.11111111111111116,-0.003059355542063713,-6.407499313354492e-07,-1.0197852162718846e-07,138264.41955566406
3500.0,18,1,13.404479026794434,-90.02498302851589,-63.58008895308997,3.90234375,4.517287731170654,13.613124019693378,0.0,0.05555555555555558,-0.004055424593389034,-8.493661880493164e-07,-1.3518082653263264e-07,104304.74090576172
3500.0,18,2,-16.235698699951172,-109.4320153427569,-65.50651014176489,0.0,0.03392256796360016,100.0,1.0,1.0,-0.007244139909744263,-1.5172091707427171e-06,-2.4147132648977276e-07,58392.024993896484
3500.0,18,3,7.691431999206543,-91.93409194028862,-65.27442867084488,0.0,2.7817440032958984,100.0,1.0,0.11111111111111116,-0.006157518830150366,-1.2896277894469677e-06,-2.0525062893739232e-07,68696.50268554688
3500.0,18,4,10.36514949798584,-90.76544187752154,-64.22247855256904,3.029296875,3.5701162815093994,15.148509568454394,0.0,0.05555555555555558,-0.007140652276575565,-1.495534775131091e-06,-2.3802174098364048e-07,59238.285064697266
3500.0,19,0,13.99683952331543,-88.74839789974087,-62.44115214731196,3.90234375,4.706010818481445,17.077459008918638,0.0,0.10526315789473684,-0.0030528875067830086,-6.393952958205773e-07,-1.0176291453944941e-07,138557.35778808594
3500.0,19,1,13.410032272338867,-90.02499477330318,-63.58008930159101,3.90234375,4.519052028656006,13.646850594889449,0.0,0.052631578947368474,-0.0036721969954669476,-7.691031669310178e-07,-1.2240656133144512e-07,115189.90325927734
3500.0,19,2,-16.24020004272461,-109.43202670409227,-65.50651035465589,0.0,0.0338878408074379,100.0,1.0,1.0,-0.007192396093159914,-1.506371972936904e-06,-2.3974652663127927e-07,58812.110900878906
3500.0,19,3,7.684727668762207,-91.93409017622221,-65.27442889675939,2.16015625,2.7798409461975098,22.29209182076278,0.0,0.10526315789473684,-0.005950543563812971,-1.2462789982237155e-06,-1.9835145792512776e-07,71085.94512939453
3500.0,19,4,10.366585731506348,-90.76544277610579,-64.22247884825279,3.029296875,3.5705530643463135,15.15888938190042,0.0,0.052631578947368474,-0.006726701278239489,-1.408837078997749e-06,-2.2422338474825665e-07,62883.72039794922
3500.0,20,0,14.102285385131836,-88.74839789974087,-62.44115256566033,3.90234375,4.739712715148926,17.667082700446223,0.0,0.09999999999999998,-0.002037414349615574,-4.267150757186755e-07,-6.791380968707017e-08,207616.0888671875
3500.0,20,1,13.53830623626709,-90.02498264965232,-63.5800896141914,3.90234375,4.559831142425537,14.41911710958218,0.0,0.050000000000000044,-0.002755360212177038,-5.77081323172024e-07,-9.184534377482123e-08,153518.95141601562
3500.0,20,2,-7.261710166931152,-108.3539515803098,-65.50651054561604,0.0,0.2483619898557663,100.0,1.0,1.0,-0.003932532854378223,-8.236278290496557e-07,-1.3108443397413794e-07,107564.26239013672
3500.0,20,3,7.745105743408203,-91.93409252831094,-65.27442909940143,2.16015625,2.796994924545288,22.768674657098998,0.0,0.09999999999999998,-0.004036020953208208,-8.453022815047007e-07,-1.3453403369112493e-07,104806.19812011719
3500.0,20,4,10.459145545959473,-90.76544187752154,-64.22247911347685,3.029296875,3.598738193511963,15.823360519489537,0.0,0.050000000000000044,-0.004656946752220392,-9.75348712017876e-07,-1.5523156093877333e-07,90832.04650878906
3500.0,21,0,14.102500915527344,-88.74840213534958,-62.441153523930545,3.90234375,4.739781379699707,17.668275445918635,0.0,0.09523809523809523,-0.0006079903105273843,-1.2733720211599575e-07,-2.0266343270236575e-08,695734.8022460938
3500.0,21,1,13.566093444824219,-90.02498946920176,-63.58009033023496,0.0,4.568671703338623,100.0,1.0,0.09523809523809523,-0.0007438179454766214,-1.5578487477796443e-07,-2.479393224064097e-08,568687.5610351562
3500.0,21,2,-7.26740026473999,-108.35399549688344,-65.50651098303005,0.0,0.24806322157382965,100.0,1.0,1.0,-0.0014488279120996594,-3.0344182277985965e-07,-4.829426458741182e-08,291960.14404296875
3500.0,21,3,7.745093822479248,-91.93409370435576,-65.27442956357405,2.16015625,2.7969915866851807,22.768582491158583,0.0,0.09523809523809523,-0.001345340278930962,-2.8176742716823355e-07,-4.484467552856586e-08,314418.6096191406
3500.0,21,4,10.467352867126465,-90.76544187752154,-64.222479721,0.0,3.6012399196624756,100.0,1.0,0.09523809523809523,-0.0015523156616836786,-3.251162468131952e-07,-5.1743857198971455e-08,272496.1242675781
3500.0,22,0,14.104124069213867,-88.7484029824718,-62.44115559889479,3.90234375,4.74030065536499,17.677294464784744,0.0,0.09090909090909094,-0.0061704544350504875,-1.2923370604767115e-06,-2.0568181469116098e-07,68552.490234375
3500.0,22,1,13.540205001831055,-90.02499477330318,-63.58009188070047,3.90234375,4.5604352951049805,14.430454606194154,0.0,0.09090909090909094,-0.0073961373418569565,-1.5490434179810109e-06,-2.4653792252138373e-07,57192.0166015625
3500.0,22,2,-7.251529693603516,-108.35427310825358,-65.50651193017273,0.0,0.24889737367630005,100.0,1.0,1.0,-0.01200457476079464,-2.514232392059057e-06,-4.001524871455331e-07,35236.568450927734
3500.0,22,3,7.7506608963012695,-91.9340945863896,-65.27443056865775,2.40625,2.798574924468994,14.018739360477706,0.0,0.09090909090909094,-0.012159805744886398,-2.5467438717896584e-06,-4.0532685829930415e-07,34786.739349365234
3500.0,22,4,10.461082458496094,-90.7654441239825,-64.22248103648386,3.029296875,3.5993285179138184,15.837166295790372,0.0,0.09090909090909094,-0.013970841653645039,-2.9260463634273037e-06,-4.6569473965973884e-07,30277.345657348633
3500.0,23,0,14.102497100830078,-88.74840721808546,-62.44115754963079,3.90234375,4.739780426025391,17.668258880245958,0.0,0.08695652173913049,-0.0033051390200853348,-6.922267061781895e-07,-1.101712996387505e-07,127982.51342773438
3500.0,23,1,13.538741111755371,-90.02499325784497,-63.580093338339715,3.90234375,4.559969425201416,14.421712381818619,0.0,0.08695652173913049,-0.003956788219511509,-8.287078117064084e-07,-1.3189294634230464e-07,106904.89196777344
3500.0,23,2,-7.261205673217773,-108.3544125250111,-65.50651282061017,0.0,0.24838849902153015,100.0,1.0,1.0,-0.0062092626467347145,-1.3004649872527807e-06,-2.0697542879588582e-07,68124.03106689453
3500.0,23,3,7.7497453689575195,-91.93409517441225,-65.27443151356727,2.40625,2.798314332962036,14.010732402139869,0.0,0.08695652173913049,-0.006364494562149048,-1.3329765806702198e-06,-2.121498141605116e-07,66462.46337890625
3500.0,23,4,10.45849895477295,-90.76545490701129,-64.22248227320986,3.029296875,3.598541259765625,15.818753869247015,0.0,0.08695652173913049,-0.00734762754291296,-1.5388835663543432e-06,-2.4492092620675976e-07,57569.602966308594
3500.0,24,0,14.103839874267578,-88.74840552383951,-62.441159466588715,3.90234375,4.740210056304932,17.67572104089542,0.0,0.08333333333333337,-0.0002587192866485566,-5.418604231977042e-08,-8.623976199828576e-09,1634976.6845703125
3500.0,24,1,13.540458679199219,-90.0250008351413,-63.5800947707393,3.90234375,4.560516357421875,14.43197558870174,0.0,0.08333333333333337,-6.467982166213915e-05,-1.3546510579942606e-08,-2.155994049957144e-09,6539906.73828125
3500.0,24,2,-7.259934425354004,-108.3546893570992,-65.50651369562942,0.0,0.24845528602600098,100.0,1.0,1.0,-0.0003104631323367357,-6.502325078372451e-08,-1.0348771617429975e-08,1362480.5908203125
3500.0,24,3,7.750759601593018,-91.93409576243498,-65.2744324421154,2.40625,2.798603057861328,14.019603700467675,0.0,0.08333333333333337,-0.0003104631323367357,-6.502325078372451e-08,-1.0348771617429975e-08,1362480.5908203125
3500.0,24,4,10.460960388183594,-90.76544771832246,-64.22248348852149,0.0,3.5992910861968994,100.0,1.0,0.125,-0.0003104631323367357,-6.502325078372451e-08,-1.0348771617429975e-08,1362480.5908203125
3500.0,25,0,14.103582382202148,-88.74840975945565,-62.44116234795585,3.90234375,4.740127086639404,17.674280063097747,0.0,0.07999999999999996,-0.0007632218766957521,-1.5984882395514433e-07,-2.5440728634862353e-08,554229.4311523438
3500.0,25,1,13.539917945861816,-90.0250008351413,-63.58009692377025,3.90234375,4.5603437423706055,14.428736725634572,0.0,0.07999999999999996,-0.0010461960919201374,-2.1911480985181697e-07,-3.4873202992002916e-08,404321.9299316406
3500.0,25,2,-7.2755513191223145,-108.35445725214453,-65.50651501086568,0.0,0.24763579666614532,100.0,1.0,1.0,-0.0015523156616836786,-3.251162468131952e-07,-5.1743857198971455e-08,272496.1242675781
3500.0,25,3,7.750682353973389,-91.93409958458471,-65.27443383781055,2.40625,2.798581123352051,14.01892980976478,0.0,0.07999999999999996,-0.0018110349774360657,-3.793023211073887e-07,-6.036783162244319e-08,233568.09997558594
3500.0,25,4,10.450212478637695,-90.76544861690792,-64.22248531524897,2.73046875,3.5960159301757812,24.06961473425596,0.0,0.12,-0.0019662664271891117,-4.1181391452482785e-07,-6.554221698706897e-08,215128.52478027344
3500.0,26,0,14.11691951751709,-88.74841681882506,-62.44116556620346,4.212890625,4.744391918182373,11.202727395800737,0.0,0.07692307692307687,-0.0016493354924023151,-3.454360353316588e-07,-5.4977849828219405e-08,256466.9189453125
3500.0,26,1,13.539237976074219,-90.02499818308607,-63.58009932852733,3.90234375,4.560127258300781,14.424674379501589,0.0,0.07692307692307687,-0.0018417579121887684,-3.8573688243559445e-07,-6.139192976206687e-08,229671.89025878906
3500.0,26,2,-7.2692060470581055,-108.35448102621376,-65.50651647987587,0.0,0.24796845018863678,100.0,1.0,1.0,-0.002897655824199319,-6.068836455597193e-07,-9.658852917482363e-08,145980.07202148438
3500.0,26,3,7.753257751464844,-91.93409840853829,-65.27443539668667,2.5703125,2.799313545227051,8.180614337308068,0.0,0.07692307692307687,-0.0027941681910306215,-5.852092499480932e-07,-9.313894366869135e-08,151386.73400878906
3500.0,26,4,10.449512481689453,-90.76545131266539,-64.22248735555235,2.73046875,3.5958025455474854,24.065108820254544,0.0,0.11538461538461542,-0.003415094455704093,-7.152557373046875e-07,-1.1383648512719446e-07,123861.87744140625
3500.0,27,0,14.009695053100586,-88.7484213368275,-62.44116883012022,4.212890625,4.710117816925049,10.556576528475425,0.0,0.07407407407407407,-0.00710831256583333,-1.4887615407133126e-06,-2.369437481775094e-07,59507.79342651367
3500.0,27,1,13.405251502990723,-90.02500197173688,-63.580101767410106,3.90234375,4.517533302307129,13.617819972526778,0.0,0.07407407407407407,-0.008209486491978168,-1.7193908661283785e-06,-2.736495616773027e-07,51525.7568359375
3500.0,27,2,-16.29966926574707,-109.43263716135775,-65.50651796973301,0.0,0.0334322564303875,100.0,1.0,1.0,-0.017075473442673683,-3.5762786865234375e-06,-5.691824753739638e-07,24772.37319946289
3500.0,27,3,7.692426681518555,-91.93410223069034,-65.27443697768499,2.5703125,2.7820262908935547,7.610057158214511,0.0,0.07407407407407407,-0.01428130455315113,-2.991069550262182e-06,-4.7604348196728097e-07,29619.142532348633
3500.0,27,4,10.354817390441895,-90.76545310983796,-64.22248942480965,2.73046875,3.5669734477996826,23.45138560859452,0.0,0.11111111111111116,-0.016247572377324104,-3.4028835216304287e-06,-5.415857344814867e-07,26034.658432006836
3500.0,28,0,14.117040634155273,-88.74842726671287,-62.44117309025467,4.212890625,4.744431018829346,11.203459207643817,0.0,0.0714285714285714,-0.006079902872443199,-1.2733719358948292e-06,-2.0266342914965207e-07,69573.47869873047
3500.0,28,1,13.539836883544922,-90.02500803358504,-63.58010495069319,3.90234375,4.560318470001221,14.428262506873658,0.0,0.0714285714285714,-0.007331457920372486,-1.535496949145454e-06,-2.443819369091216e-07,57696.57516479492
3500.0,28,2,-7.288089275360107,-108.35469943137986,-65.50651991432767,0.0,0.24697968363761902,100.0,1.0,1.0,-0.012470269575715065,-2.611767285998212e-06,-4.1567565745026513e-07,33920.677185058594
3500.0,28,3,7.753521919250488,-91.9341051708096,-65.27443904123908,2.5703125,2.7993886470794678,8.183077662991067,0.0,0.0714285714285714,-0.012573756277561188,-2.633441454236163e-06,-4.1912520032383327e-07,33641.49856567383
3500.0,28,4,10.449483871459961,-90.76545625489177,-64.22249212564981,2.73046875,3.5957937240600586,24.06492253073429,0.0,0.1071428571428571,-0.014384792186319828,-3.012743945873808e-06,-4.794930532625585e-07,29406.055450439453
3500.0,29,0,14.117598533630371,-88.74843150235021,-62.441177509563985,4.212890625,4.744609355926514,11.206796830646159,0.0,0.06896551724137934,-0.005594804883003235,-1.1717731922544772e-06,-1.8649349442512175e-07,75605.8578491211
3500.0,29,1,13.540070533752441,-90.0250209150405,-63.58010825291679,3.90234375,4.5603928565979,14.429658305552472,0.0,0.06896551724137934,-0.006979761179536581,-1.4618378827435663e-06,-2.326587065226704e-07,60603.79409790039
3500.0,29,2,-7.283577919006348,-108.35529587044061,-65.50652193158099,0.0,0.24721555411815643,100.0,1.0,1.0,-0.011435391381382942,-2.3950228751346003e-06,-3.8117971712381404e-07,36990.42510986328
3500.0,29,3,7.754266738891602,-91.93410605284576,-65.27444118189663,2.5703125,2.799600601196289,8.190029002648192,0.0,0.06896551724137934,-0.011538879945874214,-2.416697498119902e-06,-3.8462934526251047e-07,36658.67233276367
3500.0,29,4,10.450634002685547,-90.76545984924178,-64.2224949274048,2.73046875,3.596144199371338,24.072323059867053,0.0,0.10344827586206895,-0.01309119537472725,-2.7418136596679688e-06,-4.363731704870588e-07,32311.79428100586
3500.0,30,0,14.131882667541504,-88.7484289609673,-62.44118078918261,0.0,4.749177932739258,100.0,1.0,0.09999999999999998,-0.00414597662165761,-8.683313126311987e-07,-1.3819922628499626e-07,102026.62658691406
3500.0,30,1,13.543023109436035,-90.02501523204074,-63.58011070353428,3.90234375,4.561331748962402,14.447271876515167,0.0,0.06666666666666665,-0.005174385383725166,-1.083720917449682e-06,-1.7247951689114416e-07,81748.84033203125
3500.0,30,2,-7.2730889320373535,-108.35546635422452,-65.50652342860795,0.0,0.24776484072208405,100.0,1.0,1.0,-0.008072041906416416,-1.6906045630094013e-06,-2.6906806738224986e-07,52403.099060058594
3500.0,30,3,7.755411624908447,-91.93410634685785,-65.27444277050323,2.5703125,2.799926280975342,8.20070808776283,0.0,0.06666666666666665,-0.007968553341925144,-1.6689300537109375e-06,-2.6561843924355344e-07,53083.66394042969
3500.0,30,4,10.452449798583984,-90.76545939994786,-64.22249700661908,2.73046875,3.5966975688934326,24.084004904530754,0.0,0.09999999999999998,-0.009210405871272087,-1.929023028424126e-06,-3.0701352216055966e-07,45926.31530761719
3500.0,31,0,13.999798774719238,-88.74843714987308,-62.44118400413356,3.90234375,4.706955909729004,17.094108701250367,0.0,0.09677419354838712,-0.0011836406774818897,-2.4790114139250363e-07,-3.9454690181628393e-08,357371.9787597656
3500.0,31,1,13.437427520751953,-90.02502243050836,-63.58011310583089,4.212890625,4.527756690979004,6.9541295495479165,0.0,0.06451612903225812,-0.0015959746669977903,-3.3426016443627304e-07,-5.3199155303218504e-08,265041.80908203125
3500.0,31,2,-16.30035400390625,-109.43361345156111,-65.5065248961171,0.0,0.03342705965042114,100.0,1.0,1.0,-0.0033116068225353956,-6.935813416930614e-07,-1.1038689251563483e-07,127732.55920410156
3500.0,31,3,7.695129871368408,-91.93410722889425,-65.27444432778628,2.5703125,2.7827937602996826,7.635537470689179,0.0,0.06451612903225812,-0.002587192691862583,-5.418604018814221e-07,-8.623975844557208e-08,163497.6806640625
3500.0,31,4,10.369623184204102,-90.76546074782974,-64.22249904483596,3.029296875,3.5714774131774902,15.180847460410519,0.0,0.09677419354838712,-0.00300114369019866,-6.285580980147643e-07,-1.0003812178638327e-07,140946.27380371094
3500.0,32,0,14.107561111450195,-88.74843912650783,-62.44118847065442,3.90234375,4.741399765014648,17.696377791338925,0.0,0.09375,-0.005446041002869606,-1.140616177508491e-06,-1.815347019373803e-07,77671.10443115234
3500.0,32,1,13.571179389953613,-90.02502621918033,-63.58011644333455,4.212890625,4.5702900886535645,7.820060799660455,0.0,0.0625,-0.006458280608057976,-1.3526191651180852e-06,-2.1527601745674474e-07,65497.30682373047
3500.0,32,2,-7.287428855895996,-108.35575897319936,-65.50652693492388,0.0,0.24701420962810516,100.0,1.0,1.0,-0.010814465582370758,-2.2649765014648438e-06,-3.6048220408702036e-07,39114.27688598633
3500.0,32,3,7.756307601928711,-91.93411193309143,-65.27444649131564,2.5703125,2.8001811504364014,8.209063560069207,0.0,0.0625,-0.010762722231447697,-2.2541394173458684e-06,-3.5875740422852687e-07,39302.32620239258
3500.0,32,4,10.463289260864258,-90.76546389288907,-64.22250187652503,3.029296875,3.600001096725464,15.852890218410554,0.0,0.09375,-0.012315037660300732,-2.5792555788939353e-06,-4.1050125787478464e-07,34348.25134277344
3500.0,33,0,14.104079246520996,-88.74845183346696,-62.4411936231403,3.90234375,4.740285873413086,17.677037752361414,0.0,0.09090909090909094,-0.006377430632710457,-1.3356859653868014e-06,-2.1258102833598969e-07,66327.65197753906
3500.0,33,1,13.566953659057617,-90.02503644861113,-63.58012029341081,4.212890625,4.568945407867432,7.7929314334622575,0.0,0.06060606060606055,-0.007295883726328611,-1.5280463685485302e-06,-2.4319612634826626e-07,57977.89764404297
3500.0,33,2,-7.303698539733887,-108.35605644906047,-65.50652928685071,0.0,0.24616503715515137,100.0,1.0,1.0,-0.012470269575715065,-2.611767285998212e-06,-4.1567565745026513e-07,33920.677185058594
3500.0,33,3,7.755062580108643,-91.93411193309143,-65.27444898711983,2.5703125,2.7998268604278564,8.197448337672675,0.0,0.06060606060606055,-0.012625500559806824,-2.6442787657288136e-06,-4.208500286040362e-07,33503.623962402344
3500.0,33,4,10.460871696472168,-90.76547153089979,-64.22250514310431,3.029296875,3.599264144897461,15.835661039367777,0.0,0.09090909090909094,-0.014384792186319828,-3.012743945873808e-06,-4.794930532625585e-07,29406.055450439453
3500.0,34,0,14.104575157165527,-88.74845465724071,-62.44119779686118,3.90234375,4.740444183349609,17.679786976363165,0.0,0.08823529411764708,-0.0035832622088491917,-7.504767154387082e-07,-1.1944207756187097e-07,118048.85864257812
3500.0,34,1,13.568171501159668,-90.02503228106234,-63.580123412128415,4.212890625,4.569332599639893,7.800744788593061,0.0,0.05882352941176472,-0.004558310378342867,-9.54690335674968e-07,-1.5194368074844533e-07,92797.54638671875
3500.0,34,2,-7.293581962585449,-108.35653817744185,-65.50653119200729,0.0,0.2466927468776703,100.0,1.0,1.0,-0.00734762754291296,-1.538883680041181e-06,-2.4492092620675976e-07,57569.602966308594
3500.0,34,3,7.755329132080078,-91.93411722531934,-65.2744510088229,0.0,2.79990291595459,100.0,1.0,0.08823529411764708,-0.00734762754291296,-1.5388835663543432e-06,-2.4492092620675976e-07,57569.602966308594
3500.0,34,4,10.460465431213379,-90.76547467596694,-64.22250778916613,3.029296875,3.5991404056549072,15.83276745079405,0.0,0.08823529411764708,-0.008589481003582478,-1.7989766547543695e-06,-2.863160375454754e-07,49246.280670166016
3500.0,35,0,14.10476303100586,-88.74846284619495,-62.441201334022686,3.90234375,4.740504741668701,17.68083858879679,0.0,0.08571428571428574,-0.005471912678331137,-1.1460347195679788e-06,-1.8239708765577234e-07,77303.86352539062
3500.0,35,1,13.591126441955566,-90.02503644861113,-63.58012605519223,0.0,4.576638698577881,100.0,1.0,0.08571428571428574,-0.007449498400092125,-1.5602192888763966e-06,-2.483166099409573e-07,56782.3486328125
3500.0,35,2,-7.29504919052124,-108.35673330271908,-65.5065328065978,0.0,0.2466161549091339,100.0,1.0,1.0,-0.01133190467953682,-2.3733487068966497e-06,-3.777301742502459e-07,37328.2356262207
3500.0,35,3,7.752931118011475,-91.93411840137087,-65.27445272218469,2.40625,2.799220561981201,14.03857085499075,0.0,0.08571428571428574,-0.01133190467953682,-2.3733487068966497e-06,-3.777301742502459e-07,37328.2356262207
3500.0,35,4,10.460481643676758,-90.76547512526244,-64.22251003166187,3.029296875,3.5991451740264893,15.832878960783347,0.0,0.08571428571428574,-0.01293596439063549,-2.7093021799373673e-06,-4.311988277549972e-07,32699.535369873047
3500.0,36,0,14.11693000793457,-88.74846934089379,-62.44120660811985,4.212890625,4.744395732879639,11.202798792609114,0.0,0.08333333333333337,-0.005698292516171932,-1.1934475878661033e-06,-1.8994307993125403e-07,74232.7651977539
3500.0,36,1,13.539727210998535,-90.02503985842677,-63.580129996143,3.90234375,4.560283184051514,14.427600381320559,0.0,0.08333333333333337,-0.006848784163594246,-1.4344061582960421e-06,-2.282928051045019e-07,61762.786865234375
3500.0,36,2,-7.312469959259033,-108.35685788108674,-65.50653521404018,0.0,0.2457083910703659,100.0,1.0,1.0,-0.01159062422811985,-2.427534582238877e-06,-3.8635414512100397e-07,36495.01419067383
3500.0,36,3,7.755168437957764,-91.93412251755369,-65.27445527690034,2.5703125,2.7998571395874023,8.198441139794333,0.0,0.08333333333333337,-0.011590623296797276,-2.427534582238877e-06,-3.8635411669929454e-07,36495.018005371094
3500.0,36,4,10.458806037902832,-90.76548815485194,-64.22251337534448,3.029296875,3.598634719848633,15.82094013900306,0.0,0.08333333333333337,-0.01334991492331028,-2.7959997623838717e-06,-4.449971697795263e-07,31685.596466064453
3500.0,37,0,14.119771957397461,-88.74847470608711,-62.44121016918491,4.212890625,4.745304107666016,11.21979688943232,0.0,0.08108108108108103,-0.002723020501434803,-5.703080887542455e-07,-9.076735096869015e-08,155342.2088623047
3500.0,37,1,13.546528816223145,-90.02505160336773,-63.580132657069726,3.90234375,4.5624470710754395,14.468185839574964,0.0,0.08108108108108103,-0.0034409663639962673,-7.206743930510129e-07,-1.1469887795101386e-07,122930.58776855469
3500.0,37,2,-7.309280872344971,-108.35704697288102,-65.50653683954383,0.0,0.2458743005990982,100.0,1.0,1.0,-0.005536592565476894,-1.1595813020903734e-06,-1.845530874788892e-07,76400.7797241211
3500.0,37,3,7.756438255310059,-91.9341251636733,-65.27445700184276,2.5703125,2.800218343734741,8.210282753455155,0.0,0.08108108108108103,-0.00569182401522994,-1.1920928955078125e-06,-1.89727472843515e-07,74317.12341308594
3500.0,37,4,10.460330963134766,-90.76549085063394,-64.2225156329965,3.029296875,3.5990993976593018,15.831808452688934,0.0,0.08108108108108103,-0.006519726011902094,-1.3654882877744967e-06,-2.1732419952513737e-07,64880.027770996094
3500.0,38,0,14.117090225219727,-88.74848091842449,-62.44121378459165,4.212890625,4.744446754455566,11.203753713884046,0.0,0.07894736842105265,-0.005471912678331137,-1.1460347195679788e-06,-1.8239708765577234e-07,77303.86352539062
3500.0,38,1,13.540005683898926,-90.02504895128152,-63.58013535860268,3.90234375,4.5603718757629395,14.42926462335603,0.0,0.07894736842105265,-0.006263432092964649,-1.3118102515363717e-06,-2.087810742068541e-07,67534.85870361328
3500.0,38,2,-7.322826385498047,-108.35703890909701,-65.5065384898534,0.0,0.24517014622688293,100.0,1.0,1.0,-0.011176672764122486,-2.340836999792373e-06,-3.725557746747654e-07,37846.683502197266
3500.0,38,3,7.755704879760742,-91.93412545768668,-65.27445875310855,2.5703125,2.8000094890594482,8.203436093947158,0.0,0.07894736842105265,-0.011280160397291183,-2.362511395403999e-06,-3.76005345970043e-07,37499.46594238281
3500.0,38,4,10.458687782287598,-90.76549219852559,-64.22251792510099,3.029296875,3.5985982418060303,15.820086838043768,0.0,0.07894736842105265,-0.012728989124298096,-2.665953388714115e-06,-4.242996283210232e-07,33231.231689453125
3500.0,39,0,14.117973327636719,-88.74848317745847,-62.44121864750832,0.0,4.744729518890381,100.0,1.0,0.10256410256410253,-0.00633862242102623,-1.3275580386107322e-06,-2.1128741423126485e-07,66733.7417602539
3500.0,39,1,13.541208267211914,-90.02505236110694,-63.580138992310935,3.90234375,4.560754776000977,14.436448753298103,0.0,0.07692307692307687,-0.007986340671777725,-1.6726553440093994e-06,-2.662113445239811e-07,52965.43502807617
3500.0,39,2,-7.333130836486816,-108.3575074397861,-65.50654070960994,0.0,0.24463573098182678,100.0,1.0,1.0,-0.012987708672881126,-2.720139491430018e-06,-4.329236276134907e-07,32569.255828857422
3500.0,39,3,7.756200790405273,-91.93412604571351,-65.27446110865662,2.5703125,2.8001508712768555,8.208070987691107,0.0,0.07692307692307687,-0.013246427290141582,-2.7743253667722456e-06,-4.415475700625393e-07,31933.13980102539
3500.0,39,4,10.458964347839355,-90.76549714079852,-64.22252100810609,0.0,3.5986828804016113,100.0,1.0,0.10256410256410253,-0.015005718916654587,-3.14279054691724e-06,-5.001906515644805e-07,28189.252853393555
3500.0,40,0,14.00011920928955,-88.74849023694722,-62.441223389471965,3.90234375,4.707058429718018,17.095914396079102,0.0,0.09999999999999998,-0.004941537976264954,-1.0349533567932667e-06,-1.6471793173877813e-07,85600.88348388672
3500.0,40,1,13.41049575805664,-90.02506221172881,-63.58014253564077,3.90234375,4.519199371337891,13.649666028238826,0.0,0.07499999999999996,-0.005122642032802105,-1.0728836059570312e-06,-1.7075473124350538e-07,82574.57733154297
3500.0,40,2,-16.370532989501953,-109.43584114458776,-65.50654287415693,0.0,0.032897308468818665,100.0,1.0,1.0,-0.011642367579042912,-2.438371893731528e-06,-3.8807891655778803e-07,36332.81707763672
3500.0,40,3,7.697163105010986,-91.9341295738762,-65.2744634056177,2.5703125,2.7833712100982666,7.654699787267849,0.0,0.07499999999999996,-0.010141795501112938,-2.1240928163024364e-06,-3.3805986277002376e-07,41708.59146118164
3500.0,40,4,10.357913970947266,-90.7655002858842,-64.22252401443042,2.73046875,3.567915201187134,23.471590661921972,0.0,0.09999999999999998,-0.011487135663628578,-2.405860186627251e-06,-3.8290451698230754e-07,36823.80294799805
3500.0,41,0,14.104779243469238,-88.748496731687,-62.4412274121951,3.90234375,4.740509986877441,17.68092967207393,0.0,0.09756097560975607,-0.0002587192866485566,-5.418604231977042e-08,-8.623976199828576e-09,1634976.6845703125
3500.0,41,1,13.540255546569824,-90.02506069624707,-63.58014554153454,3.90234375,4.560451507568359,14.430758807021359,0.0,0.07317073170731703,-0.00017463551193941385,-3.6575578121755825e-08,-5.82118397929321e-09,2422187.744140625
3500.0,41,2,-7.327028274536133,-108.35795303436547,-65.50654471039596,0.0,0.24495209753513336,100.0,1.0,1.0,-0.0005174385732971132,-1.0837208463954084e-07,-1.724795239965715e-08,817488.3422851562
3500.0,41,3,7.756662368774414,-91.93413339605569,-65.27446535418682,0.0,2.8002820014953613,100.0,1.0,0.09756097560975607,-0.0006209262646734715,-1.3004650156744901e-07,-2.069754323485995e-08,681240.2954101562
3500.0,41,4,10.449616432189941,-90.76550388027064,-64.22252656476954,2.73046875,3.5958337783813477,24.065768378506323,0.0,0.09756097560975607,-0.0005691824480891228,-1.1920928955078125e-07,-1.897274870543697e-08,743171.2036132812
3500.0,42,0,14.109199523925781,-88.74849899072922,-62.44123270025937,3.90234375,4.7419233322143555,17.705465132906173,0.0,0.09523809523809523,-0.0011513007339090109,-2.4112787855301576e-07,-3.837669027006996e-08,367410.5224609375
3500.0,42,1,13.572072982788086,-90.02507054688783,-63.58014949292858,4.212890625,4.5705742835998535,7.825792480461258,0.0,0.0714285714285714,-0.0010065797250717878,-2.1081756074181612e-07,-3.355265931759277e-08,420234.9853515625
3500.0,42,2,-7.3333659172058105,-108.35812563893941,-65.50654712422258,0.0,0.24462351202964783,100.0,1.0,1.0,-0.0022767295595258474,-4.76837158203125e-07,-7.589098771632052e-08,185792.81616210938
3500.0,42,3,7.756515026092529,-91.93413604218192,-65.27446791567678,2.40625,2.8002402782440186,14.069873978495984,0.0,0.09523809523809523,-0.00217324192635715,-4.551627625914989e-07,-7.244139510476089e-08,194640.0909423828
3500.0,42,4,10.462671279907227,-90.76550522816632,-64.22252991731523,3.029296875,3.5998127460479736,15.848487443529113,0.0,0.09523809523809523,-0.002587192691862583,-5.418604018814221e-07,-8.623975844557208e-08,163497.6806640625
3500.0,43,0,14.109512329101562,-88.7485094388147,-62.44123697121549,3.90234375,4.742023468017578,17.707202920457277,0.0,0.09302325581395354,-0.0007874768343754113,-1.6492876397933287e-07,-2.624922856853118e-08,537158.69140625
3500.0,43,1,13.57484245300293,-90.02508304965637,-63.58015268431108,4.212890625,4.571455955505371,7.843569619730307,0.0,0.06976744186046513,-0.001065600081346929,-2.2317877323985158e-07,-3.552000293893798e-08,396959.4421386719
3500.0,43,2,-7.328198432922363,-108.35855032378763,-65.50654907377424,0.0,0.24489140510559082,100.0,1.0,1.0,-0.0014488279120996594,-3.0344182277985965e-07,-4.829426458741182e-08,291960.14404296875
3500.0,43,3,7.756863117218018,-91.93413663021018,-65.27446998449018,2.40625,2.8003392219543457,14.072910126913563,0.0,0.09302325581395354,-0.001345340278930962,-2.8176742716823355e-07,-4.484467552856586e-08,314418.6096191406
3500.0,43,4,10.463221549987793,-90.76550253237536,-64.2225326250323,3.029296875,3.599980354309082,15.852405378434609,0.0,0.09302325581395354,-0.0016040594782680273,-3.3595347304071765e-07,-5.3468649952037595e-08,263705.9326171875
3500.0,44,0,14.003418922424316,-88.7485111331012,-62.44124116063067,3.90234375,4.7081122398376465,17.114470700584494,0.0,0.09090909090909094,-0.0006516491994261742,-1.364810913173642e-07,-2.1721639598126785e-08,649122.2534179688
3500.0,44,1,13.440909385681152,-90.02506637930631,-63.58015581476467,0.0,4.528863430023193,100.0,1.0,0.09090909090909094,-0.000593437347561121,-1.242892437858245e-07,-1.978124508639212e-08,712796.38671875
3500.0,44,2,-16.417123794555664,-109.43711853992201,-65.50655098610625,0.0,0.03255018964409828,100.0,1.0,1.0,-0.0014488279120996594,-3.0344182277985965e-07,-4.829426458741182e-08,291960.14404296875
3500.0,44,3,7.6969757080078125,-91.93414192246819,-65.27447201380699,0.0,2.783317804336548,100.0,1.0,0.11363636363636365,-0.001345340278930962,-2.8176742716823355e-07,-4.484467552856586e-08,314418.6096191406
3500.0,44,4,10.370638847351074,-90.76550208307705,-64.22253528105477,3.029296875,3.571786642074585,15.188190713415429,0.0,0.09090909090909094,-0.0015523156616836786,-3.251162468131952e-07,-5.1743857198971455e-08,272496.1242675781
3500.0,45,0,14.110527992248535,-88.74851649834613,-62.44124613947853,3.90234375,4.7423481941223145,17.71283781236096,0.0,0.0888888888888889,-0.002978505566716194,-6.238167884475843e-07,-9.928351829557869e-08,142017.5323486328
3500.0,45,1,13.546451568603516,-90.02508153416736,-63.58015953510656,3.90234375,4.562422275543213,14.4677209972771,0.0,0.0888888888888889,-0.0030945250764489174,-6.481158720816893e-07,-1.0315083898149169e-07,136693.02368164062
3500.0,45,2,-7.349885940551758,-108.35894600772559,-65.50655325879009,0.0,0.24376900494098663,100.0,1.0,1.0,-0.0053296172991395,-1.1162325108671212e-06,-1.7765391646662465e-07,79367.7978515625
3500.0,45,3,7.753622531890869,-91.9341430985264,-65.27447442551968,2.16015625,2.799417495727539,22.835509412339437,0.0,0.11111111111111116,-0.005484848748892546,-1.1487441042845603e-06,-1.828282876203957e-07,77121.54388427734
3500.0,45,4,10.46413803100586,-90.76550567746496,-64.22253843756637,3.029296875,3.600260019302368,15.85894188867517,0.0,0.0888888888888889,-0.006312750279903412,-1.3221393828644068e-06,-2.104250143020181e-07,67007.24792480469
3500.0,46,0,14.017973899841309,-88.74852412265298,-62.44125164146633,0.0,4.71276330947876,100.0,1.0,0.10869565217391308,-0.0019080545753240585,-3.9962205278243346e-07,-6.360181714626378e-08,221691.7724609375
3500.0,46,1,13.413383483886719,-90.02508721725388,-63.58016364635544,3.90234375,4.520116806030273,13.667192299236696,0.0,0.08695652173913049,-0.00229815486818552,-4.81324434531416e-07,-7.660516132546036e-08,184060.69946289062
3500.0,46,2,-16.4442138671875,-109.43758027300936,-65.50655577027231,0.0,0.03235003724694252,100.0,1.0,1.0,-0.0043464838527143,-9.103255251829978e-07,-1.4488279020952177e-07,97320.0454711914
3500.0,46,3,7.69384765625,-91.93414633268813,-65.2744770906389,2.16015625,2.7824299335479736,22.364397250229796,0.0,0.10869565217391308,-0.0036220699548721313,-7.586045853713586e-07,-1.2073566324488638e-07,116784.04998779297
3500.0,46,4,10.371455192565918,-90.76550837325786,-64.2225419257422,3.029296875,3.5720345973968506,15.194077985481302,0.0,0.08695652173913049,-0.004242996219545603,-8.886510727279529e-07,-1.414332047033895e-07,99693.7026977539
3500.0,47,0,14.110176086425781,-88.7485311822083,-62.441256122825095,3.90234375,4.7422356605529785,17.710885132499744,0.0,0.1063829787234043,-0.0010445790830999613,-2.18776150973099e-07,-3.4819304772781834e-08,404947.81494140625
3500.0,47,1,13.545503616333008,-90.0250822919118,-63.58016699496103,3.90234375,4.5621209144592285,14.462070971598418,0.0,0.08510638297872342,-0.0010627703741192818,-2.2258609533309937e-07,-3.5425678390765825e-08,398016.357421875
3500.0,47,2,-7.346932411193848,-108.35965720006448,-65.5065578158713,0.0,0.24392159283161163,100.0,1.0,1.0,-0.0018110349774360657,-3.793023211073887e-07,-6.036783162244319e-08,233568.09997558594
3500.0,47,3,7.7541184425354,-91.93414603867332,-65.27447926137492,2.16015625,2.799558401107788,22.839393200541057,0.0,0.1063829787234043,-0.0019662664271891117,-4.1181391452482785e-07,-6.554221698706897e-08,215128.52478027344
3500.0,47,4,10.463262557983398,-90.76551196765098,-64.22254476685622,0.0,3.5999927520751953,100.0,1.0,0.1063829787234043,-0.00217324192635715,-4.551627625914989e-07,-7.244139510476089e-08,194640.0909423828
3500.0,48,0,14.11059284210205,-88.74852920553165,-62.44125974482012,3.90234375,4.742368698120117,17.713193587270105,0.0,0.10416666666666663,-0.0008473056368529797,-1.7745928460044524e-07,-2.824352129948693e-08,499229.55322265625
3500.0,48,1,13.546104431152344,-90.02508494401837,-63.580169701425,3.90234375,4.562312126159668,14.465655963683421,0.0,0.08333333333333337,-0.0007890937849879265,-1.6526743706890556e-07,-2.6303126787752262e-08,536057.9833984375
3500.0,48,2,-7.3452911376953125,-108.35976572462198,-65.50655946919878,0.0,0.24400639533996582,100.0,1.0,1.0,-0.0012935963459312916,-2.709302293624205e-07,-4.311987922278604e-08,326995.361328125
3500.0,48,3,7.7545647621154785,-91.93415103692764,-65.27448101584264,2.16015625,2.799685478210449,22.84289550336327,0.0,0.10416666666666663,-0.0015523156616836786,-3.251162468131952e-07,-5.1743857198971455e-08,272496.1242675781
3500.0,48,4,10.454326629638672,-90.76551511274742,-64.22254706314743,2.73046875,3.5972695350646973,24.096075554402617,0.0,0.10416666666666663,-0.001759291160851717,-3.6846509487986623e-07,-5.864303886937705e-08,240437.744140625
3500.0,49,0,14.110544204711914,-88.74853485318161,-62.44126334745978,3.90234375,4.742353439331055,17.712928824839857,0.0,0.10204081632653061,-0.0006726700812578201,-1.4088371358411678e-07,-2.242233598792609e-08,628837.2802734375
3500.0,49,1,13.544679641723633,-90.0250966890813,-63.580172393426665,3.90234375,4.561859130859375,14.457162352909691,0.0,0.08163265306122447,-0.0007306798361241817,-1.5303322697945987e-07,-2.435599455452575e-08,578912.9638671875
3500.0,49,2,-7.368000507354736,-108.35993840125536,-65.50656111369196,0.0,0.242835134267807,100.0,1.0,1.0,-0.0009831333300098777,-2.0590695726241393e-07,-3.277111204624816e-08,430257.01904296875
3500.0,49,3,7.754875183105469,-91.93415368306462,-65.2744827609356,2.16015625,2.799773693084717,22.845326558519208,0.0,0.10204081632653061,-0.0009313894552178681,-1.9506975945660088e-07,-3.1046315740468344e-08,454160.1867675781
3500.0,49,4,10.454654693603516,-90.76551735924626,-64.22254934716838,2.73046875,3.597369432449341,24.09818337337386,0.0,0.10204081632653061,-0.001241852529346943,-2.6009300313489803e-07,-4.13950864697199e-08,340620.1477050781
3500.0,50,0,14.111359596252441,-88.74853880654094,-62.44126669789241,3.90234375,4.742614269256592,17.717454373288188,0.0,0.09999999999999998,-0.0066167451441287994,-1.385807991027832e-06,-2.205581779435306e-07,63928.714752197266
3500.0,50,1,13.545994758605957,-90.02510312993572,-63.580174896972146,3.90234375,4.562277317047119,14.465003356574858,0.0,0.07999999999999996,-0.006153274327516556,-1.2887387583759846e-06,-2.0510914566784777e-07,68743.88885498047
3500.0,50,2,-7.366350173950195,-108.36017281673702,-65.50656264306119,0.0,0.24292010068893433,100.0,1.0,1.0,-0.011176672764122486,-2.340836999792373e-06,-3.725557746747654e-07,37846.683502197266
3500.0,50,3,7.755303382873535,-91.93415221298832,-65.274484383862,2.16015625,2.7998952865600586,22.84867722128422,0.0,0.09999999999999998,-0.011280160397291183,-2.362511395403999e-06,-3.76005345970043e-07,37499.46594238281
3500.0,50,4,10.455219268798828,-90.76552005504641,-64.22255147129447,2.73046875,3.597541332244873,24.101810157767332,0.0,0.09999999999999998,-0.012832476757466793,-2.6876277843257412e-06,-4.277492280380102e-07,32963.24157714844
3500.0,51,0,14.108792304992676,-88.7485503842568,-62.44126981021705,3.90234375,4.741793632507324,17.703214175169556,0.0,0.0980392156862745,-0.00529242679476738,-1.1084432571806246e-06,-1.76414232555544e-07,79925.52947998047
3500.0,51,1,13.569169044494629,-90.02510994967434,-63.58017722259657,4.212890625,4.569650650024414,7.807161911217609,0.0,0.07843137254901966,-0.005927703343331814,-1.2414952834660653e-06,-1.9759011138376081e-07,71359.84802246094
3500.0,51,2,-7.359460353851318,-108.36044033213409,-65.5065640637421,0.0,0.24327503144741058,100.0,1.0,1.0,-0.009055174887180328,-1.896511435006687e-06,-3.0183917942849803e-07,46713.619232177734
3500.0,51,3,7.7546467781066895,-91.9341566232187,-65.27448589145119,2.16015625,2.799708604812622,22.843532848856096,0.0,0.0980392156862745,-0.00910691823810339,-1.9073486328125e-06,-3.035639508652821e-07,46448.204040527344
3500.0,51,4,10.462117195129395,-90.76552589595246,-64.2225534444641,3.029296875,3.5996437072753906,15.844535700092733,0.0,0.0980392156862745,-0.01045225840061903,-2.1891160031373147e-06,-3.484086050775659e-07,40469.722747802734
3500.0,52,0,14.003201484680176,-88.74855490239821,-62.44127345405413,3.90234375,4.708043098449707,17.11325346012683,0.0,0.09615384615384615,-0.005889097694307566,-1.2334097618804662e-06,-1.963032616458804e-07,71827.64434814453
3500.0,52,1,13.436792373657227,-90.02511146517327,-63.58017994538398,0.0,4.527554988861084,100.0,1.0,0.09615384615384615,-0.005717696156352758,-1.1975115512541379e-06,-1.9058987277276174e-07,73980.85021972656
3500.0,52,2,-16.490495681762695,-109.43880387040377,-65.50656572704295,0.0,0.032010894268751144,100.0,1.0,1.0,-0.011797599494457245,-2.470883600835805e-06,-3.9325331613326853e-07,35854.75158691406
3500.0,52,3,7.698955535888672,-91.9341566232187,-65.27448765650223,0.0,2.7838799953460693,100.0,1.0,0.11538461538461542,-0.010297026485204697,-2.156604296033038e-06,-3.432342339237948e-07,41079.8225402832
3500.0,52,4,10.369771003723145,-90.76552859175791,-64.2225557546058,0.0,3.5715224742889404,100.0,1.0,0.11538461538461542,-0.011642367579042912,-2.438371893731528e-06,-3.8807891655778803e-07,36332.81707763672
3500.0,53,0,14.108226776123047,-88.74855744385482,-62.44127751600266,3.90234375,4.741612434387207,17.700069248609353,0.0,0.09433962264150941,-0.008741477504372597,-1.8308109019926633e-06,-2.913825767336675e-07,48389.991760253906
3500.0,53,1,13.541742324829102,-90.025118284925,-63.58018298059792,3.90234375,4.560924530029297,14.43963336146381,0.0,0.09433962264150941,-0.008246676996350288,-1.727180119814875e-06,-2.7488923137752863e-07,51293.38836669922
3500.0,53,2,-7.382292747497559,-108.36093021450529,-65.50656758119999,0.0,0.24210065603256226,100.0,1.0,1.0,-0.01428130455315113,-2.991069550262182e-06,-4.7604348196728097e-07,29619.142532348633
3500.0,53,3,7.754805088043213,-91.93416073943777,-65.27448962408474,2.16015625,2.7997536659240723,22.844774656736455,0.0,0.1132075471698113,-0.014488279819488525,-3.0344183414854342e-06,-4.829426529795455e-07,29196.012496948242
3500.0,53,4,10.446683883666992,-90.76552993966126,-64.22255832982525,2.56640625,3.594940662384033,28.61060888003494,0.0,0.1132075471698113,-0.0164545476436615,-3.446232312853681e-06,-5.484849339154607e-07,25707.18002319336
3500.0,54,0,14.112950325012207,-88.74855744385482,-62.44128115242526,3.90234375,4.7431230545043945,17.72628065607391,0.0,0.09259259259259256,-0.0032889689318835735,-6.888400321258814e-07,-1.096322961302576e-07,128611.74011230469
3500.0,54,1,13.54726791381836,-90.02512017930236,-63.58018569784636,3.90234375,4.562682151794434,14.472592651117122,0.0,0.09259259259259256,-0.0029558679088950157,-6.190755357238231e-07,-9.852892901562882e-08,143105.1788330078
3500.0,54,2,-7.367008686065674,-108.36104401716636,-65.50656924111813,0.0,0.24288618564605713,100.0,1.0,1.0,-0.005174385383725166,-1.083720917449682e-06,-1.7247951689114416e-07,81748.84033203125
3500.0,54,3,7.757051944732666,-91.93416132746938,-65.27449138554606,2.16015625,2.8003931045532227,22.862392194590363,0.0,0.11111111111111116,-0.0053296172991395,-1.1162325108671212e-06,-1.7765391646662465e-07,79367.7978515625
3500.0,54,4,10.456092834472656,-90.76553038896247,-64.22256063526795,2.73046875,3.5978078842163086,24.107433251824016,0.0,0.11111111111111116,-0.0058987997472286224,-1.2354418004179024e-06,-1.9662665806663426e-07,71709.50317382812
3500.0,55,0,14.123772621154785,-88.74856309154147,-62.441283664134374,4.212890625,4.746584415435791,11.24374378974975,0.0,0.09090909090909094,-0.008178763091564178,-1.712956191113335e-06,-2.7262544222139695e-07,51719.31457519531
3500.0,55,1,13.546004295349121,-90.02511335954767,-63.580187574674156,3.90234375,4.562280178070068,14.465056995890901,0.0,0.09090909090909094,-0.007893970236182213,-1.653309254834312e-06,-2.6313233547625714e-07,53585.205078125
3500.0,55,2,-7.366936206817627,-108.36114854067739,-65.5065703876387,0.0,0.24288994073867798,100.0,1.0,1.0,-0.012832476757466793,-2.6876277843257412e-06,-4.277492280380102e-07,32963.24157714844
3500.0,55,3,7.756553649902344,-91.9341654436929,-65.2744926022034,2.16015625,2.800251007080078,22.858477881507056,0.0,0.10909090909090913,-0.013039452023804188,-2.7309765755489934e-06,-4.3464839905027475e-07,32440.013885498047
3500.0,55,4,10.454755783081055,-90.76553218616779,-64.22256222765799,2.73046875,3.597400188446045,24.09883229645713,0.0,0.10909090909090913,-0.014798742718994617,-3.0994415283203125e-06,-4.932914521305065e-07,28583.50944519043
3500.0,56,0,14.016375541687012,-88.74856704492652,-62.441287068409,0.0,4.712252140045166,100.0,1.0,0.1071428571428571,-0.007399371825158596,-1.5497207641601562e-06,-2.4664572606525326e-07,57167.015075683594
3500.0,56,1,13.411364555358887,-90.02511904267584,-63.58019011845538,3.90234375,4.51947546005249,13.654941054715286,0.0,0.0892857142857143,-0.006345090456306934,-1.328912730969023e-06,-2.115030213190039e-07,66665.71807861328
3500.0,56,2,-16.525758743286133,-109.4395865122122,-65.50657194158954,0.0,0.031754862517118454,100.0,1.0,1.0,-0.013660377822816372,-2.86102294921875e-06,-4.5534594050877786e-07,30965.469360351562
3500.0,56,3,7.696008682250977,-91.9341654436929,-65.2744942512149,2.16015625,2.783043384552002,22.381510040752406,0.0,0.1071428571428571,-0.011797599494457245,-2.470883600835805e-06,-3.9325331613326853e-07,35854.75158691406
3500.0,56,4,10.360093116760254,-90.7655366791843,-64.22256438592322,2.73046875,3.568578004837036,23.4858045333749,0.0,0.1071428571428571,-0.01334991492331028,-2.7959997623838717e-06,-4.449971697795263e-07,31685.596466064453
3500.0,57,0,14.109014511108398,-88.74857862271767,-62.44129098758504,3.90234375,4.7418646812438965,17.704447251828192,0.0,0.10526315789473684,-0.006752573885023594,-1.4142557347440743e-06,-2.250857988883581e-07,62642.78030395508
3500.0,57,1,13.542710304260254,-90.02512207368058,-63.580193046987844,3.90234375,4.561232089996338,14.445402623589521,0.0,0.08771929824561409,-0.006151051260530949,-1.2882730970886769e-06,-2.050350502713627e-07,68768.73779296875
3500.0,57,2,-7.379673957824707,-108.36154728667168,-65.5065737305786,0.0,0.24223506450653076,100.0,1.0,1.0,-0.010452259331941605,-2.1891160031373147e-06,-3.4840866192098474e-07,40469.71893310547
3500.0,57,3,7.7559285163879395,-91.93416867787127,-65.27449614964272,2.16015625,2.8000733852386475,22.853584431470463,0.0,0.10526315789473684,-0.010659234598279,-2.2324650217342423e-06,-3.553078329332493e-07,39683.89892578125
3500.0,57,4,10.452397346496582,-90.76553802709014,-64.22256687063003,2.73046875,3.5966813564300537,24.083662704272125,0.0,0.10526315789473684,-0.012108062393963337,-2.535906787670683e-06,-4.036020868625201e-07,34935.401916503906
3500.0,58,0,14.11050033569336,-88.74857749317572,-62.44129415121974,3.90234375,4.742339611053467,17.712688882415772,0.0,0.10344827586206895,-0.005164683796465397,-1.0816888789122459e-06,-1.7215613468124502e-07,81902.40478515625
3500.0,58,1,13.543794631958008,-90.02512965120167,-63.58019541095643,3.90234375,4.561577320098877,14.451877581778827,0.0,0.08620689655172409,-0.004741030745208263,-9.929592579283053e-07,-1.580343536033979e-07,89221.10748291016
3500.0,58,2,-7.387191295623779,-108.36172205227507,-65.50657517468586,0.0,0.2418493926525116,100.0,1.0,1.0,-0.007658090908080339,-1.6039068668760592e-06,-2.552696969360113e-07,55235.69869995117
3500.0,58,3,7.756707191467285,-91.93417014795314,-65.27449768209107,2.16015625,2.800294876098633,22.85968636954666,0.0,0.10344827586206895,-0.007813322357833385,-1.6364184602934984e-06,-2.604440680897824e-07,54138.301849365234
3500.0,58,4,10.453667640686035,-90.76554117220546,-64.2225688763341,2.73046875,3.5970687866210938,24.09183944005514,0.0,0.10344827586206895,-0.009003430604934692,-1.885674237200874e-06,-3.001143511482951e-07,46982.093811035156
3500.0,59,0,14.107902526855469,-88.74858568236158,-62.44129717310097,3.90234375,4.741508960723877,17.698273222197248,0.0,0.10169491525423724,-0.0058858636766672134,-1.2327325293881586e-06,-1.961954581020109e-07,71867.11120605469
3500.0,59,1,13.540162086486816,-90.02512586243947,-63.580197669002764,3.90234375,4.560421466827393,14.430195139073543,0.0,0.0847457627118644,-0.004812178667634726,-1.007860419122153e-06,-1.6040596051425382e-07,87901.9775390625
3500.0,59,2,-7.394262313842773,-108.36210268622958,-65.50657655408739,0.0,0.24148711562156677,100.0,1.0,1.0,-0.008848199620842934,-1.8531626437834348e-06,-2.9493997999452404e-07,47806.33544921875
3500.0,59,3,7.755727767944336,-91.93417191205202,-65.27449914587537,2.16015625,2.800016164779663,22.85200788581928,0.0,0.10169491525423724,-0.008848199620842934,-1.8531626437834348e-06,-2.9493997999452404e-07,47806.33544921875
3500.0,59,4,10.451805114746094,-90.76554386802037,-64.2225707921688,2.73046875,3.596501111984253,24.07985803475666,0.0,0.10169491525423724,-0.01003830786794424,-2.1024184206908103e-06,-3.3461026305303676e-07,42138.57650756836
3500.0,60,0,14.108083724975586,-88.74858737667782,-62.441300638899904,3.90234375,4.7415666580200195,17.699274702814407,0.0,0.09999999999999998,-0.007176226004958153,-1.5029852420411771e-06,-2.392075373336411e-07,58944.63348388672
3500.0,60,1,13.540358543395996,-90.02512813569638,-63.58020025875915,3.90234375,4.560484409332275,14.431376149110376,0.0,0.08333333333333337,-0.006429173983633518,-1.3465231631926144e-06,-2.1430579977277375e-07,65793.83087158203
3500.0,60,2,-7.394486904144287,-108.36215960255117,-65.50657813612524,0.0,0.24147559702396393,100.0,1.0,1.0,-0.010452259331941605,-2.1891160031373147e-06,-3.4840866192098474e-07,40469.71893310547
3500.0,60,3,7.756178855895996,-91.93417455820173,-65.27450082469193,2.16015625,2.8001444339752197,22.85554188598271,0.0,0.09999999999999998,-0.010710978880524635,-2.243302333226893e-06,-3.570326327917428e-07,39492.191314697266
3500.0,60,4,10.451828002929688,-90.76554836104897,-64.22257298944243,2.73046875,3.596508026123047,24.0800039881078,0.0,0.09999999999999998,-0.012108062393963337,-2.535906787670683e-06,-4.036020868625201e-07,34935.401916503906
3500.0,61,0,14.00851821899414,-88.74859613065561,-62.44130465686224,3.90234375,4.709742069244385,17.143153645650088,0.0,0.09836065573770492,-0.00809791311621666,-1.6960232187557267e-06,-2.699304388897872e-07,52235.679626464844
3500.0,61,1,13.444010734558105,-90.02514783730619,-63.58020326111051,0.0,4.529849052429199,100.0,1.0,0.09836065573770492,-0.006267474964261055,-1.3126568774168845e-06,-2.0891583574211836e-07,67491.29486083984
3500.0,61,2,-16.526926040649414,-109.4406186977196,-65.50657997021082,0.0,0.03174642100930214,100.0,1.0,1.0,-0.013505145907402039,-2.828511242114473e-06,-4.5017154093329736e-07,31321.393966674805
3500.0,61,3,7.699009418487549,-91.934174264185,-65.27450277097478,2.16015625,2.783895492553711,22.40526787812517,0.0,0.09836065573770492,-0.011797599494457245,-2.470883600835805e-06,-3.9325331613326853e-07,35854.75158691406
3500.0,61,4,10.371955871582031,-90.76555015826172,-64.2225755367817,3.029296875,3.5721871852874756,15.197700515903556,0.0,0.09836065573770492,-0.013556890189647675,-2.839348553607124e-06,-4.5189634079179086e-07,31201.847076416016
3500.0,62,0,14.00676155090332,-88.74860008407072,-62.4413075093475,3.90234375,4.7091803550720215,17.133270425776292,0.0,0.09677419354838712,-0.003958404995501041,-8.290464279525622e-07,-1.3194683390338469e-07,106861.2289428711
3500.0,62,1,13.412946701049805,-90.02514291189536,-63.5802053925802,3.90234375,4.519977569580078,13.664532844959643,0.0,0.09677419354838712,-0.002968803746625781,-6.21784806753567e-07,-9.896012898025219e-08,142481.62841796875
3500.0,62,2,-16.546350479125977,-109.44081947207098,-65.50658127228985,0.0,0.03160629794001579,100.0,1.0,1.0,-0.006364494562149048,-1.3329765806702198e-06,-2.121498141605116e-07,66462.46337890625
3500.0,62,3,7.698490142822266,-91.93417720435303,-65.27450415270641,2.16015625,2.783747911453247,22.401154173752136,0.0,0.09677419354838712,-0.00569182401522994,-1.1920928955078125e-06,-1.89727472843515e-07,74317.12341308594
3500.0,62,4,10.370816230773926,-90.7655519554752,-64.22257734522327,3.029296875,3.571840524673462,15.189470132434346,0.0,0.09677419354838712,-0.006519726011902094,-1.3654882877744967e-06,-2.1732419952513737e-07,64880.027770996094
3500.0,63,0,14.006942749023438,-88.7486006488446,-62.44130970794219,3.90234375,4.709238052368164,17.134285703870844,0.0,0.09523809523809523,-0.0032307570800185204,-6.766481988051964e-07,-1.0769190339487977e-07,130929.06188964844
3500.0,63,1,13.412590026855469,-90.02514442740579,-63.58020703544186,3.90234375,4.519864559173584,13.662374194825254,0.0,0.09523809523809523,-0.0023802174255251884,-4.985115538147511e-07,-7.934058032788016e-08,177714.85900878906
3500.0,63,2,-16.536022186279297,-109.44094677195756,-65.50658227588664,0.0,0.03168072551488876,100.0,1.0,1.0,-0.005433104932308197,-1.1379069064787473e-06,-1.8110350197275693e-07,77856.03332519531
3500.0,63,3,7.70261812210083,-91.93417661631926,-65.27450521769661,2.40625,2.7849199771881104,13.597158277073639,0.0,0.09523809523809523,-0.004656946752220392,-9.75348712017876e-07,-1.5523156093877333e-07,90832.04650878906
3500.0,63,4,10.370816230773926,-90.76555285408222,-64.22257873910635,3.029296875,3.571840524673462,15.189470132434346,0.0,0.09523809523809523,-0.005277873482555151,-1.1053953130613081e-06,-1.7592911660813115e-07,80145.91979980469
3500.0,64,0,14.005542755126953,-88.7486017783926,-62.44131176734194,3.90234375,4.708791255950928,17.126422942018227,0.0,0.09375,-0.006041095592081547,-1.2652441228055977e-06,-2.0136985767749138e-07,70020.41625976562
3500.0,64,1,13.411604881286621,-90.02513988087608,-63.58020857429275,3.90234375,4.519551753997803,13.656398634042565,0.0,0.09375,-0.004999750293791294,-1.0471452469573705e-06,-1.6665833868501068e-07,84604.2251586914
3500.0,64,2,-16.549652099609375,-109.4411397988228,-65.50658321594514,0.0,0.03158252686262131,100.0,1.0,1.0,-0.010504002682864666,-2.1999533146299655e-06,-3.501334333577688e-07,40270.362854003906
3500.0,64,3,7.702047348022461,-91.93417955648889,-65.27450621526162,0.0,2.7847580909729004,100.0,1.0,0.109375,-0.008848199620842934,-1.8531626437834348e-06,-2.9493997999452404e-07,47806.33544921875
3500.0,64,4,10.36945629119873,-90.7655555499044,-64.22258004474176,3.029296875,3.5714268684387207,15.179647054503942,0.0,0.09375,-0.010245283134281635,-2.1457672119140625e-06,-3.415094340653013e-07,41287.29248046875
3500.0,65,0,14.005949974060059,-88.7486082732992,-62.44131409432326,3.90234375,4.708921432495117,17.128713954094067,0.0,0.09230769230769231,-0.0011771726422011852,-2.465465058776317e-07,-3.9239090199316706e-08,359335.5712890625
3500.0,65,1,13.411198616027832,-90.02513988087608,-63.58021031308957,3.90234375,4.51942253112793,13.653929830144095,0.0,0.09230769230769231,-0.0012159806210547686,-2.5467437581028207e-07,-4.053268654047315e-08,347867.4011230469
3500.0,65,2,-16.54910659790039,-109.44125934523166,-65.50658427814747,0.0,0.03158646076917648,100.0,1.0,1.0,-0.0020180102437734604,-4.226511123306409e-07,-6.726700974013511e-08,209612.41149902344
3500.0,65,3,7.698546886444092,-91.93418043854015,-65.27450734244243,2.16015625,2.783763885498047,22.401599458442444,0.0,0.10769230769230764,-0.0015523156616836786,-3.251162468131952e-07,-5.1743857198971455e-08,272496.1242675781
3500.0,65,4,10.36949348449707,-90.76555599920826,-64.22258152002105,3.029296875,3.5714380741119385,15.179913185159888,0.0,0.09230769230769231,-0.001759291160851717,-3.6846509487986623e-07,-5.864303886937705e-08,240437.744140625
3500.0,66,0,14.017824172973633,-88.7486065789748,-62.44131624227638,4.212890625,4.712715148925781,10.605871734889627,0.0,0.09090909090909094,0.0003783769498113543,7.924708711470885e-08,1.2612565214453753e-08,1117932.861328125
3500.0,66,1,13.412607192993164,-90.02515314160104,-63.580211918110884,3.90234375,4.519870281219482,13.662483496160661,0.0,0.09090909090909094,0.0003169311094097793,6.637790050945114e-08,1.0564370711563242e-08,1334674.9267578125
3500.0,66,2,-16.56020736694336,-109.44162939068792,-65.50658525862872,0.0,0.03150669112801552,100.0,1.0,1.0,0.0006209262646734715,1.3004650156744901e-07,2.069754323485995e-08,681240.2954101562
3500.0,66,3,7.698919296264648,-91.9341816146088,-65.27450838290297,2.16015625,2.783869743347168,22.404550171131575,0.0,0.10606060606060608,0.0006209262646734715,1.3004650156744901e-07,2.069754323485995e-08,681240.2954101562
3500.0,66,4,10.370626449584961,-90.76555375268944,-64.22258288179881,3.029296875,3.5717828273773193,15.188100133614634,0.0,0.09090909090909094,0.0007244139560498297,1.5172091138992982e-07,2.414713229370591e-08,583920.2880859375
3500.0,67,0,14.01952075958252,-88.74861053239941,-62.44131915012607,4.212890625,4.713257312774658,10.616154700879177,0.0,0.08955223880597019,-0.0008537736721336842,-1.7881393432617188e-07,-2.8459123058155456e-08,495447.4792480469
3500.0,67,1,13.413213729858398,-90.02515503599362,-63.580214090952296,3.90234375,4.5200629234313965,13.666163146296562,0.0,0.08955223880597019,-0.0006597341853193939,-1.3817441413266351e-07,-2.1991139576016394e-08,641167.3583984375
3500.0,67,2,-16.583837509155273,-109.44178362873319,-65.5065865859822,0.0,0.03133757784962654,100.0,1.0,1.0,-0.0016040594782680273,-3.3595347304071765e-07,-5.3468649952037595e-08,263705.9326171875
3500.0,67,3,7.699653625488281,-91.93418279067774,-65.27450979145505,2.16015625,2.784078359603882,22.410364544935202,0.0,0.10447761194029848,-0.0013970840955153108,-2.926046249740466e-07,-4.656947183434568e-08,302773.4680175781
3500.0,67,4,10.370986938476562,-90.76556004294508,-64.22258472534278,0.0,3.571892499923706,100.0,1.0,0.10447761194029848,-0.0015523156616836786,-3.251162468131952e-07,-5.1743857198971455e-08,272496.1242675781
3500.0,68,0,14.018237113952637,-88.74861307388856,-62.44132255631834,4.212890625,4.7128472328186035,10.608377125765555,0.0,0.08823529411764708,-0.00010025372466770932,-2.0997092065044853e-08,-3.3417908440469546e-09,4219294.921875
3500.0,68,1,13.411948204040527,-90.02514897394025,-63.580216636172295,3.90234375,4.519660949707031,13.658484708837426,0.0,0.08823529411764708,-0.0001164236746262759,-2.438371993207511e-08,-3.880789023469333e-09,3633281.73828125
3500.0,68,2,-16.601890563964844,-109.44202172506073,-65.50658814081606,0.0,0.031208978965878487,100.0,1.0,1.0,-0.0002587192866485566,-5.418604231977042e-08,-8.623976199828576e-09,1634976.6845703125
3500.0,68,3,7.699300289154053,-91.93418308469504,-65.27451144140319,2.16015625,2.78397798538208,22.407567109280325,0.0,0.1029411764705882,-0.0003104631323367357,-6.502325078372451e-08,-1.0348771617429975e-08,1362480.5908203125
3500.0,68,4,10.361230850219727,-90.76556184016266,-64.22258688483096,2.73046875,3.5689244270324707,23.49323148121798,0.0,0.1029411764705882,-0.0003104631323367357,-6.502325078372451e-08,-1.0348771617429975e-08,1362480.5908203125
3500.0,69,0,14.018279075622559,-88.74861335627635,-62.44132533681531,4.212890625,4.712860584259033,10.608630370457684,0.0,0.08695652173913049,0.0005594804533757269,1.1717732206761866e-07,1.864934873196944e-08,756058.59375
3500.0,69,1,13.411728858947754,-90.02515389935796,-63.580218713852375,3.90234375,4.519591331481934,13.657154733933519,0.0,0.08695652173913049,0.0006136498413980007,1.2852251529693604e-07,2.045499414293772e-08,689318.1762695312
3500.0,69,2,-16.579601287841797,-109.44187317212493,-65.50658941003763,0.0,0.03136783093214035,100.0,1.0,1.0,0.0009831333300098777,2.0590695726241393e-07,3.277111204624816e-08,430257.01904296875
3500.0,69,3,7.699586391448975,-91.93418484879919,-65.27451278826717,2.16015625,2.7840592861175537,22.409832981236665,0.0,0.10144927536231885,0.0008279017056338489,1.7339533542326535e-07,2.7596723128908707e-08,510930.23681640625
3500.0,69,4,10.361145973205566,-90.7655649852952,-64.22258864763575,2.73046875,3.5688986778259277,23.49267949340259,0.0,0.10144927536231885,0.0009313894552178681,1.9506975945660088e-07,3.1046315740468344e-08,454160.1867675781
3500.0,70,0,14.123734474182129,-88.74862069836497,-62.441328080612934,4.212890625,4.746572017669678,11.243511963644192,0.0,0.08571428571428574,0.0018724807305261493,3.9217147218550963e-07,6.241602790169054e-08,225903.53393554688
3500.0,70,1,13.543066024780273,-90.02516375021015,-63.58022076410986,3.90234375,4.56134557723999,14.447531240085155,0.0,0.08571428571428574,0.0017277596052736044,3.618611685851647e-07,5.759198629107232e-08,244825.7293701172
3500.0,70,2,-7.413183689117432,-108.36363888118521,-65.50659066250745,0.0,0.24052011966705322,100.0,1.0,1.0,0.002690680557861924,5.635348543364671e-07,8.968935105713172e-08,157209.3048095703
3500.0,70,3,7.759753704071045,-91.93418720093918,-65.27451411735461,2.16015625,2.801161527633667,22.883552815862352,0.0,0.09999999999999998,0.002690680557861924,5.635348543364671e-07,8.968935105713172e-08,157209.3048095703
3500.0,70,4,10.454188346862793,-90.76556588390491,-64.22259038717402,2.73046875,3.5972275733947754,24.095190134907085,0.0,0.09999999999999998,0.0030528875067830086,6.393952958205773e-07,1.0176291453944941e-07,138557.35778808594
3500.0,71,0,14.030021667480469,-88.74862521657953,-62.44133029522152,0.0,4.716612815856934,100.0,1.0,0.09859154929577463,0.0021214981097728014,4.4432556478568586e-07,7.071660235169475e-08,199387.4053955078
3500.0,71,1,13.437675476074219,-90.02516981228412,-63.58022241893984,0.0,4.527835845947266,100.0,1.0,0.09859154929577463,0.0014035520143806934,2.939592604889185e-07,4.6785068263943685e-08,301378.23486328125
3500.0,71,2,-16.596885681152344,-109.44223032887555,-65.50659167341703,0.0,0.03124457597732544,100.0,1.0,1.0,0.0033633506391197443,7.044185394988745e-07,1.1211169237412832e-07,125767.44079589844
3500.0,71,3,7.700753211975098,-91.93418778897438,-65.27451519010478,2.16015625,2.784390449523926,22.419061221484114,0.0,0.09859154929577463,0.002897655824199319,6.068836455597193e-07,9.658852917482363e-08,145980.07202148438
3500.0,71,4,10.37120246887207,-90.76556723181986,-64.22259179121244,3.029296875,3.57195782661438,15.192255282832722,0.0,0.09859154929577463,0.0033116068225353956,6.935813416930614e-07,1.1038689251563483e-07,127732.55920410156
3500.0,72,0,14.110955238342285,-88.74862775807728,-62.441333213220034,3.90234375,4.742485046386719,17.71521234477733,0.0,0.09722222222222221,0.0021279659122228622,4.4568020030055777e-07,7.093219522857908e-08,198781.38732910156
3500.0,72,1,13.540145874023438,-90.02516716012572,-63.580224599366765,3.90234375,4.5604166984558105,14.430105667287785,0.0,0.09722222222222221,0.0016040594782680273,3.3595347304071765e-07,5.3468649952037595e-08,263705.9326171875
3500.0,72,2,-7.4274582862854,-108.36394214708935,-65.50659300540576,0.0,0.23979295790195465,100.0,1.0,1.0,0.0030528875067830086,6.393952958205773e-07,1.0176291453944941e-07,138557.35778808594
3500.0,72,3,7.759522438049316,-91.93418955308044,-65.27451660357553,2.16015625,2.801095962524414,22.881747755145952,0.0,0.09722222222222221,0.0031046313233673573,6.502324936263904e-07,1.0348771439794291e-07,136248.06213378906
3500.0,72,4,10.461355209350586,-90.7655708262617,-64.22259364119307,3.029296875,3.5994114875793457,15.839106324649633,0.0,0.09722222222222221,0.003518582321703434,7.369301897597325e-07,1.172860777387541e-07,120218.8720703125
3500.0,73,0,14.111655235290527,-88.74863199391015,-62.44133557633238,3.90234375,4.742709159851074,17.71910065590998,0.0,0.09589041095890416,0.0020632862579077482,4.3213367462158203e-07,6.877620961631692e-08,205012.75634765625
3500.0,73,1,13.540592193603516,-90.0251739799649,-63.580226365164336,3.90234375,4.560558319091797,14.432762899584528,0.0,0.09589041095890416,0.0015458476264029741,3.2376158287661383e-07,5.152825366394609e-08,273636.29150390625
3500.0,73,2,-7.421889781951904,-108.36412145140702,-65.50659408410414,0.0,0.24007637798786163,100.0,1.0,1.0,0.002587192691862583,5.418604018814221e-07,8.623975844557208e-08,163497.6806640625
3500.0,73,3,7.763529300689697,-91.9341933753127,-65.2745177482613,2.40625,2.8022358417510986,14.131067622903926,0.0,0.09589041095890416,0.002690680557861924,5.635348543364671e-07,8.968935105713172e-08,157209.3048095703
3500.0,73,4,10.461884498596191,-90.76556992765094,-64.22259513938202,3.029296875,3.5995726585388184,15.84287463085442,0.0,0.09589041095890416,0.0031046313233673573,6.502324936263904e-07,1.0348771439794291e-07,136248.06213378906
3500.0,74,0,14.112261772155762,-88.74863510019024,-62.44133812475368,3.90234375,4.742902755737305,17.72245919907409,0.0,0.09459459459459463,0.0001164236746262759,2.438371993207511e-08,3.880789023469333e-09,3633281.73828125
3500.0,74,1,13.542119026184082,-90.02517776876907,-63.58022826943134,3.90234375,4.561044692993164,14.441887491369766,0.0,0.09459459459459463,0.00010995569755323231,2.30290666536348e-08,3.6651899293360657e-09,3847003.90625
3500.0,74,2,-7.436209201812744,-108.36448048613252,-65.50659524739154,0.0,0.23934818804264069,100.0,1.0,1.0,0.00020697542640846223,4.334883385581634e-08,6.899180782227177e-09,2043720.947265625
3500.0,74,3,7.763967037200928,-91.93419396334875,-65.27451898271067,2.40625,2.8023605346679688,14.134888418805858,0.0,0.09459459459459463,0.00020697542640846223,4.334883385581634e-08,6.899180782227177e-09,2043720.947265625
3500.0,74,4,10.4619140625,-90.76557442070651,-64.22259675505532,3.029296875,3.5995819568634033,15.843092022839711,0.0,0.09459459459459463,0.00020697542640846223,4.334883385581634e-08,6.899180782227177e-09,2043720.947265625
3500.0,75,0,14.124425888061523,-88.74863820647255,-62.44134079588698,4.212890625,4.746792793273926,11.247640070374477,0.0,0.09333333333333338,0.0017075473442673683,3.5762786865234375e-07,5.691824611631091e-08,247723.73962402344
3500.0,75,1,13.546780586242676,-90.02517814764968,-63.580230265393254,3.90234375,4.562527179718018,14.46968760323789,0.0,0.09333333333333338,0.0012628735275939107,2.644956111907959e-07,4.2095784635876043e-08,334950.4089355469
3500.0,75,2,-7.42179012298584,-108.36445544562753,-65.50659646669419,0.0,0.24008147418498993,100.0,1.0,1.0,0.0023284736089408398,4.87674356008938e-07,7.761578757481402e-08,181664.07775878906
3500.0,75,3,7.764418601989746,-91.93419308129472,-65.27452027660189,2.40625,2.8024890422821045,14.138825747537688,0.0,0.09333333333333338,0.0023802174255251884,4.9851161065817e-07,7.934058032788016e-08,177714.85900878906
3500.0,75,4,10.46211051940918,-90.76557487001232,-64.22259844852721,3.029296875,3.599641799926758,15.84449110848648,0.0,0.09333333333333338,0.002690680557861924,5.635348543364671e-07,8.968935105713172e-08,157209.3048095703
3500.0,76,0,14.122363090515137,-88.7486407479779,-62.44134334483095,4.212890625,4.746132850646973,11.235299188354652,0.0,0.09210526315789469,-0.0009766652947291732,-2.045523075366873e-07,-3.25555085112228e-08,433106.4147949219
3500.0,76,1,13.539942741394043,-90.02517360108467,-63.58023217005145,3.90234375,4.560351848602295,14.42888883242569,0.0,0.09210526315789469,-0.0011141098802909255,-2.3333863907737395e-07,-3.7136995700848274e-08,379675.29296875
3500.0,76,2,-7.433048725128174,-108.36456974459114,-65.50659763022102,0.0,0.239508718252182,100.0,1.0,1.0,-0.0013970840955153108,-2.926046249740466e-07,-4.656947183434568e-08,302773.4680175781
3500.0,76,3,7.765799045562744,-91.93419513942105,-65.27452151130528,2.5703125,2.802881956100464,8.297511623501563,0.0,0.09210526315789469,-0.001345340278930962,-2.8176742716823355e-07,-4.484467552856586e-08,314418.6096191406
3500.0,76,4,10.46063232421875,-90.76557891376672,-64.22260006453267,3.029296875,3.599191188812256,15.833955016997104,0.0,0.09210526315789469,-0.0015523156616836786,-3.251162468131952e-07,-5.1743857198971455e-08,272496.1242675781
3500.0,77,0,14.125157356262207,-88.74863848886194,-62.44134553798138,0.0,4.7470269203186035,100.0,1.0,0.10389610389610393,-0.006914272904396057,-1.4481220205198042e-06,-2.304757629190135e-07,61177.799224853516
3500.0,77,1,13.544743537902832,-90.02518193645747,-63.58023380884879,3.90234375,4.5618791580200195,14.45753789555171,0.0,0.09090909090909094,-0.005219661630690098,-1.0932034228972043e-06,-1.7398872387275333e-07,81039.73388671875
3500.0,77,2,-7.446133613586426,-108.3646388100872,-65.50659863133765,0.0,0.23884469270706177,100.0,1.0,1.0,-0.009469125419855118,-1.983209131140029e-06,-3.1563752145302715e-07,44671.4973449707
3500.0,77,3,7.76727294921875,-91.93419602147549,-65.27452257366332,2.5703125,2.8033013343811035,8.311230459730135,0.0,0.09090909090909094,-0.009883075952529907,-2.0699067135865334e-06,-3.2943586347755627e-07,42800.44174194336
3500.0,77,4,10.462687492370605,-90.76558071099211,-64.22260145496882,3.029296875,3.5998177528381348,15.848604485277907,0.0,0.09090909090909094,-0.011280160397291183,-2.362511395403999e-06,-3.76005345970043e-07,37499.46594238281
3500.0,78,0,14.112174987792969,-88.74865119640441,-62.44134777689859,3.90234375,4.742875099182129,17.721979423980017,0.0,0.10256410256410253,-0.008259613066911697,-1.729889390844619e-06,-2.753204455530067e-07,51213.05465698242
3500.0,78,1,13.53991413116455,-90.02518458862491,-63.58023548184487,3.90234375,4.560342311859131,14.428709883203528,0.0,0.08974358974358976,-0.006713765673339367,-1.406127807968005e-06,-2.2379218478363327e-07,63004.8828125
3500.0,78,2,-7.445887088775635,-108.36476765450391,-65.50659965334597,0.0,0.2388571798801422,100.0,1.0,1.0,-0.011642367579042912,-2.438371893731528e-06,-3.8807891655778803e-07,36332.81707763672
3500.0,78,3,7.766624927520752,-91.93419837362151,-65.27452365819101,2.5703125,2.803117036819458,8.305202164644843,0.0,0.08974358974358976,-0.011952830478549004,-2.5033950805664062e-06,-3.984276872870396e-07,35389.10675048828
3500.0,78,4,10.461176872253418,-90.76558026168568,-64.22260287442097,3.029296875,3.5993571281433105,15.837835281362311,0.0,0.08974358974358976,-0.013505145907402039,-2.828511242114473e-06,-4.5017154093329736e-07,31321.393966674805
3500.0,79,0,14.116268157958984,-88.74865119640441,-62.44134943769841,3.90234375,4.744183540344238,17.74467162126604,0.0,0.10126582278481011,-0.0071729919873178005,-1.5023080095488694e-06,-2.3909973378977156e-07,58971.21047973633
3500.0,79,1,13.549074172973633,-90.02519254513692,-63.580236722851886,3.90234375,4.563257217407227,14.483370888804458,0.0,0.08860759493670889,-0.0052584693767130375,-1.1013312359864358e-06,-1.7528230955576873e-07,80441.65802001953
3500.0,79,2,-7.43031644821167,-108.3648585345262,-65.50660041145872,0.0,0.23964761197566986,100.0,1.0,1.0,-0.00998656451702118,-2.091581336571835e-06,-3.328854916162527e-07,42356.910705566406
3500.0,79,3,7.7684454917907715,-91.93419719754834,-65.27452446267986,2.5703125,2.8036351203918457,8.322146441054556,0.0,0.08860759493670889,-0.010297026485204697,-2.156604296033038e-06,-3.432342339237948e-07,41079.8225402832
3500.0,79,4,10.46490478515625,-90.76557442070651,-64.2226039273524,3.029296875,3.6004931926727295,15.86439099052197,0.0,0.08860759493670889,-0.011694111861288548,-2.4492092052241787e-06,-3.8980374483799096e-07,36172.05047607422
3500.0,80,0,14.11528205871582,-88.74865119640441,-62.441351064418654,3.90234375,4.743868827819824,17.739214728805443,0.0,0.09999999999999998,-0.004598735366016626,-9.6315693554061e-07,-1.5329118241425022e-07,91981.8115234375
3500.0,80,1,13.54825210571289,-90.02518875631986,-63.58023793839359,3.90234375,4.562995433807373,14.47846471448524,0.0,0.08750000000000002,-0.003363350871950388,-7.044185394988745e-07,-1.1211169947955568e-07,125767.4331665039
3500.0,80,2,-7.437980651855469,-108.36500717795059,-65.50660115401516,0.0,0.23925824463367462,100.0,1.0,1.0,-0.006519726011902094,-1.3654882877744967e-06,-2.1732419952513737e-07,64880.027770996094
3500.0,80,3,7.767855167388916,-91.93420013773189,-65.27452525066076,2.5703125,2.803467035293579,8.316649789647457,0.0,0.08750000000000002,-0.006519726011902094,-1.3654882877744967e-06,-2.1732419952513737e-07,64880.027770996094
3500.0,80,4,10.46357250213623,-90.76557531931819,-64.22260495867786,0.0,3.6000874042510986,100.0,1.0,0.09999999999999998,-0.00734762754291296,-1.5388835663543432e-06,-2.4492092620675976e-07,57569.602966308594
3500.0,81,0,14.114981651306152,-88.74865204357522,-62.441351867845945,3.90234375,4.743772506713867,17.737544444279152,0.0,0.09876543209876543,0.000705010024830699,1.4765696221274993e-07,2.3500334123127686e-08,599991.455078125
3500.0,81,1,13.568782806396484,-90.02518458862491,-63.58023853874233,0.0,4.569527626037598,100.0,1.0,0.09876543209876543,0.0006144582876004279,1.2869185184172238e-07,2.0481943252548263e-08,688411.2548828125
3500.0,81,2,-7.438448429107666,-108.36495789886027,-65.50660152075938,0.0,0.23923450708389282,100.0,1.0,1.0,0.0009313894552178681,1.9506975945660088e-07,3.1046315740468344e-08,454160.1867675781
3500.0,81,3,7.7680158615112305,-91.93420190184297,-65.27452563983982,2.5703125,2.8035128116607666,8.31814681533849,0.0,0.0864197530864198,0.0009313894552178681,1.9506975945660088e-07,3.1046315740468344e-08,454160.1867675781
3500.0,81,4,10.463932037353516,-90.76557531931819,-64.22260546804333,3.029296875,3.6001970767974854,15.857470844493971,0.0,0.09876543209876543,0.0011383647797629237,2.384185791015625e-07,3.794549385816026e-08,371585.63232421875
3500.0,82,0,14.113077163696289,-88.74865599704124,-62.441352540237204,3.90234375,4.743163585662842,17.726983699326492,0.0,0.09756097560975607,-0.0011965767480432987,-2.506104408439569e-07,-3.9885893698965447e-08,353508.4533691406
3500.0,82,1,13.541047096252441,-90.02519178737325,-63.580239041176426,3.90234375,4.560702800750732,14.435473643280606,0.0,0.09756097560975607,-0.0010219411924481392,-2.1403486982762843e-07,-3.406470838740461e-08,413918.15185546875
3500.0,82,2,-7.445003986358643,-108.36495466746408,-65.50660182768897,0.0,0.23890195786952972,100.0,1.0,1.0,-0.0018627789104357362,-3.9013951891320175e-07,-6.209263148093669e-08,227080.09338378906
3500.0,82,3,7.767093658447266,-91.9342016078244,-65.27452596554525,2.5703125,2.803250551223755,8.309569443304532,0.0,0.08536585365853655,-0.001759291160851717,-3.6846509487986623e-07,-5.864303886937705e-08,240437.744140625
3500.0,82,4,10.46183967590332,-90.76558295752488,-64.22260589433319,3.029296875,3.5995590686798096,15.842556902086379,0.0,0.09756097560975607,-0.0019662664271891117,-4.1181391452482785e-07,-6.554221698706897e-08,215128.52478027344
3500.0,83,0,14.110488891601562,-88.74865966812004,-62.441354101620924,3.90234375,4.742336273193359,17.712630965069277,0.0,0.09638554216867468,-0.0054266368970274925,-1.1365522141204565e-06,-1.8088789488501789e-07,77948.8296508789
3500.0,83,1,13.537715911865234,-90.02518724079395,-63.580240207896644,3.90234375,4.559643745422363,14.415599817030822,0.0,0.09638554216867468,-0.004540523514151573,-9.509650453765062e-07,-1.513507896788724e-07,93161.06414794922
3500.0,83,2,-7.4592132568359375,-108.36517844733442,-65.50660254042128,0.0,0.23818258941173553,100.0,1.0,1.0,-0.007916809991002083,-1.6580929695919622e-06,-2.6389366780676937e-07,53430.61447143555
3500.0,83,3,7.7659711837768555,-91.9342016078244,-65.27452672187755,2.5703125,2.802931070327759,8.299118476022949,0.0,0.08433734939759041,-0.007968553341925144,-1.6689300537109375e-06,-2.6561843924355344e-07,53083.66394042969
3500.0,83,4,10.459607124328613,-90.76558565336575,-64.2226068842362,3.029296875,3.5988786220550537,15.826645098961622,0.0,0.09638554216867468,-0.009158661589026451,-1.9181857169314753e-06,-3.0528872230206616e-07,46185.787200927734
3500.0,84,0,14.115009307861328,-88.74865853855701,-62.441356549310925,3.90234375,4.743781089782715,17.737693284266964,0.0,0.09523809523809523,-0.006901336833834648,-1.4454126358032227e-06,-2.3004456295439013e-07,61292.47283935547
3500.0,84,1,13.543890953063965,-90.02519292401882,-63.580242036895974,3.90234375,4.561607837677002,14.452449906626175,0.0,0.09523809523809523,-0.006037052720785141,-1.2643974969250849e-06,-2.0123509614222712e-07,70067.30651855469
3500.0,84,2,-7.446019649505615,-108.36538163651863,-65.50660365773035,0.0,0.2388504445552826,100.0,1.0,1.0,-0.00998656451702118,-2.091581336571835e-06,-3.328854916162527e-07,42356.910705566406
3500.0,84,3,7.768266677856445,-91.93420395997347,-65.2745279075358,2.5703125,2.803584337234497,8.3204858201127,0.0,0.08333333333333337,-0.010348770767450333,-2.1674416075256886e-06,-3.449590337822883e-07,40874.420166015625
3500.0,84,4,10.463598251342773,-90.76558116029857,-64.22260843604954,3.029296875,3.600095510482788,15.855097005641428,0.0,0.09523809523809523,-0.011694111861288548,-2.4492092052241787e-06,-3.8980374483799096e-07,36172.05047607422
3500.0,85,0,14.124235153198242,-88.74866672789568,-62.441358780646425,4.212890625,4.746731758117676,11.246498861131581,0.0,0.09411764705882353,-0.007024228572845459,-1.471151108489721e-06,-2.3414095551288483e-07,60220.13854980469
3500.0,85,1,13.541171073913574,-90.0251986072511,-63.58024370422794,3.90234375,4.560742378234863,14.43621616026648,0.0,0.09411764705882353,-0.005808247718960047,-1.2164766758360201e-06,-1.9360825831427064e-07,72827.47650146484
3500.0,85,2,-7.440630912780762,-108.36547050952785,-65.50660467627935,0.0,0.23912374675273895,100.0,1.0,1.0,-0.00998656451702118,-2.091581336571835e-06,-3.328854916162527e-07,42356.910705566406
3500.0,85,3,7.780395030975342,-91.93420395997347,-65.27452898839249,2.56640625,2.807036876678467,8.572407034538221,0.0,0.08235294117647063,-0.010297026485204697,-2.156604296033038e-06,-3.432342339237948e-07,41079.8225402832
3500.0,85,4,10.461044311523438,-90.76559913259517,-64.22260985069643,3.029296875,3.5993168354034424,15.836893123623819,0.0,0.09411764705882353,-0.011694111861288548,-2.4492092052241787e-06,-3.8980374483799096e-07,36172.05047607422
3500.0,86,0,14.02395248413086,-88.74866503354849,-62.44136131713981,4.212890625,4.7146735191345215,10.643004061639338,0.0,0.09302325581395354,-0.006707297172397375,-1.4047731156097143e-06,-2.2357657769589423e-07,63065.643310546875
3500.0,86,1,13.413848876953125,-90.0251967128395,-63.58024559958483,3.90234375,4.520264625549316,13.670015513178601,0.0,0.09302325581395354,-0.005575400777161121,-1.1677092288664426e-06,-1.8584670158361405e-07,75868.98803710938
3500.0,86,2,-16.677448272705078,-109.44428895240915,-65.50660583412571,0.0,0.03067638911306858,100.0,1.0,1.0,-0.011952830478549004,-2.5033950805664062e-06,-3.984276872870396e-07,35389.10675048828
3500.0,86,3,7.7235565185546875,-91.9342069001616,-65.27453021706776,2.56640625,2.7908685207366943,8.042738992141551,0.0,0.08139534883720934,-0.009883075952529907,-2.0699067135865334e-06,-3.2943586347755627e-07,42800.44174194336
3500.0,86,4,10.372913360595703,-90.76558655197974,-64.22261145881103,3.029296875,3.5724782943725586,15.204610766374405,0.0,0.09302325581395354,-0.011280160397291183,-2.362511395403999e-06,-3.76005345970043e-07,37499.46594238281
3500.0,87,0,14.127610206604004,-88.74866729267823,-62.44136267669012,4.212890625,4.747811317443848,11.266679669398517,0.0,0.09195402298850575,-0.0019209906458854675,-4.023313522338867e-07,-6.403302421631452e-08,220198.88305664062
3500.0,87,1,13.543950080871582,-90.0251986072511,-63.58024661548868,3.90234375,4.56162691116333,14.452807605767049,0.0,0.09195402298850575,-0.00125478848349303,-2.628023025863513e-07,-4.1826282881629595e-08,337108.6120605469
3500.0,87,2,-7.456211090087891,-108.36551252285625,-65.5066064547269,0.0,0.23833441734313965,100.0,1.0,1.0,-0.002431961242109537,-5.09348808463983e-07,-8.10653730809463e-08,173933.70056152344
3500.0,87,3,7.782158374786377,-91.93420660614268,-65.27453087563296,0.0,2.8075389862060547,100.0,1.0,0.09195402298850575,-0.0023802174255251884,-4.9851161065817e-07,-7.934058032788016e-08,177714.85900878906
3500.0,87,4,10.46405029296875,-90.7655870012868,-64.22261232075421,3.029296875,3.6002330780029297,15.85831224348484,0.0,0.09195402298850575,-0.0027941681910306215,-5.852092499480932e-07,-9.313894366869135e-08,151386.73400878906
3500.0,88,0,14.124642372131348,-88.74867350529112,-62.441364093321766,4.212890625,4.746862411499023,11.248941726339169,0.0,0.09090909090909094,-0.002710084430873394,-5.675988177245017e-07,-9.033615100406678e-08,156083.6944580078
3500.0,88,1,13.540703773498535,-90.02520125942871,-63.58024767404579,3.90234375,4.560594081878662,14.433433891742165,0.0,0.09090909090909094,-0.0018239710479974747,-3.8201159213713254e-07,-6.079903869249392e-08,231911.5753173828
3500.0,88,2,-7.457428455352783,-108.36568421616275,-65.50660710138442,0.0,0.23827284574508667,100.0,1.0,1.0,-0.00367381377145648,-7.694418400205905e-07,-1.2246046310337988e-07,115139.20593261719
3500.0,88,3,7.768063068389893,-91.93420719418052,-65.27453156184845,2.5703125,2.8035264015197754,8.318591235429473,0.0,0.09090909090909094,-0.0036220699548721313,-7.586045853713586e-07,-1.2073566324488638e-07,116784.04998779297
3500.0,88,4,10.46193790435791,-90.7655919436676,-64.22261321888655,3.029296875,3.5995888710021973,15.843253672562241,0.0,0.09090909090909094,-0.004242996219545603,-8.886510727279529e-07,-1.414332047033895e-07,99693.7026977539
3500.0,89,0,14.124571800231934,-88.74867491724983,-62.44136597183396,4.212890625,4.74683952331543,11.248513788865,0.0,0.0898876404494382,-0.004242996219545603,-8.886511295713717e-07,-1.414332047033895e-07,99693.7026977539
3500.0,89,1,13.540617942810059,-90.02520618490571,-63.580249077736504,3.90234375,4.5605669021606445,14.432923938662112,0.0,0.0898876404494382,-0.0032986709848046303,-6.908720706633176e-07,-1.0995569965643881e-07,128233.45947265625
3500.0,89,2,-7.457902908325195,-108.36577915537595,-65.50660795887927,0.0,0.23824885487556458,100.0,1.0,1.0,-0.005536592565476894,-1.1595813020903734e-06,-1.845530874788892e-07,76400.7797241211
3500.0,89,3,7.768168926239014,-91.93420866427543,-65.27453247179878,0.0,2.803556442260742,100.0,1.0,0.101123595505618,-0.005795311648398638,-1.2137672911194386e-06,-1.9317705834964727e-07,72990.03601074219
3500.0,89,4,10.46176528930664,-90.7655928422829,-64.22261440984741,3.029296875,3.599536180496216,15.84202177452777,0.0,0.0898876404494382,-0.006519726011902094,-1.3654882877744967e-06,-2.1732419952513737e-07,64880.027770996094
3500.0,90,0,14.032486915588379,-88.74867463485805,-62.44136827526686,4.5234375,4.717400550842285,4.111651083087553,0.0,0.0888888888888889,-0.007140652276575565,-1.495534775131091e-06,-2.3802174098364048e-07,59238.285064697266
3500.0,90,1,13.413394927978516,-90.02518875631986,-63.58025079894322,3.90234375,4.520120143890381,13.667256051266651,0.0,0.0888888888888889,-0.005924671422690153,-1.24086034247739e-06,-1.974890437850263e-07,71396.3623046875
3500.0,90,2,-16.682262420654297,-109.4442651297557,-65.50660901034033,0.0,0.030642753466963768,100.0,1.0,1.0,-0.012728989124298096,-2.6659531613404397e-06,-4.242996283210232e-07,33231.231689453125
3500.0,90,3,7.704772472381592,-91.93421013437083,-65.27453358758078,2.16015625,2.785531997680664,22.45085492471006,0.0,0.09999999999999998,-0.01045225840061903,-2.1891160031373147e-06,-3.484086050775659e-07,40469.722747802734
3500.0,90,4,10.37199878692627,-90.76558969713018,-64.22261587020469,3.029296875,3.572200298309326,15.198011812671176,0.0,0.0888888888888889,-0.012108062393963337,-2.535906787670683e-06,-4.036020868625201e-07,34935.401916503906
3500.0,91,0,14.028519630432129,-88.7486814122658,-62.44137048481934,0.0,4.716133117675781,100.0,1.0,0.09890109890109888,-0.0030076117254793644,-6.299127335296362e-07,-1.0025372176869496e-07,140643.15795898438
3500.0,91,1,13.408061027526855,-90.0251959550751,-63.580252449999385,3.90234375,4.518425941467285,13.634885233223992,0.0,0.08791208791208793,-0.0023026014678180218,-4.822557571060315e-07,-7.675338054013991e-08,183705.26123046875
3500.0,91,2,-16.688173294067383,-109.444361974835,-65.50661001894758,0.0,0.03060152381658554,100.0,1.0,1.0,-0.005277873482555151,-1.1053953130613081e-06,-1.7592911660813115e-07,80145.91979980469
3500.0,91,3,7.703469276428223,-91.93421160446674,-65.27453465788747,2.16015625,2.7851617336273193,22.44054541182171,0.0,0.09890109890109888,-0.0042947400361299515,-8.994883273771848e-07,-1.43158004561883e-07,98492.5765991211
3500.0,91,4,10.369257926940918,-90.76559508882195,-64.22261727104285,3.029296875,3.571366310119629,15.17820878759063,0.0,0.08791208791208793,-0.005070897750556469,-1.0620464081512182e-06,-1.6902993138501188e-07,83417.18292236328
3500.0,92,0,14.011956214904785,-88.74868028269711,-62.441371408611545,3.90234375,4.710840225219727,17.16246861634999,0.0,0.09782608695652173,-0.002768296282738447,-5.797906510451867e-07,-9.22765437394446e-08,152801.5594482422
3500.0,92,1,13.435958862304688,-90.02519519731082,-63.58025314028985,0.0,4.527290344238281,100.0,1.0,0.09782608695652173,-0.0017997160321101546,-3.769316379020893e-07,-5.999053342975458e-08,235037.07885742188
3500.0,92,2,-16.679824829101562,-109.44442981946571,-65.50661044063646,0.0,0.030659779906272888,100.0,1.0,1.0,-0.004812178667634726,-1.007860419122153e-06,-1.6040596051425382e-07,87901.9775390625
3500.0,92,3,7.704906463623047,-91.93421189848596,-65.27453510537228,2.16015625,2.7855701446533203,22.45191692098483,0.0,0.09782608695652173,-0.0038290454540401697,-8.019534334380296e-07,-1.2763484846800566e-07,110471.39739990234
3500.0,92,4,10.377655029296875,-90.76559463951405,-64.22261785671964,0.0,3.5739212036132812,100.0,1.0,0.09782608695652173,-0.0044499714858829975,-9.319999207946239e-07,-1.4833238992650877e-07,95056.79321289062
3500.0,93,0,14.113317489624023,-88.7486825418348,-62.441372666049126,3.90234375,4.7432403564453125,17.728315313025767,0.0,0.09677419354838712,0.0002328473492525518,4.876743986415022e-08,7.761578046938666e-09,1816640.869140625
3500.0,93,1,13.53906536102295,-90.02520618490571,-63.58025407989207,3.90234375,4.560072898864746,14.423654258432828,0.0,0.09677419354838712,0.00031288861646316946,6.553123910180148e-08,1.0429620722618438e-08,1351918.8232421875
3500.0,93,2,-7.462368965148926,-108.36607772242775,-65.50661101462651,0.0,0.23802310228347778,100.0,1.0,1.0,0.0003104631323367357,6.502325078372451e-08,1.0348771617429975e-08,1362480.5908203125
3500.0,93,3,7.766372203826904,-91.93421042838997,-65.27453571447495,0.0,2.8030450344085693,100.0,1.0,0.10752688172043012,0.0003104631323367357,6.502325078372451e-08,1.0348771617429975e-08,1362480.5908203125
3500.0,93,4,10.4613037109375,-90.76559733536216,-64.22261865392497,3.029296875,3.599395990371704,15.838743969730062,0.0,0.09677419354838712,0.00041395085281692445,8.669766771163268e-08,1.3798361564454353e-08,1021860.4736328125
3500.0,94,0,14.112156867980957,-88.74868282422709,-62.44137394636102,3.90234375,4.742868900299072,17.721871887415464,0.0,0.0957446808510638,0.0018563107587397099,3.887848549766204e-07,6.187702439319764e-08,227871.337890625
3500.0,94,1,13.537080764770508,-90.02519822836872,-63.580255036586884,3.90234375,4.559441566467285,14.411804754774238,0.0,0.0957446808510638,0.0017293767305091023,3.621998416747374e-07,5.764589161572076e-08,244596.8017578125
3500.0,94,2,-7.4617815017700195,-108.36620741762286,-65.50661159905823,0.0,0.23805277049541473,100.0,1.0,1.0,0.002483705058693886,5.201860062697961e-07,8.27901729394398e-08,170310.07385253906
3500.0,94,3,7.7624359130859375,-91.93421366260182,-65.27453633465805,2.16015625,2.801924705505371,22.904557508072585,0.0,0.1063829787234043,0.002483705058693886,5.201860062697961e-07,8.27901729394398e-08,170310.07385253906
3500.0,94,4,10.459762573242188,-90.76559913259517,-64.2226194656325,3.029296875,3.598926067352295,15.827754771616275,0.0,0.0957446808510638,0.002897655824199319,6.068836455597193e-07,9.658852917482363e-08,145980.07202148438
3500.0,95,0,14.121835708618164,-88.74868706011368,-62.44137497293811,4.212890625,4.745964527130127,11.23215100076771,0.0,0.09473684210526312,7.114779873518273e-05,1.4901161193847656e-08,2.3715933661350164e-09,5945370.1171875
3500.0,95,1,13.536662101745605,-90.02519936501596,-63.58025580368203,3.90234375,4.559308052062988,14.409298397061065,0.0,0.09473684210526312,1.2935964150528889e-05,2.709302115988521e-09,4.3119879888919854e-10,32699535.15625
3500.0,95,2,-7.473062515258789,-108.36628297393003,-65.50661206766617,0.0,0.23748338222503662,100.0,1.0,1.0,0.0,0.0,0.0,1000000000000.0
3500.0,95,3,7.762200355529785,-91.93421454466004,-65.27453683193207,2.16015625,2.8018579483032227,22.902720628354157,0.0,0.10526315789473684,0.00010348771320423111,2.167441692790817e-08,3.4495903911135883e-09,4087441.89453125
3500.0,95,4,10.459489822387695,-90.76560092982893,-64.22262011647427,3.029296875,3.5988430976867676,15.825814219376655,0.0,0.09473684210526312,0.00010348771320423111,2.167441692790817e-08,3.4495903911135883e-09,4087441.89453125
3500.0,96,0,14.021576881408691,-88.7486893192549,-62.44137650717749,0.0,4.71391487121582,100.0,1.0,0.10416666666666663,0.0025160450022667646,5.269592975309934e-07,8.386816574557088e-08,168121.00219726562
3500.0,96,1,13.410018920898438,-90.02520997373799,-63.58025695012073,0.0,4.51904821395874,100.0,1.0,0.10416666666666663,0.0019145227270200849,4.009767167190148e-07,6.381742423400283e-08,220942.7947998047
3500.0,96,2,-16.69475746154785,-109.4448672097206,-65.50661276800994,0.0,0.030555643141269684,100.0,1.0,1.0,0.0037255578208714724,7.802790378264035e-07,1.2418526296187338e-07,113540.04669189453
3500.0,96,3,7.704771518707275,-91.93421336858248,-65.27453757511788,2.16015625,2.785531997680664,22.45085492471006,0.0,0.10416666666666663,0.003156375139951706,6.610697482756223e-07,1.0521250715100905e-07,134014.49584960938
3500.0,96,4,10.370755195617676,-90.76560182844608,-64.22262108917006,3.029296875,3.571821689605713,15.18902290628067,0.0,0.09375,0.0036220699548721313,7.586045853713586e-07,1.2073566324488638e-07,116784.04998779297
3500.0,97,0,14.111685752868652,-88.74869157839727,-62.44137840371606,3.90234375,4.74271821975708,17.719257835227744,0.0,0.1030927835051546,-1.9403945771045983e-05,-4.063953173982782e-09,-6.467982260893734e-10,21799689.453125
3500.0,97,1,13.508649826049805,-90.02520770043823,-63.58025836728252,3.609375,4.550398826599121,20.680029651432196,0.0,0.1030927835051546,0.0,0.0,0.0,1000000000000.0
3500.0,97,2,-7.477512836456299,-108.36652258096697,-65.50661363373487,0.0,0.2372591197490692,100.0,1.0,1.0,-0.00010348771320423111,-2.167441692790817e-08,-3.4495903911135883e-09,4087441.89453125
3500.0,97,3,7.762356758117676,-91.9342139566212,-65.27453849380169,2.16015625,2.8019022941589355,22.903940851069983,0.0,0.1030927835051546,-0.00010348771320423111,-2.167441692790817e-08,-3.4495903911135883e-09,4087441.89453125
3500.0,97,4,10.459362983703613,-90.76560092982893,-64.22262229156087,3.029296875,3.598804235458374,15.824905251781129,0.0,0.09278350515463918,-0.00010348771320423111,-2.167441692790817e-08,-3.4495903911135883e-09,4087441.89453125
3500.0,98,0,14.114877700805664,-88.74869299036185,-62.44138076816969,3.90234375,4.743739128112793,17.736965616984214,0.0,0.10204081632653061,0.00044629076728597283,9.347092344569319e-08,1.487635881147753e-08,947812.5610351562
3500.0,98,1,13.53959846496582,-90.0252141414573,-63.5802601340875,3.90234375,4.560242176055908,14.426830871182272,0.0,0.10204081632653061,0.00029591016937047243,6.197528534812591e-08,9.863672545407098e-09,1429487.9150390625
3500.0,98,2,-7.47196626663208,-108.36663774250957,-65.50661471305229,0.0,0.2375386506319046,100.0,1.0,1.0,0.0003622070071287453,7.586045569496491e-08,1.2073567035031374e-08,1167840.4541015625
3500.0,98,3,7.763882160186768,-91.93421719083571,-65.274539639144,2.16015625,2.8023364543914795,22.91588518520441,0.0,0.10204081632653061,0.00041395085281692445,8.669766771163268e-08,1.3798361564454353e-08,1021860.4736328125
3500.0,98,4,10.46157169342041,-90.7656049736076,-64.22262379060655,3.029296875,3.599477529525757,15.840650479095508,0.0,0.09183673469387754,0.00041395085281692445,8.669766771163268e-08,1.3798361564454353e-08,1021860.4736328125
3500.0,99,0,14.113607406616211,-88.74869835583146,-62.44138343806928,3.90234375,4.743332862854004,17.729919808916616,0.0,0.101010101010101,0.0026260006707161665,5.499883286574914e-07,8.75333583394422e-08,161081.45141601562
3500.0,99,1,13.538182258605957,-90.0252103526214,-63.580262129133054,3.90234375,4.5597920417785645,14.418383245436871,0.0,0.101010101010101,0.002341409446671605,4.903836838821007e-07,7.804698043401004e-08,180660.41564941406
3500.0,99,2,-7.471407890319824,-108.36652500538901,-65.50661593179902,0.0,0.23756681382656097,100.0,1.0,1.0,0.003259863005951047,6.827441438872484e-07,1.0866209976256869e-07,129760.05554199219
3500.0,99,3,7.763594150543213,-91.93421777887495,-65.27454093244489,2.16015625,2.8022544384002686,22.913629098106636,0.0,0.101010101010101,0.0033116068225353956,6.935813416930614e-07,1.1038689251563483e-07,127732.55920410156
3500.0,99,4,10.460227966308594,-90.76560677084375,-64.22262548330303,3.029296875,3.5990681648254395,15.831078038308677,0.0,0.09090909090909094,0.003777301637455821,7.911162356322166e-07,1.2591006282036687e-07,111984.70306396484
3500.0,100,0,14.116425514221191,-88.7486958142924,-62.4413848957925,3.90234375,4.744234561920166,17.745556231086134,0.0,0.09999999999999998,0.002632468705996871,5.513429641723633e-07,8.774895832175389e-08,160685.6689453125
3500.0,100,1,13.540675163269043,-90.02520770043823,-63.580263218396716,3.90234375,4.560585021972656,14.433263908057514,0.0,0.09999999999999998,0.00266480864956975,5.581161985901417e-07,8.882695823331233e-08,158735.595703125
3500.0,100,2,-7.472048759460449,-108.36675209892272,-65.50661659721575,0.0,0.2375345081090927,100.0,1.0,1.0,0.0037255575880408287,7.802790378264035e-07,1.2418524875101866e-07,113540.05432128906
3500.0,100,3,7.76498556137085,-91.9342204250526,-65.27454163856703,2.16015625,2.8026504516601562,22.924521367963436,0.0,0.09999999999999998,0.0037255578208714724,7.802790378264035e-07,1.2418526296187338e-07,113540.04669189453
3500.0,100,4,10.462308883666992,-90.76560407498977,-64.22262640748889,3.029296875,3.5997021198272705,15.845901295150533,0.0,0.08999999999999997,0.0043464838527143,9.103255251829978e-07,1.4488279020952177e-07,97320.0454711914
