freq_mhz,step,ue_id,sinr_eff_db,prx_dbm,prx_dbm_theo,se_la,se_shannon,se_gap_pct,tbler_step,tbler_running,doppler_fd_hz,doppler_slope_rad_per_sym,doppler_nu,doppler_Tc_ms
3500.0,1,0,17.66802215576172,-79.70275352695774,-59.64161482536793,0.740234375,5.893662452697754,87.4401633798833,0.0,0.0,9.755682945251465,0.002043225569650531,0.0003251894377171993,43.35934296250343
3500.0,1,1,17.92306137084961,-87.75438223442882,-58.304644384554074,0.740234375,5.9770002365112305,87.61528616849989,0.0,0.0,6.053514003753662,0.00126784504391253,0.0002017837978200987,69.8767676949501
3500.0,1,2,16.351661682128906,-88.80545935511057,-63.538446749188246,0.740234375,5.464943885803223,86.4548586322547,0.0,0.0,12.051481246948242,0.0025240564718842506,0.00040171603905037045,35.09942069649696
3500.0,1,3,19.431699752807617,-83.43222259496864,-61.89916898914682,0.740234375,6.471421718597412,88.56148761140489,0.0,0.0,11.495777130126953,0.002407670021057129,0.00038319258601404727,36.796122789382935
3500.0,1,4,-1.424851655960083,-96.60893231408983,-60.13494196092513,0.0,0.7826621532440186,100.0,1.0,1.0,2.6803390979766846,0.0005613689427264035,8.934463403420523e-05,157.8158587217331
3500.0,1,5,21.27115821838379,-78.06881300074778,-54.168207138419575,0.740234375,7.0768513679504395,89.54006045185061,0.0,0.0,-6.345607757568359,-0.0013290210627019405,-0.00021152026602067053,66.66028499603271
3500.0,1,6,30.0,-77.91536311112972,-52.72519155214938,0.740234375,9.967226028442383,92.57331605716902,0.0,0.0,1.2010060548782349,0.00025153812021017075,4.003353387815878e-05,352.20474004745483
3500.0,1,7,-3.0429582595825195,-103.55894940367598,-62.15920575729568,0.740234375,0.5813552141189575,0.0,0.0,0.0,11.466697692871094,0.002401579637080431,0.0003822232538368553,36.88943758606911
3500.0,1,8,-8.955073356628418,-108.20077384115658,-63.808213573450665,0.0,0.17274558544158936,100.0,1.0,1.0,12.45650577545166,0.0026088845916092396,0.00041521686944179237,33.958159387111664
3500.0,1,9,30.0,-73.28977121750532,-48.71485894485873,0.740234375,9.967226028442383,92.57331605716902,0.0,0.0,4.3276262283325195,0.0009063759935088456,0.0001442542125005275,97.74411469697952
3500.0,2,0,30.0,-79.66115038491589,-59.56976213296649,5.115234375,9.967226028442383,48.67945845310204,0.0,0.0,25.915807723999023,0.0054277945309877396,0.0008638602448627353,16.32208377122879
3500.0,2,1,22.88998031616211,-87.71292339005458,-58.244853279266366,5.115234375,7.6112847328186035,32.794074133845584,0.0,0.0,19.044586181640625,0.003988688811659813,0.0006348195602186024,22.211037576198578
3500.0,2,2,14.22512149810791,-88.79299035998523,-63.49028169262439,0.0,4.7790117263793945,100.0,1.0,0.5,27.65362548828125,0.005791761912405491,0.0009217875194735825,15.29636699706316
3500.0,2,3,12.284639358520508,-83.41156414138064,-61.841559334700676,0.0,4.163698196411133,100.0,1.0,0.5,26.316303253173828,0.005511674098670483,0.0008772101136855781,16.073687002062798
3500.0,2,4,3.1372556686401367,-96.56998981265295,-60.12241237064813,0.490234375,1.6132149696350098,69.61134230542656,0.0,0.5,7.19301700592041,0.001506502041593194,0.0002397672360530123,58.80703404545784
3500.0,2,5,30.0,-78.01477278148292,-54.135396467129155,5.5546875,9.967226028442383,44.270477220550674,0.0,0.0,10.794855117797852,0.0022608693689107895,0.00035982849658466876,39.185333997011185
3500.0,2,6,30.0,-77.89077840234134,-52.700100946411574,5.5546875,9.967226028442383,44.270477220550674,0.0,0.0,1.9305208921432495,0.00040432735113427043,6.435069371946156e-05,219.1118448972702
3500.0,2,7,-3.8387608528137207,-103.5398520879477,-62.107358256554015,0.0,0.49893030524253845,100.0,1.0,0.5,26.841402053833008,0.005621650256216526,0.0008947133901529014,15.759237110614777
3500.0,2,8,-7.736363410949707,-108.1500920400751,-63.763066068218855,0.0,0.22454456984996796,100.0,1.0,1.0,27.354751586914062,0.005729165859520435,0.0009118250454775989,15.463492833077908
3500.0,2,9,30.0,-73.30087281994645,-48.7224730423115,5.5546875,9.967226028442383,44.270477220550674,0.0,0.0,14.639850616455078,0.0030661632772535086,0.000487995013827458,28.893737122416496
3500.0,3,0,27.309043884277344,-79.59319849086509,-59.46647610131895,5.5546875,9.074545860290527,38.78825909837693,0.0,0.0,31.24557876586914,0.00654405914247036,0.001041519339196384,13.537915423512459
3500.0,3,1,22.341962814331055,-87.61537081713719,-58.15584829781565,5.5546875,7.430229187011719,25.242043546788928,0.0,0.0,22.33223533630371,0.004677252843976021,0.0007444078801199794,18.941229209303856
3500.0,3,2,18.133703231811523,-88.76790170036848,-63.42233806525705,3.609375,6.045889854431152,40.3003513642476,0.0,0.33333333333333337,34.91807556152344,0.007313224487006664,0.0011639358708634973,12.114070355892181
3500.0,3,3,17.48385238647461,-83.37284926520866,-61.759732508340406,3.029296875,5.833533763885498,48.07098068491681,0.0,0.33333333333333337,34.31182098388672,0.007186250761151314,0.0011437273351475596,12.328113429248333
3500.0,3,4,5.21574592590332,-96.56148771636161,-60.09231275375317,1.02734375,2.1121459007263184,51.36019014374338,0.0,0.33333333333333337,8.311563491821289,0.001740769948810339,0.0002770521095953882,50.89295282959938
3500.0,3,5,28.440675735473633,-77.93589651346687,-54.09345086915023,5.5546875,9.44985294342041,41.2193233772222,0.0,0.0,9.892234802246094,0.0020718248561024666,0.00032974116038531065,42.76081174612045
3500.0,3,6,29.102420806884766,-77.84603244042914,-52.67576787927602,5.5546875,9.669387817382812,42.55388650340149,0.0,0.0,3.1955130100250244,0.0006692666793242097,0.00010651710181264207,132.373109459877
3500.0,3,7,-6.49824333190918,-112.28248903036277,-62.03349279051923,0.0,0.2915595471858978,100.0,1.0,0.6666666666666667,33.02251434326172,0.006916219834238291,0.0011007505236193538,12.809442356228828
3500.0,3,8,-3.600783586502075,-108.07217678160055,-63.699279599311254,0.0,0.5224947929382324,100.0,1.0,1.0,34.79877853393555,0.0072882394306361675,0.001159959239885211,12.15559896081686
3500.0,3,9,30.0,-73.26974010115345,-48.69034591906779,5.5546875,9.967226028442383,44.270477220550674,0.0,0.0,24.88463020324707,0.0052118245512247086,0.0008294876897707582,16.998443752527237
3500.0,4,0,29.65025520324707,-79.51358132374932,-59.34785734131332,5.5546875,9.851164817810059,43.61390147530978,0.0,0.0,37.11359405517578,0.007773052901029587,0.0012371197808533907,11.397440917789936
3500.0,4,1,17.36859130859375,-87.49822433504518,-58.05281160209595,0.0,5.795925140380859,100.0,1.0,0.25,26.846939086914062,0.005622809752821922,0.000894897966645658,15.755986794829369
3500.0,4,2,22.96929931640625,-88.73858098404858,-63.344671279647194,5.115234375,7.637499809265137,33.02475282821412,0.0,0.25,38.96296691894531,0.008160385303199291,0.001298765535466373,10.856462642550468
3500.0,4,3,23.508201599121094,-83.32693908003263,-61.665952622619514,4.81640625,7.815673828125,38.37503514197357,0.0,0.25,38.94915008544922,0.008157491683959961,0.0012983049964532256,10.860314592719078
3500.0,4,4,9.013509750366211,-96.53910065683162,-60.0543654711388,1.4765625,3.1647913455963135,53.34408058039655,0.0,0.25,12.751652717590332,0.0026706999633461237,0.0004250550991855562,33.17217156291008
3500.0,4,5,30.0,-77.8461227320439,-54.0494025909117,5.5546875,9.967226028442383,44.270477220550674,0.0,0.0,14.404041290283203,0.0030167754739522934,0.0004801347095053643,29.366759583353996
3500.0,4,6,30.0,-77.82320458845382,-52.655237307189765,5.5546875,9.967226028442383,44.270477220550674,0.0,0.0,0.8504118919372559,0.00017810985445976257,2.8347063562250696e-05,497.4060356616974
3500.0,4,7,-7.22855281829834,-109.33549896630234,-61.94882723993909,0.0,0.2501094937324524,100.0,1.0,0.75,36.91122055053711,0.007730668410658836,0.0012303739786148071,11.45992986857891
3500.0,4,8,-1.201030969619751,-107.98230758362459,-63.626362422483425,0.490234375,0.8142611980438232,39.79396584563572,0.0,0.75,38.59196472167969,0.008082682266831398,0.0012863988522440195,10.960831306874752
3500.0,4,9,30.0,-73.22845396895562,-48.648411932955035,5.5546875,9.967226028442383,44.270477220550674,0.0,0.0,19.584453582763672,0.004101758822798729,0.0006528150988742709,21.59876562654972
3500.0,5,0,25.380517959594727,-79.42922366480082,-59.22237978435727,5.5546875,8.435399055480957,34.15027002912441,0.0,0.0,37.46006774902344,0.007845618762075901,0.0012486689956858754,11.29202451556921
3500.0,5,1,21.187400817871094,-87.37618439594813,-57.943615478383855,4.81640625,7.049236297607422,31.674779413555278,0.0,0.19999999999999996,26.840885162353516,0.005621541757136583,0.000894696160685271,15.759540721774101
3500.0,5,2,21.948932647705078,-88.70851389236333,-63.262517649271324,5.5546875,7.3004584312438965,23.913168572708955,0.0,0.19999999999999996,39.611968994140625,0.008296310901641846,0.0013203989947214723,10.678591206669807
3500.0,5,3,30.0,-83.27828851639346,-61.56660592755144,5.5546875,9.967226028442383,44.270477220550674,0.0,0.19999999999999996,39.23374557495117,0.008217096328735352,0.0013077915646135807,10.78153494745493
3500.0,5,4,11.582376480102539,-96.51085757836665,-60.013643013422715,2.40625,3.9444708824157715,38.99688775174063,0.0,0.19999999999999996,12.913921356201172,0.002704685553908348,0.00043046404607594013,32.755348831415176
3500.0,5,5,30.0,-77.75158956365871,-54.006367163969514,5.5546875,9.967226028442383,44.270477220550674,0.0,0.0,14.755484580993652,0.003090381622314453,0.0004918494960293174,28.667306527495384
3500.0,5,6,30.0,-77.82170205119535,-52.63916411608315,5.5546875,9.967226028442383,44.270477220550674,0.0,0.0,0.45775121450424194,9.58711898420006e-05,1.5258374332915992e-05,924.0827560424805
3500.0,5,7,-6.565886974334717,-109.27746608825197,-61.859202350834245,0.0,0.2874738872051239,100.0,1.0,0.8,37.660057067871094,0.007887504994869232,0.0012553352862596512,11.232059448957443
3500.0,5,8,-0.8117151856422424,-107.8869117410159,-63.549265930054865,0.490234375,0.871467649936676,43.74611897118359,0.0,0.6,39.301734924316406,0.008231336250901222,0.0013100578216835856,10.76288428157568
3500.0,5,9,30.0,-73.18425257743644,-48.61053292301481,5.5546875,9.967226028442383,44.270477220550674,0.0,0.0,7.007554054260254,0.0014676587888970971,0.00023358513135463,60.36343052983284
3500.0,6,0,22.516033172607422,-79.33757670081674,-59.093817352304015,5.5546875,7.487724781036377,25.816083490836117,0.0,0.0,39.4201774597168,0.00825614295899868,0.0013140059309080243,10.730545036494732
3500.0,6,1,18.96046257019043,-87.2656849368638,-57.83200469720395,5.5546875,6.316742420196533,12.064049307440705,0.0,0.16666666666666663,27.277137756347656,0.005712910555303097,0.0009092379477806389,15.507492236793041
3500.0,6,2,16.056934356689453,-88.67795056328282,-63.17844113405161,0.0,5.369329452514648,100.0,1.0,0.33333333333333337,39.97052764892578,0.00837140716612339,0.0013323508901521564,10.582797229290009
3500.0,6,3,14.303607940673828,-83.22805763798074,-61.464809428038784,0.0,4.804142475128174,100.0,1.0,0.33333333333333337,41.64252471923828,0.008721590042114258,0.0013880841434001923,10.15788596123457
3500.0,6,4,4.472279071807861,-98.88716482845452,-59.97252548378978,0.0,1.9261703491210938,100.0,1.0,0.33333333333333337,13.733673095703125,0.002876373939216137,0.0004577891086228192,30.800210312008858
3500.0,6,5,17.543323516845703,-77.65617367283437,-53.96517904212238,0.0,5.852945804595947,100.0,1.0,0.16666666666666663,-17.72144317626953,-0.003711570519953966,-0.0005907148006372154,23.869387805461884
3500.0,6,6,25.19419288635254,-77.79466908584106,-52.62679287514181,5.5546875,8.373685836791992,33.664964171523856,0.0,0.0,-0.6483776569366455,-0.00013579589722212404,-2.161258817068301e-05,652.3975729942322
3500.0,6,7,1.120298147201538,-103.85791141123619,-61.7674704599889,0.490234375,1.1980444192886353,59.08045084913569,0.0,0.6666666666666667,37.398494720458984,0.0078327227383852,0.0012466164771467447,11.310615576803684
3500.0,6,8,-2.525249719619751,-107.78913211483109,-63.470413311970184,0.490234375,0.6406962275505066,23.484117133910477,0.0,0.5,40.574684143066406,0.008497942239046097,0.001352489460259676,10.425220243632793
3500.0,6,9,30.0,-73.14004840357623,-48.580800919778,0.0,9.967226028442383,100.0,1.0,0.16666666666666663,4.258784294128418,0.000891957781277597,0.00014195947733242065,99.32412207126617
3500.0,7,0,20.9822940826416,-79.25626690674099,-58.96292219683864,5.5546875,6.981627941131592,20.4385059353408,0.0,0.0,34.33305358886719,0.00719069829210639,0.0011444351403042674,12.320488691329956
3500.0,7,1,17.406633377075195,-87.05377038502105,-57.72021335572949,5.33203125,5.808335781097412,8.200361498512066,0.0,0.1428571428571429,28.25708770751953,0.005918150767683983,0.0009419029229320586,14.96969535946846
3500.0,7,2,18.389070510864258,-88.71068366500418,-63.09390255528071,3.90234375,6.1294732093811035,36.33476129681914,0.0,0.2857142857142857,39.62089157104492,0.008298180997371674,0.00132069643586874,10.676185600459576
3500.0,7,3,11.946496963500977,-83.17729642182528,-61.36235919415153,3.322265625,4.057872772216797,18.1279007132335,0.0,0.2857142857142857,36.23078918457031,0.007588159292936325,0.001207693014293909,11.6751529276371
3500.0,7,4,0.9481648206710815,-98.76476628886712,-59.93243938076639,0.0,1.1660654544830322,100.0,1.0,0.4285714285714286,12.523323059082031,0.0026228786446154118,0.00041744409827515483,33.77697989344597
3500.0,7,5,21.506174087524414,-77.5651731258818,-53.92638413263819,4.81640625,7.154359817504883,32.67872496130975,0.0,0.1428571428571429,4.70491361618042,0.0009853949304670095,0.00015683045785408467,89.9060070514679
3500.0,7,6,27.589082717895508,-77.76911570538098,-52.61775843351599,5.5546875,9.167407035827637,39.40830293351843,0.0,0.0,0.3416137397289276,7.154741615522653e-05,1.1387124686734751e-05,1238.2405996322632
3500.0,7,7,1.2450395822525024,-103.74715528302582,-61.67528907415762,0.490234375,1.221567153930664,59.86840564413001,0.0,0.5714285714285714,36.479576110839844,0.0076402644626796246,0.0012159858597442508,11.59552950412035
3500.0,7,8,0.48175370693206787,-102.43888419360916,-63.3911837116618,0.490234375,1.0822354555130005,54.70168968289628,0.0,0.4285714285714286,39.365020751953125,0.00824459083378315,0.0013121673837304115,10.745580308139324
3500.0,7,9,30.0,-73.07874551861596,-48.562136361412705,5.5546875,9.967226028442383,44.270477220550674,0.0,0.1428571428571429,1.5220520496368408,0.0003187778638675809,5.0735070544760674e-05,277.91428565979004
3500.0,8,0,30.0,-79.16733971244534,-58.83011951198318,5.5546875,9.967226028442383,44.270477220550674,0.0,0.0,36.11296844482422,0.007563482969999313,0.0012037656269967556,11.713244020938873
3500.0,8,1,19.29224967956543,-86.90647392407797,-57.60913286333117,4.81640625,6.425628185272217,25.043807218111603,0.0,0.125,26.957645416259766,0.005645995959639549,0.00089858821593225,15.691282227635384
3500.0,8,2,8.758062362670898,-88.68203019432413,-63.00949959713264,0.0,3.089647054672241,100.0,1.0,0.375,39.415103912353516,0.008255080319941044,0.0013138367794454098,10.731927119195461
3500.0,8,3,10.091986656188965,-83.12605935588488,-61.25999027182614,2.73046875,3.4872379302978516,21.701105442874514,0.0,0.25,40.95091247558594,0.008576739579439163,0.0013650304172188044,10.329440236091614
3500.0,8,4,1.3580626249313354,-98.5886652613705,-59.893890868216616,0.490234375,1.2431321144104004,60.56457963580877,0.0,0.375,11.787845611572266,0.0024688406847417355,0.0003929281956516206,35.884421318769455
3500.0,8,5,23.28372573852539,-77.46624053233785,-53.889996825684804,5.5546875,7.741444110870361,28.247399058268297,0.0,0.125,-5.328065395355225,-0.0011159073328599334,-0.00017760218179319054,79.39092069864273
3500.0,8,6,30.0,-77.73871411373266,-52.61159045757334,5.5546875,9.967226028442383,44.270477220550674,0.0,0.0,2.1652071475982666,0.0004534799372777343,7.217357051558793e-05,195.3623741865158
3500.0,8,7,1.3110495805740356,-103.64414922633145,-61.58338354102234,0.490234375,1.234133005142212,60.27702257719708,0.0,0.5,36.44681930541992,0.007633404340595007,0.001214894000440836,11.605951003730297
3500.0,8,8,2.0482683181762695,-102.42216530388177,-63.31214013780241,0.490234375,1.3799570798873901,64.47466503523391,0.0,0.375,38.62751388549805,0.008090127259492874,0.0012875838438048959,10.950744152069092
3500.0,8,9,30.0,-72.99052870486612,-48.55460316903617,5.5546875,9.967226028442383,44.270477220550674,0.0,0.125,-7.313673973083496,-0.0015317723155021667,-0.00024378913803957403,57.8368678689003
3500.0,9,0,30.0,-79.07802979252014,-58.698013410713834,5.5546875,9.967226028442383,44.270477220550674,0.0,0.0,35.24970245361328,0.00738268019631505,0.0011749900877475739,12.000101618468761
3500.0,9,1,21.382740020751953,-88.487447595823,-57.49931705067952,5.33203125,7.113647937774658,25.045050069374053,0.0,0.11111111111111116,24.18218231201172,0.005064704455435276,0.0008060727268457413,17.49221794307232
3500.0,9,2,15.007312774658203,-88.65373831260028,-62.92557691806627,1.9140625,5.030162811279297,61.94829925369343,0.0,0.33333333333333337,38.77467346191406,0.008120948448777199,0.0012924891198053956,10.909182950854301
3500.0,9,3,30.0,-83.07447642297576,-61.15813552340331,2.5703125,9.967226028442383,74.21235865761065,0.0,0.2222222222222222,37.89378356933594,0.007936456240713596,0.0012631261488422751,11.162781156599522
3500.0,9,4,6.377985000610352,-98.85702219749541,-59.85718200839826,0.6015625,2.417673349380493,75.11812337451853,0.0,0.33333333333333337,12.628657341003418,0.002644939813762903,0.0004209552425891161,33.49524736404419
3500.0,9,5,30.0,-77.36812841852837,-53.855984786389875,5.5546875,9.967226028442383,44.270477220550674,0.0,0.11111111111111116,12.557975769042969,0.00263013644143939,0.00041859920020215213,33.68377313017845
3500.0,9,6,30.0,-77.70155337485896,-52.607940392462794,5.5546875,9.967226028442383,44.270477220550674,0.0,0.0,2.056114912033081,0.00043063174234703183,6.853716331534088e-05,205.72780072689056
3500.0,9,7,1.4023338556289673,-103.53311145822019,-61.492299178179245,0.490234375,1.2516441345214844,60.83276695996172,0.0,0.4444444444444444,35.1546745300293,0.007362777832895517,0.0011718225432559848,12.032539583742619
3500.0,9,8,-0.16816499829292297,-99.12117088182583,-63.2336061814612,0.6015625,0.9723387360572815,38.1324143847992,0.0,0.33333333333333337,36.434608459472656,0.007630846928805113,0.001214487012475729,11.609841138124466
3500.0,9,9,30.0,-72.86115559038875,-48.55802469300791,5.5546875,9.967226028442383,44.270477220550674,0.0,0.11111111111111116,10.051023483276367,0.0021050816867500544,0.0003350341285113245,42.08526760339737
3500.0,10,0,30.0,-78.98690865170188,-58.564719837498366,5.5546875,9.967226028442383,44.270477220550674,0.0,0.0,36.24336242675781,0.00759079260751605,0.001208112109452486,11.671102605760098
3500.0,10,1,17.628677368164062,-88.40170807536919,-57.38994298301416,0.0,5.880814075469971,100.0,1.0,0.19999999999999996,27.30223274230957,0.005718166474252939,0.0009100744500756264,15.493238344788551
3500.0,10,2,13.01945686340332,-88.62363244352656,-62.84186598986933,3.322265625,4.395214557647705,24.41175325060676,0.0,0.30000000000000004,38.75978088378906,0.008117830380797386,0.0012919927248731256,10.913374833762646
3500.0,10,3,23.85357093811035,-83.02031724406612,-61.05640653285005,5.5546875,7.929913520812988,29.95273548165348,0.0,0.19999999999999996,38.752166748046875,0.008116234093904495,0.0012917389394715428,10.91551873832941
3500.0,10,4,6.442300319671631,-98.84205530191045,-59.82172961385775,1.328125,2.4350638389587402,45.458308782248565,0.0,0.30000000000000004,12.016372680664062,0.002516703214496374,0.0004005457740277052,35.20197048783302
3500.0,10,5,30.0,-77.26270239620838,-53.822540079134775,5.5546875,9.967226028442383,44.270477220550674,0.0,0.09999999999999998,12.4063138961792,0.0025983722880482674,0.0004135438066441566,34.09554436802864
3500.0,10,6,30.0,-77.65369535745542,-52.6043894151886,5.5546875,9.967226028442383,44.270477220550674,0.0,0.0,2.59763240814209,0.0005440468667075038,8.658774459036067e-05,162.8405898809433
3500.0,10,7,1.572939395904541,-103.4237946889936,-61.40206967373647,0.490234375,1.2847872972488403,61.84314897495049,0.0,0.4,35.00875473022461,0.007332216948270798,0.0011669584782794118,12.082692235708237
3500.0,10,8,-1.1270356178283691,-99.08242175939421,-63.15533062079825,0.490234375,0.8249143362045288,40.57148076058511,0.0,0.30000000000000004,39.09467315673828,0.008187969215214252,0.0013031557900831103,10.819888673722744
3500.0,10,9,30.0,-72.6743529299055,-48.564533654960556,5.5546875,9.967226028442383,44.270477220550674,0.0,0.09999999999999998,9.585161209106445,0.00200751144438982,0.00031950537231750786,44.13071274757385
3500.0,11,0,24.92180061340332,-78.8582203757733,-58.429996729672894,5.5546875,8.283480644226074,32.94259094005555,0.0,0.0,35.5450553894043,0.0074445391073822975,0.001184835215099156,11.900389567017555
3500.0,11,1,18.056697845458984,-88.25553986751564,-57.27792112159322,4.5234375,6.020699977874756,24.868578128406828,0.0,0.18181818181818177,27.300317764282227,0.005717765539884567,0.0009100105962716043,15.494325198233128
3500.0,11,2,21.098176956176758,-88.58321548394933,-62.757564168779744,3.029296875,7.0198235511779785,56.84653819408807,0.0,0.2727272727272727,38.338417053222656,0.008029580116271973,0.0012779472162947059,11.033319868147373
3500.0,11,3,16.85643196105957,-82.95552937992386,-60.95354738161972,0.0,5.6290364265441895,100.0,1.0,0.2727272727272727,34.341156005859375,0.007192395161837339,0.001144705223850906,12.317582033574581
3500.0,11,4,5.51842737197876,-98.68581193705867,-59.785813260982344,1.328125,2.1900525093078613,39.35647687188389,0.0,0.2727272727272727,11.611839294433594,0.00243197800591588,0.00038706129998899996,36.428339779376984
3500.0,11,5,21.67855453491211,-77.15308720810324,-53.78204762848557,5.5546875,7.211228847503662,22.971692932434294,0.0,0.09090909090909094,-4.576692581176758,-0.0009585402440279722,-0.00015255641483236104,92.42482483386993
3500.0,11,6,30.0,-77.58521826703436,-52.59065552037079,5.5546875,9.967226028442383,44.270477220550674,0.0,0.0,2.91452693939209,0.0006104171043261886,9.715089981909841e-05,145.1350450515747
3500.0,11,7,1.6719989776611328,-103.31656864148427,-61.31241748589161,0.490234375,1.30427885055542,62.41337695606761,0.0,0.36363636363636365,34.08460998535156,0.007138664368540049,0.0011361537035554647,12.410293333232403
3500.0,11,8,-0.6619613766670227,-99.03567555635354,-63.07657241283033,0.490234375,0.894236147403717,45.17842111132241,0.0,0.2727272727272727,37.949745178222656,0.007948176935315132,0.0012649914715439081,11.146320030093193
3500.0,11,9,26.22795867919922,-72.40844689213083,-48.544341534536535,5.5546875,8.716174125671387,36.27149458109139,0.0,0.09090909090909094,32.14204406738281,0.00673181377351284,0.0010714015224948525,13.160333037376404
3500.0,12,0,23.800865173339844,-78.75124063959882,-58.29243676090326,5.5546875,7.912477493286133,29.798378514021127,0.0,0.0,33.534996032714844,0.007023553363978863,0.0011178331915289164,12.613688595592976
3500.0,12,1,18.880077362060547,-88.15535455661555,-57.1637428250421,4.81640625,6.290376663208008,23.43214869515147,0.0,0.16666666666666663,27.60869789123535,0.005782352294772863,0.0009202899527736008,15.321258455514908
3500.0,12,2,23.100830078125,-88.53548186833878,-62.672651910634336,5.33203125,7.680976867675781,30.581339563213117,0.0,0.25,38.18117141723633,0.00799664668738842,0.00127270573284477,11.078759096562862
3500.0,12,3,17.995338439941406,-82.88282875050942,-60.84956508435906,3.90234375,6.000632286071777,34.96779066003043,0.0,0.25,38.3495979309082,0.008031921461224556,0.0012783199781551957,11.030103079974651
3500.0,12,4,6.559241771697998,-95.49394536908152,-59.74955747884078,1.17578125,2.466805934906006,52.335883688199345,0.0,0.25,11.568374633789062,0.002422874793410301,0.0003856124822050333,36.565206944942474
3500.0,12,5,18.048480987548828,-77.03353549372635,-53.73600174937489,5.5546875,6.018012046813965,7.698963431940231,0.0,0.08333333333333337,-6.6319580078125,-0.0013889941619709134,-0.00022106527467258275,63.782066106796265
3500.0,12,6,30.0,-77.49604131562296,-52.569085235721886,5.5546875,9.967226028442383,44.270477220550674,0.0,0.0,5.528264999389648,0.0011578371049836278,0.0001842755009420216,76.51586830615997
3500.0,12,7,1.754576325416565,-103.2126297263104,-61.22479068526007,0.490234375,1.3206654787063599,62.879746392689654,0.0,0.33333333333333337,32.485206604003906,0.006803686264902353,0.0010828402591869235,13.021311722695827
3500.0,12,8,5.262894630432129,-98.98329233970783,-62.99731331372764,0.490234375,2.1242005825042725,76.92146499545487,0.0,0.25,37.46925354003906,0.007847541943192482,0.0012489751679822803,11.289256624877453
3500.0,12,9,30.0,-72.07941250667908,-48.50196396457267,5.5546875,9.967226028442383,44.270477220550674,0.0,0.08333333333333337,16.613452911376953,0.0034795133396983147,0.0005537817487493157,25.461293756961823
3500.0,13,0,23.14531707763672,-78.6437242325003,-58.15406145582862,5.5546875,7.695683479309082,27.820738535640764,0.0,0.0,34.101165771484375,0.007142132148146629,0.0011367055121809244,12.404268607497215
3500.0,13,1,22.42433738708496,-88.03325527716333,-57.048974730310064,5.115234375,7.4574360847473145,31.407600187654538,0.0,0.15384615384615385,27.576553344726562,0.005775619763880968,0.0009192184661515057,15.339118428528309
3500.0,13,2,12.812658309936523,-88.48323475220964,-62.587189220954194,0.0,4.329857349395752,100.0,1.0,0.3076923076923077,36.876556396484375,0.007723407819867134,0.0012292185565456748,11.470702476799488
3500.0,13,3,19.932193756103516,-82.8051834210602,-60.74458729519843,4.5234375,6.63591194152832,31.83397338816698,0.0,0.23076923076923073,39.034271240234375,0.00817531906068325,0.0013011423870921135,10.836631059646606
3500.0,13,4,11.426861763000488,-94.98077041532909,-59.71325647318523,1.4765625,3.8962221145629883,62.102712407462036,0.0,0.23076923076923073,11.346470832824707,0.0023763994686305523,0.0003782156854867935,37.28031367063522
3500.0,13,5,29.69429588317871,-76.91007932630762,-53.68667029699097,5.115234375,9.865778923034668,48.151743365575264,0.0,0.07692307692307687,13.055234909057617,0.0027342820540070534,0.0004351745010353625,32.40079805254936
3500.0,13,6,27.356380462646484,-77.39019880553775,-52.542989994032276,5.5546875,9.090243339538574,38.89396254289977,0.0,0.0,-0.6088182926177979,-0.00012751060421578586,-2.0293942725402303e-05,694.7885751724243
3500.0,13,7,1.8690481185913086,-103.11286186324828,-61.14020664647832,0.490234375,1.3435883522033691,63.51305262537756,0.0,0.3076923076923077,30.444120407104492,0.006376201752573252,0.0010148040018975735,13.894308358430862
3500.0,13,8,4.374408721923828,-98.92700656768412,-62.917607521364474,1.17578125,1.9022846221923828,38.19109736350009,0.0,0.23076923076923073,37.41487121582031,0.007836151868104935,0.0012471623485907912,11.305665597319603
3500.0,13,9,30.0,-71.71403511744039,-48.44075157926741,5.5546875,9.967226028442383,44.270477220550674,0.0,0.07692307692307687,31.616945266723633,0.006621837615966797,0.0010538981296122074,13.378901407122612
3500.0,14,0,27.57463264465332,-78.53022730408136,-58.013513832416464,5.5546875,9.162614822387695,39.37661237894863,0.0,0.0,34.734169006347656,0.007274707779288292,0.0011578056728467345,12.17821054160595
3500.0,14,1,13.36890983581543,-90.54671251477598,-56.9363728017315,0.0,4.5059895515441895,100.0,1.0,0.2142857142857143,23.939605712890625,0.00501389941200614,0.0007979868678376079,17.66946353018284
3500.0,14,2,25.4622802734375,-88.42821605923552,-62.5011691978496,2.73046875,8.462482452392578,67.73442349380564,0.0,0.2857142857142857,37.8227424621582,0.007921576499938965,0.0012607581447809935,11.18374802172184
3500.0,14,3,8.504393577575684,-82.72426100136232,-60.63865339793691,0.0,3.015537977218628,100.0,1.0,0.2857142857142857,41.568119049072266,0.008706007152795792,0.0013856040313839912,10.176068171858788
3500.0,14,4,8.729089736938477,-94.95179493498475,-59.67705116204613,0.0,3.0811564922332764,100.0,1.0,0.2857142857142857,11.28233528137207,0.002362966537475586,0.0003760778345167637,37.492237985134125
3500.0,14,5,30.0,-76.78444955796377,-53.63557303323198,5.5546875,9.967226028442383,44.270477220550674,0.0,0.0714285714285714,12.605735778808594,0.002640139078721404,0.0004201912088319659,33.55615213513374
3500.0,14,6,28.733339309692383,-77.26718420343022,-52.51459500824797,5.5546875,9.546937942504883,41.81707754410535,0.0,0.0,-0.26706376671791077,-5.593370951828547e-05,-8.902125955501106e-06,1583.8913917541504
3500.0,14,7,1.8255584239959717,-103.01628264064138,-61.05738018054635,0.6015625,1.3348512649536133,54.93411769580901,0.0,0.2857142857142857,29.12299346923828,0.006099505815654993,0.0009707664721645415,14.524606056511402
3500.0,14,8,4.865096092224121,-99.20548423207333,-62.83744736970508,1.02734375,2.023453712463379,49.22820602852841,0.0,0.2142857142857143,38.00847625732422,0.007960476912558079,0.0012669492280110717,11.129097081720829
3500.0,14,9,30.0,-71.35452287535051,-48.3602116906534,5.5546875,9.967226028442383,44.270477220550674,0.0,0.0714285714285714,13.44432258605957,0.0028157723136246204,0.00044814409920945764,31.46309405565262
3500.0,15,0,23.140928268432617,-78.41335864468087,-57.86996769017276,5.5546875,7.69423246383667,27.807126622345415,0.0,0.0,33.02101516723633,0.006915905512869358,0.0011007004650309682,12.810024432837963
3500.0,15,1,15.98609447479248,-90.40592118064454,-56.83393216629904,3.029296875,5.346369743347168,43.33918115615649,0.0,0.19999999999999996,21.13296890258789,0.004426078870892525,0.0007044323137961328,20.01611888408661
3500.0,15,2,20.315649032592773,-90.41555956372348,-62.414536219216494,5.5546875,6.762065887451172,17.85517041015212,0.0,0.2666666666666667,37.2827262878418,0.007808476220816374,0.0012427575420588255,11.345736682415009
3500.0,15,3,23.929399490356445,-84.95835526960492,-60.5316963584525,1.6953125,7.955000877380371,78.6887201380388,0.0,0.2666666666666667,36.72178649902344,0.007690993137657642,0.0012240596115589142,11.519047431647778
3500.0,15,4,9.904925346374512,-95.08855949748053,-59.64096366025347,1.6953125,3.430748701095581,50.58476595914425,0.0,0.2666666666666667,11.218973159790039,0.0023496965877711773,0.0003739657695405185,37.703987210989
3500.0,15,5,30.0,-76.65502061465959,-53.583582066354595,5.5546875,9.967226028442383,44.270477220550674,0.0,0.06666666666666665,13.828598022460938,0.0028962548822164536,0.0004609532770700753,30.58878518640995
3500.0,15,6,30.0,-77.6648913186083,-52.48520332265173,5.5546875,9.967226028442383,44.270477220550674,0.0,0.0,3.9716434478759766,0.0008318190812133253,0.00013238811516202986,106.50502890348434
3500.0,15,7,2.1022632122039795,-102.51415186565322,-60.97425879255055,0.6015625,1.3910284042358398,56.75411816407387,0.0,0.2666666666666667,29.182086944580078,0.006111882161349058,0.0009727362194098532,14.49519395828247
3500.0,15,8,9.266864776611328,-99.36199100227604,-62.756781202095794,1.17578125,3.2398087978363037,63.708313565132556,0.0,0.19999999999999996,37.17506408691406,0.007785927504301071,0.0012391688069328666,11.378595605492592
3500.0,15,9,30.0,-71.03983137854814,-48.25108982399007,5.5546875,9.967226028442383,44.270477220550674,0.0,0.06666666666666665,10.818656921386719,0.002265854272991419,0.0003606218961067498,39.09912332892418
3500.0,16,0,30.0,-78.29381488232072,-57.72526273528375,5.5546875,9.967226028442383,44.270477220550674,0.0,0.0,34.90221405029297,0.0073099033907055855,0.0011634071124717593,12.119575403630733
3500.0,16,1,15.822846412658691,-90.23659911664245,-56.75089591820691,3.90234375,5.2934980392456055,26.280434580908306,0.0,0.1875,15.80668830871582,0.0033105448819696903,0.0005268896347843111,26.760824024677277
3500.0,16,2,20.007104873657227,-90.37075521994072,-62.327224276189625,5.115234375,6.660548686981201,23.201006172384766,0.0,0.25,37.03038787841797,0.007755626458674669,0.0012343463022261858,11.423051357269287
3500.0,16,3,23.383047103881836,-84.887094662056,-60.42366161780804,5.5546875,7.774285793304443,28.55051064904327,0.0,0.25,36.620574951171875,0.007669795770198107,0.0012206858955323696,11.550883762538433
3500.0,16,4,9.39886474609375,-95.05837750827257,-59.604976187968646,1.9140625,3.279078960418701,41.62804485331466,0.0,0.25,11.060999870300293,0.002316610421985388,0.0003687000134959817,38.24247419834137
3500.0,16,5,15.303902626037598,-76.52255215184469,-53.531266775250195,0.0,5.125770092010498,100.0,1.0,0.125,-20.638193130493164,-0.004322453401982784,-0.000687939755152911,20.495980978012085
3500.0,16,6,30.0,-77.62922675323097,-52.45567418634439,5.5546875,9.967226028442383,44.270477220550674,0.0,0.0,3.9089512825012207,0.0008186888881027699,0.000130298372823745,108.21317136287689
3500.0,16,7,1.8626893758773804,-102.42837061969325,-60.889921329654975,0.6015625,1.342308521270752,55.184483263914174,0.0,0.25,29.12889289855957,0.0061007412150502205,0.0009709630976431072,14.521664008498192
3500.0,16,8,2.5117342472076416,-99.29341604499237,-62.67554758713012,0.0,1.4766879081726074,100.0,1.0,0.25,36.90666961669922,0.00772971473634243,0.0012302222894504666,11.461343616247177
3500.0,16,9,30.0,-70.75289470441895,-48.13011605891609,5.5546875,9.967226028442383,44.270477220550674,0.0,0.0625,8.983677864074707,0.0018815371440723538,0.00029945591813884676,47.08539322018623
3500.0,17,0,26.144630432128906,-78.17156095572757,-57.57785634527048,5.5546875,8.688559532165527,36.068948144554454,0.0,0.0,38.58296203613281,0.008080797269940376,0.0012860987335443497,10.963388718664646
3500.0,17,1,14.853646278381348,-89.85580325351486,-56.677421136749636,3.90234375,4.9807047843933105,21.65077195043319,0.0,0.17647058823529416,14.500699043273926,0.0030370193999260664,0.000483356649056077,29.171008616685867
3500.0,17,2,18.935585021972656,-90.32573919831641,-62.23916487283761,4.81640625,6.308582305908203,23.65311227707577,0.0,0.23529411764705888,36.986045837402344,0.007746338844299316,0.0012328681768849492,11.436745524406433
3500.0,17,3,19.147014617919922,-84.8145927771171,-60.31442225720818,5.5546875,6.377953052520752,12.90799016144174,0.0,0.23529411764705888,37.16621398925781,0.007784074172377586,0.0012388738105073571,11.381304822862148
3500.0,17,4,15.22454833984375,-91.2958764537226,-59.569051595437585,1.9140625,5.100171089172363,62.47062173926783,0.0,0.23529411764705888,11.075746536254883,0.0023196991533041,0.00036919154808856547,38.19155693054199
3500.0,17,5,30.0,-76.38995162785753,-53.47899110686079,4.212890625,9.967226028442383,57.73256658394086,0.0,0.11764705882352944,12.610391616821289,0.00264111440628767,0.00042034639045596123,33.54376554489136
3500.0,17,6,30.0,-77.59499918664916,-52.42656290831702,5.5546875,9.967226028442383,44.270477220550674,0.0,0.0,3.339663028717041,0.0006994573632255197,0.00011132210056530312,126.65948271751404
3500.0,17,7,2.3320064544677734,-102.3416032852564,-60.80439677984452,0.6015625,1.4387216567993164,58.18770801446895,0.0,0.23529411764705888,29.504451751708984,0.00617939792573452,0.0009834817610681057,14.336819760501385
3500.0,17,8,7.8564276695251465,-99.30978106512882,-62.59368365734964,0.6015625,2.828712224960327,78.73369745102165,0.0,0.23529411764705888,36.49333953857422,0.007643147371709347,0.0012164446525275707,11.591156013309956
3500.0,17,9,30.0,-70.47717796133443,-48.02915254846182,5.5546875,9.967226028442383,44.270477220550674,0.0,0.05882352941176472,7.589271545410156,0.0015894933603703976,0.00025297573301941156,55.73657527565956
3500.0,18,0,29.238527297973633,-78.04823667893025,-57.42953109933981,5.5546875,9.714546203613281,42.82092664365569,0.0,0.0,33.60098648071289,0.0070373741909861565,0.0011200328590348363,12.588916346430779
3500.0,18,1,16.02607536315918,-89.72306591390037,-56.60080644134555,3.609375,5.359325885772705,32.65244403999138,0.0,0.16666666666666663,14.752888679504395,0.0030898377299308777,0.000491762941237539,28.6723505705595
3500.0,18,2,17.733253479003906,-90.28049863204996,-62.150302482521695,4.5234375,5.914970874786377,23.525616680853613,0.0,0.2222222222222222,36.89574432373047,0.0077274264767766,0.001229858142323792,11.464737355709076
3500.0,18,3,19.258602142333984,-84.74032623163654,-60.203952290853884,4.5234375,6.414581298828125,29.48195230098053,0.0,0.2222222222222222,37.492149353027344,0.007852338254451752,0.0012497382704168558,11.282362043857574
3500.0,18,4,17.485172271728516,-91.24620589170402,-59.53316658457203,3.322265625,5.8339643478393555,43.05303517615048,0.0,0.2222222222222222,10.873971939086914,0.002277439460158348,0.0003624657401815057,38.9002300798893
3500.0,18,5,30.0,-76.25503942296993,-53.42709279334343,5.5546875,9.967226028442383,44.270477220550674,0.0,0.11111111111111116,11.88484001159668,0.0024891551584005356,0.0003961613401770592,35.59156134724617
3500.0,18,6,30.0,-77.56185568462284,-52.398366111348594,5.5546875,9.967226028442383,44.270477220550674,0.0,0.0,2.2631723880767822,0.00047399773029610515,7.543907850049436e-05,186.90578639507294
3500.0,18,7,2.90805983543396,-102.25433407505847,-60.71809370956772,0.6015625,1.5624094009399414,61.49776750971279,0.0,0.2222222222222222,28.59505271911621,0.005988934077322483,0.0009531684336252511,14.792769216001034
3500.0,18,8,-3.9833285808563232,-99.23942145160181,-62.511138963411604,0.0,0.48505404591560364,100.0,1.0,0.2777777777777778,36.260231018066406,0.007594325579702854,0.0012086743954569101,11.66567299515009
3500.0,18,9,30.0,-70.2065166767202,-47.95439916118622,5.5546875,9.967226028442383,44.270477220550674,0.0,0.05555555555555558,6.287849426269531,0.00131692411378026,0.00020959498942829669,67.2726035118103
3500.0,19,0,30.0,-77.92230462407674,-57.27850884020888,5.5546875,9.967226028442383,44.270477220550674,0.0,0.0,33.791221618652344,0.007077217102050781,0.0011263741180300713,12.51804456114769
3500.0,19,1,17.121490478515625,-89.5165161835846,-56.51870711613455,3.90234375,5.715359687805176,31.721816943098013,0.0,0.1578947368421053,13.8789701461792,0.0029068049043416977,0.00046263233525678515,30.477765947580338
3500.0,19,2,16.344091415405273,-90.23546320149936,-62.060569061253204,4.212890625,5.462485313415527,22.8759368074931,0.0,0.21052631578947367,36.76776123046875,0.007700622081756592,0.001225592102855444,11.50464452803135
3500.0,19,3,20.793643951416016,-84.6645411423803,-60.09205304287096,4.81640625,6.919466495513916,30.393387219627243,0.0,0.21052631578947367,37.33966064453125,0.007820400409400463,0.0012446553446352482,11.328437365591526
3500.0,19,4,18.259153366088867,-91.21695781504914,-59.49726289248848,4.212890625,6.086940765380859,30.7880462882014,0.0,0.21052631578947367,10.973448753356934,0.0022982738446444273,0.0003657816268969327,38.547590374946594
3500.0,19,5,15.551359176635742,-76.12316502499077,-53.37564433688039,0.0,5.205682754516602,100.0,1.0,0.1578947368421053,-16.754919052124023,-0.003509142203256488,-0.0005584973259828985,25.24631842970848
3500.0,19,6,30.0,-77.53462217436581,-52.37121233357365,5.5546875,9.967226028442383,44.270477220550674,0.0,0.0,3.0922679901123047,0.0006476431153714657,0.00010307560296496376,136.79280877113342
3500.0,19,7,0.3855665624141693,-103.8989706951599,-60.63139483116365,0.740234375,1.0654622316360474,30.52457862693554,0.0,0.21052631578947367,28.46771240234375,0.00596226379275322,0.0009489237563684583,14.858938753604889
3500.0,19,8,6.056335926055908,-99.16842035891433,-62.427852164083006,0.490234375,2.331432819366455,78.97282860017314,0.0,0.26315789473684215,35.53069305419922,0.007441531866788864,0.0011843563988804817,11.905199848115444
3500.0,19,9,30.0,-72.27255828458263,-47.893836883805,5.5546875,9.967226028442383,44.270477220550674,0.0,0.052631578947368474,3.570345640182495,0.000747771468013525,0.00011901152174687013,118.47592890262604
3500.0,20,0,30.0,-77.79366990728228,-57.12381663614391,5.5546875,9.967226028442383,44.270477220550674,0.0,0.0,36.081298828125,0.007556850556284189,0.001202709972858429,11.723524890840054
3500.0,20,1,18.248991012573242,-89.3575981365923,-56.43392755541477,4.5234375,6.083615303039551,25.645569703594518,0.0,0.15000000000000002,15.872894287109375,0.00332441134378314,0.0005290964618325233,26.64920501410961
3500.0,20,2,12.618219375610352,-90.19063886971517,-61.96992456535989,0.0,4.268547058105469,100.0,1.0,0.25,36.771358489990234,0.007701375521719456,0.0012257120106369257,11.503518559038639
3500.0,20,3,25.88491439819336,-84.5873257236169,-59.97876652095871,5.33203125,8.602499961853027,38.01765447667087,0.0,0.19999999999999996,36.653743743896484,0.007676742505282164,0.00122179149184376,11.540431529283524
3500.0,20,4,17.222064971923828,-91.37397989660835,-59.461330781532524,4.5234375,5.748140811920166,21.306077077660422,0.0,0.19999999999999996,11.066821098327637,0.0023178295232355595,0.00036889404873363674,38.222357630729675
3500.0,20,5,30.0,-75.99029881537946,-53.324888748282746,3.90234375,9.967226028442383,60.84824665494383,0.0,0.15000000000000002,11.977046966552734,0.002508467063307762,0.00039923490840010345,35.3175550699234
3500.0,20,6,30.0,-77.50427920850755,-52.34543751429551,5.5546875,9.967226028442383,44.270477220550674,0.0,0.0,3.3984572887420654,0.0007117712520994246,0.00011328190885251388,124.46824461221695
3500.0,20,7,-0.3604489266872406,-103.76807189423715,-60.54456123824323,0.490234375,0.9413725733757019,47.923448285512414,0.0,0.19999999999999996,31.836986541748047,0.006667923182249069,0.0010612328769639134,13.286433182656765
3500.0,20,8,-5.796263694763184,-99.09638988200976,-62.34378788117841,0.0,0.33714380860328674,100.0,1.0,0.30000000000000004,37.559051513671875,0.007866349071264267,0.0012519684387370944,11.262265034019947
3500.0,20,9,30.0,-72.20920656908879,-47.84197182150471,5.5546875,9.967226028442383,44.270477220550674,0.0,0.050000000000000044,3.212184429168701,0.000672758324071765,0.00010707281762734056,131.68609142303467
3500.0,21,0,21.900856018066406,-77.6630610892608,-56.96760516744595,5.5546875,7.284589767456055,23.747421923255075,0.0,0.0,31.39875602722168,0.006576140411198139,0.0010466251987963915,13.471871614456177
3500.0,21,1,16.528213500976562,-89.22073627563068,-56.34525367797525,4.81640625,5.5222907066345215,12.782457391938218,0.0,0.1428571428571429,17.247211456298828,0.003612247295677662,0.0005749070551246405,24.525703862309456
3500.0,21,2,11.9429931640625,-90.14605234105971,-61.878302303868864,2.5703125,4.056778907775879,36.64154348975431,0.0,0.23809523809523814,36.83265686035156,0.007714214269071817,0.0012277552159503102,11.484374292194843
3500.0,21,3,26.909013748168945,-84.50819721717252,-59.8637669417337,5.5546875,8.941917419433594,37.88035340241546,0.0,0.19047619047619047,36.51155090332031,0.007646962068974972,0.0012170517584308982,11.585375294089317
3500.0,21,4,18.885879516601562,-91.34329438966454,-59.42530314755977,4.212890625,6.292280197143555,33.04667794494458,0.0,0.19047619047619047,11.152870178222656,0.002335852012038231,0.00037176234764046967,37.92745620012283
3500.0,21,5,28.446025848388672,-78.56585802023136,-53.27472157684798,5.5546875,9.451627731323242,41.23036097167218,0.0,0.1428571428571429,7.2560930252075195,0.001519712619483471,0.0002418697695247829,58.2958348095417
3500.0,21,6,30.0,-77.441798119697,-52.32091559213896,5.5546875,9.967226028442383,44.270477220550674,0.0,0.0,2.875964403152466,0.0006023405585438013,9.586547821527347e-05,147.08110690116882
3500.0,21,7,0.3220301866531372,-103.63596561843548,-60.45760658108529,0.490234375,1.0544793605804443,53.509343726732816,0.0,0.19047619047619047,28.2098445892334,0.005908256396651268,0.0009403281728737056,14.994765631854534
3500.0,21,8,6.412763595581055,-99.02406118623895,-62.258886992123806,0.490234375,2.4270713329315186,79.80140227655055,0.0,0.2857142857142857,37.7432861328125,0.007904935628175735,0.0012581095797941089,11.20729185640812
3500.0,21,9,30.0,-72.1661828358868,-47.806615694935346,5.5546875,9.967226028442383,44.270477220550674,0.0,0.04761904761904767,1.9174656867980957,0.00040159307536669075,6.391552597051486e-05,220.60368955135345
3500.0,22,0,30.0,-77.5304053287343,-56.80818673045022,5.5546875,9.967226028442383,44.270477220550674,0.0,0.0,32.57410430908203,0.006822304334491491,0.0010858034947887063,12.985775247216225
3500.0,22,1,20.120370864868164,-89.06025923442027,-56.25698403865624,4.5234375,6.697807788848877,32.46390994481758,0.0,0.13636363636363635,15.567139625549316,0.003260374069213867,0.0005189046496525407,27.172623202204704
3500.0,22,2,9.222354888916016,-90.10170257317296,-61.78567562384045,2.5703125,3.226595401763916,20.33979535844932,0.0,0.2272727272727273,36.616798400878906,0.007669004611670971,0.0012205599341541529,11.552074924111366
3500.0,22,3,23.08226203918457,-84.4272495064157,-59.74722266659165,5.5546875,7.674839019775391,27.624703453876986,0.0,0.18181818181818177,36.924156188964844,0.007733377628028393,0.001230805180966854,11.455914936959743
3500.0,22,4,17.430818557739258,-91.31823282565095,-59.38918788411604,4.81640625,5.816226959228516,17.190194196980503,0.0,0.18181818181818177,10.488739013671875,0.002196756424382329,0.000349624635418877,40.328968316316605
3500.0,22,5,28.414899826049805,-78.50898185209329,-53.22537146515873,5.5546875,9.441303253173828,41.16609380031604,0.0,0.13636363636363635,5.135785102844238,0.001075636362656951,0.00017119283438660204,82.36326277256012
3500.0,22,6,30.0,-77.41414902490774,-52.29794163069079,5.5546875,9.967226028442383,44.270477220550674,0.0,0.0,2.1743416786193848,0.0004553930484689772,7.247805478982627e-05,194.54164803028107
3500.0,22,7,2.6064083576202393,-103.5029662338684,-60.37050893425894,0.490234375,1.4969162940979004,67.25038153883986,0.0,0.18181818181818177,25.609743118286133,0.0053636920638382435,0.0008536581299267709,16.51715114712715
3500.0,22,8,5.780981540679932,-94.92120994611044,-62.173127067551796,1.02734375,2.258603811264038,54.514211617085586,0.0,0.2727272727272727,37.24750518798828,0.007801099680364132,0.0012415834935382009,11.356465518474579
3500.0,22,9,30.0,-72.1371183942407,-47.78276494899898,5.5546875,9.967226028442383,44.270477220550674,0.0,0.045454545454545414,0.8607784509658813,0.00018028102931566536,2.86926151602529e-05,491.4156496524811
3500.0,23,0,27.39153289794922,-77.39419529521146,-56.64455926804945,5.5546875,9.101898193359375,38.97220797247955,0.0,0.0,32.02323913574219,0.0067069316282868385,0.0010674413060769439,13.20915762335062
3500.0,23,1,15.965965270996094,-89.55298621594042,-56.54148777377204,0.0,5.339848518371582,100.0,1.0,0.17391304347826086,-69.30769348144531,-0.014515768736600876,-0.0023102564737200737,6.103218533098698
3500.0,23,2,8.137260437011719,-90.057840064212,-61.69199945737722,1.6953125,2.9092307090759277,41.72643322129341,0.0,0.21739130434782605,36.57680130004883,0.007660627365112305,0.0012192267458885908,11.56470738351345
3500.0,23,3,12.460992813110352,-84.3444838728518,-59.62931069983879,0.0,4.219074726104736,100.0,1.0,0.21739130434782605,38.4603271484375,0.00805511325597763,0.0012820109259337187,10.998346842825413
3500.0,23,4,18.14728546142578,-91.33978324727246,-59.352954590320266,4.212890625,6.050333023071289,30.369277047473343,0.0,0.17391304347826086,10.63576889038086,0.002227550372481346,0.0003545256331562996,39.77145627140999
3500.0,23,5,27.428768157958984,-78.45288988917676,-53.17683628152854,5.5546875,9.114245414733887,39.05488334755156,0.0,0.13043478260869568,4.851400375366211,0.00101607502438128,0.00016171335300896317,87.19132095575333
3500.0,23,6,29.9306583404541,-77.3882006177336,-52.27650518622532,5.5546875,9.9442138671875,44.14151209751667,0.0,0.0,2.633985996246338,0.0005516607780009508,8.779953350313008e-05,160.59310734272003
3500.0,23,7,1.9978545904159546,-103.36962927523777,-60.283242110000714,0.740234375,1.3696677684783936,45.9551876713614,0.0,0.17391304347826086,26.359899520874023,0.005520804785192013,0.0008786633261479437,16.047103330492973
3500.0,23,8,9.586731910705566,-94.85098258886254,-62.08646932621359,0.876953125,3.335181474685669,73.70598476706128,0.0,0.26086956521739135,36.550514221191406,0.007655122317373753,0.0012183504877611995,11.573025025427341
3500.0,23,9,30.0,-72.13324528742092,-47.77964529345894,5.5546875,9.967226028442383,44.270477220550674,0.0,0.04347826086956519,-0.5037329196929932,-0.00010550157458055764,-1.6791096641100012e-05,839.7307395935059
3500.0,24,0,28.92780113220215,-77.26202277524264,-56.479089827884586,5.5546875,9.611452102661133,42.20761399349774,0.0,0.0,32.87028503417969,0.006884336471557617,0.0010956762125715613,12.868765741586685
3500.0,24,1,15.551103591918945,-89.70678260943507,-56.5283743872171,3.90234375,5.205600261688232,25.03566248218937,0.0,0.16666666666666663,10.764171600341797,0.0022544427774846554,0.0003588057297747582,39.29703310132027
3500.0,24,2,10.692719459533691,-90.00991225142643,-61.5972424435182,1.4765625,3.6700809001922607,59.76757624272945,0.0,0.20833333333333337,36.76697540283203,0.007700457237660885,0.001225565909408033,11.504890397191048
3500.0,24,3,14.61979866027832,-84.2593980765814,-59.509432289645666,2.56640625,4.905548095703125,47.6835982456686,0.0,0.20833333333333337,37.00917053222656,0.007751183118671179,0.0012336390791460872,11.429599486291409
3500.0,24,4,18.279054641723633,-91.28645538792554,-59.31659798548671,4.5234375,6.093454837799072,25.765635088651205,0.0,0.16666666666666663,10.641072273254395,0.002228660974651575,0.0003547024098224938,39.75163400173187
3500.0,24,5,28.416685104370117,-77.99454488465847,-53.129215772857464,5.5546875,9.44189453125,41.16977814552413,0.0,0.125,8.5045166015625,0.0017811818979680538,0.0002834838815033436,49.73827674984932
3500.0,24,6,27.97153663635254,-77.36407732545135,-52.25671931608926,5.5546875,9.294242858886719,40.23518016113741,0.0,0.0,2.766136884689331,0.0005793383461423218,9.220456558978185e-05,152.92085707187653
3500.0,24,7,-0.04108213633298874,-103.23652311816124,-60.19588764646293,0.740234375,0.9931925535202026,25.469198054660723,0.0,0.16666666666666663,28.886629104614258,0.006050001829862595,0.0009628876578062773,14.643453061580658
3500.0,24,8,0.3524447977542877,-94.77990463034253,-61.99888766578027,0.0,1.0597271919250488,100.0,1.0,0.29166666666666663,36.066349029541016,0.007553718518465757,0.0012022115988656878,11.728384532034397
3500.0,24,9,30.0,-71.766326204269,-47.78970373975758,5.5546875,9.967226028442383,44.270477220550674,0.0,0.04166666666666663,-0.7691724300384521,-0.00016109510033857077,-2.5639081286499277e-05,549.9417185783386
3500.0,25,0,30.0,-77.11992381635376,-56.30990508489448,0.0,9.967226028442383,100.0,1.0,0.040000000000000036,33.10127258300781,0.006932714022696018,0.001103375805541873,12.778964824974537
3500.0,25,1,17.965042114257812,-89.6125306543329,-56.46609204345213,3.90234375,5.990725994110107,34.860253100598136,0.0,0.16000000000000003,11.812424659729004,0.0024739885702729225,0.00039374749758280814,35.809751600027084
3500.0,25,2,11.215378761291504,-89.97055135972671,-61.501362677551555,2.16015625,3.830796241760254,43.61077661996957,0.0,0.19999999999999996,36.44617462158203,0.0076332688331604,0.001214872463606298,11.606156826019287
3500.0,25,3,26.079463958740234,-84.17232752118682,-59.38808522458994,3.322265625,8.666964530944824,61.66748331393224,0.0,0.19999999999999996,35.61809158325195,0.007459836080670357,0.0011872696923092008,11.87598705291748
3500.0,25,4,18.74357795715332,-91.39981123708283,-59.280092730915406,4.5234375,6.245621204376221,27.574257996458552,0.0,0.16000000000000003,11.18226146697998,0.002342007588595152,0.00037274204078130424,37.82777115702629
3500.0,25,5,16.978878021240234,-87.64849412623549,-53.082484242730146,0.0,5.668900966644287,100.0,1.0,0.16000000000000003,4.918525218963623,0.0010301335714757442,0.00016395084094256163,86.00138872861862
3500.0,25,6,29.78302574157715,-77.34173370585611,-52.23853382763198,5.5546875,9.895222663879395,43.86495697286007,0.0,0.0,1.95113205909729,0.000408644147682935,6.503773329313844e-05,216.79721772670746
3500.0,25,7,2.41003680229187,-102.6628920364787,-60.10861085091611,0.490234375,1.4551347494125366,66.31003587826376,0.0,0.16000000000000003,25.03411865234375,0.005243133753538132,0.0008344706147909164,16.896940767765045
3500.0,25,8,2.3165977001190186,-94.70828766773514,-61.910346765667704,0.490234375,1.4354932308197021,65.84906396806454,0.0,0.28,36.02078628540039,0.007544176187366247,0.0012006928445771337,11.743219569325447
3500.0,25,9,29.248750686645508,-71.78926431031454,-47.81971346211016,5.5546875,9.717938423156738,42.84088601792523,0.0,0.040000000000000036,-3.7856192588806152,-0.0007928583072498441,-0.0001261873112525791,111.7386594414711
3500.0,26,0,30.0,-76.97959144344321,-56.13927683068999,5.5546875,9.967226028442383,44.270477220550674,0.0,0.038461538461538436,34.191978454589844,0.007161151617765427,0.0011397326597943902,12.371323071420193
3500.0,26,1,17.894084930419922,-89.44299555068044,-56.38174878189671,4.5234375,5.967528343200684,24.199145109148247,0.0,0.15384615384615385,14.60393238067627,0.003058640519157052,0.0004867977404501289,28.964802622795105
3500.0,26,2,2.9606988430023193,-103.23701571404526,-61.40433840699945,0.0,1.5739988088607788,100.0,1.0,0.23076923076923073,37.13855743408203,0.007778281811624765,0.0012379519175738096,11.38977985829115
3500.0,26,3,24.966012954711914,-84.08284136395423,-59.26452652726247,5.5546875,8.298120498657227,33.060896128239634,0.0,0.1923076923076923,36.25169372558594,0.0075925374403595924,0.0012083897599950433,11.668420396745205
3500.0,26,4,17.47492027282715,-91.36668005678318,-59.24345089950046,4.81640625,5.830618858337402,17.39459623376247,0.0,0.15384615384615385,11.21568775177002,0.0023490083403885365,0.00037385625182650983,37.71502897143364
3500.0,26,5,20.237592697143555,-86.98779630797111,-53.03679600266676,4.212890625,6.736377239227295,37.46058934366857,0.0,0.15384615384615385,13.327070236206055,0.0027912151999771595,0.00044423568760976195,31.739909201860428
3500.0,26,6,29.929670333862305,-77.3213349856486,-52.2221187317091,5.5546875,9.943887710571289,44.13967995540774,0.0,0.0,3.880115032196045,0.0008126493776217103,0.0001293371751671657,109.01738703250885
3500.0,26,7,0.10464008152484894,-102.53471175484916,-60.02168120137081,0.740234375,1.0174850225448608,27.248621984766064,0.0,0.15384615384615385,26.50452423095703,0.005551094654947519,0.000883484142832458,15.959540382027626
3500.0,26,8,6.536599159240723,-95.81252386286747,-61.82082966014685,0.490234375,2.4606478214263916,80.07701993226239,0.0,0.2692307692307693,36.60630798339844,0.007666807621717453,0.0012202102225273848,11.555385775864124
3500.0,26,9,30.0,-71.80418552872501,-47.862974641009544,5.5546875,9.967226028442383,44.270477220550674,0.0,0.038461538461538436,-2.8376526832580566,-0.0005943165742792189,-9.458842396270484e-05,149.06686544418335
3500.0,27,0,30.0,-76.8342905310807,-55.965062273933626,5.5546875,9.967226028442383,44.270477220550674,0.0,0.03703703703703709,32.80757141113281,0.006871202029287815,0.001093585742637515,12.893365696072578
3500.0,27,1,20.24517250061035,-89.3209663858692,-56.2932332297922,4.5234375,6.7388715744018555,32.87544583602631,0.0,0.14814814814814814,16.44892120361328,0.0034450539387762547,0.0005482973647303879,25.71597322821617
3500.0,27,2,3.5238828659057617,-103.14082372680473,-61.30612235862931,0.6015625,1.7009130716323853,64.63296625601956,0.0,0.2222222222222222,36.97742462158203,0.007744533941149712,0.0012325808638706803,11.439411900937557
3500.0,27,3,17.756603240966797,-83.98670046974658,-59.13949614984256,0.0,5.922598838806152,100.0,1.0,0.2222222222222222,38.08058166503906,0.007975578308105469,0.0012693527387455106,11.108024045825005
3500.0,27,4,19.254146575927734,-90.40914139454767,-59.206638128617875,4.5234375,6.4131178855896,29.46586074514158,0.0,0.14814814814814814,10.533238410949707,0.0022060764022171497,0.0003511079412419349,40.15859216451645
3500.0,27,5,18.259845733642578,-86.89585744990003,-52.99205157333651,5.33203125,6.087168216705322,12.405390155523577,0.0,0.14814814814814814,18.75197410583496,0.003927404526621103,0.0006250658188946545,22.55762554705143
3500.0,27,6,30.0,-76.69058002050149,-52.207323074430974,5.5546875,9.967226028442383,44.270477220550674,0.0,0.0,3.52213978767395,0.0007376752328127623,0.00011740466288756579,120.09745091199875
3500.0,27,7,3.4141685962677,-102.40850407276722,-59.93534700889331,0.490234375,1.6757755279541016,70.74582085594061,0.0,0.14814814814814814,25.74764060974121,0.005392573308199644,0.0008582546724937856,16.428690403699875
3500.0,27,8,7.253969192504883,-95.62771538961321,-61.73029631382462,0.876953125,2.6584854125976562,67.01305484527325,0.0,0.2592592592592593,36.47901916503906,0.00764014758169651,0.0012159673497080803,11.595706455409527
3500.0,27,9,30.0,-71.84709529921216,-47.91472267106017,5.5546875,9.967226028442383,44.270477220550674,0.0,0.03703703703703709,-5.646143913269043,-0.0011825256515294313,-0.00018820479454007,74.91838932037354
3500.0,28,0,30.0,-76.68554999808775,-55.78614939133994,5.5546875,9.967226028442383,44.270477220550674,0.0,0.0357142857142857,31.99521827697754,0.006701063364744186,0.0010665073059499264,13.22072558104992
3500.0,28,1,18.010986328125,-87.75787177872937,-56.53326100619038,5.33203125,6.005748748779297,11.2178768536768,0.0,0.1428571428571429,-16.005332946777344,-0.003352148924022913,-0.0005335111054591835,26.428692042827606
3500.0,28,2,-0.3180965781211853,-103.04440726357481,-61.20670145831698,0.740234375,0.9481325149536133,21.927118485519348,0.0,0.2142857142857143,36.02818298339844,0.007545724511146545,0.001200939412228763,11.740808375179768
3500.0,28,3,28.825674057006836,-83.99963059957786,-59.012145505081264,3.90234375,9.577570915222168,59.25539174241157,0.0,0.2142857142857143,36.01460266113281,0.007542881183326244,0.0012004867894575,11.74523588269949
3500.0,28,4,19.722431182861328,-90.3810012541775,-59.16968018202027,5.115234375,6.566948413848877,22.106371900034915,0.0,0.1428571428571429,10.525917053222656,0.0022045429795980453,0.0003508639056235552,40.186524391174316
3500.0,28,5,5.452025890350342,-90.94988911121176,-52.94846539058699,0.0,2.1728570461273193,100.0,1.0,0.1785714285714286,22.766986846923828,0.004768306855112314,0.0007588995504193008,18.57953332364559
3500.0,28,6,30.0,-76.65927635675091,-52.19437645119132,5.5546875,9.967226028442383,44.270477220550674,0.0,0.0,2.2631921768188477,0.00047400189214386046,7.543974061263725e-05,186.9041472673416
3500.0,28,7,3.3336286544799805,-102.2837307308836,-59.849919898439595,1.02734375,1.6574485301971436,38.01655186977037,0.0,0.1428571428571429,24.834335327148438,0.0052012912929058075,0.0008278111927211285,17.032871022820473
3500.0,28,8,9.38988208770752,-95.56676464664673,-61.63873625172452,1.02734375,3.276402473449707,68.64415289864205,0.0,0.25,36.20294952392578,0.007582328747957945,0.0012067649513483047,11.684130877256393
3500.0,28,9,30.0,-71.89764587432116,-47.98466508905493,5.5546875,9.967226028442383,44.270477220550674,0.0,0.0357142857142857,-5.308845520019531,-0.0011118820402771235,-0.00017696151917334646,79.67834174633026
3500.0,29,0,17.651212692260742,-76.53549188728039,-55.60526808659868,0.0,5.888172626495361,100.0,1.0,0.06896551724137934,32.702945709228516,0.0068492889404296875,0.0010900981724262238,12.934614904224873
3500.0,29,1,18.276935577392578,-87.76986994910513,-56.526685213631815,4.81640625,6.092761993408203,20.94872152874345,0.0,0.13793103448275867,2.4452595710754395,0.0005121339927427471,8.150865323841572e-05,172.98777401447296
3500.0,29,2,-3.104051113128662,-102.94752832235977,-61.10604011144342,0.490234375,0.5746558308601379,14.690785567037047,0.0,0.2068965517241379,35.37732696533203,0.007409410085529089,0.0011792442528530955,11.95681095123291
3500.0,29,3,25.137126922607422,-83.90057557603342,-58.88335770242005,5.5546875,8.35478687286377,33.514910858569635,0.0,0.2068965517241379,36.53607940673828,0.007652098312973976,0.0012178693432360888,11.577596887946129
3500.0,29,4,18.996591567993164,-90.31645144786295,-59.13255652002018,5.115234375,6.328594207763672,19.17265972394263,0.0,0.13793103448275867,11.173413276672363,0.002340154256671667,0.0003724471025634557,37.85772621631622
3500.0,29,5,5.672214508056641,-89.00396216763072,-52.90600903926571,1.17578125,2.230097770690918,47.27669497486986,0.0,0.1724137931034483,21.826025009155273,0.004571232013404369,0.0007275341777130961,19.380534067749977
3500.0,29,6,24.828933715820312,-80.97853367303392,-52.18318841123352,5.5546875,8.252731323242188,32.69273792597222,0.0,0.0,0.6385450959205627,0.00013373656838666648,2.128483720298391e-05,662.4434590339661
3500.0,29,7,0.5914608836174011,-100.93045529526252,-59.76241720501013,0.0,1.1015815734863281,100.0,1.0,0.1724137931034483,25.297391891479492,0.005298273637890816,0.0008432464092038572,16.72109216451645
3500.0,29,8,8.611786842346191,-95.26806881528503,-61.54611565956035,1.4765625,3.046848773956299,51.53804440111085,0.0,0.24137931034482762,35.91742706298828,0.007522528991103172,0.0011972475331276655,11.77701260894537
3500.0,29,9,30.0,-71.96688674346547,-48.06502714555413,5.5546875,9.967226028442383,44.270477220550674,0.0,0.03448275862068961,-5.684606552124023,-0.001190581126138568,-0.00018948689103126526,74.41148161888123
3500.0,30,0,27.331668853759766,-76.3825441413516,-55.42033293633358,5.33203125,9.082048416137695,41.29043354882772,0.0,0.06666666666666665,29.115806579589844,0.006098000332713127,0.0009705268894322217,14.528191648423672
3500.0,30,1,21.03746223449707,-87.65397179726241,-56.49639728862985,4.81640625,6.999810695648193,31.192335629956723,0.0,0.1333333333333333,5.7020697593688965,0.0011942386627197266,0.0001900689967442304,74.18359071016312
3500.0,30,2,1.6972347497940063,-102.85137139327449,-61.004128971412975,0.490234375,1.3092732429504395,62.55675599882727,0.0,0.19999999999999996,36.19834518432617,0.0075813643634319305,0.0012066115159541368,11.68561726808548
3500.0,30,3,21.05986976623535,-83.79924244449212,-58.752189948162176,5.5546875,7.007196426391602,20.72881703331356,0.0,0.19999999999999996,37.0255241394043,0.007754608057439327,0.0012341841356828809,11.424551717936993
3500.0,30,4,17.979562759399414,-90.29691070858007,-59.095268973536236,5.115234375,5.995473384857178,14.681726585266908,0.0,0.1333333333333333,11.342926025390625,0.00237565697170794,0.0003780975239351392,37.29196637868881
3500.0,30,5,12.470196723937988,-88.97614893324575,-52.86482109403063,1.17578125,4.221968173980713,72.15087367910198,0.0,0.16666666666666663,13.058815956115723,0.002735032234340906,0.00043529385584406555,32.39190950989723
3500.0,30,6,16.561025619506836,-80.8087545865342,-52.1738162809299,0.0,5.532954692840576,100.0,1.0,0.033333333333333326,4.273887634277344,0.0008951209019869566,0.00014246292994357646,98.97312521934509
3500.0,30,7,5.681384563446045,-100.8247867238436,-59.674645178637995,0.490234375,2.2324953079223633,78.04096728623233,0.0,0.16666666666666663,26.226348876953125,0.0054928334429860115,0.0008742116624489427,16.128817573189735
3500.0,30,8,3.051175117492676,-101.90235414383193,-61.45241100588716,1.328125,1.5940289497375488,16.681249721426262,0.0,0.23333333333333328,33.98551940917969,0.007117911241948605,0.0011328506516292691,12.446478009223938
3500.0,30,9,29.973323822021484,-72.05281275330643,-48.162350844933165,5.5546875,9.9583740234375,44.22093921229728,0.0,0.033333333333333326,-8.847734451293945,-0.001853065099567175,-0.0002949244808405638,47.808848321437836
3500.0,31,0,30.0,-76.22415199080145,-55.230138579961505,5.5546875,9.967226028442383,44.270477220550674,0.0,0.06451612903225812,32.846221923828125,0.006879297085106373,0.0010948741110041738,12.878193520009518
3500.0,31,1,14.81459903717041,-87.57808506773627,-56.4307988496703,0.0,4.968146800994873,100.0,1.0,0.16129032258064513,9.381019592285156,0.001964756054803729,0.00031270066392607987,45.09104788303375
3500.0,31,2,4.532099723815918,-102.66431188156619,-60.901007632064484,0.490234375,1.9408400058746338,74.74112376516696,0.0,0.19354838709677424,36.22142791748047,0.007586197927594185,0.001207380904816091,11.678170412778854
3500.0,31,3,22.291948318481445,-83.6438349881646,-58.61959402030428,5.115234375,7.413711071014404,31.00305196679196,0.0,0.19354838709677424,36.289154052734375,0.0076003833673894405,0.001209638430736959,11.656375601887703
3500.0,31,4,18.293621063232422,-89.74011083848282,-59.05780861320462,4.81640625,6.0982232093811035,21.01951528125834,0.0,0.12903225806451613,10.433502197265625,0.002185187768191099,0.0003477834106888622,40.54247587919235
3500.0,31,5,16.529281616210938,-88.78700714270144,-52.82512898091692,2.73046875,5.522638320922852,50.55861725263715,0.0,0.16129032258064513,11.146867752075195,0.0023345947265625,0.0003715622588060796,37.9478819668293
3500.0,31,6,28.833953857421875,-80.62127356161774,-52.16623261443692,5.33203125,9.580318450927734,44.343903834598954,0.0,0.032258064516129004,0.8984389901161194,0.0001881686330307275,2.9947967050247826e-05,470.81661224365234
3500.0,31,7,1.7808854579925537,-101.03304422269125,-59.58742656874205,0.0,1.3259127140045166,100.0,1.0,0.19354838709677424,25.682571411132812,0.005378945730626583,0.000856085738632828,16.47031307220459
3500.0,31,8,6.0960869789123535,-102.57631545820993,-61.35759281559822,0.490234375,2.3420238494873047,79.0679170450242,0.0,0.22580645161290325,34.524566650390625,0.007230808958411217,0.0011508188908919692,12.252145446836948
3500.0,31,9,30.0,-72.10213809536683,-48.269086109766874,5.5546875,9.967226028442383,44.270477220550674,0.0,0.032258064516129004,-8.711174964904785,-0.0018244644161313772,-0.00029037249623797834,48.5583171248436
3500.0,32,0,30.0,-76.06593502163263,-55.03772685563219,5.5546875,9.967226028442383,44.270477220550674,0.0,0.0625,31.553041458129883,0.006608453579246998,0.00105176807846874,13.40599823743105
3500.0,32,1,20.715179443359375,-87.4958301930902,-56.33869605169385,3.322265625,6.893618106842041,51.80664821419987,0.0,0.15625,17.118938446044922,0.0035853818990290165,0.0005706312949769199,24.70947615802288
3500.0,32,2,0.9612588882446289,-100.20990387903089,-60.796925304498124,0.876953125,1.1684784889221191,24.949142554694447,0.0,0.1875,35.89036560058594,0.0075168609619140625,0.0011963455472141504,11.785892769694328
3500.0,32,3,24.989561080932617,-83.43990451176691,-58.484550536650325,5.33203125,8.30591869354248,35.80443721240083,0.0,0.1875,33.99856185913086,0.007120641879737377,0.0011332854628562927,12.441703118383884
3500.0,32,4,16.302892684936523,-89.70645587532806,-59.020180791020124,0.0,5.4491119384765625,100.0,1.0,0.15625,10.234856605529785,0.002143583493307233,0.0003411618818063289,41.32935404777527
3500.0,32,5,14.575946807861328,-90.18598003583405,-52.78774164048823,3.90234375,4.891469478607178,20.221443329721577,0.0,0.15625,15.047059059143066,0.0031514489091932774,0.0005015686620026827,28.111806139349937
3500.0,32,6,26.19269561767578,-80.28016312308083,-52.16049850273755,5.5546875,8.704487800598145,36.18593503435895,0.0,0.03125,2.053351402282715,0.00043005295447073877,6.844504969194531e-05,206.00467920303345
3500.0,32,7,4.786950588226318,-97.30068442369998,-59.49750108433774,0.490234375,2.003922939300537,75.53626612153485,0.0,0.1875,24.31066131591797,0.005091613158583641,0.0008103554137051105,17.399773001670837
3500.0,32,8,-2.8362879753112793,-102.30639471379723,-61.26163815374765,0.0,0.6044894456863403,100.0,1.0,0.25,34.218505859375,0.007166707888245583,0.0011406168341636658,12.361732311546803
3500.0,32,9,15.283855438232422,-77.34284463058549,-48.3901054246134,0.0,5.119301795959473,100.0,1.0,0.0625,-4.496654510498047,-0.0009417771361768246,-0.0001498884812463075,94.0699353814125
3500.0,33,0,30.0,-75.90456479910597,-54.84081828297465,5.5546875,9.967226028442383,44.270477220550674,0.0,0.06060606060606055,30.963937759399414,0.006485071964561939,0.0010321312583982944,13.661053031682968
3500.0,33,1,20.094375610351562,-87.37329981412316,-56.23272778138672,5.33203125,6.689255714416504,20.28961849210593,0.0,0.1515151515151515,19.264522552490234,0.0040347520262002945,0.0006421507569029927,21.957460790872574
3500.0,33,2,1.3181781768798828,-102.90013482456638,-60.69282673313019,0.490234375,1.23549485206604,60.320807959643695,0.0,0.18181818181818177,36.575233459472656,0.007660299073904753,0.0012191744754090905,11.565202847123146
3500.0,33,3,24.458965301513672,-83.34234312636465,-58.34807992087939,5.5546875,8.130249977111816,31.678761223363484,0.0,0.18181818181818177,34.30136489868164,0.007184061221778393,0.0011433787876740098,12.331871315836906
3500.0,33,4,16.091352462768555,-89.66444605924487,-58.98236943453894,3.90234375,5.380486965179443,27.472294324759993,0.0,0.1515151515151515,10.313352584838867,0.0021600236650556326,0.0003437784325797111,41.014790534973145
3500.0,33,5,16.45392608642578,-91.20695413001656,-52.754830015978435,3.322265625,5.498154163360596,39.57489138555991,0.0,0.1515151515151515,17.5026798248291,0.0036657527089118958,0.000583422661293298,24.167727679014206
3500.0,33,6,18.43219757080078,-80.18410485304246,-52.15653160922405,0.0,6.1435956954956055,100.0,1.0,0.06060606060606055,1.0295993089675903,0.00021563877817243338,3.431997902225703e-05,410.8394384384155
3500.0,33,7,4.183962345123291,-97.07911626503325,-59.40712296452661,0.876953125,1.8562179803848267,52.75591906408577,0.0,0.18181818181818177,24.514196395874023,0.005134241655468941,0.0008171398658305407,17.255308106541634
3500.0,33,8,6.802859306335449,-102.2609395245597,-61.164511388454834,0.490234375,2.5334272384643555,80.64936037803253,0.0,0.24242424242424243,34.0391845703125,0.007129150442779064,0.0011346394894644618,12.42685504257679
3500.0,33,9,30.0,-77.26319725798538,-48.519630646430954,4.5234375,9.967226028442383,54.61688651293789,0.0,0.06060606060606055,-7.596101760864258,-0.001590923871845007,-0.00025320338318124413,55.68645894527435
3500.0,34,0,23.33492660522461,-75.73899937373903,-54.638205122959064,5.5546875,7.758373260498047,28.403966740272324,0.0,0.05882352941176472,27.58177947998047,0.005776714533567429,0.0009193926816806197,15.336211770772934
3500.0,34,1,23.42142105102539,-87.10316322657525,-56.125733704259,5.115234375,7.7869744300842285,34.310374062128886,0.0,0.1470588235294118,18.80035400390625,0.003937536850571632,0.0006266784621402621,22.499576210975647
3500.0,34,2,-0.14695873856544495,-102.77197779712048,-60.5919401684498,0.490234375,0.9757971167564392,49.76062476700641,0.0,0.17647058823529416,35.382659912109375,0.007410526275634766,0.0011794220190495253,11.95500884205103
3500.0,34,3,28.443889617919922,-83.24649860542279,-58.209092020587455,5.5546875,9.450919151306152,41.22595473444166,0.0,0.17647058823529416,36.11798858642578,0.007564533967524767,0.001203932915814221,11.711616069078445
3500.0,34,4,11.597677230834961,-90.46409677098147,-58.94440004507263,0.0,3.9492242336273193,100.0,1.0,0.17647058823529416,10.769061088562012,0.002255466766655445,0.00035896871122531593,39.27919268608093
3500.0,34,5,11.644935607910156,-90.8835902971762,-52.73196067192002,0.0,3.963911771774292,100.0,1.0,0.17647058823529416,13.63949966430664,0.0028566501569002867,0.00045464999857358634,31.012868508696556
3500.0,34,6,30.0,-80.05331627315981,-52.15449470738049,5.5546875,9.967226028442383,44.270477220550674,0.0,0.05882352941176472,2.8305182456970215,0.0005928223836235702,9.435060928808525e-05,149.44259822368622
3500.0,34,7,6.006809711456299,-97.3287506182063,-59.317442066556495,0.876953125,2.3182642459869385,62.17199456368871,0.0,0.17647058823529416,25.30942153930664,0.005300792865455151,0.0008436474017798901,16.71314425766468
3500.0,34,8,-0.3959846794605255,-101.59143313651838,-61.066198663108395,0.876953125,0.935727059841156,6.2810981282440554,0.0,0.23529411764705888,35.340293884277344,0.007401654496788979,0.0011780097847804427,11.969340033829212
3500.0,34,9,23.605430603027344,-77.25283363274096,-48.653728498771656,5.5546875,7.847830295562744,29.22008643407228,0.0,0.05882352941176472,-11.395782470703125,-0.002386727137491107,-0.0003798594116233289,37.11899742484093
3500.0,35,0,30.0,-75.57199143940832,-54.43316347958689,5.5546875,9.967226028442383,44.270477220550674,0.0,0.05714285714285716,31.49410629272461,0.006596110295504332,0.0010498035699129105,13.431084342300892
3500.0,35,1,22.05072593688965,-86.97841815826558,-56.02063944332379,5.5546875,7.334061145782471,24.261778166462634,0.0,0.1428571428571429,17.644515991210938,0.0036954591050744057,0.0005881505203433335,23.973455652594566
3500.0,35,2,-6.425951957702637,-102.65129287985991,-60.503223835032784,0.0,0.29598376154899597,100.0,1.0,0.19999999999999996,30.85519790649414,0.00646229786798358,0.001028506550937891,13.709197752177715
3500.0,35,3,28.679033279418945,-83.1479836708371,-58.068741384201054,5.5546875,9.528923988342285,41.70708563951584,0.0,0.17142857142857137,34.85631561279297,0.0073002902790904045,0.0011618771823123097,12.135534547269344
3500.0,35,4,14.700098991394043,-90.19786890867593,-58.9062659503377,2.5703125,4.931341171264648,47.878023224646604,0.0,0.17142857142857137,11.91456413269043,0.0024953805841505527,0.0003971521509811282,35.50276905298233
3500.0,35,5,14.586091041564941,-90.463001607638,-52.72562913490068,2.5703125,4.894725799560547,47.4881207803149,0.0,0.17142857142857137,17.233070373535156,0.003609286155551672,0.0005744356894865632,24.545829743146896
3500.0,35,6,17.954936981201172,-79.9349030363203,-52.15432966383118,0.0,5.987421989440918,100.0,1.0,0.08571428571428574,-1.1289474964141846,-0.00023644621251150966,-3.7631583836628124e-05,374.68528747558594
3500.0,35,7,7.426657199859619,-97.20303735780958,-59.22903504469092,1.17578125,2.706915855407715,56.56380497934228,0.0,0.17142857142857137,23.79513931274414,0.004983642138540745,0.0007931713480502367,17.776740714907646
3500.0,35,8,1.3025625944137573,-101.71403245115685,-60.96666702908525,0.490234375,1.2325128316879272,60.22480558448843,0.0,0.22857142857142854,31.193422317504883,0.0065331351943314075,0.0010397807927802205,13.560551218688488
3500.0,35,9,30.0,-77.2792704502877,-48.79861474838802,5.5546875,9.967226028442383,44.270477220550674,0.0,0.05714285714285716,-8.01861572265625,-0.0016794151160866022,-0.0002672871924005449,52.75224894285202
3500.0,36,0,30.0,-75.35150238845941,-54.22320428147711,5.5546875,9.967226028442383,44.270477220550674,0.0,0.05555555555555558,28.682552337646484,0.006007259711623192,0.0009560851030983031,14.74764198064804
3500.0,36,1,20.831727981567383,-86.8800984092684,-55.915255930741694,5.5546875,6.932013988494873,19.869066778873133,0.0,0.13888888888888884,16.527557373046875,0.0034615236800163984,0.0005509185721166432,25.593619793653488
3500.0,36,2,-9.183966636657715,-102.5666060452242,-60.43695687355894,0.0,0.16436293721199036,100.0,1.0,0.2222222222222222,22.93546485900879,0.0048035928048193455,0.000764515483751893,18.44305358827114
3500.0,36,3,25.930526733398438,-83.04538849282252,-57.925775781282795,5.5546875,8.6176118850708,35.54261233761326,0.0,0.16666666666666663,36.43999099731445,0.007631974294781685,0.0012146664084866643,11.608125641942024
3500.0,36,4,21.694683074951172,-86.94000095955587,-58.86795719357994,3.322265625,7.216550827026367,53.96324775323499,0.0,0.16666666666666663,11.798181533813477,0.002471005544066429,0.00039327272679656744,35.852983593940735
3500.0,36,5,14.510583877563477,-90.10861058726249,-52.72909077643481,3.322265625,4.870492935180664,31.78789766837501,0.0,0.16666666666666663,4.0596418380737305,0.0008502494310960174,0.00013532140292227268,104.19638454914093
3500.0,36,6,28.3656063079834,-79.7664221812964,-52.155929931213,5.33203125,9.424951553344727,43.42643333686136,0.0,0.08333333333333337,2.4815447330474854,0.0005197335267439485,8.271815750049427e-05,170.4583466053009
3500.0,36,7,11.940587997436523,-95.97512706688421,-59.138510759705255,1.4765625,4.056027889251709,63.595849429121934,0.0,0.16666666666666663,24.69880485534668,0.005172905512154102,0.0008232935215346515,17.126334831118584
3500.0,36,8,-2.386338949203491,-103.94493707236093,-60.86587984591004,0.490234375,0.6574140191078186,25.429887293048502,0.0,0.2222222222222222,30.65468978881836,0.006420303601771593,0.0010218230308964849,13.798867352306843
3500.0,36,9,17.181344985961914,-77.34046167183998,-48.948505604546284,0.0,5.734866619110107,100.0,1.0,0.08333333333333337,-4.061310768127441,-0.0008505989098921418,-0.0001353770203422755,104.15356606245041
3500.0,37,0,30.0,-75.17842333070428,-54.00700087549854,5.5546875,9.967226028442383,44.270477220550674,0.0,0.05405405405405406,26.777341842651367,0.0056082336232066154,0.0008925781003199518,15.796937048435211
3500.0,37,1,22.238290786743164,-86.87764221457644,-55.81291778051977,5.33203125,7.395991325378418,27.90646966142588,0.0,0.1351351351351351,16.546546936035156,0.003465500893071294,0.0005515515804290771,25.564245879650116
3500.0,37,2,-5.781917572021484,-102.50027109604778,-60.38112893929556,0.0,0.33813825249671936,100.0,1.0,0.2432432432432432,19.026941299438477,0.003984993323683739,0.0006342313718050718,22.231634706258774
3500.0,37,3,25.567480087280273,-83.3466202733787,-57.779548320349434,5.5546875,8.497330665588379,34.63020660717835,0.0,0.16216216216216217,35.393882751464844,0.00741287786513567,0.0011797960614785552,11.951218359172344
3500.0,37,4,23.783811569213867,-86.90870652203641,-58.82949519708268,5.33203125,7.906835556030273,32.56428299013451,0.0,0.16216216216216217,11.95067024230957,0.0025029426906257868,0.0003983556816820055,35.395506769418716
3500.0,37,5,17.583480834960938,-89.75790262666875,-52.73934497983777,3.322265625,5.866055488586426,43.36457213089568,0.0,0.16216216216216217,7.829615592956543,0.0016398308798670769,0.00026098720263689756,54.025642573833466
3500.0,37,6,23.498756408691406,-81.09895307411333,-52.15936965193437,5.5546875,7.8125505447387695,28.90045999458255,0.0,0.08108108108108103,-1.3907066583633423,-0.0002912689233198762,-4.6356890379684046e-05,304.1619062423706
3500.0,37,7,3.710789680480957,-95.67870947162915,-59.048246579192494,0.0,1.7441869974136353,100.0,1.0,0.18918918918918914,24.939712524414062,0.0052233608439564705,0.0008313237340189517,16.960902139544487
3500.0,37,8,0.3553261458873749,-103.92979309248815,-60.76382729606124,0.490234375,1.060225248336792,53.76129970786436,0.0,0.21621621621621623,34.125850677490234,0.00714730191975832,0.0011375283356755972,12.395295314490795
3500.0,37,9,30.0,-77.41249253458287,-49.10648299434233,5.115234375,9.967226028442383,48.67945845310204,0.0,0.08108108108108103,-10.14483642578125,-0.0021247295662760735,-0.00033816121867857873,41.69609025120735
3500.0,38,0,22.960979461669922,-75.00379596055014,-53.78819774078744,5.5546875,7.634749889373779,27.2446696946662,0.0,0.052631578947368474,20.62088394165039,0.004318827763199806,0.0006873628008179367,20.513184368610382
3500.0,38,1,19.733041763305664,-86.80899602303741,-55.707938943721,0.0,6.570436000823975,100.0,1.0,0.1578947368421053,16.70132064819336,0.003497916739434004,0.0005567107000388205,25.32733976840973
3500.0,38,2,-4.890204429626465,-102.43685032913669,-60.32024691828371,0.0,0.4052564799785614,100.0,1.0,0.26315789473684215,20.813331604003906,0.0043591344729065895,0.0006937777507118881,20.323513075709343
3500.0,38,3,21.92337417602539,-83.19989458961219,-57.62907574124245,5.5546875,7.292022228240967,23.825143065424513,0.0,0.1578947368421053,36.41297912597656,0.007626316975802183,0.001213765935972333,11.616737581789494
3500.0,38,4,23.111852645874023,-86.88772958436564,-58.790893394695935,5.5546875,7.6846208572387695,27.71683075596907,0.0,0.1578947368421053,11.601774215698242,0.002429869957268238,0.0003867258201353252,36.459941416978836
3500.0,38,5,15.298187255859375,-89.46837659399174,-52.751613263887236,4.212890625,5.123926162719727,17.780028610641775,0.0,0.1578947368421053,9.375824928283691,0.001963668270036578,0.0003125274961348623,45.11602967977524
3500.0,38,6,21.17909812927246,-81.13397964134325,-52.164690900275,5.5546875,7.046499252319336,21.17096303995647,0.0,0.07894736842105265,-0.3848966956138611,-8.061257540248334e-05,-1.2829889783461113e-05,1098.9961624145508
3500.0,38,7,9.221532821655273,-95.68740265420064,-58.959347378890904,0.740234375,3.226351499557495,77.05661100157482,0.0,0.1842105263157895,24.49786949157715,0.005130821838974953,0.0008165956824086607,17.266808077692986
3500.0,38,8,-3.280735731124878,-104.03772146924452,-60.66052477227059,0.0,0.555634081363678,100.0,1.0,0.23684210526315785,31.8616943359375,0.006673097610473633,0.001062056515365839,13.276129961013794
3500.0,38,9,30.0,-72.93665173370628,-49.2694154271122,5.5546875,9.967226028442383,44.270477220550674,0.0,0.07894736842105265,-12.802550315856934,-0.002681360114365816,-0.000426751677878201,33.04029256105423
3500.0,39,0,30.0,-75.97044534334319,-53.56417221994435,5.5546875,9.967226028442383,44.270477220550674,0.0,0.05128205128205132,30.56644058227539,0.006401821039617062,0.00101888133212924,13.83870653808117
3500.0,39,1,21.094745635986328,-86.73419073343888,-55.60400675925164,4.81640625,7.018691539764404,31.377433775047024,0.0,0.15384615384615385,15.271371841430664,0.0031984285451471806,0.0005090457270853221,27.698887512087822
3500.0,39,2,0.654321551322937,-102.35456017115891,-60.25232775717654,0.490234375,1.1127701997756958,55.944688750757535,0.0,0.2564102564102564,22.84087371826172,0.004783781245350838,0.0007613624911755323,18.519431352615356
3500.0,39,3,21.59357452392578,-83.0511447011064,-57.47583676901637,5.5546875,7.183192253112793,22.671045069232143,0.0,0.15384615384615385,35.68189239501953,0.007473198231309652,0.001189396483823657,11.854752898216248
3500.0,39,4,23.292430877685547,-86.56193188336216,-58.7521799377417,0.0,7.744322776794434,100.0,1.0,0.17948717948717952,9.836481094360352,0.0020601479336619377,0.00032788270618766546,43.00318285822868
3500.0,39,5,9.61005973815918,-88.70456837352948,-52.76462798080893,0.0,3.342164993286133,100.0,1.0,0.17948717948717952,28.98199462890625,0.006069974973797798,0.0009660664945840836,14.595269225537777
3500.0,39,6,25.605939865112305,-80.83851676031428,-52.17187525809106,5.5546875,8.510071754455566,34.72807679803914,0.0,0.07692307692307687,1.2043673992156982,0.00025224214186891913,4.0145579987438396e-05,351.2217402458191
3500.0,39,7,13.818132400512695,-95.57404528652674,-58.86869652874864,1.6953125,4.648965835571289,63.53355649490009,0.0,0.17948717948717952,23.85003089904785,0.0049951388500630856,0.0007950010476633906,17.73582585155964
3500.0,39,8,0.6710529923439026,-103.71380864072427,-60.55607295816451,0.490234375,1.1157606840133667,56.062766682489865,0.0,0.23076923076923073,32.9052734375,0.006891664117574692,0.0010968424612656236,12.855082750320435
3500.0,39,9,30.0,-73.07116722657776,-49.43399915788092,5.5546875,9.967226028442383,44.270477220550674,0.0,0.07692307692307687,-15.08552074432373,-0.0031595041509717703,-0.0005028506857343018,28.04013341665268
3500.0,40,0,30.0,-75.77693049273925,-53.333440945987974,5.5546875,9.967226028442383,44.270477220550674,0.0,0.050000000000000044,28.65683364868164,0.0060018738731741905,0.0009552278206683695,14.760877005755901
3500.0,40,1,21.498430252075195,-86.68484699844973,-55.498527689057546,5.33203125,7.151805400848389,25.444961780315168,0.0,0.15000000000000002,16.48242950439453,0.003452072385698557,0.0005494143115356565,25.663692504167557
3500.0,40,2,4.1498703956604,-102.26470226615459,-60.18023495299532,0.490234375,1.8480297327041626,73.4725926577677,0.0,0.25,23.848459243774414,0.004994809627532959,0.0007949486607685685,17.736995592713356
3500.0,40,3,24.6257381439209,-82.89860086816994,-57.32149227595431,5.33203125,8.185458183288574,34.85970936989366,0.0,0.15000000000000002,37.186500549316406,0.007788322400301695,0.0012395500671118498,11.375095695257187
3500.0,40,4,22.515071868896484,-86.5246104334249,-58.713345278736234,5.5546875,7.487407207489014,25.812937027865658,0.0,0.17500000000000004,10.024415016174316,0.0020995086524635553,0.0003341471601743251,42.19697788357735
3500.0,40,5,17.145666122436523,-88.54431200009068,-52.785335887188005,1.6953125,5.723237991333008,70.37843782545303,0.0,0.17500000000000004,4.668214797973633,0.0009777086088433862,0.00015560716565232724,90.61279892921448
3500.0,40,6,22.811614990234375,-80.77853987228852,-52.18085573609473,5.5546875,7.585386276245117,26.771197962648042,0.0,0.07499999999999996,-0.7756662368774414,-0.00016245516599155962,-2.5855541025521234e-05,545.3376770019531
3500.0,40,7,11.081497192382812,-95.46168268289705,-58.77882537055934,2.73046875,3.789492130279541,27.94631427830462,0.0,0.17500000000000004,22.438541412353516,0.004699517507106066,0.0007479513878934085,18.851492553949356
3500.0,40,8,-3.7622475624084473,-103.69305855808187,-60.450834461015646,0.0,0.5064079165458679,100.0,1.0,0.25,37.251075744628906,0.007801847532391548,0.0012417025864124298,11.355376802384853
3500.0,40,9,30.0,-73.21022902513015,-49.60329996386211,5.5546875,9.967226028442383,44.270477220550674,0.0,0.07499999999999996,-13.978377342224121,-0.0029276246204972267,-0.0004659459227696061,30.261022970080376
3500.0,41,0,21.663455963134766,-75.57980957884735,-53.100018753992416,5.5546875,7.206247806549072,22.918450085051568,0.0,0.04878048780487809,15.412140846252441,0.0032279114238917828,0.0005137380212545395,27.445895597338676
3500.0,41,1,18.490854263305664,-86.60265071031624,-55.395700292263946,5.33203125,6.162807464599609,13.4804830326398,0.0,0.14634146341463417,14.960338592529297,0.0031332862563431263,0.0004986779531463981,28.274761512875557
3500.0,41,2,6.404183387756348,-101.75690352997577,-60.107240091847565,0.490234375,2.4247517585754395,79.78207982461609,0.0,0.24390243902439024,23.296403884887695,0.0048791877925395966,0.000776546832639724,18.15730892121792
3500.0,41,3,25.708003997802734,-82.74812273256671,-57.16685222189277,5.5546875,8.543885231018066,34.98639846150978,0.0,0.14634146341463417,33.76172637939453,0.007071040105074644,0.001125390874221921,12.528980150818825
3500.0,41,4,20.97272300720215,-86.4699219037509,-58.67440806051345,5.33203125,6.978473663330078,23.59315937497438,0.0,0.1707317073170732,10.982820510864258,0.002300236839801073,0.0003660940274130553,38.514696061611176
3500.0,41,5,20.231843948364258,-88.1301184395333,-52.80719432975033,3.90234375,6.734485626220703,42.054316148419204,0.0,0.1707317073170732,2.535335063934326,0.0005309993284754455,8.451117173535749e-05,166.84184968471527
3500.0,41,6,25.616331100463867,-80.65122892077503,-52.191616205905284,5.5546875,8.513513565063477,34.75446468078089,0.0,0.07317073170731703,-0.2959166169166565,-6.197663606144488e-05,-9.86388749879552e-06,1429.4567108154297
3500.0,41,7,8.16530990600586,-95.3481941434258,-58.68677761397297,2.16015625,2.917311668395996,25.95387481558654,0.0,0.1707317073170732,22.15005874633789,0.004639097489416599,0.000738335307687521,19.097015261650085
3500.0,41,8,-1.1569510698318481,-103.50545481332387,-60.34603134481788,0.490234375,0.8205950260162354,40.25867090860227,0.0,0.24390243902439024,34.19103240966797,0.0071609532460570335,0.001139701111242175,12.371664866805077
3500.0,41,9,29.541704177856445,-73.34999738402357,-49.77506599159794,5.5546875,9.815143585205078,43.40696647196385,0.0,0.07317073170731703,-15.40411376953125,-0.003226230153813958,-0.0005134704406373203,27.46019698679447
3500.0,42,0,30.0,-75.37752252663313,-52.86113357144755,5.5546875,9.967226028442383,44.270477220550674,0.0,0.04761904761904767,33.48334503173828,0.007012736052274704,0.0011161115253344178,12.633146718144417
3500.0,42,1,21.56419563293457,-86.41321237193623,-55.29356688180884,4.5234375,7.173499584197998,36.94238848268194,0.0,0.1428571428571429,17.353078842163086,0.003634420456364751,0.0005784359527751803,24.376077577471733
3500.0,42,2,7.069395542144775,-101.17146529551073,-60.034951006077954,0.6015625,2.607058048248291,76.92561926635288,0.0,0.23809523809523814,23.6678466796875,0.004956982564181089,0.0007889282424002886,17.872348427772522
3500.0,42,3,26.01024055480957,-82.59966229283125,-57.011927083004814,5.5546875,8.644025802612305,35.739577520449764,0.0,0.1428571428571429,36.52562713623047,0.00764990970492363,0.0012175209121778607,11.58091053366661
3500.0,42,4,20.34148406982422,-86.42845574943169,-58.63541333210774,5.115234375,6.770569801330566,24.4489825066903,0.0,0.16666666666666663,11.482427597045898,0.0024048741906881332,0.0003827475884463638,36.83890029788017
3500.0,42,5,19.857763290405273,-88.00330410128515,-52.83318091488888,4.81640625,6.6114373207092285,27.15039080967451,0.0,0.16666666666666663,6.254124641418457,0.0013098609633743763,0.0002084708248730749,67.63536483049393
3500.0,42,6,24.825904846191406,-80.56457692966313,-52.204186835281426,5.5546875,8.251728057861328,32.68455454360119,0.0,0.0714285714285714,-1.4567060470581055,-0.00030509178759530187,-4.855686711380258e-05,290.38116335868835
3500.0,42,7,10.771111488342285,-95.23746409218182,-58.5951090942719,1.4765625,3.6940934658050537,60.029097431669534,0.0,0.16666666666666663,22.34132194519043,0.00467915553599596,0.0007447107345797122,18.933527171611786
3500.0,42,8,3.5610880851745605,-104.31845129793649,-60.245114784146715,0.490234375,1.709481954574585,71.32263527625258,0.0,0.23809523809523814,30.42205047607422,0.006371579598635435,0.001014068373478949,13.904388062655926
3500.0,42,9,30.0,-73.4896881699639,-49.94672571639496,5.5546875,9.967226028442383,44.270477220550674,0.0,0.0714285714285714,-14.27208137512207,-0.002989137778058648,-0.00047573604388162494,29.63828481733799
3500.0,43,0,30.0,-75.38654065410098,-52.615321641442875,5.5546875,9.967226028442383,44.270477220550674,0.0,0.046511627906976716,28.05546760559082,0.0058759236708283424,0.0009351822664029896,15.077275224030018
3500.0,43,1,20.639404296875,-86.42941814428696,-55.19003940892014,5.5546875,6.8686604499816895,19.12997387991704,0.0,0.13953488372093026,15.520750999450684,0.0032506585121154785,0.0005173583631403744,27.253836393356323
3500.0,43,2,4.816894054412842,-100.9154802125817,-59.964414719869524,0.740234375,2.0113964080810547,63.1979866312772,0.0,0.2325581395348837,22.509429931640625,0.004714364185929298,0.0007503143278881907,18.792124465107918
3500.0,43,3,25.274171829223633,-82.32581470314189,-56.85631851348784,5.5546875,8.400175094604492,33.874146223834956,0.0,0.13953488372093026,35.82925796508789,0.007504062261432409,0.0011943086283281446,11.805994436144829
3500.0,43,4,19.67055892944336,-87.9135872465111,-58.598111172840376,4.81640625,6.549898624420166,26.465942052250078,0.0,0.16279069767441856,8.475074768066406,0.0017750156112015247,0.0002825025003403425,49.91106688976288
3500.0,43,5,18.78740692138672,-88.77009028729567,-52.87127728250876,4.81640625,6.259990215301514,23.060482774763933,0.0,0.16279069767441856,-6.867612838745117,-0.0014383494853973389,-0.00022892042761668563,61.59345433115959
3500.0,43,6,24.27381134033203,-80.55835561207792,-52.218620280122096,5.5546875,8.068968772888184,31.159883544675427,0.0,0.06976744186046513,-1.381198763847351,-0.000289277610136196,-4.603996057994664e-05,306.2556982040405
3500.0,43,7,9.46376895904541,-96.22385169476594,-58.503165493936024,2.16015625,3.298433303833008,34.50962772266006,0.0,0.16279069767441856,21.977020263671875,0.0046028564684093,0.0007325673359446228,19.247377291321754
3500.0,43,8,-8.004704475402832,-102.7004735382676,-60.15535321289864,0.0,0.2120310366153717,100.0,1.0,0.2558139534883721,29.655258178710938,0.006210982799530029,0.0009885085746645927,14.263912104070187
3500.0,43,9,29.02824592590332,-73.63060104692036,-50.12100441777955,5.5546875,9.64477825164795,42.40730730070542,0.0,0.06976744186046513,-16.867534637451172,-0.0035327281802892685,-0.000562251138035208,25.077762082219124
3500.0,44,0,24.82269859313965,-75.1437457913905,-52.36709378603984,5.5546875,8.250666618347168,32.67589448290234,0.0,0.045454545454545414,27.146482467651367,0.005685546435415745,0.0009048827341757715,15.5821293592453
3500.0,44,1,20.086103439331055,-86.44088959856515,-55.08933471162712,5.33203125,6.6865339279174805,20.257171989544364,0.0,0.13636363636363635,13.039555549621582,0.002730998210608959,0.00043465185444802046,32.43975713849068
3500.0,44,2,1.9526093006134033,-101.23060046186653,-59.894104943896274,0.490234375,1.3604724407196045,63.96587241850362,0.0,0.2272727272727273,22.542522430419922,0.004721295088529587,0.0007514174212701619,18.764536827802658
3500.0,44,3,25.053714752197266,-82.13792510194287,-56.699494916134064,5.5546875,8.327162742614746,33.29435641297655,0.0,0.13636363636363635,33.85181427001953,0.007089907303452492,0.0011283938074484468,12.495637871325016
3500.0,44,4,20.3117733001709,-87.87419394757755,-58.5641560460144,4.81640625,6.760791301727295,28.759725969215022,0.0,0.15909090909090906,8.260440826416016,0.0017300627660006285,0.0002753480221144855,51.20792239904404
3500.0,44,5,18.167943954467773,-87.885210711637,-52.911551564400014,4.5234375,6.057092189788818,25.319982620939598,0.0,0.15909090909090906,-13.042991638183594,-0.002731718122959137,-0.00043476640712469816,32.431211322546005
3500.0,44,6,26.5502986907959,-80.55700662408752,-52.23483366832468,5.5546875,8.823006629943848,37.04314489407392,0.0,0.06818181818181823,2.926968812942505,0.0006130229448899627,9.756562940310687e-05,144.51810717582703
3500.0,44,7,6.2260589599609375,-97.12443910402757,-58.41101227917191,1.9140625,2.3767855167388916,19.46843808497194,0.0,0.15909090909090906,20.5741024017334,0.004309030249714851,0.0006858034175820649,20.559828728437424
3500.0,44,8,-9.66947078704834,-102.67579898797203,-60.08237489232273,0.0,0.1478378176689148,100.0,1.0,0.2727272727272727,30.66895294189453,0.006423290818929672,0.001022298471070826,13.792450539767742
3500.0,44,9,30.0,-73.77107075697295,-50.296466582996516,5.5546875,9.967226028442383,44.270477220550674,0.0,0.06818181818181823,-16.08144187927246,-0.003368089208379388,-0.0005360480863600969,26.30361169576645
3500.0,45,0,30.0,-74.89938659198422,-52.11344792139499,5.5546875,9.967226028442383,44.270477220550674,0.0,0.0444444444444444,28.227256774902344,0.005911903455853462,0.0009409085614606738,14.985515736043453
3500.0,45,1,26.66485595703125,-83.73404730287072,-54.988812167773816,5.115234375,8.860979080200195,42.27235694044283,0.0,0.1333333333333333,11.303060531616211,0.0023673074319958687,0.00037676870124414563,37.42349147796631
3500.0,45,2,3.4001998901367188,-101.17567074875362,-59.822399296974844,0.490234375,1.6725894212722778,70.69009472587142,0.0,0.2222222222222222,22.255550384521484,0.00466119172051549,0.0007418516906909645,19.00649443268776
3500.0,45,3,24.489303588867188,-81.98790208279183,-56.54100915223306,5.5546875,8.14029312133789,31.76305303503537,0.0,0.1333333333333333,30.089414596557617,0.0063019124791026115,0.0010029805125668645,14.058100059628487
3500.0,45,4,5.255677223205566,-97.1455180905606,-58.530879952371535,0.0,2.1223533153533936,100.0,1.0,0.1777777777777778,6.510016441345215,0.0013634547358378768,0.00021700054639950395,64.97679650783539
3500.0,45,5,6.412806034088135,-87.86234840560596,-52.95514688567437,0.0,2.4270830154418945,100.0,1.0,0.1777777777777778,-38.334190368652344,-0.008028694428503513,-0.0012778063537552953,11.034536175429821
3500.0,45,6,26.85333251953125,-80.5975479614949,-52.25281523331388,5.5546875,8.92345905303955,37.75185758141697,0.0,0.06666666666666665,-3.1059606075286865,-0.0006505108904093504,-0.00010353202378610149,136.1897587776184
3500.0,45,7,6.746881008148193,-96.93667442923713,-58.317287714728195,1.17578125,2.5180609226226807,53.306084080945595,0.0,0.15555555555555556,20.711824417114258,0.004337874241173267,0.0006903941393829882,20.42311616241932
3500.0,45,8,4.468346118927002,-102.46727551430789,-60.017392380227975,0.490234375,1.9252078533172607,74.5360287121573,0.0,0.2666666666666667,19.013662338256836,0.003982212394475937,0.0006337887607514858,22.247161716222763
3500.0,45,9,30.0,-73.9097209930359,-50.47090306415667,5.5546875,9.967226028442383,44.270477220550674,0.0,0.06666666666666665,-17.043289184570312,-0.0035695380065590143,-0.0005681096226908267,24.819152429699898
3500.0,46,0,30.0,-74.64474115852498,-51.85277985022741,5.5546875,9.967226028442383,44.270477220550674,0.0,0.04347826086956519,28.137895584106445,0.005893187131732702,0.000937929842621088,15.033107250928879
3500.0,46,1,24.004844665527344,-83.72627567324852,-54.886474887777496,5.5546875,7.979962348937988,30.392058795374588,0.0,0.13043478260869568,12.663066864013672,0.0026521466206759214,0.00042210222454741597,33.40423107147217
3500.0,46,2,0.18993984162807465,-100.61264720148047,-59.74926417305727,0.490234375,1.031893253326416,52.49175499309855,0.0,0.21739130434782605,21.218494415283203,0.004443990997970104,0.0007072831504046917,19.93543840944767
3500.0,46,3,26.025733947753906,-81.82663060374824,-56.3805248664223,5.5546875,8.649160385131836,35.77772578308672,0.0,0.13043478260869568,32.818748474121094,0.006873542908579111,0.0010939582716673613,12.888974510133266
3500.0,46,4,4.371342182159424,-97.22433526006277,-58.49639571359377,0.876953125,1.9015384912490845,53.88191566798386,0.0,0.17391304347826086,8.771100997924805,0.001837015151977539,0.00029237003764137626,48.22655767202377
3500.0,46,5,10.731048583984375,-88.30799257208626,-53.00218250599942,1.02734375,3.6818172931671143,72.09682968498758,0.0,0.17391304347826086,0.11948949098587036,2.502582356100902e-05,3.9829828892834485e-06,3540.06028175354
3500.0,46,6,22.4886417388916,-80.59706213478565,-52.27258465952903,5.5546875,7.4786763191223145,25.726328256817922,0.0,0.06521739130434778,3.184307336807251,0.0006669197464361787,0.00010614357597660273,132.83893465995789
3500.0,46,7,17.632997512817383,-87.5989101372148,-58.224609128015324,1.328125,5.882224082946777,77.4213803950383,0.0,0.15217391304347827,19.333251953125,0.004049147013574839,0.0006444417522288859,21.879402920603752
3500.0,46,8,-2.727492094039917,-102.763345648719,-59.95034913224654,0.490234375,0.6169626712799072,20.540674854283424,0.0,0.26086956521739135,20.457942962646484,0.0042847017757594585,0.000681931443978101,20.676566287875175
3500.0,46,9,30.0,-74.05002964461778,-50.64589798917895,5.5546875,9.967226028442383,44.270477220550674,0.0,0.06521739130434778,-18.893117904663086,-0.003956965636461973,-0.0006297706277109683,22.389104589819908
3500.0,47,0,30.0,-74.38486525997885,-51.584318892215116,5.5546875,9.967226028442383,44.270477220550674,0.0,0.04255319148936165,28.236156463623047,0.005913767032325268,0.0009412052459083498,14.980792999267578
3500.0,47,1,24.712202072143555,-83.72528006043011,-54.78713897084407,5.5546875,8.214082717895508,32.37604622731215,0.0,0.12765957446808507,13.632980346679688,0.0028552846051752567,0.0004544326802715659,31.027698889374733
3500.0,47,2,4.2079339027404785,-100.56133787353907,-59.67544526351235,0.490234375,1.8619861602783203,73.67142756169991,0.0,0.21276595744680848,23.17007064819336,0.0048527284525334835,0.0007723356829956174,18.256310373544693
3500.0,47,3,26.734567642211914,-81.66264225623519,-56.21783483142399,5.5546875,8.884087562561035,37.47599333207452,0.0,0.12765957446808507,33.824440002441406,0.0070841750130057335,0.0011274813441559672,12.50575017184019
3500.0,47,4,4.116066932678223,-97.30696209533336,-58.461475696232796,0.740234375,1.8399285078048706,59.76830774348196,0.0,0.17021276595744683,8.372285842895508,0.001753487391397357,0.00027907619369216263,50.52383616566658
3500.0,47,5,12.711457252502441,-88.26028660804658,-53.05277730178857,1.9140625,4.297929763793945,55.46547744627672,0.0,0.17021276595744683,-0.41349002718925476,-8.660115418024361e-05,-1.3783001122646965e-05,1022.9992866516113
3500.0,47,6,24.526994705200195,-80.8866933592162,-52.29439033412626,5.5546875,8.152770042419434,31.867482204225418,0.0,0.06382978723404253,-3.5247397422790527,-0.0007382198236882687,-0.00011749132681870833,120.00886350870132
3500.0,47,7,20.49905014038086,-87.47571783264502,-58.13288879680699,4.212890625,6.822441101074219,38.24951270980317,0.0,0.14893617021276595,13.703170776367188,0.002869985532015562,0.0004567723663058132,30.8687686920166
3500.0,47,8,3.8566417694091797,-102.63020689254421,-59.87788528562211,0.490234375,1.778344750404358,72.43310809737363,0.0,0.25531914893617025,20.716201782226562,0.004338791593909264,0.0006905400659888983,20.41880041360855
3500.0,47,9,30.0,-74.19067262450628,-50.821204191442476,5.5546875,9.967226028442383,44.270477220550674,0.0,0.06382978723404253,-16.855571746826172,-0.003530222922563553,-0.0005618524155579507,25.095559656620026
3500.0,48,0,30.0,-74.1253577623645,-51.31355244140228,5.5546875,9.967226028442383,44.270477220550674,0.0,0.04166666666666663,27.85102653503418,0.0058331056497991085,0.0009283675462938845,15.187949873507023
3500.0,48,1,24.826452255249023,-83.74273204259327,-54.68855081071327,5.5546875,8.251910209655762,32.68604045763459,0.0,0.125,15.065380096435547,0.003155285958200693,0.0005021793185733259,28.077619150280952
3500.0,48,2,30.0,-86.48452021562832,-59.601166882294784,0.490234375,9.967226028442383,95.08153649168713,0.0,0.20833333333333337,22.910110473632812,0.004798282403498888,0.0007636703667230904,18.463464453816414
3500.0,48,3,26.31027603149414,-81.50146710592551,-56.05281335162708,5.5546875,8.743454933166504,36.470336469289364,0.0,0.125,31.453073501586914,0.006587516516447067,0.0010484358062967658,13.448606245219707
3500.0,48,4,5.095857620239258,-97.43587767972555,-58.426411065751815,0.740234375,2.081629753112793,64.43967166144313,0.0,0.16666666666666663,5.398229598999023,0.0011306025553494692,0.00017994099471252412,78.35902273654938
3500.0,48,5,7.130974292755127,-88.05475586208873,-53.10719172406751,0.0,2.624176263809204,100.0,1.0,0.1875,6.345690727233887,0.001329038292169571,0.00021152303088456392,66.65941327810287
3500.0,48,6,29.217905044555664,-80.94261310715711,-52.31890134930248,5.5546875,9.7077054977417,42.7806344012786,0.0,0.0625,-3.4919214248657227,-0.000731346313841641,-0.00011639737931545824,121.13674730062485
3500.0,48,7,21.6743106842041,-87.3495126338811,-58.03898145556883,5.115234375,7.209828853607178,29.051930651019862,0.0,0.14583333333333337,15.744123458862305,0.003297441639006138,0.0005248041125014424,26.86716802418232
3500.0,48,8,6.079916477203369,-97.66718826968835,-59.801199500832546,0.490234375,2.3377132415771484,79.02931949560839,0.0,0.25,25.380775451660156,0.005315737333148718,0.0008460258832201362,16.66615717113018
3500.0,48,9,30.0,-74.32925913359894,-50.995319144939074,5.5546875,9.967226028442383,44.270477220550674,0.0,0.0625,-19.213226318359375,-0.004024009220302105,-0.0006404409068636596,22.01608382165432
3500.0,49,0,24.66619300842285,-73.86425813779552,-51.037489945897406,5.5546875,8.198850631713867,32.250412289327656,0.0,0.04081632653061229,18.17099380493164,0.00380572397261858,0.0006056997808627784,23.27885851264
3500.0,49,1,23.10007667541504,-84.375906033516,-54.5888027085353,5.5546875,7.680727958679199,27.68019476951765,0.0,0.12244897959183676,12.412285804748535,0.002599623054265976,0.00041374287684448063,34.079138189554214
3500.0,49,2,20.679460525512695,-86.42596186495663,-59.52614735715631,5.5546875,6.8818535804748535,19.28500897258668,0.0,0.20408163265306123,22.57426643371582,0.004727943800389767,0.0007524755783379078,18.738150596618652
3500.0,49,3,8.283203125,-93.93912569514583,-55.88535079574421,0.0,2.9513516426086426,100.0,1.0,0.1428571428571429,35.074729919433594,0.007346034049987793,0.0011691576801240444,12.059965170919895
3500.0,49,4,5.351297855377197,-97.36138686050985,-58.392476960157246,0.876953125,2.146883964538574,59.152281190544834,0.0,0.16326530612244894,8.842818260192871,0.0018520355224609375,0.00029476062627509236,47.83542826771736
3500.0,49,5,17.620269775390625,-88.06124589185332,-53.16556567653862,1.02734375,5.878067493438721,82.52242337899739,0.0,0.18367346938775508,-16.033544540405273,-0.003358058165758848,-0.0005344515084289014,26.382189244031906
3500.0,49,6,28.24203109741211,-81.12929792471049,-52.34783162011933,5.5546875,9.383960723876953,40.806577697342505,0.0,0.061224489795918324,-3.8096933364868164,-0.0007979003130458295,-0.00012698977661784738,111.03256046772003
3500.0,49,7,22.023956298828125,-87.22384792727895,-57.94633697634177,5.33203125,7.32522439956665,27.209994408970793,0.0,0.1428571428571429,18.14920997619629,0.0038011616561561823,0.0006049736985005438,23.306800052523613
3500.0,49,8,10.125471115112305,-97.62615667332356,-59.72266836777986,0.490234375,3.4973723888397217,85.98278019909002,0.0,0.24489795918367352,24.00301170349121,0.005027179140597582,0.0008001003880053759,17.62278936803341
3500.0,49,9,29.863718032836914,-74.46858303916018,-51.16592456869701,5.5546875,9.922000885009766,44.01645832956874,0.0,0.061224489795918324,-16.01599884033203,-0.0033543831668794155,-0.0005338666378520429,26.411091908812523
3500.0,50,0,30.0,-73.60090731267265,-50.75480385030569,5.5546875,9.967226028442383,44.270477220550674,0.0,0.040000000000000036,27.900339126586914,0.005843433551490307,0.0009300113306380808,15.161106362938881
3500.0,50,1,23.60297203063965,-84.3982778689051,-54.49256318980208,5.5546875,7.847017288208008,29.21275312662779,0.0,0.12,4.815352916717529,0.0010085251415148377,0.00016051177226472646,87.84402906894684
3500.0,50,2,20.90635871887207,-86.36484123591796,-59.44985499939968,4.212890625,6.956604480743408,39.44041756777015,0.0,0.19999999999999996,22.76724624633789,0.004768360871821642,0.0007589082233607769,18.57932284474373
3500.0,50,3,10.317912101745605,-88.20436777468896,-55.71538355205376,1.6953125,3.5557522773742676,52.32197386787875,0.0,0.14,14.722551345825195,0.0030834837816655636,0.0004907516995444894,28.731433674693108
3500.0,50,4,5.784213542938232,-97.34103974681688,-58.359011839316395,0.876953125,2.259453058242798,61.18737135074554,0.0,0.16000000000000003,8.84240436553955,0.0018519489094614983,0.0002947468019556254,47.83766716718674
3500.0,50,5,13.799491882324219,-87.83049658971372,-53.22794693761088,3.609375,4.6430206298828125,22.262352728527535,0.0,0.18000000000000005,-5.102025032043457,-0.0010685657616704702,-0.00017006750567816198,82.9082578420639
3500.0,50,6,30.0,-81.24368795660178,-52.385761879562146,5.5546875,9.967226028442383,44.270477220550674,0.0,0.06000000000000005,-4.115331649780273,-0.0008619129657745361,-0.0001371777179883793,102.78636962175369
3500.0,50,7,22.560029983520508,-87.09508333625003,-57.8531187255314,5.5546875,7.502259254455566,25.959803419202153,0.0,0.14,20.006141662597656,0.004190076608210802,0.0006668713758699596,21.143507212400436
3500.0,50,8,7.865189552307129,-97.52932972654045,-59.6438004542632,1.02734375,2.8312137126922607,63.713662963892716,0.0,0.24,24.632030487060547,0.005158920306712389,0.0008210677187889814,17.172763124108315
3500.0,50,9,30.0,-74.59647548894077,-51.33087878674854,5.5546875,9.967226028442383,44.270477220550674,0.0,0.06000000000000005,-16.183774948120117,-0.0033895219676196575,-0.000539459171704948,26.13728865981102
3500.0,51,0,12.287298202514648,-73.33505474039576,-50.465110339111774,0.0,4.16453218460083,100.0,1.0,0.05882352941176472,10.570636749267578,0.002213908825069666,0.0003523545747157186,40.01651331782341
3500.0,51,1,21.02302360534668,-84.43451612673775,-54.3976319702713,5.5546875,6.995051860809326,20.59118916443139,0.0,0.11764705882352944,9.903748512268066,0.0020742362830787897,0.0003301249525975436,42.71110147237778
3500.0,51,2,11.794891357421875,-82.62880536274196,-59.37349547283823,0.0,4.010584354400635,100.0,1.0,0.21568627450980393,23.15610122680664,0.004849802702665329,0.0007718700217083097,18.267324194312096
3500.0,51,3,20.60953712463379,-88.07998120651808,-55.542884017161306,2.40625,6.858824253082275,64.91745653172758,0.0,0.13725490196078427,17.977161407470703,0.0037651280872523785,0.0005992387305013835,23.52985553443432
3500.0,51,4,5.164867877960205,-97.29348655267174,-58.326969446178445,1.02734375,2.0991716384887695,51.05956410788768,0.0,0.1568627450980392,4.998638153076172,0.0010469122789800167,0.00016662127745803446,84.6230536699295
3500.0,51,5,20.138029098510742,-87.93798339488454,-53.2942719720604,2.56640625,6.703617572784424,61.71609996937797,0.0,0.17647058823529416,-13.79114818572998,-0.002888411283493042,-0.00045970495557412505,30.671847984194756
3500.0,51,6,22.3061466217041,-81.34769142329776,-52.44244101611106,5.5546875,7.418399810791016,25.122834550923056,0.0,0.05882352941176472,-5.21126651763916,-0.0010914450976997614,-0.00017370888963341713,81.17029070854187
3500.0,51,7,20.559860229492188,-86.92094333664004,-57.75747645670624,5.5546875,6.842464447021484,18.82036738359747,0.0,0.13725490196078427,20.620807647705078,0.004318811930716038,0.0006873602396808565,20.5132607370615
3500.0,51,8,6.152862548828125,-97.66636831722066,-59.56588916214421,0.740234375,2.3571839332580566,68.59666466600841,0.0,0.23529411764705888,24.91596031188965,0.005218386650085449,0.0008305319934152067,16.97706989943981
3500.0,51,9,30.0,-74.7448717074792,-51.488352065920424,5.5546875,9.967226028442383,44.270477220550674,0.0,0.05882352941176472,-16.63709831237793,-0.003484465880319476,-0.000554569938685745,25.425106287002563
3500.0,52,0,30.0,-73.07422093297862,-50.17463982335619,3.90234375,9.967226028442383,60.84824665494383,0.0,0.05769230769230771,26.45528793334961,0.005540783051401377,0.0008818429196253419,15.989242121577263
3500.0,52,1,24.175491333007812,-84.50013065562884,-54.30226291568042,5.5546875,8.036429405212402,30.881151069438285,0.0,0.11538461538461542,6.652138710021973,0.0013932206202298403,0.00022173796605784446,63.58857452869415
3500.0,52,2,21.961063385009766,-82.5610348632933,-59.29668917770261,1.4765625,7.3044633865356445,79.78547605944941,0.0,0.21153846153846156,22.807605743408203,0.004776814021170139,0.000760253518819809,18.546445295214653
3500.0,52,3,13.339838027954102,-87.94477701133357,-55.367866305229114,0.0,4.496758937835693,100.0,1.0,0.15384615384615385,12.5097017288208,0.0026200260035693645,0.0004169900494161993,33.813755959272385
3500.0,52,4,6.308088302612305,-97.2685366530902,-58.294798962688304,0.876953125,2.3988285064697266,63.442441898834126,0.0,0.15384615384615385,6.180228233337402,0.0012943840119987726,0.000206007607630454,68.44407320022583
3500.0,52,5,17.956035614013672,-88.00783191807082,-53.36442561671766,4.5234375,5.987781047821045,24.45552928749658,0.0,0.17307692307692313,-11.19721508026123,-0.00234513939358294,-0.0003732405020855367,37.77725249528885
3500.0,52,6,28.59714698791504,-81.50506503195224,-52.529261270456004,5.5546875,9.50175952911377,41.54043276952846,0.0,0.05769230769230771,-10.929376602172852,-0.0022890432737767696,-0.0003643125528469682,38.703031837940216
3500.0,52,7,19.40708351135254,-86.7816900620027,-57.66363813400001,5.115234375,6.4633378982543945,20.857698366945776,0.0,0.13461538461538458,18.083391189575195,0.003787376917898655,0.0006027797353453934,23.39163050055504
3500.0,52,8,5.943394184112549,-97.61393784893622,-59.48847796430967,0.490234375,2.3014471530914307,78.69886456695345,0.0,0.23076923076923073,24.552045822143555,0.00514216860756278,0.0008184015168808401,17.228707671165466
3500.0,52,9,30.0,-73.15370264819799,-51.63652080963482,5.5546875,9.967226028442383,44.270477220550674,0.0,0.05769230769230771,-17.177997589111328,-0.003597751259803772,-0.0005725999362766743,24.624522775411606
3500.0,53,0,30.0,-72.81718125570931,-49.88091169389704,5.5546875,9.967226028442383,44.270477220550674,0.0,0.05660377358490565,24.356712341308594,0.005101257935166359,0.0008118904079310596,17.36687682569027
3500.0,53,1,22.710224151611328,-84.58911904152052,-54.21057040225237,5.5546875,7.551882743835449,26.446322216347262,0.0,0.1132075471698113,20.650585174560547,0.004325048997998238,0.0006883528549224138,20.483681932091713
3500.0,53,2,22.82049560546875,-82.49069921414097,-59.218739339796485,4.5234375,7.588320255279541,40.389475564729395,0.0,0.2075471698113207,23.078380584716797,0.0048335250467062,0.000769279373344034,18.328843638300896
3500.0,53,3,17.82499122619629,-87.7849973259027,-55.19034982011492,2.73046875,5.944945335388184,54.070750932788684,0.0,0.15094339622641506,15.577850341796875,0.0032626173924654722,0.0005192616954445839,27.15393900871277
3500.0,53,4,0.3415285348892212,-99.3604025695882,-58.263358948673854,0.0,1.0578415393829346,100.0,1.0,0.16981132075471694,48.596923828125,0.010178115218877792,0.0016198974335566163,8.704254403710365
3500.0,53,5,16.7890682220459,-88.06044953195828,-53.43826953813491,3.90234375,5.607113838195801,30.40370032409301,0.0,0.16981132075471694,-7.966458320617676,-0.00166849116794765,-0.000265548616880551,53.09762433171272
3500.0,53,6,27.97361946105957,-81.70592359875086,-52.64191038503752,5.5546875,9.294933319091797,40.23961970129824,0.0,0.05660377358490565,-13.147842407226562,-0.0027536777779459953,-0.0004382614279165864,32.17257931828499
3500.0,53,7,18.27878761291504,-86.41311539280578,-57.56809362351777,5.115234375,6.093368053436279,16.05243060748108,0.0,0.13207547169811318,13.898677825927734,0.0029109325259923935,0.00046328926691785455,30.43455071747303
3500.0,53,8,9.013870239257812,-97.55041773603473,-59.41053586518476,0.490234375,3.1648976802825928,84.51026148320135,0.0,0.2264150943396226,22.86410903930664,0.004788648337125778,0.0007621370023116469,18.500611186027527
3500.0,53,9,30.0,-73.28850078706981,-51.773179747799205,5.5546875,9.967226028442383,44.270477220550674,0.0,0.05660377358490565,-15.659677505493164,-0.0032797553576529026,-0.0005219892482273281,27.01205015182495
3500.0,54,0,30.0,-72.56290704243835,-49.58318077806167,5.5546875,9.967226028442383,44.270477220550674,0.0,0.05555555555555558,24.71612548828125,0.005176533479243517,0.0008238708833232522,17.11433380842209
3500.0,54,1,22.348356246948242,-84.71663420865382,-54.12098971609877,5.5546875,7.432340145111084,25.263276551547285,0.0,0.11111111111111116,9.246809005737305,0.0019366471096873283,0.00030822696862742305,45.74551060795784
3500.0,54,2,24.689163208007812,-80.49836570563032,-59.13902520552083,4.5234375,8.20645523071289,44.87952017247462,0.0,0.20370370370370372,23.00857925415039,0.004818905610591173,0.0007669526385143399,18.384447321295738
3500.0,54,3,15.780449867248535,-87.6068649790161,-55.0102783640986,4.212890625,5.279775142669678,20.207006716013588,0.0,0.14814814814814814,13.021134376525879,0.0027271402068436146,0.0004340378218330443,32.48564898967743
3500.0,54,4,0.7245193719863892,-99.0477638682494,-58.23097851601094,0.490234375,1.125353217124939,56.43728852951124,0.0,0.16666666666666663,32.056549072265625,0.006713908165693283,0.0010685516754165292,13.195431791245937
3500.0,54,5,18.105710983276367,-88.00726812300428,-53.515539647868295,3.322265625,6.036732196807861,44.96582726070295,0.0,0.16666666666666663,-8.015117645263672,-0.0016786821652203798,-0.0002671706024557352,52.775271236896515
3500.0,54,6,28.918899536132812,-81.94155647303862,-52.76126221684954,5.5546875,9.608499526977539,42.18985509231441,0.0,0.05555555555555558,-12.898178100585938,-0.002701388206332922,-0.00042993927490897477,32.79532864689827
3500.0,54,7,17.94037628173828,-86.28038159987015,-57.47435072751158,4.5234375,5.982661247253418,24.39088036153365,0.0,0.12962962962962965,12.212404251098633,0.00255776010453701,0.0004070801369380206,34.63691473007202
3500.0,54,8,7.027464389801025,-91.7091909846254,-59.33131487353848,0.876953125,2.5954244136810303,66.21157139551454,0.0,0.2222222222222222,24.135753631591797,0.005054980516433716,0.000804525101557374,17.525866627693176
3500.0,54,9,18.42691993713379,-73.2961186509239,-51.89578493345917,0.0,6.141867160797119,100.0,1.0,0.07407407407407407,-34.30537414550781,-0.007184901274740696,-0.0011435124324634671,12.330429628491402
3500.0,55,0,30.0,-72.31908349295752,-49.28865565992416,5.5546875,9.967226028442383,44.270477220550674,0.0,0.054545454545454564,23.057321548461914,0.004829114302992821,0.0007685773889534175,18.345583230257034
3500.0,55,1,25.384775161743164,-84.81018321643667,-54.0321986465901,5.5546875,8.436810493469238,34.16128637356772,0.0,0.10909090909090913,10.073067665100098,0.002109698485583067,0.0003357689129188657,41.993167251348495
3500.0,55,2,20.201274871826172,-80.42325422505161,-59.05706351539377,5.33203125,6.724426746368408,20.70653081499304,0.0,0.19999999999999996,24.027313232421875,0.005032268352806568,0.0008009104640223086,17.604965716600418
3500.0,55,3,14.328123092651367,-87.40705648791497,-54.82770142826384,3.322265625,4.811995506286621,30.958671497934,0.0,0.1454545454545455,9.972955703735352,0.0020887309219688177,0.0003324318677186966,42.41470992565155
3500.0,55,4,4.956759929656982,-99.03193854694891,-58.19876171661489,0.490234375,2.046473503112793,76.04491950399905,0.0,0.1636363636363637,18.725358963012695,0.003921830095350742,0.0006241786177270114,22.589687258005142
3500.0,55,5,19.055343627929688,-88.04849806985655,-53.596187112724664,3.90234375,6.347870826721191,38.525155024056424,0.0,0.1636363636363637,-13.055880546569824,-0.0027344173286110163,-0.00043519600876607,32.399192452430725
3500.0,55,6,26.867849349975586,-82.15605782883473,-52.87603946219414,5.5546875,8.92827033996582,37.78540200406538,0.0,0.054545454545454564,-12.2073335647583,-0.0025566979311406612,-0.00040691113099455833,34.65130180120468
3500.0,55,7,15.32026481628418,-88.21930519828447,-57.37942067821911,4.5234375,5.131050109863281,11.841876357731994,0.0,0.12727272727272732,21.293167114257812,0.004459630697965622,0.0007097722264006734,19.865527749061584
3500.0,55,8,11.367827415466309,-91.62526552521268,-59.250873120822945,0.6015625,3.877937078475952,84.48756419130923,0.0,0.21818181818181814,23.390850067138672,0.004898968152701855,0.0007796949939802289,18.083995208144188
3500.0,55,9,30.0,-73.40132315424354,-52.00267028952395,5.5546875,9.967226028442383,44.270477220550674,0.0,0.07272727272727275,-12.112874984741211,-0.0025369147770106792,-0.00040376250399276614,34.921519458293915
3500.0,56,0,30.0,-72.08511169654133,-48.99539515953306,5.5546875,9.967226028442383,44.270477220550674,0.0,0.0535714285714286,20.23345184326172,0.004237684421241283,0.0006744483835063875,20.90597338974476
3500.0,56,1,23.333864212036133,-84.96534124221596,-53.94293984897301,5.5546875,7.758021831512451,28.40072352674604,0.0,0.1071428571428571,10.835990905761719,0.0022694848012179136,0.0003611996944528073,39.0365794301033
3500.0,56,2,30.0,-79.45542414941256,-58.97226000182976,3.90234375,9.967226028442383,60.84824665494383,0.0,0.1964285714285714,24.063274383544922,0.005039800424128771,0.0008021091343834996,17.57865585386753
3500.0,56,3,19.85711669921875,-86.74954546878892,-54.6427303747393,3.029296875,6.611225128173828,54.179492964312935,0.0,0.1428571428571429,8.658170700073242,0.0018133630510419607,0.0002886056900024414,48.85558784008026
3500.0,56,4,5.920501232147217,-99.04630102915952,-58.16711432591649,0.876953125,2.2953882217407227,61.794997608946645,0.0,0.1607142857142857,22.85865020751953,0.00478750467300415,0.0007619549869559705,18.505029380321503
3500.0,56,5,10.492667198181152,-87.99413300721831,-53.680206064991,0.0,3.6089577674865723,100.0,1.0,0.1785714285714286,-15.770272254943848,-0.003302918281406164,-0.0005256757722236216,26.822619140148163
3500.0,56,6,24.584482192993164,-82.35434122045724,-52.985143259095395,5.5546875,8.171799659729004,32.02614196021288,0.0,0.0535714285714286,-10.313974380493164,-0.002160153817385435,-0.0003437991545069963,41.012320667505264
3500.0,56,7,17.447019577026367,-88.00332503270553,-57.286664219225955,3.90234375,5.821513652801514,32.966853936311615,0.0,0.125,15.344226837158203,0.003213687567040324,0.0005114742089062929,27.567371726036072
3500.0,56,8,11.365412712097168,-91.54050749629874,-59.16976994842024,1.328125,3.8771896362304688,65.74516274392896,0.0,0.2142857142857143,22.731231689453125,0.004760818090289831,0.0007577077485620975,18.608758226037025
3500.0,56,9,23.013277053833008,-73.45610611361137,-52.09384679784978,5.5546875,7.652035713195801,27.409022798716954,0.0,0.0714285714285714,-21.45343017578125,-0.004493196029216051,-0.0007151143508963287,19.717127084732056
3500.0,57,0,30.0,-71.86188375840878,-48.7037126382057,5.5546875,9.967226028442383,44.270477220550674,0.0,0.052631578947368474,21.153873443603516,0.004430457018315792,0.0007051291177049279,19.996337592601776
3500.0,57,1,21.458383560180664,-85.16759765691933,-53.857960280151225,5.5546875,7.138596057891846,22.18795607773333,0.0,0.10526315789473684,10.091811180114746,0.002113624010235071,0.00033639371395111084,41.9151708483696
3500.0,57,2,11.699637413024902,-79.37554108049342,-58.883653926715645,0.0,3.9809257984161377,100.0,1.0,0.21052631578947367,21.50363540649414,0.004503711126744747,0.0007167878793552518,19.671093672513962
3500.0,57,3,21.329574584960938,-85.68947949122924,-54.45545911033591,4.81640625,7.096114635467529,32.12614934478621,0.0,0.14035087719298245,12.200787544250488,0.0025553270243108273,0.00040669291047379375,34.669894725084305
3500.0,57,4,6.587862014770508,-98.76647328763175,-58.13474863602988,1.02734375,2.4745984077453613,58.48442531990368,0.0,0.1578947368421053,28.340652465820312,0.0059356531128287315,0.0009446884505450726,14.925556257367134
3500.0,57,5,19.539783477783203,-88.07890257292597,-53.767480227292886,1.6953125,6.506927013397217,73.94603479477342,0.0,0.17543859649122806,-13.762869834899902,-0.002882489003241062,-0.00045876234071329236,30.734868720173836
3500.0,57,6,24.02079963684082,-82.51481608386312,-53.091598489435455,5.5546875,7.9852423667907715,30.438085096815904,0.0,0.052631578947368474,-9.582442283630371,-0.0020069419406354427,-0.0003194147429894656,44.14323717355728
3500.0,57,7,18.143638610839844,-87.76738349631698,-57.19394143542939,4.5234375,6.049139499664307,25.22180220424698,0.0,0.1228070175438597,6.094442844390869,0.0012764171697199345,0.000203148098080419,69.40749287605286
3500.0,57,8,10.787981033325195,-91.5510862557929,-59.087967140235484,1.328125,3.6992650032043457,64.09759779714179,0.0,0.21052631578947367,23.01419448852539,0.004820081405341625,0.0007671398343518376,18.37996207177639
3500.0,57,9,30.0,-73.54366215984851,-52.17125490847393,5.5546875,9.967226028442383,44.270477220550674,0.0,0.07017543859649122,-8.236639022827148,-0.0017250776290893555,-0.00027455465169623494,51.35589838027954
3500.0,58,0,30.0,-71.65133371461499,-48.4156207015674,5.5546875,9.967226028442383,44.270477220550674,0.0,0.051724137931034475,18.45889663696289,0.003866022452712059,0.0006152965361252427,22.915780544281006
3500.0,58,1,23.49778175354004,-85.37907327796495,-53.77566767980025,5.5546875,7.812227249145508,28.897517662359796,0.0,0.10344827586206895,13.91490650177002,0.0029143313877284527,0.00046383021981455386,30.399054288864136
3500.0,58,2,30.0,-79.29752765767475,-58.789856365996194,1.4765625,9.967226028442383,85.18582305862739,0.0,0.2068965517241379,24.816043853759766,0.005197460297495127,0.0008272014674730599,17.04542525112629
3500.0,58,3,20.471364974975586,-85.46543244714412,-54.26604082232502,5.33203125,6.813324928283691,21.741127773526514,0.0,0.13793103448275867,12.200735092163086,0.002555316314101219,0.00040669116424396634,34.67004373669624
3500.0,58,4,7.524062633514404,-98.83516635807881,-58.10263301891427,1.17578125,2.7343642711639404,56.999831280727506,0.0,0.15517241379310343,35.68634033203125,0.007474130019545555,0.0011895446805283427,11.853274889290333
3500.0,58,5,12.461997032165527,-88.3398293913423,-53.85784664641946,0.0,4.219390392303467,100.0,1.0,0.18965517241379315,-16.644912719726562,-0.003486102446913719,-0.0005548304179683328,25.41317045688629
3500.0,58,6,22.33136558532715,-82.75385495128577,-53.201902153193544,5.5546875,7.42672872543335,25.206807662469398,0.0,0.051724137931034475,-5.326719284057617,-0.0011156256077811122,-0.00017755731823854148,79.41098511219025
3500.0,58,7,21.507186889648438,-87.55352923047455,-57.09971334003051,4.81640625,7.154693603515625,32.68186568278274,0.0,0.12068965517241381,13.964473724365234,0.0029247126076370478,0.0004654824733734131,30.291153118014336
3500.0,58,8,14.184202194213867,-91.367547029053,-59.00454497582636,1.326171875,4.765915870666504,72.17382952220393,0.0,0.2068965517241379,22.94970703125,0.0048065753653645515,0.0007649902254343033,18.431607633829117
3500.0,58,9,30.0,-73.72199871266437,-52.23849569975912,5.5546875,9.967226028442383,44.270477220550674,0.0,0.06896551724137934,-11.107874870300293,-0.002326427958905697,-0.00037026251084171236,38.0810908973217
3500.0,59,0,30.0,-72.53771914346947,-48.13988716328653,5.5546875,9.967226028442383,44.270477220550674,0.0,0.05084745762711862,17.56683349609375,0.0036791888996958733,0.000585561094339937,24.079468101263046
3500.0,59,1,21.31055450439453,-85.60083915382741,-53.69469269563444,5.5546875,7.089842796325684,21.65288202329788,0.0,0.10169491525423724,9.92431640625,0.00207854388281703,0.0003308105515316129,42.622584849596024
3500.0,59,2,30.0,-79.22647351104929,-58.68920696721054,5.5546875,9.967226028442383,44.270477220550674,0.0,0.2033898305084746,26.739620208740234,0.005600333213806152,0.000891320698428899,15.81922359764576
3500.0,59,3,19.532052993774414,-85.31265648354578,-54.13264535819569,5.115234375,6.504387378692627,21.35716898171346,0.0,0.13559322033898302,15.952579498291016,0.0033411006443202496,0.0005317526520229876,26.516089215874672
3500.0,59,4,7.249548435211182,-98.63121144845391,-58.069653889925895,1.328125,2.6572494506835938,50.01880611327885,0.0,0.15254237288135597,25.832759857177734,0.005410400219261646,0.0008610920049250126,16.374558210372925
3500.0,59,5,21.814313888549805,-88.39455829463587,-53.94688893295461,1.9140625,7.256027698516846,73.62106955033758,0.0,0.18644067796610164,-17.55036163330078,-0.0036757388152182102,-0.0005850120796822011,24.102067574858665
3500.0,59,6,25.728235244750977,-83.03530927836869,-53.3137362930411,5.5546875,8.55058765411377,35.03735971494793,0.0,0.05084745762711862,-13.641828536987305,-0.0028571379370987415,-0.00045472761848941445,31.00757487118244
3500.0,59,7,21.91672706604004,-87.3318009702937,-57.002618263301216,5.5546875,7.289828300476074,23.80221767860785,0.0,0.11864406779661019,11.424500465393066,0.0023927418515086174,0.0003808166948147118,37.02569007873535
3500.0,59,8,16.09514617919922,-91.24038640813653,-58.92055479270626,2.16015625,5.381716728210449,59.86120490741058,0.0,0.2033898305084746,23.265033721923828,0.004872617311775684,0.0007755011320114136,18.18179152905941
3500.0,59,9,30.0,-73.80688781393363,-52.29947593557927,5.5546875,9.967226028442383,44.270477220550674,0.0,0.06779661016949157,-7.9664812088012695,-0.0016684959409758449,-0.00026554937358014286,53.097471594810486
3500.0,60,0,30.0,-72.22153146009573,-47.87641505445757,5.5546875,9.967226028442383,44.270477220550674,0.0,0.050000000000000044,18.035839080810547,0.003777417354285717,0.0006011946243233979,23.453302681446075
3500.0,60,1,24.192623138427734,-85.87123396542577,-53.61385654301746,5.5546875,8.042098999023438,30.92987911894005,0.0,0.09999999999999998,8.716848373413086,0.001825652434490621,0.0002905616129282862,48.526715487241745
3500.0,60,2,23.769323348999023,-79.1421180429154,-58.58011462030847,5.5546875,7.902042865753174,29.705677451161716,0.0,0.19999999999999996,30.884822845458984,0.006468502338975668,0.001029494102112949,13.696047477424145
3500.0,60,3,15.275018692016602,-85.17674124264774,-54.02677639980235,4.81640625,5.116450786590576,5.86431002868133,0.0,0.1333333333333333,11.260963439941406,0.0023584908340126276,0.0003753654600586742,37.563394755125046
3500.0,60,4,7.002201557159424,-98.13722758183124,-58.03694531538018,1.326171875,2.5884242057800293,48.7652807434493,0.0,0.15000000000000002,19.879058837890625,0.004163460340350866,0.000662635313346982,21.27867378294468
3500.0,60,5,20.523853302001953,-88.5857053949482,-54.0376597905532,4.5234375,6.8306074142456055,33.776936285840065,0.0,0.18333333333333335,-16.611156463623047,-0.0034790323115885258,-0.0005537052056752145,25.46481415629387
3500.0,60,6,23.4555606842041,-83.22053396031097,-53.427961182901015,5.5546875,7.798264980316162,28.770213451059234,0.0,0.050000000000000044,-13.432730674743652,-0.002813344821333885,-0.0004477576876524836,31.490247696638107
3500.0,60,7,20.375329971313477,-87.11316916983684,-56.90770658204438,5.5546875,6.781710147857666,18.093115469484957,0.0,0.1166666666666667,13.773696899414062,0.002884756540879607,0.00045912322821095586,30.71071021258831
3500.0,60,8,14.276978492736816,-91.28910347287615,-58.83616860841432,2.5703125,4.795614242553711,46.40285123035076,0.0,0.19999999999999996,23.647174835205078,0.004952653311192989,0.000788239180110395,17.88797229528427
3500.0,60,9,28.348323822021484,-73.87839604268193,-52.35811903164461,5.5546875,9.419218063354492,41.02814625759079,0.0,0.06666666666666665,-9.090150833129883,-0.0019038368482142687,-0.00030300504295155406,46.53388261795044
3500.0,61,0,30.0,-71.92100191928915,-47.62750600813351,5.5546875,9.967226028442383,44.270477220550674,0.0,0.049180327868852514,14.119967460632324,0.002957279095426202,0.0004706655745394528,29.95757758617401
3500.0,61,1,22.725269317626953,-86.15395428792787,-53.53824940141358,5.5546875,7.556853771209717,26.49470708084386,0.0,0.09836065573770492,12.860572814941406,0.0026935122441500425,0.00042868577293120325,32.891225069761276
3500.0,61,2,27.203601837158203,-79.05066830571525,-58.461529239594626,4.81640625,9.03958511352539,46.71872448223869,0.0,0.19672131147540983,29.281200408935547,0.00613264087587595,0.0009760400280356407,14.446129091084003
3500.0,61,3,16.42887306213379,-85.08142459413281,-53.93282206172019,3.609375,5.490016937255859,34.25566730939601,0.0,0.1311475409836066,2.9278225898742676,0.0006132017588242888,9.759408567333594e-05,144.47596669197083
3500.0,61,4,3.6809380054473877,-98.00052932174498,-58.00326484709622,1.326171875,1.7372376918792725,23.662036507773344,0.0,0.14754098360655743,13.773749351501465,0.002884767483919859,0.00045912497444078326,30.71059286594391
3500.0,61,5,17.120725631713867,-88.57707905806257,-54.130908862762,4.212890625,5.715110778808594,26.285057489677488,0.0,0.180327868852459,-15.762054443359375,-0.003301196964457631,-0.0005254018469713628,26.83660387992859
3500.0,61,6,20.735551834106445,-83.47259423471863,-53.543514101570324,5.5546875,6.90032958984375,19.501127769669637,0.0,0.049180327868852514,-12.144490242004395,-0.0025435362476855516,-0.00040481635369360447,34.83061119914055
3500.0,61,7,20.475072860717773,-86.8879304891196,-56.81220035730014,5.33203125,6.814547061920166,21.755162866281985,0.0,0.11475409836065575,12.855327606201172,0.00269241351634264,0.0004285109171178192,32.904647290706635
3500.0,61,8,12.44544506072998,-91.0783145328441,-58.75110448975427,2.16015625,4.2141876220703125,48.74086197095383,0.0,0.19672131147540983,24.00229263305664,0.0050270287320017815,0.0008000764064490795,17.62331649661064
3500.0,61,9,29.863208770751953,-73.93326808944667,-52.41543028558621,5.5546875,9.921832084655762,44.01550588030617,0.0,0.06557377049180324,-6.265249252319336,-0.0013121908996254206,-0.00020884165132883936,67.51526892185211
3500.0,62,0,30.0,-71.64613543734993,-47.39784478968053,5.5546875,9.967226028442383,44.270477220550674,0.0,0.048387096774193505,12.117170333862305,0.002537814201787114,0.00040390569483861327,34.909140318632126
3500.0,62,1,17.634885787963867,-86.46968596479047,-53.46602514952616,0.0,5.882840633392334,100.0,1.0,0.11290322580645162,12.592462539672852,0.0026373593136668205,0.0004197487432975322,33.59152376651764
3500.0,62,2,25.3901424407959,-78.9509489065426,-58.33347342890006,5.5546875,8.438587188720703,34.175148330225454,0.0,0.19354838709677424,31.513484954833984,0.006600168999284506,0.0010504495585337281,13.422825373709202
3500.0,62,3,20.066835403442383,-84.90595541575708,-53.78681959570048,3.90234375,6.680195331573486,41.58338856416609,0.0,0.12903225806451613,19.512401580810547,0.004086668137460947,0.0006504133925773203,21.678520366549492
3500.0,62,4,4.428393363952637,-98.04687977066104,-57.96983846614246,0.740234375,1.9154423475265503,61.35439022970961,0.0,0.14516129032258063,7.440766334533691,0.0015583905624225736,0.0002480255498085171,56.84898421168327
3500.0,62,5,10.347970962524414,-88.54183950850538,-54.226504683626075,0.0,3.5648910999298096,100.0,1.0,0.19354838709677424,-20.02409553527832,-0.004193836823105812,-0.0006674698670394719,21.124549210071564
3500.0,62,6,26.245532989501953,-83.66690560520357,-53.659330535649225,5.5546875,8.72199821472168,36.31404910603675,0.0,0.048387096774193505,-13.367456436157227,-0.0027996734715998173,-0.00044558188528753817,31.64401650428772
3500.0,62,7,18.412418365478516,-86.46310155633628,-56.71435164216694,5.5546875,6.137118816375732,9.490305366446961,0.0,0.11290322580645162,18.90777587890625,0.003960035275667906,0.0006302592228166759,22.371748462319374
3500.0,62,8,11.457361221313477,-91.08766637492634,-58.665040506859064,1.6953125,3.9056756496429443,56.593617799394444,0.0,0.19354838709677424,24.16606330871582,0.005061328411102295,0.00080553547013551,17.5038855522871
3500.0,62,9,25.760820388793945,-73.97425236667347,-52.472281976369786,5.5546875,8.561383247375488,35.11927524442032,0.0,0.06451612903225812,-5.690815448760986,-0.0011918816016986966,-0.0001896938483696431,74.33030009269714
3500.0,63,0,30.0,-71.40322391863465,-47.19660694464673,5.5546875,9.967226028442383,44.270477220550674,0.0,0.04761904761904767,6.446301460266113,0.001350110280327499,0.00021487672347575426,65.61902165412903
3500.0,63,1,24.541030883789062,-86.1398232986504,-53.395656419248795,4.81640625,8.157417297363281,40.95672595348524,0.0,0.11111111111111116,6.91141414642334,0.001447523245587945,0.0002303804794792086,61.20310351252556
3500.0,63,2,26.526765823364258,-78.82528607363096,-58.19705231312386,5.33203125,8.815207481384277,39.51326430761791,0.0,0.19047619047619047,36.65570831298828,0.007677154149860144,0.0012218569172546268,11.539813131093979
3500.0,63,3,14.094830513000488,-84.69733402800104,-53.61363489809786,0.0,4.737329006195068,100.0,1.0,0.1428571428571429,20.48948097229004,0.004291307181119919,0.0006829827325418591,20.644739270210266
3500.0,63,4,5.75361967086792,-97.99666655829115,-57.93530509128778,0.876953125,2.2514185905456543,61.04886365056347,0.0,0.1428571428571429,18.934913635253906,0.003965719137340784,0.0006311637698672712,22.339684888720512
3500.0,63,5,13.133854866027832,-88.69336886575093,-54.324035497941324,1.328125,4.43143367767334,70.02945103993268,0.0,0.19047619047619047,-12.205535888671875,-0.0025563216768205166,-0.0004068512062076479,34.656405448913574
3500.0,63,6,25.39515495300293,-83.8078692904077,-53.77759686874461,5.5546875,8.440247535705566,34.18809725068503,0.0,0.04761904761904767,-13.88308334350586,-0.002907666377723217,-0.0004627694434020668,30.468735843896866
3500.0,63,7,19.107017517089844,-86.24348816753536,-56.61910997029122,5.115234375,6.364826679229736,19.632778191863675,0.0,0.11111111111111116,14.502820014953613,0.003037463640794158,0.0004834273422602564,29.16674129664898
3500.0,63,8,15.320435523986816,-90.88526421951643,-58.577619890786174,1.4765625,5.131105422973633,71.2233061244669,0.0,0.19047619047619047,23.759510040283203,0.004976180382072926,0.0007919836789369583,17.80339702963829
3500.0,63,9,30.0,-74.08189879813533,-52.52883413233425,5.5546875,9.967226028442383,44.270477220550674,0.0,0.06349206349206349,-7.48050594329834,-0.0015667134430259466,-0.00024935021065175533,56.546978652477264
3500.0,64,0,30.0,-71.19131433976449,-47.025145984347944,5.5546875,9.967226028442383,44.270477220550674,0.0,0.046875,-7.858132362365723,-0.001645803451538086,-0.00026193776284344494,53.82958427071571
3500.0,64,1,22.356014251708984,-82.34030273076023,-53.32980839281508,5.5546875,7.434869289398193,25.288699992066466,0.0,0.109375,4.46171760559082,0.0009344599675387144,0.00014872392057441175,94.80653703212738
3500.0,64,2,28.244548797607422,-78.7109669096931,-58.05398472569587,5.5546875,9.384796142578125,40.81184699581492,0.0,0.1875,37.13713836669922,0.0077779837884008884,0.0012379046529531479,11.39021571725607
3500.0,64,3,26.791507720947266,-84.6081095296558,-53.48420884669072,3.029296875,8.902963638305664,65.97428678730951,0.0,0.140625,19.556745529174805,0.004095955286175013,0.0006518915179185569,21.629365161061287
3500.0,64,4,5.964905261993408,-97.85916317182603,-57.900978731959256,1.17578125,2.3071463108062744,49.037421489359225,0.0,0.140625,21.921388626098633,0.004591205157339573,0.0007307129562832415,19.296223297715187
3500.0,64,5,18.77113914489746,-88.70374688799575,-54.420173201521756,1.9140625,6.254656791687012,69.39780129032887,0.0,0.1875,-17.67483901977539,-0.0037018097937107086,-0.0005891612963750958,23.932326585054398
3500.0,64,6,20.790544509887695,-83.96716324382564,-53.89457789809515,5.5546875,6.918445587158203,19.711914619803718,0.0,0.046875,-12.464422225952148,-0.0026105428114533424,-0.0004154807538725436,33.93658995628357
3500.0,64,7,19.322898864746094,-86.03005270926195,-56.52384391627729,5.115234375,6.435691833496094,20.517723543309796,0.0,0.109375,14.376253128051758,0.0030109556391835213,0.0004792084509972483,29.42352183163166
3500.0,64,8,6.417530536651611,-93.73299918905666,-58.4895992026063,0.0,2.4283607006073,100.0,1.0,0.203125,23.379634857177734,0.0048966193571686745,0.0007793211843818426,18.092669546604156
3500.0,64,9,30.0,-74.1342149082454,-52.58525987605933,5.5546875,9.967226028442383,44.270477220550674,0.0,0.0625,-7.510646820068359,-0.001573026180267334,-0.00025035490398295224,56.32004886865616
3500.0,65,0,30.0,-71.02401376299171,-46.887157326408115,5.5546875,9.967226028442383,44.270477220550674,0.0,0.0461538461538461,7.158480644226074,0.0014992686919867992,0.00023861601948738098,59.0907521545887
3500.0,65,1,23.28066635131836,-82.66215921982902,-53.268188659230184,5.5546875,7.7404327392578125,28.238023801591638,0.0,0.10769230769230764,0.9211409091949463,0.00019292329670861363,3.070469756494276e-05,459.21313762664795
3500.0,65,2,25.29519271850586,-78.601682143943,-57.9064746128665,5.5546875,8.407137870788574,33.9289115348006,0.0,0.18461538461538463,29.038345336914062,0.006081777159124613,0.0009679448558017612,14.566945843398571
3500.0,65,3,14.631233215332031,-84.38517527031004,-53.31667331822158,0.0,4.909219741821289,100.0,1.0,0.15384615384615385,20.585826873779297,0.004311485681682825,0.0006861942238174379,20.54811827838421
3500.0,65,4,3.9805948734283447,-97.75086339884689,-57.8652873065115,1.17578125,1.80763840675354,34.95484242826722,0.0,0.1384615384615384,-8.601852416992188,-0.001801567617803812,-0.0002867284056264907,49.175456166267395
3500.0,65,5,17.963947296142578,-88.54539705484116,-54.51749933358651,3.322265625,5.990367412567139,44.53986882289978,0.0,0.18461538461538463,-18.893970489501953,-0.003957144450396299,-0.000629799033049494,22.388095036149025
3500.0,65,6,20.009666442871094,-84.57286412801757,-54.011072073333104,5.5546875,6.661390781402588,16.613697014928253,0.0,0.0461538461538461,-12.073426246643066,-0.002528652548789978,-0.00040244753472507,35.035621374845505
3500.0,65,7,21.114307403564453,-85.81426102322038,-56.426821832391454,5.33203125,7.025140285491943,24.100714956375867,0.0,0.10769230769230764,17.156116485595703,0.0035931686870753765,0.0005718705360777676,24.65593069791794
3500.0,65,8,7.081536769866943,-93.73222158764139,-58.40090110759064,0.6015625,2.6104300022125244,76.95542498783216,0.0,0.19999999999999996,24.040111541748047,0.005034949630498886,0.0008013370679691434,17.595592886209488
3500.0,65,9,30.0,-74.3195663359042,-52.64147605756552,5.5546875,9.967226028442383,44.270477220550674,0.0,0.06153846153846154,-6.503659725189209,-0.0013621232938021421,-0.0002167886559618637,65.04030525684357
3500.0,66,0,30.0,-70.91527088739348,-46.7974912381517,5.5546875,9.967226028442383,44.270477220550674,0.0,0.045454545454545414,3.579054832458496,0.0007495954632759094,0.00011930183245567605,118.18762868642807
3500.0,66,1,24.705434799194336,-83.03276980097435,-53.21041562947036,5.5546875,8.211841583251953,32.35759063680938,0.0,0.10606060606060608,4.4422101974487305,0.0009303743718191981,0.00014807366824243218,95.22286802530289
3500.0,66,2,30.0,-78.48207147203007,-57.75523287984342,5.33203125,9.967226028442383,46.504361045043375,0.0,0.18181818181818177,36.936729431152344,0.007736011408269405,0.001231224276125431,11.452015489339828
3500.0,66,3,22.252565383911133,-84.51400231642424,-53.18939429501552,3.029296875,7.400705814361572,59.067459901980655,0.0,0.1515151515151515,18.096172332763672,0.0037900535389781,0.0006032057572156191,23.37510883808136
3500.0,66,4,5.190079689025879,-97.54755239142892,-57.8297428820144,0.876953125,2.1055963039398193,58.351317232124835,0.0,0.13636363636363635,22.185489654541016,0.004646518267691135,0.0007395163411274552,19.066516309976578
3500.0,66,5,18.436216354370117,-88.65268413433269,-54.61667483633137,3.322265625,6.144911766052246,45.93468952062162,0.0,0.18181818181818177,-20.190868377685547,-0.004228766076266766,-0.0006730289314873517,20.950065925717354
3500.0,66,6,15.84953784942627,-84.73914239225294,-54.1275125548046,0.0,5.3021392822265625,100.0,1.0,0.06060606060606055,-11.958625793457031,-0.0025046090595424175,-0.0003986208757851273,35.37195920944214
3500.0,66,7,19.389131546020508,-85.5307375065204,-56.33259876227869,0.0,6.457441329956055,100.0,1.0,0.12121212121212122,9.400823593139648,0.0019689039327204227,0.0003133607970084995,44.99605670571327
3500.0,66,8,6.327520370483398,-93.58721777437731,-58.31119645787495,0.740234375,2.404061794281006,69.20901214931601,0.0,0.19696969696969702,22.615224838256836,0.0047365217469632626,0.0007538408390246332,18.704213201999664
3500.0,66,9,19.747234344482422,-74.36805399477593,-52.69761865662165,5.5546875,6.575100898742676,15.519357260932743,0.0,0.06060606060606055,-3.268970012664795,-0.0006846514879725873,-0.00010896566527662799,129.39855456352234
3500.0,67,0,30.0,-70.87757275903138,-46.76715870226178,5.5546875,9.967226028442383,44.270477220550674,0.0,0.04477611940298509,0.1316622495651245,2.7575275453273207e-05,4.3887416723009665e-06,3212.766170501709
3500.0,67,1,30.0,-72.08226506069306,-53.15557152161261,5.5546875,9.967226028442383,44.270477220550674,0.0,0.10447761194029848,3.3680076599121094,0.0007053938461467624,0.0001122669200412929,125.59354305267334
3500.0,67,2,27.22110366821289,-78.3599093459141,-57.60074382489326,5.5546875,9.045388221740723,38.59094420459226,0.0,0.17910447761194026,36.10002136230469,0.007560770958662033,0.0012033340753987432,11.717445217072964
3500.0,67,3,20.439851760864258,-84.2589967205528,-53.01601404794157,5.33203125,6.802950382232666,21.621782455951465,0.0,0.14925373134328357,19.407827377319336,0.0040647657588124275,0.0006469275685958564,21.795330569148064
3500.0,67,4,3.054119825363159,-97.5717685428053,-57.794904358923425,1.02734375,1.594683289527893,35.576941406080344,0.0,0.13432835820895528,11.971355438232422,0.0025072749704122543,0.000399045180529356,35.33434495329857
3500.0,67,5,6.826069355010986,-88.66493124310985,-54.71724154215262,0.0,2.539808511734009,100.0,1.0,0.19402985074626866,-12.369135856628418,-0.0025905859656631947,-0.0004123045364394784,34.19802337884903
3500.0,67,6,6.855830192565918,-90.19850803459917,-54.24386916677896,0.0,2.547999382019043,100.0,1.0,0.07462686567164178,-14.334497451782227,-0.0030022100545465946,-0.00047781658940948546,29.509231448173523
3500.0,67,7,19.10458755493164,-85.30407537069004,-56.2391759961964,5.115234375,6.3640289306640625,19.62270393911857,0.0,0.11940298507462688,13.75170612335205,0.0028801506850868464,0.00045839021913707256,30.759820714592934
3500.0,67,8,0.8476862907409668,-93.51525870669019,-58.220278414184506,0.6015625,1.1476572751998901,47.58343688491632,0.0,0.19402985074626866,25.212665557861328,0.005280528217554092,0.0008404221734963357,16.7772825807333
3500.0,67,9,27.022451400756836,-74.42150133726302,-52.753624662711744,5.5546875,8.979525566101074,38.140523582117765,0.0,0.05970149253731338,-6.859152793884277,-0.001436577644199133,-0.0002286384260514751,61.669424176216125
3500.0,68,0,30.0,-70.91574118442311,-46.799306796780556,5.5546875,9.967226028442383,44.270477220550674,0.0,0.044117647058823484,-3.6940455436706543,-0.0007736791158095002,-0.00012313485785853118,114.50860649347305
3500.0,68,1,30.0,-71.79927723247778,-53.10305158307711,5.5546875,9.967226028442383,44.270477220550674,0.0,0.1029411764705882,3.0500805377960205,0.000638807425275445,0.00010166934953304008,138.68486881256104
3500.0,68,2,27.70411491394043,-78.23515236829036,-57.44305344057632,5.5546875,9.205554008483887,39.659389376448495,0.0,0.17647058823529416,38.460227966308594,0.00805509090423584,0.0012820076663047075,10.998374782502651
3500.0,68,3,23.590452194213867,-84.05731450529083,-52.89142339998525,4.81640625,7.842875957489014,38.58877437171622,0.0,0.1470588235294118,17.33274269104004,0.0036301612854003906,0.000577758124563843,24.404678493738174
3500.0,68,4,0.6886303424835205,-97.40757969866971,-57.75901712386984,0.740234375,1.118908405303955,33.84316611698765,0.0,0.13235294117647056,35.28656768798828,0.007390401791781187,0.001176218967884779,11.987564153969288
3500.0,68,5,9.593839645385742,-88.5094447699531,-54.816954803635674,0.6015625,3.337308406829834,81.97462066230091,0.0,0.19117647058823528,-15.875454902648926,-0.0033249477855861187,-0.0005291818524710834,26.644906029105186
3500.0,68,6,12.510237693786621,-90.50202232969124,-54.36009263235616,2.5703125,4.234560012817383,39.3015450903979,0.0,0.07352941176470584,-23.539884567260742,-0.004930182360112667,-0.0007846628432162106,17.96950213611126
3500.0,68,7,20.593984603881836,-85.08234956541641,-56.14532115959039,5.115234375,6.853702545166016,25.36538693807443,0.0,0.11764705882352944,8.11886978149414,0.0017004122491925955,0.0002706289815250784,52.10084840655327
3500.0,68,8,8.458734512329102,-93.49404040082023,-58.12868544503646,0.490234375,3.002254009246826,83.67112264684809,0.0,0.19117647058823528,22.641292572021484,0.0047419811598956585,0.0007547097629867494,18.682679161429405
3500.0,68,9,21.828039169311523,-74.47490560109841,-52.809485601546726,5.5546875,7.260557174682617,23.495024329963854,0.0,0.05882352941176472,-6.320667743682861,-0.001323797507211566,-0.00021068892965558916,66.92331284284592
3500.0,69,0,30.0,-71.02449110157211,-46.88915273270091,5.5546875,9.967226028442383,44.270477220550674,0.0,0.04347826086956519,-7.166879653930664,-0.001501027843914926,-0.00023889599833637476,59.02150273323059
3500.0,69,1,30.0,-71.51269212458863,-53.05237037450195,5.5546875,9.967226028442383,44.270477220550674,0.0,0.10144927536231885,2.7675461769104004,0.000579633517190814,9.225153917213902e-05,152.84298360347748
3500.0,69,2,29.737869262695312,-78.10827159146928,-57.28220964354353,5.5546875,9.88023853302002,43.779823923925655,0.0,0.17391304347826086,32.85722351074219,0.006881600245833397,0.0010952408192679286,12.873881496489048
3500.0,69,3,15.600624084472656,-83.82431485585118,-52.70873832896187,0.0,5.221607685089111,100.0,1.0,0.1594202898550725,22.654624938964844,0.004744773730635643,0.0007551541784778237,18.671683967113495
3500.0,69,4,7.853043556213379,-97.42508155606942,-57.72331731100661,0.490234375,2.8277463912963867,82.66342496240439,0.0,0.13043478260869568,14.303243637084961,0.0029956644866615534,0.0004767747886944562,29.5737124979496
3500.0,69,5,15.901070594787598,-88.27979557031314,-54.91753932968352,1.17578125,5.318826675415039,77.89397320588095,0.0,0.18840579710144922,-20.14829444885254,-0.00421984912827611,-0.0006716098287142813,20.994333550333977
3500.0,69,6,7.125358581542969,-90.13884964248112,-54.47601714362295,0.0,2.6226136684417725,100.0,1.0,0.08695652173913049,-7.986095428466797,-0.001672603888437152,-0.0002662031911313534,52.96706035733223
3500.0,69,7,18.055490493774414,-84.85356797343269,-56.05000602344281,5.33203125,6.0203046798706055,11.432534837844766,0.0,0.1159420289855072,9.209268569946289,0.0019287846516817808,0.0003069756203331053,45.93198746442795
3500.0,69,8,8.061783790588379,-93.38703104325396,-58.03615907028093,0.876953125,2.8875207901000977,69.62954767263858,0.0,0.18840579710144922,24.604049682617188,0.005153059959411621,0.000820134999230504,17.192292958498
3500.0,69,9,29.341161727905273,-74.53389796068745,-52.86509749253541,5.5546875,9.748600959777832,43.02067011545224,0.0,0.05797101449275366,-8.209959030151367,-0.0017194896936416626,-0.0002736652968451381,51.522791385650635
3500.0,70,0,30.0,-71.19339866535712,-47.02898258954606,5.5546875,9.967226028442383,44.270477220550674,0.0,0.042857142857142816,-10.320868492126465,-0.0021615978330373764,-0.00034402895835228264,40.984924882650375
3500.0,70,1,30.0,-71.25644550872576,-53.0080460461335,5.5546875,9.967226028442383,44.270477220550674,0.0,0.09999999999999998,2.997321367263794,0.000627757515758276,9.991071419790387e-05,141.12600684165955
3500.0,70,2,30.0,-77.98586024991633,-57.118192758470244,5.5546875,9.967226028442383,44.270477220550674,0.0,0.17142857142857137,36.34545135498047,0.00761217437684536,0.0012115150457248092,11.638320051133633
3500.0,70,3,23.665075302124023,-83.64180544271434,-52.58734519894219,3.029296875,7.86755895614624,61.496356215628055,0.0,0.15714285714285714,19.24545669555664,0.004030758980661631,0.0006415152456611395,21.979214623570442
3500.0,70,4,6.049684524536133,-96.7413433964608,-57.68826716615596,1.4765625,2.329662799835205,36.619046322736125,0.0,0.12857142857142856,-0.14889293909072876,-3.118407039437443e-05,-4.963098035659641e-06,2840.9676551818848
3500.0,70,5,14.815682411193848,-88.268375577494,-55.01896544164275,2.5703125,4.968494892120361,48.26778419202339,0.0,0.18571428571428572,-21.574886322021484,-0.004518633708357811,-0.0007191628683358431,19.606128334999084
3500.0,70,6,17.852266311645508,-90.04571649913979,-54.591605887580215,2.40625,5.953858852386475,59.58503451865496,0.0,0.08571428571428574,-13.248368263244629,-0.00277473172172904,-0.000441612268332392,31.92846104502678
3500.0,70,7,19.920019149780273,-84.62079547823849,-55.952493599755144,4.81640625,6.631908416748047,27.375259920104224,0.0,0.11428571428571432,14.314692497253418,0.0029980624094605446,0.00047715642722323537,29.550058767199516
3500.0,70,8,10.349982261657715,-93.31412706644501,-57.94171955521496,0.876953125,3.565502643585205,75.40450217930001,0.0,0.18571428571428572,24.484535217285156,0.005128028802573681,0.0008161512087099254,17.276210710406303
3500.0,70,9,21.51473045349121,-75.8983204172,-52.920520409465894,5.5546875,7.157182216644287,22.39002261137948,0.0,0.05714285714285716,-6.667803764343262,-0.0013965016696602106,-0.00022226013243198395,63.43918293714523
3500.0,71,0,30.0,-71.41257020830429,-47.21032671955531,5.5546875,9.967226028442383,44.270477220550674,0.0,0.04225352112676062,-12.777673721313477,-0.00267614983022213,-0.00042592245154082775,33.10461714863777
3500.0,71,1,30.0,-71.01218131937834,-52.96896284065426,5.5546875,9.967226028442383,44.270477220550674,0.0,0.09859154929577463,2.975905418395996,0.0006232722662389278,9.919684816850349e-05,142.14161038398743
3500.0,71,2,29.3153076171875,-77.85161349290235,-56.95087163588766,5.5546875,9.740022659301758,42.97048688387544,0.0,0.16901408450704225,34.44340515136719,0.00721380952745676,0.001148113515228033,12.281015515327454
3500.0,71,3,26.991762161254883,-83.3974266034821,-52.39965886862214,5.33203125,8.969350814819336,40.55276284666763,0.0,0.15492957746478875,19.408706665039062,0.004064950160682201,0.0006469569052569568,21.79434336721897
3500.0,71,4,8.09992790222168,-96.48711557207334,-57.65228222704729,1.326171875,2.8984861373901367,54.246050795533016,0.0,0.12676056338028174,20.938798904418945,0.004385411739349365,0.0006979599711485207,20.201731473207474
3500.0,71,5,9.942793846130371,-88.1316385816497,-55.11936667255734,2.40625,3.4421660900115967,30.094889756121756,0.0,0.18309859154929575,-14.98353385925293,-0.0031381440348923206,-0.0004994511255063117,28.23099121451378
3500.0,71,6,13.31755256652832,-89.05634445459063,-54.708559108643726,0.0,4.489684581756592,100.0,1.0,0.09859154929577463,-10.289318084716797,-0.0021549896337091923,-0.0003429772623348981,41.11059755086899
3500.0,71,7,19.918474197387695,-84.3953422648865,-55.858041222767895,5.33203125,6.6314005851745605,19.594191581179476,0.0,0.11267605633802813,15.01350212097168,0.0031444206833839417,0.0005004500853829086,28.174638748168945
3500.0,71,8,11.871485710144043,-93.33652398224821,-57.846529037545835,1.326171875,4.034463405609131,67.12891550444557,0.0,0.18309859154929575,24.12087631225586,0.00505186477676034,0.0008040292304940522,17.536677420139313
3500.0,71,9,30.0,-75.96552742672702,-52.97579122062927,5.5546875,9.967226028442383,44.270477220550674,0.0,0.05633802816901412,-8.190277099609375,-0.0017153675435110927,-0.0002730092382989824,51.646605134010315
3500.0,72,0,30.0,-71.66567909732632,-47.42485179896146,5.5546875,9.967226028442383,44.270477220550674,0.0,0.04166666666666663,-14.977638244628906,-0.0031369091011583805,-0.0004992546164430678,28.24210375547409
3500.0,72,1,30.0,-70.7839936263052,-52.9337489572182,5.5546875,9.967226028442383,44.270477220550674,0.0,0.09722222222222221,2.899829387664795,0.0006073388503864408,9.666098048910499e-05,145.8706557750702
3500.0,72,2,30.0,-77.71780914810891,-56.78013735208948,5.5546875,9.967226028442383,44.270477220550674,0.0,0.16666666666666663,35.863304138183594,0.00751119339838624,0.0011954434448853135,11.794785968959332
3500.0,72,3,21.628803253173828,-83.20200866786288,-52.27746738334298,5.5546875,7.194814205169678,22.795956342989378,0.0,0.1527777777777778,21.1011962890625,0.004419424571096897,0.0007033732254058123,20.046256482601166
3500.0,72,4,7.0394606590271,-96.48334799204201,-57.61649710917578,1.6953125,2.598750591278076,34.76432460699361,0.0,0.125,20.964412689208984,0.00439077615737915,0.0006988137611187994,20.177049562335014
3500.0,72,5,19.064342498779297,-88.00437506318116,-55.220374257964046,1.17578125,6.350822448730469,81.48615774583591,0.0,0.18055555555555558,-17.540576934814453,-0.0036736903712153435,-0.0005846858839504421,24.115512147545815
3500.0,72,6,11.31120491027832,-88.89311409778736,-54.82455300901955,3.609375,3.8604142665863037,6.502910031163401,0.0,0.09722222222222221,4.1025309562683105,0.0008592320955358446,0.00013675102673005313,103.10708731412888
3500.0,72,7,22.948530197143555,-84.17315103809982,-55.764775498248234,5.33203125,7.630635738372803,30.12336805455962,0.0,0.11111111111111116,12.25398063659668,0.0025664677377790213,0.0004084660322405398,34.51939672231674
3500.0,72,8,13.506385803222656,-93.21036696977494,-57.75069099894691,1.4765625,4.549678325653076,67.54578248588489,0.0,0.18055555555555558,23.43844223022461,0.004908936098217964,0.0007812814437784255,18.04727502167225
3500.0,72,9,30.0,-76.0262479157921,-53.03082255304318,5.5546875,9.967226028442383,44.270477220550674,0.0,0.05555555555555558,-7.8954010009765625,-0.001653609098866582,-0.00026318003074266016,53.57549339532852
3500.0,73,0,30.0,-71.95568031827365,-47.66604785068668,5.5546875,9.967226028442383,44.270477220550674,0.0,0.04109589041095896,-16.765169143676758,-0.00351128913462162,-0.0005588390049524605,25.230882689356804
3500.0,73,1,30.0,-67.19785430914696,-52.90161009277075,5.5546875,9.967226028442383,44.270477220550674,0.0,0.09589041095890416,-2.370903491973877,-0.0004965608823113143,-7.903012010501698e-05,178.4130036830902
3500.0,73,2,25.84619140625,-77.58165581494029,-56.605861949867,5.5546875,8.589669227600098,35.33292897761622,0.0,0.1643835616438356,32.88071060180664,0.0068865204229950905,0.0010960237123072147,12.864685617387295
3500.0,73,3,17.356637954711914,-82.9390796386093,-52.08584192824394,5.115234375,5.792025566101074,11.684879208098165,0.0,0.15068493150684936,17.763769149780273,0.0037204353138804436,0.000592125637922436,23.812513798475266
3500.0,73,4,4.8646416664123535,-96.37637652251279,-57.5792567796116,1.4765625,2.0233395099639893,27.02349295663784,0.0,0.12328767123287676,12.187929153442383,0.0025526341050863266,0.00040626429836265743,34.706469625234604
3500.0,73,5,15.294930458068848,-87.88060678385801,-55.32183942024362,3.322265625,5.122875213623047,35.14841790084524,0.0,0.17808219178082196,-18.911422729492188,-0.0039607989601790905,-0.0006303807604126632,22.367434576153755
3500.0,73,6,10.871039390563965,-89.06098653660734,-54.93994301916433,3.029296875,3.7247509956359863,18.67115738611247,0.0,0.09589041095890416,-9.11892318725586,-0.0019098629709333181,-0.0003039641014765948,46.38705775141716
3500.0,73,7,21.768123626708984,-83.95786807852723,-55.67156564816179,5.5546875,7.24078369140625,23.286100831977606,0.0,0.1095890410958904,9.770533561706543,0.002046335954219103,0.0003256844647694379,43.29343885183334
3500.0,73,8,15.403365135192871,-93.09104789979541,-57.65384223552293,1.9140625,5.157875061035156,62.890483438428646,0.0,0.17808219178082196,22.90188217163086,0.004796558991074562,0.0007633960922248662,18.470097333192825
3500.0,73,9,24.327362060546875,-76.08745971820362,-53.08567839122774,5.5546875,8.086691856384277,31.310756009397245,0.0,0.0547945205479452,-8.409204483032227,-0.001761219697073102,-0.00028030682005919516,50.30202493071556
3500.0,74,0,30.0,-72.2691056118174,-47.928000683468,5.5546875,9.967226028442383,44.270477220550674,0.0,0.04054054054054057,-18.67249298095703,-0.003910757601261139,-0.0006224164390005171,22.653643041849136
3500.0,74,1,30.0,-67.15773364931258,-52.874924224378084,5.5546875,9.967226028442383,44.270477220550674,0.0,0.09459459459459463,-0.0277605801820755,-5.814161340822466e-06,-9.253527082364599e-07,15237.434387207031
3500.0,74,2,29.584125518798828,-78.43748982340904,-56.42793221812961,5.5546875,9.82922077178955,43.488017728299646,0.0,0.16216216216216217,37.636619567871094,0.00788259506225586,0.0012545540230348706,11.23905461281538
3500.0,74,3,20.29726219177246,-82.68892358751565,-51.96164476225319,3.609375,6.756014347076416,46.575379882638735,0.0,0.14864864864864868,5.827186107635498,0.0012204430531710386,0.00019423953199293464,72.59078323841095
3500.0,74,4,5.010928153991699,-96.19968329365054,-57.54203445616892,1.17578125,2.0601322650909424,42.92690474666701,0.0,0.1216216216216216,2.1781575679779053,0.00045619229786098003,7.260525308083743e-05,194.20082867145538
3500.0,74,5,14.845660209655762,-87.17563565098617,-55.42269616401705,2.5703125,4.97813606262207,48.36797412390991,0.0,0.17567567567567566,-16.854248046875,-0.0035299453884363174,-0.0005618082941509783,25.097530335187912
3500.0,74,6,11.018988609313965,-88.97960756047917,-55.054661603344435,3.029296875,3.7702391147613525,19.652393845801274,0.0,0.09459459459459463,-5.023675441741943,-0.0010521560907363892,-0.00016745584434829652,84.20129865407944
3500.0,74,7,20.197423934936523,-82.71753087963776,-55.5775270136265,5.5546875,6.723159313201904,17.379802541752053,0.0,0.10810810810810811,12.041145324707031,0.002521891612559557,0.00040137150790542364,35.12955084443092
3500.0,74,8,15.132996559143066,-93.05743280378971,-57.55514393864404,2.5703125,5.070653915405273,49.31003884546187,0.0,0.17567567567567566,23.20841407775879,0.0048607587814331055,0.0007736138068139553,18.226148560643196
3500.0,74,9,28.949419021606445,-76.18827218001485,-53.14034506029089,5.5546875,9.61862564086914,42.250715357936755,0.0,0.05405405405405406,-8.160964965820312,-0.0017092287307605147,-0.0002720321645028889,51.832105964422226
3500.0,75,0,30.0,-72.596929461302,-48.20551243169649,5.5546875,9.967226028442383,44.270477220550674,0.0,0.040000000000000036,-20.267200469970703,-0.00424475222826004,-0.0006755733629688621,20.871160551905632
3500.0,75,1,30.0,-67.13498491382248,-52.853632199270194,5.5546875,9.967226028442383,44.270477220550674,0.0,0.09333333333333338,-1.7608952522277832,-0.00036880106199532747,-5.869651067769155e-05,240.21872878074646
3500.0,75,2,24.93749237060547,-78.29268344510895,-56.246195420984414,5.5546875,8.288677215576172,32.9846324626857,0.0,0.16000000000000003,34.83637237548828,0.007296112831681967,0.001161212450824678,12.142481282353401
3500.0,75,3,26.715078353881836,-82.408897956173,-51.766501667551836,4.5234375,8.8776273727417,49.04677443559995,0.0,0.1466666666666666,14.099011421203613,0.0029528900049626827,0.0004699670535046607,30.002104118466377
3500.0,75,4,2.5257132053375244,-96.25554855073075,-57.50535650977299,1.17578125,1.4796648025512695,20.53732386060052,0.0,0.12,12.138797760009766,0.0025423439219594,0.00040462659671902657,34.846942871809006
3500.0,75,5,12.235441207885742,-83.19645047519657,-55.523903725528996,2.40625,4.148271560668945,41.99391325258438,0.0,0.17333333333333334,-18.25934600830078,-0.0038242286536842585,-0.0006086448556743562,23.166218772530556
3500.0,75,6,13.640043258666992,-88.79149456697768,-55.168622537570016,3.029296875,4.592210292816162,34.03401234174991,0.0,0.09333333333333338,1.6700329780578613,0.00034977091127075255,5.566776599152945e-05,253.2884180545807
3500.0,75,7,25.71160316467285,-82.52216594133414,-55.48197503825047,5.5546875,8.545077323913574,34.99546827440527,0.0,0.10666666666666669,17.14674949645996,0.003591206856071949,0.0005715583101846278,24.669399484992027
3500.0,75,8,14.605122566223145,-92.32382904311193,-57.45563153544477,2.5703125,4.900835990905762,47.553590759421425,0.0,0.17333333333333334,23.688596725463867,0.0049613285809755325,0.0007896199240349233,17.856692895293236
3500.0,75,9,23.819669723510742,-76.19314903512412,-53.19477267098509,5.5546875,7.918697357177734,29.85351946851369,0.0,0.053333333333333344,-8.32664680480957,-0.0017439289949834347,-0.0002775549073703587,50.80076307058334
3500.0,76,0,30.0,-72.93805658906106,-48.49443431116488,5.5546875,9.967226028442383,44.270477220550674,0.0,0.03947368421052633,-21.994173049926758,-0.004606449045240879,-0.0007331391097977757,19.232366234064102
3500.0,76,1,24.93930435180664,-66.9955059214631,-52.83723635435623,5.5546875,8.289277076721191,32.98948209127609,0.0,0.09210526315789469,-11.45311450958252,-0.002398734912276268,-0.0003817704855464399,36.933187395334244
3500.0,76,2,30.0,-78.14506212274422,-56.06049855553152,5.5546875,9.967226028442383,44.270477220550674,0.0,0.1578947368421053,35.41328811645508,0.007416942156851292,0.0011804429814219475,11.944669298827648
3500.0,76,3,25.76978874206543,-82.19032934828606,-51.6402021121759,5.5546875,8.56435489654541,35.141787477296326,0.0,0.14473684210526316,15.616607666015625,0.003270734567195177,0.0005205536144785583,27.086548507213593
3500.0,76,4,7.616722106933594,-96.43472507657842,-57.4674093525917,0.876953125,2.760561466217041,68.23279844582703,0.0,0.11842105263157898,5.148879051208496,0.001078378758393228,0.00017162930453196168,82.1538046002388
3500.0,76,5,16.844697952270508,-83.02693956300894,-55.623421141924084,1.6953125,5.625216960906982,69.86227354817163,0.0,0.17105263157894735,-17.94921875,-0.0037592758890241385,-0.0005983072915114462,23.566486313939095
3500.0,76,6,19.053144454956055,-89.72896390289286,-55.28189018906729,3.90234375,6.347148895263672,38.51816280988805,0.0,0.09210526315789469,-15.907743453979492,-0.0033317101188004017,-0.0005302581121213734,26.590824127197266
3500.0,76,7,24.392637252807617,-82.31297297110808,-55.38448635144606,5.5546875,8.108296394348145,31.493778349396884,0.0,0.10526315789473684,11.840132713317871,0.0024797916412353516,0.0003946711076423526,35.725951194763184
3500.0,76,8,13.591811180114746,-92.29080883730084,-57.35532699152264,2.40625,4.5768561363220215,47.42570165350071,0.0,0.17105263157894735,23.723522186279297,0.0049686431884765625,0.0007907840772531927,17.83040538430214
3500.0,76,9,29.945226669311523,-76.3021521718027,-53.24900096274443,5.5546875,9.949049949645996,44.16866406226411,0.0,0.052631578947368474,-10.03548812866211,-0.0021018278785049915,-0.00033451628405600786,42.15041548013687
3500.0,77,0,27.818248748779297,-73.28572779959204,-48.79092879706275,5.5546875,9.24340534210205,39.90648149227648,0.0,0.038961038961038974,-23.500410079956055,-0.004921914543956518,-0.0007833470008336008,17.999686300754547
3500.0,77,1,30.0,-66.97935898575153,-52.82505017873156,5.5546875,9.967226028442383,44.270477220550674,0.0,0.09090909090909094,-0.8186912536621094,-0.00017146630852948874,-2.7289708668831736e-05,516.6782736778259
3500.0,77,2,26.630908966064453,-77.99375914215628,-55.87067476539294,5.5546875,8.849727630615234,37.233237768992936,0.0,0.1558441558441559,36.51817321777344,0.007648348808288574,0.001217272481881082,11.583274230360985
3500.0,77,3,19.229196548461914,-81.85857440223359,-51.4420404693262,0.0,6.404927730560303,100.0,1.0,0.1558441558441559,15.047088623046875,0.0031514549627900124,0.0005015696515329182,28.11175025999546
3500.0,77,4,8.854915618896484,-96.44208154728524,-57.42950913321831,1.6953125,3.1180784702301025,45.62957551626684,0.0,0.11688311688311692,15.217350006103516,0.003187114605680108,0.0005072450148873031,27.797218412160873
3500.0,77,5,15.38955307006836,-82.7663693385121,-55.72319823848922,3.029296875,5.153415679931641,41.21768816754593,0.0,0.16883116883116878,-19.5477294921875,-0.00409406702965498,-0.0006515909917652607,21.639341488480568
3500.0,77,6,10.95411205291748,-89.22781724271856,-55.39448795724415,0.0,3.7502779960632324,100.0,1.0,0.10389610389610393,-12.833873748779297,-0.0026879203505814075,-0.0004277958068996668,32.959651201963425
3500.0,77,7,22.9920711517334,-82.07676200801706,-55.28458712912627,5.5546875,7.645027160644531,27.342475268175505,0.0,0.10389610389610393,5.892642021179199,0.0012341521214693785,0.00019642140250653028,71.78443670272827
3500.0,77,8,13.665616035461426,-92.17369413263694,-57.253747184010386,2.16015625,4.6003546714782715,53.04370196948622,0.0,0.16883116883116878,24.29104995727539,0.005087506026029587,0.0008097016834653914,17.413821071386337
3500.0,77,9,28.637481689453125,-76.32325393893632,-53.30298232333145,5.5546875,9.515138626098633,41.622631910329666,0.0,0.051948051948051965,-9.361621856689453,-0.0019606933929026127,-0.0003120540641248226,45.18447816371918
3500.0,78,0,26.05800437927246,-73.63675772536247,-49.092007770026086,5.5546875,8.659852981567383,35.85702307160146,0.0,0.038461538461538436,-24.784523010253906,-0.005190858617424965,-0.0008261507609859109,17.06710271537304
3500.0,78,1,30.0,-66.97141648477547,-52.816763212213765,5.5546875,9.967226028442383,44.270477220550674,0.0,0.08974358974358976,-0.8588963150978088,-0.0001798868179321289,-2.8629878215724602e-05,492.49252676963806
3500.0,78,2,24.88529396057129,-77.8392061805541,-55.67657349948754,5.5546875,8.271392822265625,32.84459317362574,0.0,0.15384615384615385,36.01802062988281,0.007543596439063549,0.0012006006436422467,11.744121089577675
3500.0,78,3,15.029717445373535,-81.3530327977159,-51.313922403150684,3.90234375,5.037378311157227,22.53224774965288,0.0,0.15384615384615385,10.022629737854004,0.0020991347264498472,0.00033408767194487154,42.204491794109344
3500.0,78,4,6.801257610321045,-96.33603330600222,-57.38959977479904,2.16015625,2.532986879348755,14.719011471729837,0.0,0.11538461538461542,16.45438003540039,0.003446197137236595,0.0005484793218784034,25.707440450787544
3500.0,78,5,20.78319549560547,-82.5168927170775,-55.82316358785579,2.56640625,6.916024208068848,62.891884516456685,0.0,0.16666666666666663,-19.808996200561523,-0.004148786887526512,-0.0006602999055758119,21.353933960199356
3500.0,78,6,15.337288856506348,-89.18869619641696,-55.50646768488679,2.73046875,5.136544227600098,46.84230040640119,0.0,0.10256410256410253,-10.78523063659668,-0.0022588535211980343,-0.0003595076850615442,39.22030329704285
3500.0,78,7,23.18033218383789,-81.88165536011698,-55.181645969613236,5.5546875,7.7072601318359375,27.929155043624764,0.0,0.10256410256410253,7.858067512512207,0.001645789947360754,0.0002619355800561607,53.83003130555153
3500.0,78,8,14.62742805480957,-92.13970743717482,-57.15071187489076,2.16015625,4.9079976081848145,55.98701502222375,0.0,0.16666666666666663,22.882091522216797,0.004792414139956236,0.0007627363665960729,18.48607324063778
3500.0,78,9,23.738433837890625,-75.96014953446307,-53.35673836775517,5.5546875,7.891824722290039,29.614662065275212,0.0,0.05128205128205132,-7.1689043045043945,-0.0015014519449323416,-0.0002389634755672887,59.004832059144974
3500.0,79,0,26.30670738220215,-73.98458306551109,-49.39536840077397,5.5546875,8.74227237701416,36.461742891873264,0.0,0.03797468354430378,-26.852617263793945,-0.005623999051749706,-0.0008950872579589486,15.752654522657394
3500.0,79,1,30.0,-66.97394610880846,-52.81257627362774,5.5546875,9.967226028442383,44.270477220550674,0.0,0.08860759493670889,1.7928729057312012,0.00037549843546003103,5.976243119221181e-05,235.93418300151825
3500.0,79,2,22.65869140625,-79.9149604071491,-55.47805417745625,5.5546875,7.534855842590332,26.28010918798932,0.0,0.15189873417721522,39.17418670654297,0.008204622194170952,0.0013058062177151442,10.797927156090736
3500.0,79,3,24.65118408203125,-81.0866003881152,-51.11358741896131,2.73046875,8.19388198852539,66.67673815874193,0.0,0.15189873417721522,13.742167472839355,0.0028781527653336525,0.00045807225978933275,30.78117035329342
3500.0,79,4,2.097378969192505,-96.11702507135894,-57.34945747419108,0.0,1.3900246620178223,100.0,1.0,0.12658227848101267,13.859333038330078,0.0029026921838521957,0.00046197776100598276,30.520949512720108
3500.0,79,5,24.319915771484375,-82.247600711987,-55.922385756195624,4.212890625,8.084226608276367,47.88752432190632,0.0,0.16455696202531644,-19.88402557373047,-0.004164500627666712,-0.0006628008559346199,21.273357793688774
3500.0,79,6,12.114713668823242,-89.50842953380146,-55.61784867317913,0.0,4.1104583740234375,100.0,1.0,0.11392405063291144,-12.426443099975586,-0.002602588152512908,-0.0004142147663515061,34.040313214063644
3500.0,79,7,22.4742488861084,-81.69146793068194,-55.07485012393664,5.5546875,7.473922252655029,25.679083723051065,0.0,0.10126582278481011,7.485422134399414,0.0015677431365475059,0.00024951406521722674,56.5098412334919
3500.0,79,8,13.084551811218262,-92.05341507091606,-57.046801802860195,2.5703125,4.415818691253662,41.79306987646538,0.0,0.16455696202531644,23.967262268066406,0.005019691772758961,0.0007989087607711554,17.649075016379356
3500.0,79,9,29.131656646728516,-75.52760790433152,-53.410353062324255,5.5546875,9.679088592529297,42.611461328215064,0.0,0.05063291139240511,-8.115182876586914,-0.0016996400663629174,-0.0002705061051528901,52.124518901109695
3500.0,80,0,30.0,-74.24678384189022,-49.698630153419174,5.5546875,9.967226028442383,44.270477220550674,0.0,0.03749999999999998,-25.817424774169922,-0.005407189019024372,-0.0008605808252468705,16.38428308069706
3500.0,80,1,30.0,-66.99124722300304,-52.81371019467768,5.5546875,9.967226028442383,44.270477220550674,0.0,0.08750000000000002,0.706872820854187,0.0001480471109971404,2.3562428395962343e-05,598.4103679656982
3500.0,80,2,27.16692352294922,-79.7396989947492,-55.274885064543334,5.115234375,9.027423858642578,43.33672091730985,0.0,0.15000000000000002,36.07902526855469,0.007556373253464699,0.0012026341864839196,11.724263429641724
3500.0,80,3,18.069921493530273,-80.88080392042217,-50.984305472565445,0.0,6.025024890899658,100.0,1.0,0.16249999999999998,13.024291038513184,0.002727801213040948,0.0004341430321801454,32.47777745127678
3500.0,80,4,3.5353474617004395,-96.07108357663314,-57.309763286934206,0.6015625,1.7035510540008545,64.68773280453159,0.0,0.125,-22.65338706970215,-0.004744514357298613,-0.0007551129092462361,18.672704696655273
3500.0,80,5,24.256919860839844,-82.57142190431156,-56.021718003715584,5.33203125,8.06337833404541,33.87348293596797,0.0,0.16249999999999998,-19.893390655517578,-0.004166462458670139,-0.0006631130236200988,21.26334421336651
3500.0,80,6,30.0,-73.62399656501427,-55.72849422369165,3.029296875,9.967226028442383,69.60742270361256,0.0,0.11250000000000004,-16.132389068603516,-0.0033787598367780447,-0.0005377462948672473,26.220543310046196
3500.0,80,7,22.545867919921875,-81.49198603931124,-54.96296646218346,5.5546875,7.4975810050964355,25.913604718318684,0.0,0.09999999999999998,10.78957748413086,0.002259763889014721,0.00035965259303338826,39.20450061559677
3500.0,80,8,16.229219436645508,-91.96158709821658,-56.941604322987786,2.16015625,5.4252028465271,60.18294041516241,0.0,0.16249999999999998,21.690093994140625,0.004542762413620949,0.0007230031187646091,19.50198970735073
3500.0,80,9,30.0,-75.08436974663361,-53.463712648396346,5.5546875,9.967226028442383,44.270477220550674,0.0,0.050000000000000044,-8.004399299621582,-0.0016764375614002347,-0.00026681332383304834,52.84593999385834
3500.0,81,0,30.0,-74.57807067138162,-50.00034456406911,5.5546875,9.967226028442383,44.270477220550674,0.0,0.03703703703703709,-26.377273559570312,-0.0055244434624910355,-0.0008792424341663718,16.036532819271088
3500.0,81,1,30.0,-67.02054351276988,-52.8202583322976,5.5546875,9.967226028442383,44.270477220550674,0.0,0.0864197530864198,-1.7943637371063232,-0.00037581069045700133,-5.981212598271668e-05,235.73815822601318
3500.0,81,2,29.255950927734375,-79.58924225391885,-55.0669070058085,5.5546875,9.720328330993652,42.854939557045014,0.0,0.14814814814814814,35.210243225097656,0.007374417036771774,0.0011736748274415731,12.013549916446209
3500.0,81,3,17.624279022216797,-80.59186494324729,-50.78264647359756,3.322265625,5.8793768882751465,43.49289579265832,0.0,0.16049382716049387,7.668542861938477,0.0016060959314927459,0.0002556180988904089,55.160414427518845
3500.0,81,4,4.521290302276611,-96.00499121748184,-57.270755799514816,0.876953125,1.938185453414917,54.75391049629004,0.0,0.12345679012345678,9.735865592956543,0.0020390748977661133,0.00032452886807732284,43.44760254025459
3500.0,81,5,23.871566772460938,-82.30505892988616,-56.119602303232945,5.33203125,7.935866832733154,32.81097878297411,0.0,0.16049382716049387,-20.034393310546875,-0.0041959937661886215,-0.0006678131176158786,21.113691851496696
3500.0,81,6,30.0,-73.25326387785539,-55.83833389317017,5.5546875,9.967226028442383,44.270477220550674,0.0,0.11111111111111116,-19.54593276977539,-0.004093690775334835,-0.0006515310960821807,21.641330793499947
3500.0,81,7,24.085166931152344,-81.31731962398123,-54.84466194009528,5.5546875,8.006540298461914,30.62312443406954,0.0,0.09876543209876543,8.873037338256836,0.0018583645578473806,0.0002957679098471999,47.672513872385025
3500.0,81,8,3.6472861766815186,-93.67525257017635,-56.83461725277571,0.0,1.7294209003448486,100.0,1.0,0.1728395061728395,27.165964126586914,0.005689626559615135,0.000905532157048583,15.570955350995064
3500.0,81,9,28.567550659179688,-75.76891119013303,-53.51688035031931,5.5546875,9.49194049835205,41.47995869796718,0.0,0.04938271604938271,-5.474978923797607,-0.0011466769501566887,-0.00018249929416924715,77.2605761885643
3500.0,82,0,30.0,-74.90415923805217,-50.298967214528844,5.5546875,9.967226028442383,44.270477220550674,0.0,0.03658536585365857,-27.36249542236328,-0.005730787757784128,-0.0009120831964537501,15.45911654829979
3500.0,82,1,30.0,-67.05533199448139,-52.831419287206955,5.5546875,9.967226028442383,44.270477220550674,0.0,0.08536585365853655,-2.3326971530914307,-0.0004885589587502182,-7.775657286401838e-05,181.33515119552612
3500.0,82,2,28.204811096191406,-79.5482318475871,-54.85385426503331,5.5546875,9.371615409851074,40.728601664968764,0.0,0.14634146341463417,35.58140563964844,0.007452152203768492,0.0011860468657687306,11.888232082128525
3500.0,82,3,29.203174591064453,-80.3764304547197,-50.65273010550328,3.322265625,9.7028169631958,65.75978257034181,0.0,0.1585365853658537,16.709644317626953,0.0034996597096323967,0.000556988175958395,25.31472221016884
3500.0,82,4,5.5873003005981445,-93.78746304363277,-57.230120536501154,1.02734375,2.2079484462738037,53.470664057678775,0.0,0.12195121951219512,9.519989967346191,0.0019938619807362556,0.00031733300420455635,44.43282261490822
3500.0,82,5,21.836074829101562,-82.04261822452358,-56.217562756148084,5.115234375,7.263208866119385,29.57335429439485,0.0,0.1585365853658537,-19.846511840820312,-0.004156643524765968,-0.0006615503807552159,21.313568577170372
3500.0,82,6,30.0,-70.32350558270954,-55.945506372917684,5.5546875,9.967226028442383,44.270477220550674,0.0,0.1097560975609756,-20.424076080322266,-0.0042776083573699,-0.0006808025646023452,20.71085199713707
3500.0,82,7,26.79115104675293,-81.10894865527729,-54.71837488263201,5.5546875,8.90284538269043,37.607728077589286,0.0,0.09756097560975607,11.298763275146484,0.002366407308727503,0.0003766254521906376,37.43772581219673
3500.0,82,8,10.281326293945312,-89.86851568558498,-56.7266125854761,0.490234375,3.5446362495422363,86.16968454624053,0.0,0.1707317073170732,23.708724975585938,0.004965543746948242,0.0007902908255346119,17.841532826423645
3500.0,82,9,30.0,-75.1194936539743,-53.56973922510825,5.5546875,9.967226028442383,44.270477220550674,0.0,0.04878048780487809,-6.183753490447998,-0.001295122317969799,-0.00020612511434592307,68.40505450963974
3500.0,83,0,30.0,-75.22128829145556,-50.5938095731705,5.5546875,9.967226028442383,44.270477220550674,0.0,0.03614457831325302,-27.582529067993164,-0.005776871927082539,-0.0009194176527671516,15.335794538259506
3500.0,83,1,25.483688354492188,-67.10035432814519,-52.84680897900397,5.5546875,8.469573974609375,34.41597515232533,0.0,0.08433734939759041,2.310854911804199,0.0004839843022637069,7.70284968893975e-05,183.04914236068726
3500.0,83,2,26.789308547973633,-79.3758503680739,-54.63559370187992,5.5546875,8.902234077453613,37.603443678613566,0.0,0.14457831325301207,35.14054870605469,0.007359819486737251,0.0011713516432791948,12.037375941872597
3500.0,83,3,19.620882034301758,-80.10173666174413,-50.450884003274254,5.5546875,6.533574104309082,14.9824060870983,0.0,0.15662650602409633,11.458993911743164,0.0023999661207199097,0.00038196647074073553,36.91423684358597
3500.0,83,4,7.770864963531494,-93.81640609370307,-57.18933281805751,1.326171875,2.804323673248291,52.70974289983171,0.0,0.12048192771084343,13.8319091796875,0.0028969482518732548,0.0004610636387951672,30.581463128328323
3500.0,83,5,24.384410858154297,-81.78277710038867,-56.31350036611067,4.5234375,8.105573654174805,44.1934933541664,0.0,0.15662650602409633,-19.900142669677734,-0.004167876206338406,-0.0006633381126448512,21.256130188703537
3500.0,83,6,30.0,-70.13071728777811,-56.04592729209043,5.5546875,9.967226028442383,44.270477220550674,0.0,0.10843373493975905,-19.552968978881836,-0.004095164127647877,-0.0006517656147480011,21.633543074131012
3500.0,83,7,23.34530258178711,-80.15998908851554,-54.582885738892,5.5546875,7.761804580688477,28.435617745128848,0.0,0.09638554216867468,15.522459030151367,0.003251016139984131,0.0005174152902327478,27.25083753466606
3500.0,83,8,13.594329833984375,-89.85442936107803,-56.617382570790895,1.326171875,4.577657222747803,71.02946309719654,0.0,0.1686746987951807,21.88574981689453,0.00458374060690403,0.0007295249961316586,19.327646121382713
3500.0,83,9,30.0,-74.57548554579047,-53.62240157430757,5.5546875,9.967226028442383,44.270477220550674,0.0,0.048192771084337394,-7.27166748046875,-0.0015229745768010616,-0.0002423889236524701,58.17097797989845
3500.0,84,0,27.159929275512695,-75.5295366270087,-50.88409875646134,5.5546875,9.025105476379395,38.452935375239775,0.0,0.0357142857142857,-31.162546157836914,-0.006526668556034565,-0.0010387515649199486,13.573987409472466
3500.0,84,1,25.767560958862305,-67.1485436311692,-52.8663504264776,5.5546875,8.563616752624512,35.136197001136914,0.0,0.08333333333333337,-5.618192672729492,-0.001176671590656042,-0.00018727309361565858,75.29111951589584
3500.0,84,2,26.16545295715332,-79.22629849711441,-54.41189539538556,5.5546875,8.695460319519043,36.11968434228636,0.0,0.1428571428571429,36.09630584716797,0.007559993304312229,0.0012032102094963193,11.71865127980709
3500.0,84,3,27.524065017700195,-79.89037405052146,-50.32142639033624,3.90234375,9.145845413208008,57.33206091189322,0.0,0.15476190476190477,15.298666000366211,0.0032041454687714577,0.0005099555128253996,27.649469673633575
3500.0,84,4,9.551944732666016,-94.1313958384026,-57.148922450783814,1.6953125,3.324774742126465,49.0097034689421,0.0,0.11904761904761907,30.852313995361328,0.0064616939052939415,0.0010284105082973838,13.710479252040386
3500.0,84,5,27.92096710205078,-81.52662032758028,-56.40979119601992,5.33203125,9.277471542358398,42.52710745966287,0.0,0.15476190476190477,-20.03573989868164,-0.004196275491267443,-0.0006678579957224429,21.112272515892982
3500.0,84,6,30.0,-69.82640498602457,-56.13628363837576,5.5546875,9.967226028442383,44.270477220550674,0.0,0.1071428571428571,-18.286174774169922,-0.003829847788438201,-0.0006095391581766307,23.13223108649254
3500.0,84,7,24.915882110595703,-79.9580870445939,-54.437467335772695,5.5546875,8.28152084350586,32.926721975760856,0.0,0.09523809523809523,12.426210403442383,0.0026025394909083843,0.0004142070247326046,34.04095023870468
3500.0,84,8,11.503805160522461,-89.86857415907912,-56.50597438154053,2.16015625,3.9200797080993652,44.89509370085377,0.0,0.16666666666666663,21.4625244140625,0.00449510058388114,0.000715417496394366,19.708773121237755
3500.0,84,9,30.0,-74.06615156964918,-53.67484759896598,5.5546875,9.967226028442383,44.270477220550674,0.0,0.04761904761904767,-8.621198654174805,-0.001805619802325964,-0.000287373288301751,49.065105617046356
3500.0,85,0,28.779573440551758,-75.78204821033046,-51.16930243827632,5.5546875,9.562276840209961,41.910409070753964,0.0,0.03529411764705881,-32.13493347167969,-0.006730325520038605,-0.001071164500899613,13.163245283067226
3500.0,85,1,24.862510681152344,-67.20693394395026,-52.890200475976826,5.5546875,8.263849258422852,32.783291099623625,0.0,0.08235294117647063,-2.917189359664917,-0.0006109747337177396,-9.723964467411861e-05,145.0025886297226
3500.0,85,2,25.57402229309082,-79.04237955858068,-54.18254207026537,5.5546875,8.49949836730957,34.64687843974161,0.0,0.14117647058823535,36.59217071533203,0.007663846015930176,0.0012197390897199512,11.559850536286831
3500.0,85,3,23.637758255004883,-79.60317116284781,-50.12116916479265,5.5546875,7.858523368835449,29.316396487052167,0.0,0.15294117647058825,13.315505981445312,0.0027887930627912283,0.0004438502073753625,31.767476350069046
3500.0,85,4,8.125493049621582,-94.08318577397458,-57.1063999537161,2.16015625,2.9058425426483154,25.661620741800927,0.0,0.11764705882352944,7.829776763916016,0.0016398646403104067,0.0002609925577417016,54.024528712034225
3500.0,85,5,25.193466186523438,-81.28092181865988,-56.50637684384952,5.5546875,8.373445510864258,33.66306029228967,0.0,0.15294117647058825,-20.230863571166992,-0.004237142391502857,-0.0006743621197529137,20.908648148179054
3500.0,85,6,30.0,-69.65882179837563,-56.21527670618908,5.5546875,9.967226028442383,44.270477220550674,0.0,0.10588235294117643,-15.550840377807617,-0.003256960539147258,-0.0005183613393455744,27.201103046536446
3500.0,85,7,26.994068145751953,-79.29715545856459,-54.28249474607529,5.5546875,8.970114707946777,38.07562466197887,0.0,0.09411764705882353,13.645604133605957,0.00285792862996459,0.00045485346345230937,30.998993664979935
3500.0,85,8,17.375139236450195,-81.54392034033225,-56.39356806994971,1.4765625,5.798061370849609,74.53351378059604,0.0,0.16470588235294115,23.162412643432617,0.004851124249398708,0.0007720804424025118,18.26234720647335
3500.0,85,9,30.0,-73.592596647021,-53.727075663416514,5.5546875,9.967226028442383,44.270477220550674,0.0,0.04705882352941182,-5.766386985778809,-0.0012077093124389648,-0.00019221290131099522,73.35615903139114
3500.0,86,0,30.0,-76.11152765988082,-51.44900447560645,5.5546875,9.967226028442383,44.270477220550674,0.0,0.03488372093023251,-31.456676483154297,-0.006588270887732506,-0.0010485559469088912,13.447065837681293
3500.0,86,1,24.405254364013672,-67.2708577306655,-52.91855544115712,5.5546875,8.112473487854004,31.52905204169261,0.0,0.08139534883720934,-10.0203275680542,-0.00209865253418684,-0.00033401092514395714,42.21418872475624
3500.0,86,2,26.956363677978516,-78.84938551533901,-53.94728528597782,5.5546875,8.95761489868164,37.98921294531734,0.0,0.13953488372093026,35.157257080078125,0.007363319396972656,0.0011719085741788149,12.031655758619308
3500.0,86,3,23.192747116088867,-79.41438217409194,-49.993264454449246,5.33203125,7.71136474609375,30.85489500803369,0.0,0.15116279069767447,-5.966791152954102,-0.0012496819254010916,-0.0001988930453080684,70.89237868785858
3500.0,86,4,8.458467483520508,-94.2599561797922,-57.06340600606577,1.9140625,3.002176523208618,36.24417201309939,0.0,0.11627906976744184,12.796670913696289,0.002680128440260887,0.00042655569268390536,33.05547311902046
3500.0,86,5,25.169343948364258,-80.83992977404323,-56.60196472120243,5.5546875,8.365456581115723,33.59970915945921,0.0,0.15116279069767447,-19.735519409179688,-0.004133397713303566,-0.000657850643619895,21.43343724310398
3500.0,86,6,29.596832275390625,-69.50928810902298,-56.28347143842082,5.5546875,9.8334379196167,43.51225334001481,0.0,0.10465116279069764,-11.711498260498047,-0.002452850341796875,-0.00039038326940499246,36.11835092306137
3500.0,86,7,26.193349838256836,-79.05144577867705,-54.1196213828417,5.5546875,8.704704284667969,36.187522076037105,0.0,0.09302325581395354,16.378055572509766,0.0034302121493965387,0.0005459351814351976,25.82724206149578
3500.0,86,8,28.739662170410156,-81.44157336195944,-56.28005117180286,3.029296875,9.549036979675293,68.27641487358646,0.0,0.16279069767441856,22.78095817565918,0.004771232604980469,0.0007593652699142694,18.568139523267746
3500.0,86,9,30.0,-73.15292379636719,-53.77906376781126,5.5546875,9.967226028442383,44.270477220550674,0.0,0.046511627906976716,-8.664715766906738,-0.0018147339578717947,-0.0002888238523155451,48.8186813890934
3500.0,87,0,15.439371109008789,-82.02538535977854,-51.722977778221455,0.0,5.1695027351379395,100.0,1.0,0.04597701149425293,-40.504005432128906,-0.008483138866722584,-0.0013501335633918643,10.443411767482758
3500.0,87,1,30.0,-67.34271440334572,-52.95147193732021,5.5546875,9.967226028442383,44.270477220550674,0.0,0.08045977011494254,-3.690638542175293,-0.0007729656063020229,-0.00012302128016017377,114.61431533098221
3500.0,87,2,27.19435691833496,-78.64587174113112,-53.70591385136123,5.5546875,9.036520004272461,38.53067887445889,0.0,0.13793103448275867,35.788429260253906,0.007495511788874865,0.0011929476168006659,11.819463223218918
3500.0,87,3,24.915973663330078,-80.3353487853616,-49.7966017618612,5.115234375,8.2815523147583,38.233386923315116,0.0,0.14942528735632188,-2.916930675506592,-0.0006109205423854291,-9.72310226643458e-05,145.01544833183289
3500.0,87,4,10.46065902709961,-90.92758684701548,-57.02062440016264,1.9140625,3.5991992950439453,46.81976897929378,0.0,0.11494252873563215,11.128732681274414,0.0023307963274419308,0.00037095777224749327,38.00971806049347
3500.0,87,5,25.416330337524414,-80.6016403983976,-56.697443891500555,5.5546875,8.447261810302734,34.24274487118175,0.0,0.14942528735632188,-20.503890991210938,-0.00429432513192296,-0.0006834630621597171,20.630231127142906
3500.0,87,6,30.0,-69.37756711877924,-56.34281204484063,5.5546875,9.967226028442383,44.270477220550674,0.0,0.10344827586206895,-12.732817649841309,-0.002666755113750696,-0.0004244272713549435,33.22124108672142
3500.0,87,7,27.329631805419922,-78.82115750253932,-53.95153481515453,5.5546875,9.08137321472168,38.834277937224535,0.0,0.09195402298850575,16.97089958190918,0.0035543767735362053,0.0005656966823153198,24.925019592046738
3500.0,87,8,25.378976821899414,-80.06007985685564,-56.16379625935713,5.5546875,8.43488883972168,34.14628686223108,0.0,0.16091954022988508,22.60502815246582,0.004734386224299669,0.0007535009644925594,18.71265098452568
3500.0,87,9,30.0,-72.82169360505252,-53.83083291952886,5.5546875,9.967226028442383,44.270477220550674,0.0,0.04597701149425293,-7.803077220916748,-0.0016342727467417717,-0.0002601025626063347,54.2093850672245
3500.0,88,0,21.057405471801758,-82.25201358191903,-51.991041233069524,5.5546875,7.006383895874023,20.719623952220346,0.0,0.045454545454545414,-27.15190315246582,-0.005686681717634201,-0.0009050634689629078,15.579018741846085
3500.0,88,1,30.0,-67.44560582029683,-52.98849549390283,5.5546875,9.967226028442383,44.270477220550674,0.0,0.07954545454545459,-3.2549991607666016,-0.0006817254470661283,-0.00010849997488548979,129.95395064353943
3500.0,88,2,27.980684280395508,-78.42681715095321,-53.45821889585169,5.5546875,9.297276496887207,40.254681014813876,0.0,0.13636363636363635,35.83412170410156,0.007505081128329039,0.0011944707948714495,11.804391629993916
3500.0,88,3,25.044939041137695,-80.22732115638846,-49.67184236868255,5.5546875,8.324256896972656,33.27107069436895,0.0,0.1477272727272727,7.435449600219727,0.001557277049869299,0.00024784833658486605,56.88963457942009
3500.0,88,4,9.338640213012695,-90.89482694251018,-56.97828290552829,2.5703125,3.2611467838287354,21.18378379208262,0.0,0.11363636363636365,-0.5729597210884094,-0.00012000040442217141,-1.9098657503491268e-05,738.2718324661255
3500.0,88,5,25.824295043945312,-80.33921862048837,-56.791589234194966,5.5546875,8.582413673400879,35.27825957381413,0.0,0.1477272727272727,-20.495765686035156,-0.004292623605579138,-0.0006831922219134867,20.63841000199318
3500.0,88,6,30.0,-69.26298825474105,-56.39584719348591,5.5546875,9.967226028442383,44.270477220550674,0.0,0.10227272727272729,-11.63025951385498,-0.002435836009681225,-0.00038767533260397613,36.370642483234406
3500.0,88,7,26.591144561767578,-78.6108123481712,-53.78190341682207,5.5546875,8.836546897888184,37.13961387646235,0.0,0.09090909090909094,12.706790924072266,0.002661304082721472,0.00042355971527285874,33.289287239313126
3500.0,88,8,28.811708450317383,-79.98574198396575,-56.041378171160595,5.5546875,9.572938919067383,41.97510767632527,0.0,0.15909090909090906,23.05426788330078,0.004828474950045347,0.0007684755837544799,18.34801211953163
3500.0,88,9,30.0,-72.4497789452704,-53.88240592667863,5.5546875,9.967226028442383,44.270477220550674,0.0,0.045454545454545414,-7.834071636199951,-0.0016407641815021634,-0.0002611357194837183,53.99491265416145
3500.0,89,0,18.616409301757812,-82.46148101332933,-52.25283677239404,5.5546875,6.203941822052002,10.46519036887512,0.0,0.0449438202247191,-32.94188690185547,-0.006899332627654076,-0.0010980629594996572,12.840794399380684
3500.0,89,1,30.0,-67.54278481915152,-53.02991322813892,5.5546875,9.967226028442383,44.270477220550674,0.0,0.0786516853932584,-4.417243957519531,-0.0009251454030163586,-0.00014724147331435233,95.76106816530228
3500.0,89,2,27.261199951171875,-78.19030272405463,-53.203901090194975,5.5546875,9.058682441711426,38.681066085030224,0.0,0.1348314606741573,35.143341064453125,0.00736040435731411,0.0011714446591213346,12.036419473588467
3500.0,89,3,25.676103591918945,-80.04553042838683,-49.48133526523843,5.5546875,8.533317565917969,34.905885582116426,0.0,0.1460674157303371,12.316072463989258,0.002579472493380308,0.0004105357511434704,34.345366060733795
3500.0,89,4,12.3880033493042,-90.86564718200628,-56.933513115479755,2.16015625,4.196139812469482,48.520393825278184,0.0,0.1123595505617978,11.322410583496094,0.002371360082179308,0.00037741370033472776,37.359535694122314
3500.0,89,5,26.765207290649414,-80.14861937840345,-56.88564723629303,5.5546875,8.894245147705078,37.54739825860053,0.0,0.1460674157303371,-20.428009033203125,-0.0042784325778484344,-0.0006809336482547224,20.706864073872566
3500.0,89,6,30.0,-69.00534801622953,-56.44491454019624,5.5546875,9.967226028442383,44.270477220550674,0.0,0.101123595505618,-8.623631477355957,-0.0018061292357742786,-0.0002874543715734035,49.05126243829727
3500.0,89,7,25.174657821655273,-78.65883047929465,-53.61155522136434,5.5546875,8.367216110229492,33.613672375343384,0.0,0.0898876404494382,16.681079864501953,0.003493677591904998,0.0005560360150411725,25.35807155072689
3500.0,89,8,19.44432258605957,-80.17868103717846,-55.90936010258604,5.5546875,6.4755682945251465,14.22084908445359,0.0,0.1573033707865169,26.202518463134766,0.0054878429509699345,0.0008734173025004566,16.14348590373993
3500.0,89,9,30.0,-72.10730868029827,-53.93372248972551,5.5546875,9.967226028442383,44.270477220550674,0.0,0.0449438202247191,-7.93119478225708,-0.0016611056635156274,-0.0002643731713760644,53.33370715379715
3500.0,90,0,28.10774803161621,-81.94887136130346,-52.50787591420009,5.5546875,9.339420318603516,40.52427976782001,0.0,0.0444444444444444,-30.63762855529785,-0.0064167301170527935,-0.0010212543420493603,13.806551694869995
3500.0,90,1,30.0,-67.64741500597512,-53.07514971637501,5.5546875,9.967226028442383,44.270477220550674,0.0,0.07777777777777772,-4.7363481521606445,-0.0009919784497469664,-0.00015787826851010323,89.30931240320206
3500.0,90,2,27.602380752563477,-78.19211366546199,-52.94271712361093,5.5546875,9.171815872192383,39.43742899548378,0.0,0.1333333333333333,34.499183654785156,0.007225492037832737,0.001149972784332931,12.261159718036652
3500.0,90,3,25.903207778930664,-79.98338986506292,-49.36122517514624,5.5546875,8.608559608459473,35.474832577780944,0.0,0.1444444444444445,-4.500244140625,-0.0009425289463251829,-0.00015000814164523035,93.99490058422089
3500.0,90,4,13.700312614440918,-90.88036940827322,-56.888009817410314,3.029296875,4.61140775680542,34.30863123024793,0.0,0.11111111111111116,3.9478235244750977,0.0008268302772194147,0.00013159411901142448,107.14764893054962
3500.0,90,5,28.269855499267578,-79.89154340011441,-56.97830341553714,0.0,9.393190383911133,100.0,1.0,0.15555555555555556,-20.473209381103516,-0.004287898540496826,-0.0006824402953498065,20.66114731132984
3500.0,90,6,30.0,-68.92050202248447,-56.49176382134513,5.5546875,9.967226028442383,44.270477220550674,0.0,0.09999999999999998,-8.862171173095703,-0.001856088638305664,-0.00029540571267716587,47.73096740245819
3500.0,90,7,23.31124496459961,-78.530764844928,-53.44096875940435,5.5546875,7.750543117523193,28.33163539931267,0.0,0.0888888888888889,9.08030891418457,0.001901775598526001,0.0003026769554708153,46.584319323301315
3500.0,90,8,24.735149383544922,-80.06979866363002,-55.76507252301824,3.90234375,8.2216796875,52.53593063309181,0.0,0.15555555555555556,27.488561630249023,0.005757191218435764,0.0009162853821180761,15.388218685984612
3500.0,90,9,30.0,-71.79515331220594,-53.98477911186279,5.5546875,9.967226028442383,44.270477220550674,0.0,0.0444444444444444,-6.971087455749512,-0.0014600212452933192,-0.00023236958077177405,60.679201036691666
3500.0,91,0,24.041515350341797,-82.04906392317963,-52.75489622682856,5.5546875,7.992096424102783,30.49774170331553,0.0,0.04395604395604391,-24.329055786132812,-0.005095466040074825,-0.0008109685149975121,17.38661900162697
3500.0,91,1,30.0,-67.75469701871388,-53.12391527191737,5.5546875,9.967226028442383,44.270477220550674,0.0,0.07692307692307687,-2.746725559234619,-0.0005752728902734816,-9.155752195511013e-05,154.00154888629913
3500.0,91,2,25.816137313842773,-77.88656996519416,-52.67449299815735,5.5546875,8.579710960388184,35.25787144059359,0.0,0.13186813186813184,34.524330139160156,0.0072307586669921875,0.001150810974650085,12.252229265868664
3500.0,91,3,26.953636169433594,-79.92750720541326,-49.17984125084329,5.5546875,8.956710815429688,37.98295362588951,0.0,0.1428571428571429,11.172197341918945,0.0023398995399475098,0.00037240659003145993,37.86184638738632
3500.0,91,4,12.041454315185547,-90.8151978120388,-56.842454641136825,3.322265625,4.087542533874512,18.722176039330872,0.0,0.10989010989010994,-4.33618688583374,-0.0009081689640879631,-0.00014453956100624055,97.5511446595192
3500.0,91,5,28.905719757080078,-79.8412709947482,-57.07100223942277,5.5546875,9.604127883911133,42.16354085304058,0.0,0.15384615384615385,-20.79456329345703,-0.004355203360319138,-0.0006931521347723901,20.34185640513897
3500.0,91,6,30.0,-68.84182079153013,-56.53753782499706,5.5546875,9.967226028442383,44.270477220550674,0.0,0.09890109890109888,-11.57328987121582,-0.002423904137685895,-0.0003857763367705047,36.54967620968819
3500.0,91,7,26.733732223510742,-78.39395990063394,-53.26952599440823,5.5546875,8.883811950683594,37.474053583804455,0.0,0.08791208791208793,11.919257164001465,0.0024963635951280594,0.00039730858406983316,35.4887880384922
3500.0,91,8,28.90110206604004,-79.95636140470795,-55.60687887022573,5.33203125,9.602595329284668,44.473019354058295,0.0,0.15384615384615385,28.433921813964844,0.005955186672508717,0.0009477973799221218,14.876597560942173
3500.0,91,9,30.0,-71.28307139254733,-54.035622930390076,5.5546875,9.967226028442383,44.270477220550674,0.0,0.04395604395604391,-8.778396606445312,-0.0018385432194918394,-0.0002926132292486727,48.18647727370262
3500.0,92,0,25.405933380126953,-82.68101949340198,-52.99107191046028,5.5546875,8.443817138671875,34.21591907100804,0.0,0.04347826086956519,-27.591739654541016,-0.005778800696134567,-0.0009197246399708092,15.33067598938942
3500.0,92,1,30.0,-67.86899486438573,-53.176368772814385,5.5546875,9.967226028442383,44.270477220550674,0.0,0.07608695652173914,-4.242465972900391,-0.0008885400020517409,-0.0001414155267411843,99.70616549253464
3500.0,92,2,28.49993133544922,-77.54973553758097,-52.399092824319226,5.5546875,9.46950912475586,41.3413364217735,0.0,0.13043478260869568,34.42767333984375,0.007210514973849058,0.0011475891806185246,12.286627665162086
3500.0,92,3,24.944910049438477,-79.92622443561956,-49.06692750096686,5.5546875,8.291133880615234,33.00448913282027,0.0,0.14130434782608692,8.617215156555176,0.0018047853372991085,0.0002872405166272074,49.08778518438339
3500.0,92,4,11.161319732666016,-90.78586657411078,-56.79864458426122,3.029296875,3.8141074180603027,20.576519144272687,0.0,0.10869565217391308,10.755775451660156,0.0022526844404637814,0.0003585258382372558,39.3277108669281
3500.0,92,5,30.0,-79.57504306673738,-57.16226598773287,5.5546875,9.967226028442383,44.270477220550674,0.0,0.15217391304347827,-20.594314575195312,-0.004313263110816479,-0.0006864771712571383,20.539648830890656
3500.0,92,6,30.0,-68.78347436259378,-56.58282544642296,5.5546875,9.967226028442383,44.270477220550674,0.0,0.09782608695652173,-6.556153774261475,-0.0013731176732107997,-0.0002185384655604139,64.51953947544098
3500.0,92,7,30.0,-78.23646286357956,-53.097253037893324,5.5546875,9.967226028442383,44.270477220550674,0.0,0.08695652173913049,14.228086471557617,0.0029799235053360462,0.00047426956007257104,29.729928821325302
3500.0,92,8,29.819740295410156,-79.82587920535886,-55.434496662090275,5.5546875,9.9074068069458,43.933991929091206,0.0,0.15217391304347827,30.161907196044922,0.006317095831036568,0.0010053969454020262,14.024312607944012
3500.0,92,9,30.0,-71.03545257094838,-54.08630125038769,5.5546875,9.967226028442383,44.270477220550674,0.0,0.04347826086956519,-7.048962593078613,-0.0014763312647119164,-0.00023496542416978627,60.008831322193146
3500.0,93,0,26.643627166748047,-82.71537804494739,-53.21035365146688,5.5546875,8.85394287109375,37.263120161584965,0.0,0.043010752688172005,-27.90794563293457,-0.005845026578754187,-0.0009302648832090199,15.156974084675312
3500.0,93,1,30.0,-67.98664009095549,-53.23261921030631,5.5546875,9.967226028442383,44.270477220550674,0.0,0.07526881720430112,-4.423763275146484,-0.0009265108965337276,-0.00014745877706445754,95.61994671821594
3500.0,93,2,27.754915237426758,-77.22576696108577,-52.11615366551374,5.5546875,9.222400665283203,39.76961420782703,0.0,0.12903225806451613,33.52986145019531,0.0070224786177277565,0.0011176620610058308,12.615620158612728
3500.0,93,3,30.0,-73.44390144804416,-48.89826352352034,5.5546875,9.967226028442383,44.270477220550674,0.0,0.13978494623655913,10.929338455200195,0.0022890353575348854,0.0003643112722784281,38.70316594839096
3500.0,93,4,14.010580062866211,-90.88979373916466,-56.7537022164572,2.73046875,4.710400581359863,42.03319435707672,0.0,0.10752688172043012,-6.178071022033691,-0.0012939322041347623,-0.00020593570661731064,68.46797466278076
3500.0,93,5,28.762893676757812,-79.42725209669277,-57.25361494268871,5.5546875,9.556743621826172,41.87677602531969,0.0,0.15053763440860213,-21.15570831298828,-0.004430841654539108,-0.000705190293956548,19.994603469967842
3500.0,93,6,30.0,-68.71857451647307,-56.627800831627205,5.5546875,9.967226028442383,44.270477220550674,0.0,0.09677419354838712,-11.207460403442383,-0.002347285160794854,-0.00037358200643211603,37.74271532893181
3500.0,93,7,22.265424728393555,-80.30367262796224,-52.923934005166174,5.5546875,7.404952526092529,24.98685872154921,0.0,0.08602150537634412,6.936315536499023,0.0014527386520057917,0.00023121052072383463,60.983385890722275
3500.0,93,8,29.494403839111328,-79.6664160695405,-55.24898434305139,5.5546875,9.799449920654297,43.316333621008795,0.0,0.15053763440860213,31.367023468017578,0.006569494493305683,0.001045567449182272,13.4855005890131
3500.0,93,9,30.0,-70.81375691142631,-54.13668941819991,5.5546875,9.967226028442383,44.270477220550674,0.0,0.043010752688172005,-6.908166885375977,-0.001446843147277832,-0.00023027222778182477,61.23187392950058
3500.0,94,0,23.355451583862305,-82.7281755366103,-53.40474972007999,5.5546875,7.76516056060791,28.466546742400634,0.0,0.04255319148936165,-25.508758544921875,-0.005342542193830013,-0.0008502919808961451,16.582539305090904
3500.0,94,1,30.0,-68.40828859882068,-53.29022605798495,5.5546875,9.967226028442383,44.270477220550674,0.0,0.07446808510638303,-5.509117126464844,-0.0011538267135620117,-0.0001836372393881902,76.78181678056717
3500.0,94,2,28.368370056152344,-76.89029796478742,-51.82560067007907,5.5546875,9.425867080688477,41.0697450701344,0.0,0.12765957446808507,33.57560729980469,0.007032058667391539,0.00111918686889112,12.598431669175625
3500.0,94,3,30.0,-73.31521628706732,-48.794479762077444,5.5546875,9.967226028442383,44.270477220550674,0.0,0.13829787234042556,10.343774795532227,0.0021663950756192207,0.00034479249734431505,40.89416190981865
3500.0,94,4,10.452202796936035,-90.84975231287945,-56.70418630556702,0.0,3.5966222286224365,100.0,1.0,0.11702127659574468,-12.636938095092773,-0.0026466744020581245,-0.00042123126331716776,33.47329795360565
3500.0,94,5,26.791109085083008,-79.16177368303543,-57.34342044567635,5.5546875,8.902831077575684,37.60762782536599,0.0,0.14893617021276595,-20.491758346557617,-0.004291784018278122,-0.0006830586353316903,20.642446354031563
3500.0,94,6,30.0,-68.66004056141466,-56.67262081183111,5.5546875,9.967226028442383,44.270477220550674,0.0,0.0957446808510638,-9.051862716674805,-0.0018958179280161858,-0.0003017287526745349,46.73071578145027
3500.0,94,7,22.19590187072754,-79.60922730531244,-52.74908606452152,5.5546875,7.381994247436523,24.753565042008475,0.0,0.08510638297872342,19.456493377685547,0.004074958618730307,0.0006485497578978539,21.740814670920372
3500.0,94,8,28.664180755615234,-79.4780066778384,-55.052454846166974,5.5546875,9.523996353149414,41.67692537846085,0.0,0.14893617021276595,32.895381927490234,0.006889592856168747,0.0010965127730742097,12.858947739005089
3500.0,94,9,30.0,-70.6150846415868,-54.1868478534082,5.5546875,9.967226028442383,44.270477220550674,0.0,0.04255319148936165,-8.283570289611816,-0.0017349070403724909,-0.00027611901168711483,51.06493830680847
3500.0,95,0,20.302261352539062,-82.72923607180005,-53.57251746353522,5.5546875,6.757659912109375,17.801612211258377,0.0,0.04210526315789476,-23.981855392456055,-0.005022748373448849,-0.0007993952021934092,17.63833500444889
3500.0,95,1,30.0,-68.58561992522381,-53.35083926331872,5.5546875,9.967226028442383,44.270477220550674,0.0,0.0736842105263158,-5.706467628479004,-0.001195159857161343,-0.00019021559273824096,74.12641495466232
3500.0,95,2,30.0,-76.54678545432157,-51.527335183895815,5.5546875,9.967226028442383,44.270477220550674,0.0,0.12631578947368416,32.565513610839844,0.0068205054849386215,0.001085517113097012,12.989201582968235
3500.0,95,3,30.0,-73.13944236689075,-48.642463507649296,5.5546875,9.967226028442383,44.270477220550674,0.0,0.13684210526315788,10.619974136352539,0.002224242314696312,0.0003539991448633373,39.83060643076897
3500.0,95,4,8.956993103027344,-90.44195678463966,-56.64807754840124,2.5703125,3.148122549057007,18.3541155102137,0.0,0.11578947368421055,7.097042083740234,0.0014864010736346245,0.000236568070249632,59.602297842502594
3500.0,95,5,26.436756134033203,-79.04107156714304,-57.43338164223231,5.5546875,8.785374641418457,36.77347037868428,0.0,0.1473684210526316,-21.112865447998047,-0.004421868361532688,-0.000703762168996036,20.03517746925354
3500.0,95,6,30.0,-68.60765848488055,-56.717340701146995,5.5546875,9.967226028442383,44.270477220550674,0.0,0.09473684210526312,-9.231155395507812,-0.0019333688542246819,-0.0003077051951549947,45.82308232784271
3500.0,95,7,26.974836349487305,-79.54457764732318,-52.57290892144742,5.5546875,8.963739395141602,38.0315819644347,0.0,0.08421052631578951,11.575748443603516,0.0024244189262390137,0.0003858582931570709,36.54191270470619
3500.0,95,8,24.1447696685791,-79.29553271509228,-54.84708311933595,5.5546875,8.026264190673828,30.793612469742694,0.0,0.1473684210526316,34.86878967285156,0.007302902173250914,0.0011622930178418756,12.131192721426487
3500.0,95,9,30.0,-70.43456461306752,-54.23677988744344,5.5546875,9.967226028442383,44.270477220550674,0.0,0.04210526315789476,-7.875777244567871,-0.0016494989395141602,-0.0002625259221531451,53.708985447883606
3500.0,96,0,20.060192108154297,-82.72687189922209,-53.72553522014306,5.5546875,6.678009986877441,16.82121603718496,0.0,0.04166666666666663,-26.428794860839844,-0.005535234231501818,-0.0008809598512016237,16.005270183086395
3500.0,96,1,30.0,-68.6688205386676,-53.1416111944835,5.5546875,9.967226028442383,44.270477220550674,0.0,0.07291666666666663,3.250626802444458,0.0006808097241446376,0.00010835423017852008,130.12875616550446
3500.0,96,2,29.43117904663086,-76.19322027798646,-51.22143632048959,5.5546875,9.778470039367676,43.19471780721237,0.0,0.125,32.77326583862305,0.006864016875624657,0.001092442194931209,12.906861491501331
3500.0,96,3,30.0,-73.03871464734505,-48.550892068395925,5.5546875,9.967226028442383,44.270477220550674,0.0,0.13541666666666663,7.55164909362793,0.0015816136728972197,0.0002517216489650309,56.014254689216614
3500.0,96,4,12.698250770568848,-90.25489856707068,-56.58506548039501,2.16015625,4.293766021728516,49.69087185774509,0.0,0.11458333333333337,7.281162738800049,0.0015249631833285093,0.0002427054278086871,58.095116168260574
3500.0,96,5,27.78010368347168,-78.8583005392793,-57.52179079284592,5.5546875,9.230752944946289,39.82411258183315,0.0,0.14583333333333337,-21.03964614868164,-0.00440653320401907,-0.0007013215217739344,20.104901865124702
3500.0,96,6,30.0,-69.74320128126934,-56.762015008239295,5.5546875,9.967226028442383,44.270477220550674,0.0,0.09375,-11.31100082397461,-0.0023689703084528446,-0.00037703337147831917,37.397220730781555
3500.0,96,7,30.0,-75.98842515201092,-52.395181161719705,5.5546875,9.967226028442383,44.270477220550674,0.0,0.08333333333333337,18.67439079284668,0.0039111552760005,0.0006224797107279301,22.651342675089836
3500.0,96,8,20.86402702331543,-79.07108759235481,-54.634707085198585,5.33203125,6.94265604019165,23.198971414795732,0.0,0.14583333333333337,33.71355438232422,0.007060950621962547,0.001123785157687962,12.546882964670658
3500.0,96,9,30.0,-70.27759068293109,-54.28653944291962,5.5546875,9.967226028442383,44.270477220550674,0.0,0.04166666666666663,-7.418310165405273,-0.0015536872670054436,-0.0002472769992891699,57.02107399702072
3500.0,97,0,24.36525535583496,-82.71944268242038,-53.876935137572815,5.5546875,8.099233627319336,31.41712221680316,0.0,0.04123711340206182,-21.9945011138916,-0.004606517497450113,-0.0007331500528380275,19.23207938671112
3500.0,97,1,30.0,-68.82317956152411,-53.15782432623426,5.5546875,9.967226028442383,44.270477220550674,0.0,0.07216494845360821,0.04739737510681152,9.926883649313822e-06,1.5799125776538858e-06,8924.545288085938
3500.0,97,2,27.399505615234375,-75.82943941787691,-50.907852442086195,5.5546875,9.104541778564453,38.989927938187485,0.0,0.12371134020618557,32.88488006591797,0.006887393072247505,0.001096162712201476,12.863054871559143
3500.0,97,3,30.0,-72.88097061817565,-48.419929428419714,5.5546875,9.967226028442383,44.270477220550674,0.0,0.134020618556701,6.493643760681152,0.0013600257225334644,0.00021645479137077928,65.14062732458115
3500.0,97,4,13.813813209533691,-89.34581132341202,-56.515942817270684,3.029296875,4.647587776184082,34.82001802046191,0.0,0.11340206185567014,3.5597541332244873,0.0007455531740561128,0.00011865847045555711,118.8284307718277
3500.0,97,5,29.51541519165039,-78.60030472647964,-57.610406179506846,5.5546875,9.806421279907227,43.3566298912609,0.0,0.14432989690721654,-21.05338478088379,-0.0044094109907746315,-0.0007017794996500015,20.09178139269352
3500.0,97,6,30.0,-69.67537178524879,-56.80662084723426,5.5546875,9.967226028442383,44.270477220550674,0.0,0.09278350515463918,-7.949202060699463,-0.001664876937866211,-0.0002649734087754041,53.21288853883743
3500.0,97,7,29.256088256835938,-75.8115490446167,-52.21613949195673,5.5546875,9.72037410736084,42.855208671509224,0.0,0.08247422680412375,20.39691162109375,0.004271919373422861,0.0006798970862291753,20.73843404650688
3500.0,97,8,27.7899169921875,-78.87118344118699,-54.416101280182644,4.5234375,9.2340087890625,51.013285742613526,0.0,0.14432989690721654,34.17371368408203,0.007157325744628906,0.0011391238076612353,12.377935461699963
3500.0,97,9,30.0,-69.754158969029,-54.336063255263745,5.5546875,9.967226028442383,44.270477220550674,0.0,0.04123711340206182,-9.059417724609375,-0.0018974001286551356,-0.00030198058811947703,46.69174179434776
3500.0,98,0,24.07671356201172,-82.70966964037945,-54.03180203352604,5.5546875,8.003743171691895,30.59887878903783,0.0,0.04081632653061229,-22.954919815063477,-0.004807667341083288,-0.00076516397530213,18.427422270178795
3500.0,98,1,30.0,-69.02925043814699,-53.22558683076266,5.5546875,9.967226028442383,44.270477220550674,0.0,0.0714285714285714,-5.751252174377441,-0.001204539556056261,-0.00019170840096194297,73.54920357465744
3500.0,98,2,28.703229904174805,-75.45549938696016,-50.58676775786441,5.5546875,9.536951065063477,41.756149715936196,0.0,0.12244897959183676,31.288009643554688,0.006552945822477341,0.0010429336689412594,13.519556261599064
3500.0,98,3,30.0,-72.78749999433268,-48.343000939615834,5.5546875,9.967226028442383,44.270477220550674,0.0,0.13265306122448983,7.116177082061768,0.0014904087875038385,0.00023720590979792178,59.442028403282166
3500.0,98,4,13.778002738952637,-89.27915704525331,-56.44202486886367,3.322265625,4.636168479919434,28.340274099406038,0.0,0.11224489795918369,5.765533447265625,0.0012075304985046387,0.00019218445231672376,73.36702197790146
3500.0,98,5,29.383268356323242,-78.51697398864182,-57.697434992473774,5.5546875,9.7625732421875,43.10221944357612,0.0,0.1428571428571429,-21.115995407104492,-0.0044225240126252174,-0.0007038665353320539,20.032208412885666
3500.0,98,6,30.0,-69.61610163637913,-56.851160679228315,5.5546875,9.967226028442383,44.270477220550674,0.0,0.09183673469387754,-9.554813385009766,-0.0020011556334793568,-0.0003184937813784927,44.27088052034378
3500.0,98,7,29.915603637695312,-75.61016891938502,-52.036086918397345,5.5546875,9.93921947479248,44.113443574843934,0.0,0.08163265306122447,25.30150604248047,0.005299135111272335,0.0008433835464529693,16.718372702598572
3500.0,98,8,29.897687911987305,-78.65680572477919,-54.191616093934265,5.5546875,9.933273315429688,44.07998930854225,0.0,0.1428571428571429,34.339500427246094,0.007192048244178295,0.00114465004298836,12.318176217377186
3500.0,98,9,30.0,-69.63112629651035,-54.38535058057139,5.5546875,9.967226028442383,44.270477220550674,0.0,0.04081632653061229,-8.166681289672852,-0.001710425829514861,-0.00027222270728088915,51.795825362205505
3500.0,99,0,18.368206024169922,-82.50914496050314,-54.18697181867532,5.5546875,6.122641563415527,9.276291246726077,0.0,0.04040404040404044,-22.78375244140625,-0.004771817941218615,-0.000759458402171731,18.565861508250237
3500.0,99,1,30.0,-69.20903345991778,-53.292874268744775,5.5546875,9.967226028442383,44.270477220550674,0.0,0.07070707070707072,-6.937324523925781,-0.0014529499458149076,-0.0002312441501999274,60.97451597452164
3500.0,99,2,30.0,-75.07022686551295,-50.258563528840355,5.5546875,9.967226028442383,44.270477220550674,0.0,0.12121212121212122,30.410846710205078,0.006369233131408691,0.0010136949131265283,13.909511268138885
3500.0,99,3,30.0,-72.65977406191612,-48.2370224527307,5.5546875,9.967226028442383,44.270477220550674,0.0,0.13131313131313127,6.4969987869262695,0.0013607284054160118,0.00021656662283930928,65.10698795318604
3500.0,99,4,13.046295166015625,-89.18122755032363,-56.36460804739829,3.322265625,4.403707981109619,24.557540162713607,0.0,0.11111111111111116,19.54006576538086,0.00409246189519763,0.0006513355183415115,21.647829562425613
3500.0,99,5,30.0,-78.37013953580993,-57.78471214634811,5.5546875,9.967226028442383,44.270477220550674,0.0,0.14141414141414144,-21.39453125,-0.004480860196053982,-0.0007131510647013783,19.771408289670944
3500.0,99,6,30.0,-69.56506932464254,-56.895639062870536,5.5546875,9.967226028442383,44.270477220550674,0.0,0.09090909090909094,-11.102420806884766,-0.002325285691767931,-0.00037008069921284914,38.09979930520058
3500.0,99,7,21.566112518310547,-75.46280128258456,-51.85475524520014,5.5546875,7.174132347106934,22.57338962752753,0.0,0.08080808080808077,-7.03684139251709,-0.0014737925957888365,-0.00023456137569155544,60.11219695210457
3500.0,99,8,30.0,-76.6071112069653,-53.96126246889996,5.5546875,9.967226028442383,44.270477220550674,0.0,0.14141414141414144,33.5550651550293,0.007027756422758102,0.0011185022303834558,12.60614488273859
3500.0,99,9,30.0,-69.5081250820593,-54.43441053262769,5.5546875,9.967226028442383,44.270477220550674,0.0,0.04040404040404044,-8.01274299621582,-0.0016781850717961788,-0.0002670914400368929,52.79091000556946
3500.0,100,0,19.933870315551758,-82.48683154210796,-54.34054452617648,5.5546875,6.636463165283203,16.30048473624037,0.0,0.040000000000000036,-22.34524154663086,-0.004679976496845484,-0.0007448414107784629,18.930206075310707
3500.0,100,1,30.0,-69.36139603773312,-53.35260348075032,5.5546875,9.967226028442383,44.270477220550674,0.0,0.06999999999999995,-6.562220573425293,-0.0013743883464485407,-0.0002187406935263425,64.459890127182
3500.0,100,2,30.0,-74.667378355936,-49.92378439809207,5.5546875,9.967226028442383,44.270477220550674,0.0,0.12,29.16009521484375,0.006107276305556297,0.0009720032103359699,14.506125822663307
3500.0,100,3,30.0,-72.60311950864946,-48.177323203487035,5.5546875,9.967226028442383,44.270477220550674,0.0,0.13,4.011882305145264,0.0008402466773986816,0.00013372940884437412,105.4367944598198
3500.0,100,4,12.71460247039795,-89.10663650121862,-56.28469638466873,3.322265625,4.29892110824585,22.71861843132005,0.0,0.10999999999999999,8.693000793457031,0.00182065786793828,0.00028976670000702143,48.65983873605728
3500.0,100,5,30.0,-78.1078536594918,-57.87041807535019,5.5546875,9.967226028442383,44.270477220550674,0.0,0.14,-21.224037170410156,-0.004445151891559362,-0.000707467901520431,19.93023231625557
3500.0,100,6,30.0,-69.52175993566016,-56.94004632176424,5.5546875,9.967226028442383,44.270477220550674,0.0,0.08999999999999997,-9.223756790161133,-0.0019318191334605217,-0.00030745856929570436,45.859839767217636
3500.0,100,7,25.405275344848633,-75.27295573690105,-51.672629278130174,5.5546875,8.443598747253418,34.21421758338694,0.0,0.07999999999999996,6.9857635498046875,0.0014630949590355158,0.0002328587870579213,60.5517216026783
3500.0,100,8,28.391460418701172,-76.38349228674028,-53.72493082860093,5.5546875,9.433527946472168,41.117601691345264,0.0,0.14,35.55170440673828,0.007445931434631348,0.0011850568698719144,11.898163706064224
3500.0,100,9,30.0,-69.41092119153373,-54.483228875085615,5.5546875,9.967226028442383,44.270477220550674,0.0,0.040000000000000036,-9.788851737976074,-0.0020501723047345877,-0.0003262950631324202,43.21242496371269
